{
  "id": 10110,
  "type": "LQ",
  "series": 2013,
  "titleTextMapHash": 3219564049,
  "descTextMapHash": 982373311,
  "luaPath": "Actor/Quest/LQ10110",
  "suggestTrackMainQuestList": [10111],
  "rewardIdList": [110110],
  "chapterId": 2013,
  "subQuests": [
    {
      "subId": 1011001,
      "mainId": 10110,
      "order": 1,
      "descTextMapHash": 2320050918,
      "acceptCondComb": "LOGIC_AND",
      "acceptCond": [
        {
          "type": "QUEST_COND_STATE_EQUAL",
          "param": [39604, 3],
          "param_str": ""
        },
        {
          "type": "QUEST_COND_QUEST_GLOBAL_VAR_EQUAL",
          "param": [20009, 1],
          "param_str": ""
        },
        {
          "type": "QUEST_COND_PERSONAL_LINE_UNLOCK",
          "param": [3, 0],
          "param_str": ""
        }
      ],
      "finishCond": [
        {
          "type": "QUEST_CONTENT_COMPLETE_TALK",
          "param": [1011001, 0],
          "param_str": ""
        }
      ],
      "failCond": [
        {
          "param": [],
          "param_str": ""
        }
      ],
      "guide": {
        "type": "QUEST_GUIDE_NPC",
        "param": ["160101", "30"],
        "guideScene": 3,
        "guideStyle": "QUEST_GUIDE_STYLE_TARGET",
        "guideLayer": "QUEST_GUIDE_LAYER_SCENE"
      },
      "showGuide": "QUEST_GUIDE_ITEM_DISABLE",
      "isRewind": true,
      "finishExec": [
        {
          "param": [],
          "param_str": ""
        }
      ],
      "failExec": [
        {
          "param": [],
          "param_str": ""
        }
      ],
      "beginExec": [
        {
          "param": [],
          "param_str": ""
        }
      ],
      "exclusiveNpcList": [1001, 1601],
      "exclusiveNpcPriority": 1100
    },
    {
      "subId": 1011002,
      "mainId": 10110,
      "order": 2,
      "descTextMapHash": 3368671646,
      "acceptCond": [
        {
          "type": "QUEST_COND_STATE_EQUAL",
          "param": [1011001, 3],
          "param_str": ""
        }
      ],
      "finishCond": [
        {
          "type": "QUEST_CONTENT_COMPLETE_TALK",
          "param": [1011002, 0],
          "param_str": ""
        }
      ],
      "failCond": [
        {
          "param": [],
          "param_str": ""
        }
      ],
      "guide": {
        "type": "QUEST_GUIDE_NPC",
        "param": ["1425"],
        "guideScene": 3,
        "guideStyle": "QUEST_GUIDE_STYLE_TARGET",
        "guideLayer": "QUEST_GUIDE_LAYER_SCENE"
      },
      "isRewind": true,
      "finishExec": [
        {
          "type": "QUEST_EXEC_ADD_QUEST_PROGRESS",
          "param": ["10110051", "1"],
          "param_str": ""
        }
      ],
      "failExec": [
        {
          "param": [],
          "param_str": ""
        }
      ],
      "beginExec": [
        {
          "param": [],
          "param_str": ""
        }
      ],
      "exclusiveNpcList": [1001, 1425, 1601],
      "exclusiveNpcPriority": 1100
    },
    {
      "subId": 1011003,
      "mainId": 10110,
      "order": 3,
      "descTextMapHash": 3116770430,
      "acceptCond": [
        {
          "type": "QUEST_COND_STATE_EQUAL",
          "param": [1011002, 3],
          "param_str": ""
        }
      ],
      "finishCond": [
        {
          "type": "QUEST_CONTENT_COMPLETE_TALK",
          "param": [1011003, 0],
          "param_str": ""
        }
      ],
      "failCond": [
        {
          "param": [],
          "param_str": ""
        }
      ],
      "guide": {
        "type": "QUEST_GUIDE_NPC",
        "param": ["1567"],
        "guideScene": 3,
        "guideStyle": "QUEST_GUIDE_STYLE_TARGET",
        "guideLayer": "QUEST_GUIDE_LAYER_SCENE"
      },
      "isRewind": true,
      "finishExec": [
        {
          "type": "QUEST_EXEC_ADD_QUEST_PROGRESS",
          "param": ["10110051", "1"],
          "param_str": ""
        }
      ],
      "failExec": [
        {
          "param": [],
          "param_str": ""
        }
      ],
      "beginExec": [
        {
          "param": [],
          "param_str": ""
        }
      ],
      "exclusiveNpcList": [1001, 1567, 1425],
      "exclusiveNpcPriority": 1100
    },
    {
      "subId": 1011004,
      "mainId": 10110,
      "order": 4,
      "descTextMapHash": 2582674070,
      "acceptCond": [
        {
          "type": "QUEST_COND_STATE_EQUAL",
          "param": [1011003, 3],
          "param_str": ""
        }
      ],
      "finishCond": [
        {
          "type": "QUEST_CONTENT_COMPLETE_TALK",
          "param": [1011004, 0],
          "param_str": ""
        }
      ],
      "failCond": [
        {
          "param": [],
          "param_str": ""
        }
      ],
      "guide": {
        "type": "QUEST_GUIDE_NPC",
        "param": ["1009", "20"],
        "guideScene": 3,
        "guideStyle": "QUEST_GUIDE_STYLE_TARGET",
        "guideLayer": "QUEST_GUIDE_LAYER_SCENE"
      },
      "isRewind": true,
      "finishExec": [
        {
          "type": "QUEST_EXEC_ADD_QUEST_PROGRESS",
          "param": ["10110051", "1"],
          "param_str": ""
        }
      ],
      "failExec": [
        {
          "param": [],
          "param_str": ""
        }
      ],
      "beginExec": [
        {
          "param": [],
          "param_str": ""
        }
      ],
      "exclusiveNpcList": [1001, 1004, 1009, 1593, 1577, 1567],
      "exclusiveNpcPriority": 1100
    },
    {
      "subId": 1011005,
      "mainId": 10110,
      "order": 5,
      "descTextMapHash": 3028558638,
      "acceptCond": [
        {
          "type": "QUEST_COND_STATE_EQUAL",
          "param": [1011004, 3],
          "param_str": ""
        }
      ],
      "finishCond": [
        {
          "type": "QUEST_CONTENT_COMPLETE_TALK",
          "param": [1011007, 0],
          "param_str": ""
        }
      ],
      "failCond": [
        {
          "param": [],
          "param_str": ""
        }
      ],
      "guide": {
        "type": "QUEST_GUIDE_NPC",
        "param": ["1605"],
        "guideScene": 3,
        "guideStyle": "QUEST_GUIDE_STYLE_TARGET",
        "guideLayer": "QUEST_GUIDE_LAYER_SCENE"
      },
      "isRewind": true,
      "finishExec": [
        {
          "param": [],
          "param_str": ""
        }
      ],
      "failExec": [
        {
          "param": [],
          "param_str": ""
        }
      ],
      "beginExec": [
        {
          "param": [],
          "param_str": ""
        }
      ],
      "exclusiveNpcList": [1001, 1605, 1004, 1009, 1593, 1577],
      "exclusiveNpcPriority": 1100
    },
    {
      "subId": 1011010,
      "mainId": 10110,
      "order": 6,
      "subIdSet": 1,
      "isMpBlock": true,
      "descTextMapHash": 3207611958,
      "acceptCond": [
        {
          "type": "QUEST_COND_STATE_EQUAL",
          "param": [99902, 3],
          "param_str": ""
        }
      ],
      "finishCond": [
        {
          "type": "QUEST_CONTENT_ADD_QUEST_PROGRESS",
          "param": [10110101, 0],
          "param_str": "",
          "count": 3
        }
      ],
      "failCond": [
        {
          "param": [],
          "param_str": ""
        }
      ],
      "guide": {
        "type": "QUEST_GUIDE_LOCATION",
        "param": ["Q1011008Ailin", "30"],
        "guideScene": 3,
        "guideStyle": "QUEST_GUIDE_STYLE_POINT",
        "guideLayer": "QUEST_GUIDE_LAYER_SCENE"
      },
      "isRewind": true,
      "finishExec": [
        {
          "param": [],
          "param_str": ""
        }
      ],
      "failExec": [
        {
          "param": [],
          "param_str": ""
        }
      ],
      "beginExec": [
        {
          "param": [],
          "param_str": ""
        }
      ],
      "exclusiveNpcList": [1001, 1605],
      "exclusiveNpcPriority": 1100
    },
    {
      "subId": 1011006,
      "mainId": 10110,
      "order": 7,
      "isMpBlock": true,
      "descTextMapHash": 671959966,
      "showType": "QUEST_HIDDEN",
      "acceptCond": [
        {
          "type": "QUEST_COND_STATE_EQUAL",
          "param": [99902, 3],
          "param_str": ""
        }
      ],
      "finishCond": [
        {
          "type": "QUEST_CONTENT_LUA_NOTIFY",
          "param": [0, 0],
          "param_str": "1330049161",
          "count": 1
        }
      ],
      "failCond": [
        {
          "type": "QUEST_CONTENT_LUA_NOTIFY",
          "param": [0, 0],
          "param_str": "1330049162",
          "count": 1
        }
      ],
      "guide": {
        "type": "QUEST_GUIDE_LOCATION",
        "param": ["Q1011008Ailin", "30"],
        "guideScene": 3,
        "guideStyle": "QUEST_GUIDE_STYLE_POINT",
        "guideLayer": "QUEST_GUIDE_LAYER_SCENE"
      },
      "isRewind": true,
      "finishExec": [
        {
          "type": "QUEST_EXEC_REFRESH_GROUP_SUITE",
          "param": ["3", "133004916,1"],
          "param_str": ""
        },
        {
          "type": "QUEST_EXEC_ADD_QUEST_PROGRESS",
          "param": ["10110101", "1"],
          "param_str": ""
        }
      ],
      "failExec": [
        {
          "type": "QUEST_EXEC_ROLLBACK_QUEST",
          "param": ["1011006", "0"],
          "param_str": ""
        }
      ],
      "beginExec": [
        {
          "type": "QUEST_EXEC_REFRESH_GROUP_SUITE",
          "param": ["3", "133004916,2"],
          "param_str": ""
        }
      ],
      "exclusiveNpcList": [1001, 1605],
      "exclusiveNpcPriority": 1100
    },
    {
      "subId": 1011007,
      "mainId": 10110,
      "order": 8,
      "isMpBlock": true,
      "descTextMapHash": 3489439502,
      "showType": "QUEST_HIDDEN",
      "acceptCond": [
        {
          "type": "QUEST_COND_STATE_EQUAL",
          "param": [99902, 3],
          "param_str": ""
        }
      ],
      "finishCond": [
        {
          "type": "QUEST_CONTENT_LUA_NOTIFY",
          "param": [0, 0],
          "param_str": "1330043181",
          "count": 1
        }
      ],
      "failCond": [
        {
          "type": "QUEST_CONTENT_LUA_NOTIFY",
          "param": [0, 0],
          "param_str": "1330043182",
          "count": 1
        }
      ],
      "guide": {
        "type": "QUEST_GUIDE_LOCATION",
        "param": ["Q1011008Ailin", "30"],
        "guideScene": 3,
        "guideStyle": "QUEST_GUIDE_STYLE_POINT",
        "guideLayer": "QUEST_GUIDE_LAYER_SCENE"
      },
      "isRewind": true,
      "finishExec": [
        {
          "type": "QUEST_EXEC_REFRESH_GROUP_SUITE",
          "param": ["3", "133004918,1"],
          "param_str": ""
        },
        {
          "type": "QUEST_EXEC_ADD_QUEST_PROGRESS",
          "param": ["10110101", "1"],
          "param_str": ""
        }
      ],
      "failExec": [
        {
          "type": "QUEST_EXEC_ROLLBACK_QUEST",
          "param": ["1011007", "0"],
          "param_str": ""
        }
      ],
      "beginExec": [
        {
          "type": "QUEST_EXEC_REFRESH_GROUP_SUITE",
          "param": ["3", "133004318,2"],
          "param_str": ""
        }
      ],
      "exclusiveNpcList": [1001, 1605],
      "exclusiveNpcPriority": 1100
    },
    {
      "subId": 1011008,
      "mainId": 10110,
      "order": 9,
      "isMpBlock": true,
      "descTextMapHash": 2725972758,
      "acceptCond": [
        {
          "type": "QUEST_COND_STATE_EQUAL",
          "param": [1011005, 3],
          "param_str": ""
        }
      ],
      "finishCond": [
        {
          "type": "QUEST_CONTENT_LUA_NOTIFY",
          "param": [0, 0],
          "param_str": "1330043191",
          "count": 1
        }
      ],
      "failCond": [
        {
          "type": "QUEST_CONTENT_LUA_NOTIFY",
          "param": [0, 0],
          "param_str": "1330043192",
          "count": 1
        }
      ],
      "guide": {
        "type": "QUEST_GUIDE_LOCATION",
        "param": ["Q1011008Ailin", "30"],
        "guideScene": 3,
        "guideStyle": "QUEST_GUIDE_STYLE_POINT",
        "guideLayer": "QUEST_GUIDE_LAYER_SCENE"
      },
      "isRewind": true,
      "finishExec": [
        {
          "type": "QUEST_EXEC_REFRESH_GROUP_SUITE",
          "param": ["3", "133004319,1"],
          "param_str": ""
        }
      ],
      "failExec": [
        {
          "type": "QUEST_EXEC_REFRESH_GROUP_SUITE",
          "param": ["3", "133004319,1"],
          "param_str": ""
        },
        {
          "type": "QUEST_EXEC_ROLLBACK_QUEST",
          "param": ["1011008", "0"],
          "param_str": ""
        }
      ],
      "beginExec": [
        {
          "type": "QUEST_EXEC_REFRESH_GROUP_SUITE",
          "param": ["3", "133004319,2"],
          "param_str": ""
        }
      ],
      "exclusiveNpcList": [1001, 1605],
      "exclusiveNpcPriority": 1100
    },
    {
      "subId": 1011009,
      "mainId": 10110,
      "order": 10,
      "descTextMapHash": 1911857038,
      "acceptCond": [
        {
          "type": "QUEST_COND_STATE_EQUAL",
          "param": [1011008, 3],
          "param_str": ""
        }
      ],
      "finishCond": [
        {
          "type": "QUEST_CONTENT_COMPLETE_TALK",
          "param": [1011009, 0],
          "param_str": ""
        }
      ],
      "failCond": [
        {
          "param": [],
          "param_str": ""
        }
      ],
      "guide": {
        "type": "QUEST_GUIDE_NPC",
        "param": ["1605"],
        "guideScene": 3,
        "guideStyle": "QUEST_GUIDE_STYLE_TARGET",
        "guideLayer": "QUEST_GUIDE_LAYER_SCENE"
      },
      "finishParent": true,
      "isRewind": true,
      "finishExec": [
        {
          "param": [],
          "param_str": ""
        }
      ],
      "failExec": [
        {
          "param": [],
          "param_str": ""
        }
      ],
      "beginExec": [
        {
          "param": [],
          "param_str": ""
        }
      ],
      "exclusiveNpcList": [1001, 1605],
      "exclusiveNpcPriority": 1100
    }
  ],
  "talks": [
    {
      "id": 1011001,
      "beginWay": "TALK_BEGIN_MANUAL",
      "activeMode": "PLAY_MODE_SINGLE",
      "beginCond": [
        {
          "type": "QUEST_COND_STATE_EQUAL",
          "param": ["1011001", "2"],
          "param_str": ""
        }
      ],
      "priority": 5,
      "initDialog": 101100101,
      "npcId": [160101],
      "performCfg": "QuestDialogue/LQ/Wendy1_10110/Q1011001",
      "heroTalk": "TALK_HERO_MAIN",
      "questId": 10110,
      "prePerformCfg": ""
    },
    {
      "id": 1011021,
      "beginWay": "TALK_BEGIN_MANUAL",
      "activeMode": "PLAY_MODE_SINGLE",
      "beginCond": [
        {
          "type": "QUEST_COND_STATE_EQUAL",
          "param": ["1011002", "2"],
          "param_str": ""
        }
      ],
      "priority": 5,
      "initDialog": 101100149,
      "npcId": [160101],
      "performCfg": "QuestDialogue/LQ/Wendy1_10110/Q1011021",
      "questId": 10110,
      "prePerformCfg": ""
    },
    {
      "id": 1011002,
      "beginWay": "TALK_BEGIN_AUTO",
      "activeMode": "PLAY_MODE_SINGLE",
      "beginCond": [
        {
          "type": "QUEST_COND_STATE_EQUAL",
          "param": ["1011002", "2"],
          "param_str": ""
        }
      ],
      "priority": 5,
      "initDialog": 101100203,
      "npcId": [1425],
      "performCfg": "QuestDialogue/LQ/Wendy1_10110/Q1011002",
      "heroTalk": "TALK_HERO_MAIN",
      "questId": 10110,
      "prePerformCfg": ""
    },
    {
      "id": 1011022,
      "beginWay": "TALK_BEGIN_MANUAL",
      "activeMode": "PLAY_MODE_SINGLE",
      "beginCond": [
        {
          "type": "QUEST_COND_STATE_EQUAL",
          "param": ["1011003", "2"],
          "param_str": ""
        }
      ],
      "priority": 5,
      "initDialog": 101100232,
      "npcId": [1425],
      "performCfg": "QuestDialogue/LQ/Wendy1_10110/Q1011022",
      "questId": 10110,
      "prePerformCfg": ""
    },
    {
      "id": 1011003,
      "beginWay": "TALK_BEGIN_MANUAL",
      "activeMode": "PLAY_MODE_SINGLE",
      "beginCond": [
        {
          "type": "QUEST_COND_STATE_EQUAL",
          "param": ["1011003", "2"],
          "param_str": ""
        }
      ],
      "priority": 5,
      "initDialog": 101100304,
      "npcId": [1567],
      "performCfg": "QuestDialogue/LQ/Wendy1_10110/Q1011003",
      "heroTalk": "TALK_HERO_MAIN",
      "questId": 10110,
      "prePerformCfg": ""
    },
    {
      "id": 1011023,
      "beginWay": "TALK_BEGIN_MANUAL",
      "activeMode": "PLAY_MODE_SINGLE",
      "beginCond": [
        {
          "type": "QUEST_COND_STATE_EQUAL",
          "param": ["1011004", "2"],
          "param_str": ""
        }
      ],
      "priority": 5,
      "initDialog": 101100317,
      "npcId": [1567],
      "performCfg": "QuestDialogue/LQ/Wendy1_10110/Q1011023",
      "questId": 10110,
      "prePerformCfg": ""
    },
    {
      "id": 1011004,
      "beginWay": "TALK_BEGIN_MANUAL",
      "activeMode": "PLAY_MODE_SINGLE",
      "beginCond": [
        {
          "type": "QUEST_COND_STATE_EQUAL",
          "param": ["1011004", "2"],
          "param_str": ""
        }
      ],
      "priority": 5,
      "initDialog": 101100404,
      "npcId": [1009, 1004],
      "performCfg": "QuestDialogue/LQ/Wendy1_10110/Q1011004",
      "heroTalk": "TALK_HERO_MAIN",
      "questId": 10110,
      "prePerformCfg": ""
    },
    {
      "id": 1011024,
      "beginWay": "TALK_BEGIN_MANUAL",
      "activeMode": "PLAY_MODE_SINGLE",
      "beginCond": [
        {
          "type": "QUEST_COND_STATE_EQUAL",
          "param": ["1011005", "2"],
          "param_str": ""
        }
      ],
      "priority": 5,
      "initDialog": 101100428,
      "npcId": [1004],
      "performCfg": "QuestDialogue/LQ/Wendy1_10110/Q1011024",
      "heroTalk": "TALK_HERO_MAIN",
      "questId": 10110,
      "prePerformCfg": ""
    },
    {
      "id": 1011025,
      "beginWay": "TALK_BEGIN_MANUAL",
      "activeMode": "PLAY_MODE_SINGLE",
      "beginCond": [
        {
          "type": "QUEST_COND_STATE_EQUAL",
          "param": ["1011005", "2"],
          "param_str": ""
        }
      ],
      "priority": 5,
      "initDialog": 101100430,
      "npcId": [1009],
      "performCfg": "QuestDialogue/LQ/Wendy1_10110/Q1011025",
      "heroTalk": "TALK_HERO_MAIN",
      "questId": 10110,
      "prePerformCfg": ""
    },
    {
      "id": 1011026,
      "beginWay": "TALK_BEGIN_MANUAL",
      "activeMode": "PLAY_MODE_SINGLE",
      "beginCond": [
        {
          "type": "QUEST_COND_STATE_EQUAL",
          "param": ["1011005", "2"],
          "param_str": ""
        }
      ],
      "priority": 5,
      "initDialog": 101100432,
      "npcId": [159301],
      "performCfg": "QuestDialogue/LQ/Wendy1_10110/Q1011026",
      "heroTalk": "TALK_HERO_MAIN",
      "questId": 10110,
      "prePerformCfg": ""
    },
    {
      "id": 1011027,
      "beginWay": "TALK_BEGIN_MANUAL",
      "activeMode": "PLAY_MODE_SINGLE",
      "beginCond": [
        {
          "type": "QUEST_COND_STATE_EQUAL",
          "param": ["1011005", "2"],
          "param_str": ""
        }
      ],
      "priority": 5,
      "initDialog": 101100434,
      "npcId": [157701],
      "performCfg": "QuestDialogue/LQ/Wendy1_10110/Q1011027",
      "heroTalk": "TALK_HERO_MAIN",
      "questId": 10110,
      "prePerformCfg": ""
    },
    {
      "id": 1011007,
      "beginWay": "TALK_BEGIN_AUTO",
      "activeMode": "PLAY_MODE_SINGLE",
      "beginCond": [
        {
          "type": "QUEST_COND_STATE_EQUAL",
          "param": ["1011005", "2"],
          "param_str": ""
        }
      ],
      "priority": 5,
      "initDialog": 101100703,
      "npcId": [1605],
      "performCfg": "QuestDialogue/LQ/Wendy1_10110/Q1011007",
      "heroTalk": "TALK_HERO_MAIN",
      "questId": 10110,
      "prePerformCfg": ""
    },
    {
      "id": 1011009,
      "beginWay": "TALK_BEGIN_MANUAL",
      "activeMode": "PLAY_MODE_SINGLE",
      "beginCond": [
        {
          "type": "QUEST_COND_STATE_EQUAL",
          "param": ["1011009", "2"],
          "param_str": ""
        }
      ],
      "priority": 5,
      "initDialog": 101100901,
      "npcId": [1605],
      "performCfg": "QuestDialogue/LQ/Wendy1_10110/Q1011009",
      "heroTalk": "TALK_HERO_MAIN",
      "questId": 10110,
      "prePerformCfg": ""
    },
    {
      "id": 1011030,
      "beginWay": "TALK_BEGIN_MANUAL",
      "activeMode": "PLAY_MODE_SINGLE",
      "beginCond": [
        {
          "type": "QUEST_COND_STATE_EQUAL",
          "param": ["1011010", "2"],
          "param_str": ""
        }
      ],
      "priority": 5,
      "initDialog": 101100720,
      "npcId": [1605],
      "performCfg": "QuestDialogue/LQ/Wendy1_10110/Q1011030",
      "questId": 10110,
      "prePerformCfg": ""
    }
  ]
}
