{
  "id": 1012,
  "series": 1101,
  "titleTextMapHash": 156369657,
  "descTextMapHash": 3341844191,
  "luaPath": "Actor/Quest/MQ1012",
  "suggestTrackMainQuestList": [1014],
  "rewardIdList": [101012],
  "chapterId": 1102,
  "subQuests": [
    {
      "subId": 101202,
      "mainId": 1012,
      "order": 1,
      "descTextMapHash": 362291814,
      "acceptCond": [
        {
          "type": "QUEST_COND_STATE_EQUAL",
          "param": [101109, 3],
          "param_str": ""
        }
      ],
      "finishCond": [
        {
          "type": "QUEST_CONTENT_COMPLETE_TALK",
          "param": [101202, 0],
          "param_str": ""
        }
      ],
      "failCond": [
        {
          "param": [],
          "param_str": ""
        }
      ],
      "guide": {
        "type": "QUEST_GUIDE_NPC",
        "param": ["201301"],
        "guideScene": 3,
        "guideStyle": "QUEST_GUIDE_STYLE_TARGET",
        "guideLayer": "QUEST_GUIDE_LAYER_SCENE"
      },
      "isRewind": true,
      "finishExec": [
        {
          "param": [],
          "param_str": ""
        }
      ],
      "failExec": [
        {
          "param": [],
          "param_str": ""
        }
      ],
      "beginExec": [
        {
          "param": [],
          "param_str": ""
        }
      ],
      "exclusiveNpcList": [2013, 10232]
    },
    {
      "subId": 101212,
      "mainId": 1012,
      "order": 2,
      "descTextMapHash": 2175598750,
      "showType": "QUEST_HIDDEN",
      "acceptCond": [
        {
          "type": "QUEST_COND_STATE_EQUAL",
          "param": [101202, 3],
          "param_str": ""
        }
      ],
      "finishCond": [
        {
          "type": "QUEST_CONTENT_COMPLETE_TALK",
          "param": [101206, 0],
          "param_str": ""
        }
      ],
      "failCond": [
        {
          "param": [],
          "param_str": ""
        }
      ],
      "guide": {
        "type": "QUEST_GUIDE_NPC",
        "param": ["201301"],
        "guideScene": 3,
        "guideStyle": "QUEST_GUIDE_STYLE_TARGET",
        "guideLayer": "QUEST_GUIDE_LAYER_SCENE"
      },
      "finishExec": [
        {
          "param": [],
          "param_str": ""
        }
      ],
      "failExec": [
        {
          "param": [],
          "param_str": ""
        }
      ],
      "beginExec": [
        {
          "param": [],
          "param_str": ""
        }
      ],
      "exclusiveNpcList": [2013, 10232]
    },
    {
      "subId": 101203,
      "mainId": 1012,
      "order": 3,
      "descTextMapHash": 2631170582,
      "acceptCond": [
        {
          "type": "QUEST_COND_STATE_EQUAL",
          "param": [101212, 3],
          "param_str": ""
        }
      ],
      "finishCond": [
        {
          "type": "QUEST_CONTENT_COMPLETE_TALK",
          "param": [101203, 0],
          "param_str": ""
        }
      ],
      "failCond": [
        {
          "param": [],
          "param_str": ""
        }
      ],
      "guide": {
        "type": "QUEST_GUIDE_NPC",
        "param": ["201601"],
        "guideScene": 3,
        "guideStyle": "QUEST_GUIDE_STYLE_TARGET",
        "guideLayer": "QUEST_GUIDE_LAYER_SCENE"
      },
      "isRewind": true,
      "finishExec": [
        {
          "param": [],
          "param_str": ""
        }
      ],
      "failExec": [
        {
          "param": [],
          "param_str": ""
        }
      ],
      "beginExec": [
        {
          "param": [],
          "param_str": ""
        }
      ],
      "exclusiveNpcList": [2013, 2016, 10232]
    },
    {
      "subId": 101204,
      "mainId": 1012,
      "order": 4,
      "descTextMapHash": 2178085694,
      "acceptCond": [
        {
          "type": "QUEST_COND_STATE_EQUAL",
          "param": [101203, 3],
          "param_str": ""
        }
      ],
      "finishCond": [
        {
          "type": "QUEST_CONTENT_COMPLETE_TALK",
          "param": [101204, 0],
          "param_str": ""
        }
      ],
      "failCond": [
        {
          "param": [],
          "param_str": ""
        }
      ],
      "guide": {
        "type": "QUEST_GUIDE_NPC",
        "param": ["201501"],
        "guideScene": 3,
        "guideStyle": "QUEST_GUIDE_STYLE_TARGET",
        "guideLayer": "QUEST_GUIDE_LAYER_SCENE"
      },
      "isRewind": true,
      "finishExec": [
        {
          "param": [],
          "param_str": ""
        }
      ],
      "failExec": [
        {
          "param": [],
          "param_str": ""
        }
      ],
      "beginExec": [
        {
          "param": [],
          "param_str": ""
        }
      ],
      "exclusiveNpcList": [2004, 2058, 2016, 2015, 10232, 2001]
    },
    {
      "subId": 101205,
      "mainId": 1012,
      "order": 5,
      "descTextMapHash": 918555366,
      "acceptCond": [
        {
          "type": "QUEST_COND_STATE_EQUAL",
          "param": [101204, 3],
          "param_str": ""
        }
      ],
      "finishCond": [
        {
          "type": "QUEST_CONTENT_COMPLETE_TALK",
          "param": [101205, 0],
          "param_str": ""
        }
      ],
      "failCond": [
        {
          "param": [],
          "param_str": ""
        }
      ],
      "guide": {
        "type": "QUEST_GUIDE_NPC",
        "param": ["208301"],
        "guideScene": 3,
        "guideStyle": "QUEST_GUIDE_STYLE_TARGET",
        "guideLayer": "QUEST_GUIDE_LAYER_SCENE"
      },
      "isRewind": true,
      "finishExec": [
        {
          "param": [],
          "param_str": ""
        }
      ],
      "failExec": [
        {
          "param": [],
          "param_str": ""
        }
      ],
      "beginExec": [
        {
          "param": [],
          "param_str": ""
        }
      ],
      "exclusiveNpcList": [2004, 2058, 2015, 2083, 10232, 2001]
    },
    {
      "subId": 101213,
      "mainId": 1012,
      "order": 6,
      "descTextMapHash": 4215925614,
      "acceptCond": [
        {
          "type": "QUEST_COND_STATE_EQUAL",
          "param": [101205, 3],
          "param_str": ""
        }
      ],
      "finishCond": [
        {
          "type": "QUEST_CONTENT_COMPLETE_TALK",
          "param": [101211, 0],
          "param_str": ""
        }
      ],
      "failCond": [
        {
          "param": [],
          "param_str": ""
        }
      ],
      "guide": {
        "type": "QUEST_GUIDE_NPC",
        "param": ["208301"],
        "guideScene": 3,
        "guideStyle": "QUEST_GUIDE_STYLE_TARGET",
        "guideLayer": "QUEST_GUIDE_LAYER_SCENE"
      },
      "isRewind": true,
      "finishExec": [
        {
          "param": [],
          "param_str": ""
        }
      ],
      "failExec": [
        {
          "param": [],
          "param_str": ""
        }
      ],
      "beginExec": [
        {
          "param": [],
          "param_str": ""
        }
      ],
      "exclusiveNpcList": [2083, 10232]
    },
    {
      "subId": 101206,
      "mainId": 1012,
      "order": 7,
      "descTextMapHash": 3207253742,
      "acceptCond": [
        {
          "type": "QUEST_COND_STATE_EQUAL",
          "param": [101213, 3],
          "param_str": ""
        }
      ],
      "finishCond": [
        {
          "type": "QUEST_CONTENT_LUA_NOTIFY",
          "param": [0, 0],
          "param_str": "13310709501",
          "count": 1
        }
      ],
      "failCond": [
        {
          "param": [],
          "param_str": ""
        }
      ],
      "guide": {
        "type": "QUEST_GUIDE_LOCATION",
        "param": ["Q1012Bucket"],
        "guideScene": 3,
        "guideStyle": "QUEST_GUIDE_STYLE_TARGET",
        "guideLayer": "QUEST_GUIDE_LAYER_SCENE"
      },
      "isRewind": true,
      "finishExec": [
        {
          "param": [],
          "param_str": ""
        }
      ],
      "failExec": [
        {
          "param": [],
          "param_str": ""
        }
      ],
      "beginExec": [
        {
          "type": "QUEST_EXEC_REFRESH_GROUP_SUITE",
          "param": ["3", "133107095,2"],
          "param_str": ""
        }
      ],
      "exclusiveNpcList": [2083, 10232]
    },
    {
      "subId": 101214,
      "mainId": 1012,
      "order": 8,
      "descTextMapHash": 2293379342,
      "acceptCond": [
        {
          "type": "QUEST_COND_STATE_EQUAL",
          "param": [101206, 3],
          "param_str": ""
        }
      ],
      "finishCond": [
        {
          "type": "QUEST_CONTENT_COMPLETE_TALK",
          "param": [101212, 0],
          "param_str": ""
        }
      ],
      "failCond": [
        {
          "param": [],
          "param_str": ""
        }
      ],
      "guide": {
        "type": "QUEST_GUIDE_NPC",
        "param": ["208301"],
        "guideScene": 3,
        "guideStyle": "QUEST_GUIDE_STYLE_TARGET",
        "guideLayer": "QUEST_GUIDE_LAYER_SCENE"
      },
      "isRewind": true,
      "finishExec": [
        {
          "param": [],
          "param_str": ""
        }
      ],
      "failExec": [
        {
          "param": [],
          "param_str": ""
        }
      ],
      "beginExec": [
        {
          "param": [],
          "param_str": ""
        }
      ],
      "exclusiveNpcList": [2083, 10232]
    },
    {
      "subId": 101210,
      "mainId": 1012,
      "order": 9,
      "subIdSet": 1,
      "isMpBlock": true,
      "descTextMapHash": 3162982934,
      "acceptCond": [
        {
          "type": "QUEST_COND_STATE_EQUAL",
          "param": [101214, 3],
          "param_str": ""
        }
      ],
      "finishCond": [
        {
          "type": "QUEST_CONTENT_ADD_QUEST_PROGRESS",
          "param": [10121001, 0],
          "param_str": "",
          "count": 3
        }
      ],
      "failCond": [
        {
          "param": [],
          "param_str": ""
        }
      ],
      "guide": {
        "type": "QUEST_GUIDE_LOCATION",
        "param": ["Q101206Point01"],
        "guideScene": 3,
        "guideStyle": "QUEST_GUIDE_STYLE_TARGET",
        "guideLayer": "QUEST_GUIDE_LAYER_UI"
      },
      "isRewind": true,
      "finishExec": [
        {
          "type": "QUEST_EXEC_ADD_QUEST_PROGRESS",
          "param": ["10120101", "1"],
          "param_str": ""
        }
      ],
      "failExec": [
        {
          "param": [],
          "param_str": ""
        }
      ],
      "beginExec": [
        {
          "param": [],
          "param_str": ""
        }
      ],
      "exclusiveNpcList": [2083, 10232]
    },
    {
      "subId": 101211,
      "mainId": 1012,
      "order": 10,
      "descTextMapHash": 284919390,
      "showType": "QUEST_HIDDEN",
      "acceptCond": [
        {
          "type": "QUEST_COND_STATE_EQUAL",
          "param": [101214, 3],
          "param_str": ""
        }
      ],
      "finishCond": [
        {
          "type": "QUEST_CONTENT_OBTAIN_ITEM",
          "param": [100490, 0],
          "param_str": ""
        }
      ],
      "failCond": [
        {
          "param": [],
          "param_str": ""
        }
      ],
      "guide": {},
      "finishExec": [
        {
          "type": "QUEST_EXEC_ADD_QUEST_PROGRESS",
          "param": ["10121001", "1"],
          "param_str": ""
        }
      ],
      "failExec": [
        {
          "param": [],
          "param_str": ""
        }
      ],
      "beginExec": [
        {
          "param": [],
          "param_str": ""
        }
      ]
    },
    {
      "subId": 101207,
      "mainId": 1012,
      "order": 11,
      "descTextMapHash": 440999366,
      "showType": "QUEST_HIDDEN",
      "acceptCond": [
        {
          "type": "QUEST_COND_STATE_EQUAL",
          "param": [101214, 3],
          "param_str": ""
        }
      ],
      "finishCond": [
        {
          "type": "QUEST_CONTENT_OBTAIN_ITEM",
          "param": [100491, 0],
          "param_str": ""
        }
      ],
      "failCond": [
        {
          "param": [],
          "param_str": ""
        }
      ],
      "guide": {},
      "finishExec": [
        {
          "type": "QUEST_EXEC_ADD_QUEST_PROGRESS",
          "param": ["10121001", "1"],
          "param_str": ""
        }
      ],
      "failExec": [
        {
          "param": [],
          "param_str": ""
        }
      ],
      "beginExec": [
        {
          "param": [],
          "param_str": ""
        }
      ]
    },
    {
      "subId": 101208,
      "mainId": 1012,
      "order": 12,
      "descTextMapHash": 2150692022,
      "showType": "QUEST_HIDDEN",
      "acceptCond": [
        {
          "type": "QUEST_COND_STATE_EQUAL",
          "param": [101214, 3],
          "param_str": ""
        }
      ],
      "finishCond": [
        {
          "type": "QUEST_CONTENT_OBTAIN_ITEM",
          "param": [100492, 0],
          "param_str": ""
        }
      ],
      "failCond": [
        {
          "param": [],
          "param_str": ""
        }
      ],
      "guide": {},
      "finishExec": [
        {
          "type": "QUEST_EXEC_ADD_QUEST_PROGRESS",
          "param": ["10121001", "1"],
          "param_str": ""
        }
      ],
      "failExec": [
        {
          "param": [],
          "param_str": ""
        }
      ],
      "beginExec": [
        {
          "param": [],
          "param_str": ""
        }
      ]
    },
    {
      "subId": 101201,
      "mainId": 1012,
      "order": 13,
      "descTextMapHash": 1373647526,
      "showType": "QUEST_HIDDEN",
      "acceptCond": [
        {
          "type": "QUEST_COND_STATE_EQUAL",
          "param": [101214, 3],
          "param_str": ""
        }
      ],
      "finishCond": [
        {
          "type": "QUEST_CONTENT_ADD_QUEST_PROGRESS",
          "param": [10120101, 0],
          "param_str": "",
          "count": 1
        }
      ],
      "failCond": [
        {
          "param": [],
          "param_str": ""
        }
      ],
      "guide": {},
      "isRewind": true,
      "finishExec": [
        {
          "param": [],
          "param_str": ""
        }
      ],
      "failExec": [
        {
          "param": [],
          "param_str": ""
        }
      ],
      "beginExec": [
        {
          "param": [],
          "param_str": ""
        }
      ]
    },
    {
      "subId": 101215,
      "mainId": 1012,
      "order": 14,
      "descTextMapHash": 2214313726,
      "acceptCond": [
        {
          "type": "QUEST_COND_STATE_EQUAL",
          "param": [101210, 3],
          "param_str": ""
        }
      ],
      "finishCond": [
        {
          "type": "QUEST_CONTENT_COMPLETE_TALK",
          "param": [101213, 0],
          "param_str": ""
        }
      ],
      "failCond": [
        {
          "param": [],
          "param_str": ""
        }
      ],
      "guide": {
        "type": "QUEST_GUIDE_NPC",
        "param": ["208301"],
        "guideScene": 3,
        "guideStyle": "QUEST_GUIDE_STYLE_TARGET",
        "guideLayer": "QUEST_GUIDE_LAYER_SCENE"
      },
      "isRewind": true,
      "finishExec": [
        {
          "type": "QUEST_EXEC_DEL_PACK_ITEM_BATCH",
          "param": ["100490:999,100491:999,100492:999", "0"],
          "param_str": ""
        }
      ],
      "failExec": [
        {
          "param": [],
          "param_str": ""
        }
      ],
      "beginExec": [
        {
          "param": [],
          "param_str": ""
        }
      ],
      "exclusiveNpcList": [2083, 10232]
    },
    {
      "subId": 101209,
      "mainId": 1012,
      "order": 15,
      "descTextMapHash": 1118582718,
      "acceptCond": [
        {
          "type": "QUEST_COND_STATE_EQUAL",
          "param": [101215, 3],
          "param_str": ""
        }
      ],
      "finishCond": [
        {
          "type": "QUEST_CONTENT_COMPLETE_TALK",
          "param": [101208, 0],
          "param_str": ""
        }
      ],
      "failCond": [
        {
          "param": [],
          "param_str": ""
        }
      ],
      "guide": {
        "type": "QUEST_GUIDE_NPC",
        "param": ["10232"],
        "guideScene": 3,
        "guideStyle": "QUEST_GUIDE_STYLE_TARGET",
        "guideLayer": "QUEST_GUIDE_LAYER_SCENE"
      },
      "finishParent": true,
      "isRewind": true,
      "finishExec": [
        {
          "type": "QUEST_EXEC_DEL_PACK_ITEM_BATCH",
          "param": ["100497:999,100498:999,100499:999", "0"],
          "param_str": ""
        },
        {
          "type": "QUEST_EXEC_REFRESH_GROUP_SUITE",
          "param": ["3", "133107095,1"],
          "param_str": ""
        }
      ],
      "failExec": [
        {
          "param": [],
          "param_str": ""
        }
      ],
      "beginExec": [
        {
          "param": [],
          "param_str": ""
        }
      ],
      "exclusiveNpcList": [10232]
    }
  ],
  "talks": [
    {
      "id": 101202,
      "beginWay": "TALK_BEGIN_MANUAL",
      "activeMode": "PLAY_MODE_SINGLE",
      "beginCond": [
        {
          "type": "QUEST_COND_STATE_EQUAL",
          "param": ["101202", "2"],
          "param_str": ""
        }
      ],
      "priority": 6,
      "nextTalks": [101206],
      "initDialog": 10120201,
      "npcId": [201301],
      "performCfg": "QuestDialogue/AQ/Liyue1_1012/Q101202",
      "questId": 1012,
      "prePerformCfg": ""
    },
    {
      "id": 101203,
      "beginWay": "TALK_BEGIN_MANUAL",
      "activeMode": "PLAY_MODE_SINGLE",
      "beginCond": [
        {
          "type": "QUEST_COND_STATE_EQUAL",
          "param": ["101203", "2"],
          "param_str": ""
        }
      ],
      "priority": 6,
      "initDialog": 10120301,
      "npcId": [201601],
      "performCfg": "QuestDialogue/AQ/Liyue1_1012/Q101203",
      "questId": 1012,
      "prePerformCfg": ""
    },
    {
      "id": 101204,
      "beginWay": "TALK_BEGIN_MANUAL",
      "activeMode": "PLAY_MODE_SINGLE",
      "beginCond": [
        {
          "type": "QUEST_COND_STATE_EQUAL",
          "param": ["101204", "2"],
          "param_str": ""
        }
      ],
      "priority": 6,
      "initDialog": 10120401,
      "npcId": [201501],
      "performCfg": "QuestDialogue/AQ/Liyue1_1012/Q101204",
      "questId": 1012,
      "prePerformCfg": ""
    },
    {
      "id": 101205,
      "beginWay": "TALK_BEGIN_MANUAL",
      "activeMode": "PLAY_MODE_SINGLE",
      "beginCond": [
        {
          "type": "QUEST_COND_STATE_EQUAL",
          "param": ["101205", "2"],
          "param_str": ""
        }
      ],
      "priority": 6,
      "initDialog": 10120501,
      "npcId": [208301],
      "performCfg": "QuestDialogue/AQ/Liyue1_1012/Q101205",
      "questId": 1012,
      "prePerformCfg": ""
    },
    {
      "id": 101206,
      "activeMode": "PLAY_MODE_SINGLE",
      "priority": 6,
      "initDialog": 10120601,
      "npcId": [10232],
      "performCfg": "QuestDialogue/AQ/Liyue1_1012/Q101206",
      "questId": 1012,
      "prePerformCfg": ""
    },
    {
      "id": 101211,
      "beginWay": "TALK_BEGIN_MANUAL",
      "activeMode": "PLAY_MODE_SINGLE",
      "beginCond": [
        {
          "type": "QUEST_COND_STATE_EQUAL",
          "param": ["101213", "2"],
          "param_str": ""
        }
      ],
      "priority": 6,
      "initDialog": 10121101,
      "npcId": [208301],
      "performCfg": "QuestDialogue/AQ/Liyue1_1012/Q101211",
      "questId": 1012,
      "prePerformCfg": ""
    },
    {
      "id": 101212,
      "beginWay": "TALK_BEGIN_MANUAL",
      "activeMode": "PLAY_MODE_SINGLE",
      "beginCond": [
        {
          "type": "QUEST_COND_STATE_EQUAL",
          "param": ["101214", "2"],
          "param_str": ""
        }
      ],
      "priority": 6,
      "initDialog": 10121201,
      "npcId": [208301],
      "performCfg": "QuestDialogue/AQ/Liyue1_1012/Q101212",
      "questId": 1012,
      "prePerformCfg": ""
    },
    {
      "id": 101213,
      "beginWay": "TALK_BEGIN_MANUAL",
      "activeMode": "PLAY_MODE_SINGLE",
      "beginCond": [
        {
          "type": "QUEST_COND_STATE_EQUAL",
          "param": ["101215", "2"],
          "param_str": ""
        }
      ],
      "priority": 6,
      "initDialog": 10121301,
      "npcId": [208301],
      "performCfg": "QuestDialogue/AQ/Liyue1_1012/Q101213",
      "questId": 1012,
      "prePerformCfg": ""
    },
    {
      "id": 101214,
      "beginWay": "TALK_BEGIN_MANUAL",
      "activeMode": "PLAY_MODE_SINGLE",
      "beginCond": [
        {
          "type": "QUEST_COND_STATE_EQUAL",
          "param": ["101202", "3"],
          "param_str": ""
        }
      ],
      "priority": 5,
      "initDialog": 10121401,
      "npcId": [201301],
      "performCfg": "QuestDialogue/AQ/Liyue1_1012/Q101214",
      "questId": 1012,
      "prePerformCfg": ""
    },
    {
      "id": 101215,
      "beginWay": "TALK_BEGIN_MANUAL",
      "activeMode": "PLAY_MODE_SINGLE",
      "beginCond": [
        {
          "type": "QUEST_COND_STATE_EQUAL",
          "param": ["101203", "3"],
          "param_str": ""
        }
      ],
      "priority": 5,
      "initDialog": 10121501,
      "npcId": [201601],
      "performCfg": "QuestDialogue/AQ/Liyue1_1012/Q101215",
      "questId": 1012,
      "prePerformCfg": ""
    },
    {
      "id": 101216,
      "beginWay": "TALK_BEGIN_MANUAL",
      "activeMode": "PLAY_MODE_SINGLE",
      "beginCond": [
        {
          "type": "QUEST_COND_STATE_EQUAL",
          "param": ["101204", "3"],
          "param_str": ""
        }
      ],
      "priority": 5,
      "initDialog": 10121601,
      "npcId": [201501],
      "performCfg": "QuestDialogue/AQ/Liyue1_1012/Q101216",
      "questId": 1012,
      "prePerformCfg": ""
    },
    {
      "id": 101218,
      "beginWay": "TALK_BEGIN_MANUAL",
      "activeMode": "PLAY_MODE_SINGLE",
      "beginCond": [
        {
          "type": "QUEST_COND_STATE_EQUAL",
          "param": ["101210", "2"],
          "param_str": ""
        }
      ],
      "priority": 5,
      "initDialog": 10121801,
      "npcId": [208301],
      "performCfg": "QuestDialogue/AQ/Liyue1_1012/Q101218",
      "questId": 1012,
      "prePerformCfg": ""
    },
    {
      "id": 101219,
      "beginWay": "TALK_BEGIN_MANUAL",
      "activeMode": "PLAY_MODE_SINGLE",
      "beginCond": [
        {
          "type": "QUEST_COND_STATE_EQUAL",
          "param": ["101206", "2"],
          "param_str": ""
        }
      ],
      "priority": 5,
      "initDialog": 10121901,
      "npcId": [208301],
      "performCfg": "QuestDialogue/AQ/Liyue1_1012/Q101219",
      "questId": 1012,
      "prePerformCfg": ""
    },
    {
      "id": 101208,
      "beginWay": "TALK_BEGIN_MANUAL",
      "activeMode": "PLAY_MODE_SINGLE",
      "beginCond": [
        {
          "type": "QUEST_COND_STATE_EQUAL",
          "param": ["101209", "2"],
          "param_str": ""
        }
      ],
      "priority": 6,
      "initDialog": 10120801,
      "npcId": [10232],
      "performCfg": "QuestDialogue/AQ/Liyue1_1012/Q101208",
      "questId": 1012,
      "prePerformCfg": ""
    },
    {
      "id": 101209,
      "beginWay": "TALK_BEGIN_MANUAL",
      "activeMode": "PLAY_MODE_SINGLE",
      "beginCond": [
        {
          "type": "QUEST_COND_STATE_EQUAL",
          "param": ["99902", "2"],
          "param_str": ""
        }
      ],
      "priority": 6,
      "initDialog": 10120901,
      "npcId": [1206],
      "performCfg": "",
      "questId": 1012,
      "prePerformCfg": ""
    }
  ]
}
