{
  "id": 10120,
  "type": "LQ",
  "series": 2019,
  "titleTextMapHash": 1638179111,
  "descTextMapHash": 3532830574,
  "luaPath": "Actor/Quest/LQ10120",
  "suggestTrackMainQuestList": [10121],
  "rewardIdList": [110120],
  "chapterId": 2019,
  "subQuests": [
    {
      "subId": 1012001,
      "mainId": 10120,
      "order": 1,
      "descTextMapHash": 600512436,
      "acceptCondComb": "LOGIC_AND",
      "acceptCond": [
        {
          "type": "QUEST_COND_PERSONAL_LINE_UNLOCK",
          "param": [13, 0],
          "param_str": ""
        },
        {
          "type": "QUEST_COND_QUEST_GLOBAL_VAR_EQUAL",
          "param": [10003, 1],
          "param_str": ""
        }
      ],
      "finishCond": [
        {
          "type": "QUEST_CONTENT_COMPLETE_TALK",
          "param": [1012001, 0],
          "param_str": ""
        }
      ],
      "failCond": [
        {
          "param": [],
          "param_str": ""
        }
      ],
      "guide": {
        "type": "QUEST_GUIDE_NPC",
        "param": ["1006"],
        "guideScene": 1004,
        "guideStyle": "QUEST_GUIDE_STYLE_START"
      },
      "isRewind": true,
      "finishExec": [
        {
          "param": [],
          "param_str": ""
        }
      ],
      "failExec": [
        {
          "param": [],
          "param_str": ""
        }
      ],
      "beginExec": [
        {
          "param": [],
          "param_str": ""
        }
      ],
      "exclusiveNpcList": [1006],
      "exclusiveNpcPriority": 1100,
      "exclusivePlaceList": [1012001]
    },
    {
      "subId": 1012002,
      "mainId": 10120,
      "order": 2,
      "descTextMapHash": 3673929236,
      "acceptCond": [
        {
          "type": "QUEST_COND_STATE_EQUAL",
          "param": [1012001, 3],
          "param_str": ""
        }
      ],
      "finishCond": [
        {
          "type": "QUEST_CONTENT_LUA_NOTIFY",
          "param": [0, 0],
          "param_str": "1012002",
          "count": 1
        }
      ],
      "failCond": [
        {
          "param": [],
          "param_str": ""
        }
      ],
      "guide": {
        "type": "QUEST_GUIDE_LOCATION",
        "param": ["Q10120_FIND", "30"],
        "guideScene": 3,
        "guideStyle": "QUEST_GUIDE_STYLE_TARGET"
      },
      "isRewind": true,
      "finishExec": [
        {
          "param": [],
          "param_str": ""
        }
      ],
      "failExec": [
        {
          "param": [],
          "param_str": ""
        }
      ],
      "beginExec": [
        {
          "type": "QUEST_EXEC_REGISTER_DYNAMIC_GROUP",
          "param": ["3", "133004462"],
          "param_str": ""
        }
      ],
      "exclusiveNpcList": [1006, 1421, 10386, 10423],
      "exclusiveNpcPriority": 1100,
      "exclusivePlaceList": [1012001]
    },
    {
      "subId": 1012003,
      "mainId": 10120,
      "order": 3,
      "descTextMapHash": 3928314556,
      "acceptCond": [
        {
          "type": "QUEST_COND_STATE_EQUAL",
          "param": [1012002, 3],
          "param_str": ""
        }
      ],
      "finishCond": [
        {
          "type": "QUEST_CONTENT_COMPLETE_TALK",
          "param": [1012002, 0],
          "param_str": ""
        }
      ],
      "failCond": [
        {
          "param": [],
          "param_str": ""
        }
      ],
      "guide": {
        "type": "QUEST_GUIDE_NPC",
        "param": ["10423"],
        "guideScene": 3,
        "guideStyle": "QUEST_GUIDE_STYLE_TARGET"
      },
      "isRewind": true,
      "finishExec": [
        {
          "param": [],
          "param_str": ""
        }
      ],
      "failExec": [
        {
          "param": [],
          "param_str": ""
        }
      ],
      "beginExec": [
        {
          "type": "QUEST_EXEC_UNREGISTER_DYNAMIC_GROUP",
          "param": ["133004462", "0"],
          "param_str": ""
        }
      ],
      "exclusiveNpcList": [10386, 10423, 1421],
      "exclusiveNpcPriority": 1100
    },
    {
      "subId": 1012004,
      "mainId": 10120,
      "order": 10,
      "descTextMapHash": 1220127436,
      "acceptCond": [
        {
          "type": "QUEST_COND_STATE_EQUAL",
          "param": [1012003, 3],
          "param_str": ""
        }
      ],
      "finishCond": [
        {
          "type": "QUEST_CONTENT_LUA_NOTIFY",
          "param": [0, 0],
          "param_str": "1012004",
          "count": 1
        }
      ],
      "failCond": [
        {
          "param": [],
          "param_str": ""
        }
      ],
      "guide": {
        "type": "QUEST_GUIDE_LOCATION",
        "param": ["Q10120_anbor", "20"],
        "guideScene": 3,
        "guideStyle": "QUEST_GUIDE_STYLE_TARGET"
      },
      "isRewind": true,
      "finishExec": [
        {
          "param": [],
          "param_str": ""
        }
      ],
      "failExec": [
        {
          "param": [],
          "param_str": ""
        }
      ],
      "beginExec": [
        {
          "type": "QUEST_EXEC_REGISTER_DYNAMIC_GROUP",
          "param": ["3", "133004461"],
          "param_str": ""
        }
      ],
      "exclusiveNpcList": [1002],
      "exclusiveNpcPriority": 1100,
      "exclusivePlaceList": [1012003]
    },
    {
      "subId": 1012005,
      "mainId": 10120,
      "order": 11,
      "descTextMapHash": 2849440580,
      "acceptCond": [
        {
          "type": "QUEST_COND_STATE_EQUAL",
          "param": [1012004, 3],
          "param_str": ""
        }
      ],
      "finishCond": [
        {
          "type": "QUEST_CONTENT_COMPLETE_TALK",
          "param": [1012003, 0],
          "param_str": ""
        }
      ],
      "failCond": [
        {
          "param": [],
          "param_str": ""
        }
      ],
      "guide": {
        "type": "QUEST_GUIDE_NPC",
        "param": ["1002"],
        "guideScene": 3,
        "guideStyle": "QUEST_GUIDE_STYLE_TARGET"
      },
      "finishExec": [
        {
          "param": [],
          "param_str": ""
        }
      ],
      "failExec": [
        {
          "param": [],
          "param_str": ""
        }
      ],
      "beginExec": [
        {
          "type": "QUEST_EXEC_UNREGISTER_DYNAMIC_GROUP",
          "param": ["133004461", "0"],
          "param_str": ""
        }
      ],
      "exclusiveNpcList": [1002],
      "exclusiveNpcPriority": 1100,
      "exclusivePlaceList": [1012003]
    },
    {
      "subId": 1012006,
      "mainId": 10120,
      "order": 12,
      "descTextMapHash": 694454340,
      "acceptCond": [
        {
          "type": "QUEST_COND_STATE_EQUAL",
          "param": [1012005, 3],
          "param_str": ""
        }
      ],
      "finishCondComb": "LOGIC_OR",
      "finishCond": [
        {
          "type": "QUEST_CONTENT_LUA_NOTIFY",
          "param": [0, 0],
          "param_str": "1012006",
          "count": 1
        },
        {
          "type": "QUEST_CONTENT_LUA_NOTIFY",
          "param": [0, 0],
          "param_str": "1012012",
          "count": 1
        }
      ],
      "failCond": [
        {
          "param": [],
          "param_str": ""
        }
      ],
      "guide": {
        "type": "QUEST_GUIDE_LOCATION",
        "param": ["Q10120_Battle", "30"],
        "guideScene": 3,
        "guideStyle": "QUEST_GUIDE_STYLE_TARGET"
      },
      "isRewind": true,
      "finishExec": [
        {
          "param": [],
          "param_str": ""
        }
      ],
      "failExec": [
        {
          "param": [],
          "param_str": ""
        }
      ],
      "beginExec": [
        {
          "type": "QUEST_EXEC_REGISTER_DYNAMIC_GROUP",
          "param": ["3", "133003790"],
          "param_str": ""
        },
        {
          "type": "QUEST_EXEC_REFRESH_GROUP_SUITE",
          "param": ["3", "133003790,1"],
          "param_str": ""
        }
      ],
      "exclusiveNpcList": [1029],
      "exclusiveNpcPriority": 1100
    },
    {
      "subId": 1012007,
      "mainId": 10120,
      "order": 13,
      "descTextMapHash": 2858106444,
      "acceptCond": [
        {
          "type": "QUEST_COND_STATE_EQUAL",
          "param": [1012006, 3],
          "param_str": ""
        }
      ],
      "finishCond": [
        {
          "type": "QUEST_CONTENT_LUA_NOTIFY",
          "param": [0, 0],
          "param_str": "1012007",
          "count": 1
        }
      ],
      "failCond": [
        {
          "param": [],
          "param_str": ""
        }
      ],
      "guide": {
        "type": "QUEST_GUIDE_LOCATION",
        "param": ["Q10120_Battle", "30"],
        "guideScene": 3,
        "guideStyle": "QUEST_GUIDE_STYLE_TARGET"
      },
      "finishExec": [
        {
          "param": [],
          "param_str": ""
        }
      ],
      "failExec": [
        {
          "param": [],
          "param_str": ""
        }
      ],
      "beginExec": [
        {
          "param": [],
          "param_str": ""
        }
      ],
      "exclusiveNpcList": [1029],
      "exclusiveNpcPriority": 1100
    },
    {
      "subId": 1012008,
      "mainId": 10120,
      "order": 20,
      "isMpBlock": true,
      "descTextMapHash": 840110492,
      "acceptCond": [
        {
          "type": "QUEST_COND_STATE_EQUAL",
          "param": [1012007, 3],
          "param_str": ""
        }
      ],
      "finishCond": [
        {
          "type": "QUEST_CONTENT_FINISH_PLOT",
          "param": [1012008, 0],
          "param_str": ""
        }
      ],
      "failCond": [
        {
          "type": "QUEST_CONTENT_NOT_FINISH_PLOT",
          "param": [1012099, 0],
          "param_str": ""
        }
      ],
      "guide": {},
      "finishExec": [
        {
          "param": [],
          "param_str": ""
        }
      ],
      "failExec": [
        {
          "type": "QUEST_EXEC_ROLLBACK_QUEST",
          "param": ["1012006", "0"],
          "param_str": ""
        }
      ],
      "beginExec": [
        {
          "param": [],
          "param_str": ""
        }
      ],
      "exclusiveNpcList": [1029],
      "exclusiveNpcPriority": 1100
    },
    {
      "subId": 1012009,
      "mainId": 10120,
      "order": 21,
      "descTextMapHash": 3576947276,
      "acceptCond": [
        {
          "type": "QUEST_COND_STATE_EQUAL",
          "param": [1012008, 3],
          "param_str": ""
        }
      ],
      "finishCond": [
        {
          "type": "QUEST_CONTENT_COMPLETE_TALK",
          "param": [1012004, 0],
          "param_str": ""
        }
      ],
      "failCond": [
        {
          "param": [],
          "param_str": ""
        }
      ],
      "guide": {
        "type": "QUEST_GUIDE_NPC",
        "param": ["1029"],
        "guideScene": 3,
        "guideStyle": "QUEST_GUIDE_STYLE_TARGET"
      },
      "finishParent": true,
      "isRewind": true,
      "finishExec": [
        {
          "type": "QUEST_EXEC_UNREGISTER_DYNAMIC_GROUP",
          "param": ["133003790", "1"],
          "param_str": ""
        }
      ],
      "failExec": [
        {
          "param": [],
          "param_str": ""
        }
      ],
      "beginExec": [
        {
          "type": "QUEST_EXEC_REGISTER_DYNAMIC_GROUP",
          "param": ["3", "133003790"],
          "param_str": ""
        }
      ],
      "exclusiveNpcList": [1029],
      "exclusiveNpcPriority": 1100
    }
  ],
  "talks": [
    {
      "id": 1012001,
      "beginWay": "TALK_BEGIN_AUTO",
      "activeMode": "PLAY_MODE_SINGLE",
      "beginCond": [
        {
          "type": "QUEST_COND_STATE_EQUAL",
          "param": ["1012001", "2"],
          "param_str": ""
        }
      ],
      "priority": 5,
      "initDialog": 101200101,
      "npcId": [1006, 1005],
      "performCfg": "QuestDialogue/LQ/Eula1_10120/Q1012001",
      "heroTalk": "TALK_HERO_MAIN",
      "questId": 10120,
      "prePerformCfg": ""
    },
    {
      "id": 1012002,
      "beginWay": "TALK_BEGIN_MANUAL",
      "activeMode": "PLAY_MODE_SINGLE",
      "beginCond": [
        {
          "type": "QUEST_COND_STATE_EQUAL",
          "param": ["1012003", "2"],
          "param_str": ""
        }
      ],
      "priority": 5,
      "initDialog": 101200201,
      "npcId": [10423, 1005],
      "performCfg": "QuestDialogue/LQ/Eula1_10120/Q1012002",
      "heroTalk": "TALK_HERO_MAIN",
      "questId": 10120,
      "prePerformCfg": ""
    },
    {
      "id": 1012003,
      "beginWay": "TALK_BEGIN_MANUAL",
      "activeMode": "PLAY_MODE_SINGLE",
      "beginCond": [
        {
          "type": "QUEST_COND_STATE_EQUAL",
          "param": ["1012005", "2"],
          "param_str": ""
        }
      ],
      "priority": 5,
      "initDialog": 101200301,
      "npcId": [1002, 1005],
      "performCfg": "QuestDialogue/LQ/Eula1_10120/Q1012003",
      "heroTalk": "TALK_HERO_MAIN",
      "questId": 10120,
      "prePerformCfg": ""
    },
    {
      "id": 1012004,
      "beginWay": "TALK_BEGIN_MANUAL",
      "activeMode": "PLAY_MODE_SINGLE",
      "beginCond": [
        {
          "type": "QUEST_COND_STATE_EQUAL",
          "param": ["1012009", "2"],
          "param_str": ""
        }
      ],
      "priority": 5,
      "initDialog": 101200401,
      "npcId": [1029, 1005],
      "performCfg": "QuestDialogue/LQ/Eula1_10120/Q1012004",
      "heroTalk": "TALK_HERO_MAIN",
      "questId": 10120,
      "prePerformCfg": ""
    },
    {
      "id": 1012006,
      "beginWay": "TALK_BEGIN_MANUAL",
      "activeMode": "PLAY_MODE_SINGLE",
      "beginCond": [
        {
          "type": "QUEST_COND_STATE_EQUAL",
          "param": ["1012002", "2"],
          "param_str": ""
        }
      ],
      "priority": 5,
      "initDialog": 101200601,
      "npcId": [1006],
      "performCfg": "QuestDialogue/LQ/Eula1_10120/Q1012006",
      "heroTalk": "TALK_HERO_MAIN",
      "questId": 10120,
      "prePerformCfg": ""
    },
    {
      "id": 1012007,
      "beginWay": "TALK_BEGIN_MANUAL",
      "activeMode": "PLAY_MODE_SINGLE",
      "beginCond": [
        {
          "type": "QUEST_COND_STATE_EQUAL",
          "param": ["99902", "2"],
          "param_str": ""
        }
      ],
      "priority": 5,
      "initDialog": 101200701,
      "npcId": [1663],
      "performCfg": "",
      "heroTalk": "TALK_HERO_MAIN",
      "questId": 10120,
      "prePerformCfg": ""
    },
    {
      "id": 1012008,
      "beginWay": "TALK_BEGIN_MANUAL",
      "activeMode": "PLAY_MODE_SINGLE",
      "beginCondComb": "LOGIC_OR",
      "beginCond": [
        {
          "type": "QUEST_COND_STATE_EQUAL",
          "param": ["1012002", "2"],
          "param_str": ""
        },
        {
          "type": "QUEST_COND_STATE_EQUAL",
          "param": ["1012003", "2"],
          "param_str": ""
        }
      ],
      "priority": 5,
      "initDialog": 101200801,
      "npcId": [1421],
      "performCfg": "QuestDialogue/LQ/Eula1_10120/Q1012008",
      "heroTalk": "TALK_HERO_MAIN",
      "questId": 10120,
      "prePerformCfg": ""
    },
    {
      "id": 1012011,
      "beginWay": "TALK_BEGIN_MANUAL",
      "activeMode": "PLAY_MODE_SINGLE",
      "beginCond": [
        {
          "type": "QUEST_COND_STATE_EQUAL",
          "param": ["99902", "2"],
          "param_str": ""
        }
      ],
      "priority": 5,
      "initDialog": 101201101,
      "npcId": [1002],
      "performCfg": "",
      "heroTalk": "TALK_HERO_MAIN",
      "questId": 10120,
      "prePerformCfg": ""
    }
  ]
}
