{
  "id": 1019,
  "series": 1207,
  "titleTextMapHash": 4195987807,
  "descTextMapHash": 3263829742,
  "luaPath": "Actor/Quest/AQ1019",
  "suggestTrackMainQuestList": [1028],
  "rewardIdList": [101019],
  "chapterId": 1207,
  "subQuests": [
    {
      "subId": 101901,
      "mainId": 1019,
      "order": 3,
      "descTextMapHash": 1312979684,
      "acceptCond": [
        {
          "type": "QUEST_COND_STATE_EQUAL",
          "param": [101907, 3],
          "param_str": ""
        }
      ],
      "finishCond": [
        {
          "type": "QUEST_CONTENT_FINISH_PLOT",
          "param": [101901, 0],
          "param_str": ""
        }
      ],
      "failCond": [
        {
          "param": [],
          "param_str": ""
        }
      ],
      "guide": {
        "type": "QUEST_GUIDE_LOCATION",
        "param": ["guide_Q101901"],
        "guideScene": 6,
        "guideStyle": "QUEST_GUIDE_STYLE_POINT",
        "guideLayer": "QUEST_GUIDE_LAYER_SCENE"
      },
      "showGuide": "QUEST_GUIDE_ITEM_DISABLE",
      "isRewind": true,
      "finishExec": [
        {
          "param": [],
          "param_str": ""
        }
      ],
      "failExec": [
        {
          "param": [],
          "param_str": ""
        }
      ],
      "beginExec": [
        {
          "param": [],
          "param_str": ""
        }
      ],
      "exclusiveNpcList": [1030, 1044, 1049],
      "exclusiveNpcPriority": 1000
    },
    {
      "subId": 101902,
      "mainId": 1019,
      "order": 4,
      "descTextMapHash": 3703164316,
      "acceptCond": [
        {
          "type": "QUEST_COND_STATE_EQUAL",
          "param": [101901, 3],
          "param_str": ""
        }
      ],
      "finishCond": [
        {
          "type": "QUEST_CONTENT_COMPLETE_TALK",
          "param": [101902, 0],
          "param_str": ""
        }
      ],
      "failCond": [
        {
          "param": [],
          "param_str": ""
        }
      ],
      "guide": {
        "type": "QUEST_GUIDE_NPC",
        "param": ["1030"],
        "guideScene": 6,
        "guideStyle": "QUEST_GUIDE_STYLE_TARGET",
        "guideLayer": "QUEST_GUIDE_LAYER_SCENE"
      },
      "finishExec": [
        {
          "type": "QUEST_EXEC_ADD_SCENE_TAG",
          "param": ["6", "150"],
          "param_str": ""
        },
        {
          "type": "QUEST_EXEC_DEL_SCENE_TAG",
          "param": ["6", "146"],
          "param_str": ""
        }
      ],
      "failExec": [
        {
          "param": [],
          "param_str": ""
        }
      ],
      "beginExec": [
        {
          "param": [],
          "param_str": ""
        }
      ],
      "exclusiveNpcList": [1030, 1044, 1049],
      "exclusiveNpcPriority": 1000
    },
    {
      "subId": 101903,
      "mainId": 1019,
      "order": 5,
      "descTextMapHash": 3482294988,
      "acceptCond": [
        {
          "type": "QUEST_COND_STATE_EQUAL",
          "param": [101902, 3],
          "param_str": ""
        }
      ],
      "finishCond": [
        {
          "type": "QUEST_CONTENT_COMPLETE_TALK",
          "param": [101903, 0],
          "param_str": ""
        }
      ],
      "failCond": [
        {
          "param": [],
          "param_str": ""
        }
      ],
      "guide": {
        "type": "QUEST_GUIDE_NPC",
        "param": ["1030"],
        "guideScene": 6,
        "guideStyle": "QUEST_GUIDE_STYLE_TARGET",
        "guideLayer": "QUEST_GUIDE_LAYER_SCENE"
      },
      "isRewind": true,
      "finishExec": [
        {
          "type": "QUEST_EXEC_UNREGISTER_DYNAMIC_GROUP",
          "param": ["166004001", "1"],
          "param_str": ""
        },
        {
          "type": "QUEST_EXEC_ADD_SCENE_TAG",
          "param": ["6", "151"],
          "param_str": ""
        },
        {
          "type": "QUEST_EXEC_DEL_SCENE_TAG",
          "param": ["6", "150"],
          "param_str": ""
        },
        {
          "type": "QUEST_EXEC_UNLOCK_POINT",
          "param": ["6", "19"],
          "param_str": ""
        },
        {
          "type": "QUEST_EXEC_UNLOCK_POINT",
          "param": ["6", "20"],
          "param_str": ""
        }
      ],
      "failExec": [
        {
          "param": [],
          "param_str": ""
        }
      ],
      "beginExec": [
        {
          "type": "QUEST_EXEC_REGISTER_DYNAMIC_GROUP",
          "param": ["6", "166004001"],
          "param_str": ""
        }
      ],
      "exclusiveNpcList": [1030, 1048, 1044, 1049],
      "exclusiveNpcPriority": 1000
    },
    {
      "subId": 101904,
      "mainId": 1019,
      "order": 6,
      "descTextMapHash": 1118391204,
      "acceptCond": [
        {
          "type": "QUEST_COND_STATE_EQUAL",
          "param": [101903, 3],
          "param_str": ""
        }
      ],
      "finishCond": [
        {
          "type": "QUEST_CONTENT_COMPLETE_TALK",
          "param": [101904, 0],
          "param_str": ""
        }
      ],
      "failCond": [
        {
          "param": [],
          "param_str": ""
        }
      ],
      "guide": {
        "type": "QUEST_GUIDE_NPC",
        "param": ["1030"],
        "guideScene": 20130,
        "guideStyle": "QUEST_GUIDE_STYLE_TARGET",
        "guideLayer": "QUEST_GUIDE_LAYER_SCENE"
      },
      "isRewind": true,
      "finishExec": [
        {
          "param": [],
          "param_str": ""
        }
      ],
      "failExec": [
        {
          "param": [],
          "param_str": ""
        }
      ],
      "beginExec": [
        {
          "param": [],
          "param_str": ""
        }
      ],
      "exclusiveNpcList": [1030],
      "exclusiveNpcPriority": 1000
    },
    {
      "subId": 101905,
      "mainId": 1019,
      "order": 7,
      "descTextMapHash": 2704102260,
      "acceptCond": [
        {
          "type": "QUEST_COND_STATE_EQUAL",
          "param": [101904, 3],
          "param_str": ""
        }
      ],
      "finishCond": [
        {
          "type": "QUEST_CONTENT_COMPLETE_TALK",
          "param": [101905, 0],
          "param_str": ""
        }
      ],
      "failCond": [
        {
          "param": [],
          "param_str": ""
        }
      ],
      "guide": {
        "type": "QUEST_GUIDE_NPC",
        "param": ["1048"],
        "guideScene": 20130,
        "guideStyle": "QUEST_GUIDE_STYLE_TARGET",
        "guideLayer": "QUEST_GUIDE_LAYER_SCENE"
      },
      "finishParent": true,
      "isRewind": true,
      "finishExec": [
        {
          "param": [],
          "param_str": ""
        }
      ],
      "failExec": [
        {
          "param": [],
          "param_str": ""
        }
      ],
      "beginExec": [
        {
          "param": [],
          "param_str": ""
        }
      ],
      "exclusiveNpcList": [1030, 1048],
      "exclusiveNpcPriority": 1000
    },
    {
      "subId": 101906,
      "mainId": 1019,
      "order": 1,
      "descTextMapHash": 1233975348,
      "showType": "QUEST_HIDDEN",
      "acceptCond": [
        {
          "type": "QUEST_COND_STATE_EQUAL",
          "param": [102510, 3],
          "param_str": ""
        }
      ],
      "finishCond": [
        {
          "type": "QUEST_CONTENT_QUEST_STATE_EQUAL",
          "param": [101901, 2],
          "param_str": ""
        }
      ],
      "failCond": [
        {
          "param": [],
          "param_str": ""
        }
      ],
      "guide": {},
      "showGuide": "QUEST_GUIDE_ITEM_DISABLE",
      "isRewind": true,
      "finishExec": [
        {
          "param": [],
          "param_str": ""
        }
      ],
      "failExec": [
        {
          "param": [],
          "param_str": ""
        }
      ],
      "beginExec": [
        {
          "param": [],
          "param_str": ""
        }
      ]
    },
    {
      "subId": 101907,
      "mainId": 1019,
      "order": 2,
      "descTextMapHash": 2345112564,
      "acceptCondComb": "LOGIC_A_OR_B_OR_ETCAND",
      "acceptCond": [
        {
          "type": "QUEST_COND_ACTIVITY_COND",
          "param": [2013001, 1],
          "param_str": ""
        },
        {
          "type": "QUEST_COND_ACTIVITY_COND",
          "param": [2013012, 1],
          "param_str": ""
        },
        {
          "type": "QUEST_COND_ACTIVITY_END",
          "param": [2013001, 0],
          "param_str": ""
        },
        {
          "type": "QUEST_COND_STATE_EQUAL",
          "param": [102510, 3],
          "param_str": ""
        },
        {
          "type": "QUEST_COND_STATE_EQUAL",
          "param": [1100811, 3],
          "param_str": ""
        },
        {
          "type": "QUEST_COND_STATE_EQUAL",
          "param": [1202618, 3],
          "param_str": ""
        },
        {
          "type": "QUEST_COND_STATE_EQUAL",
          "param": [1204209, 3],
          "param_str": ""
        },
        {
          "type": "QUEST_COND_STATE_EQUAL",
          "param": [7104520, 3],
          "param_str": ""
        }
      ],
      "finishCond": [
        {
          "param": [],
          "param_str": ""
        }
      ],
      "failCond": [
        {
          "param": [],
          "param_str": ""
        }
      ],
      "guide": {},
      "finishExec": [
        {
          "param": [],
          "param_str": ""
        }
      ],
      "failExec": [
        {
          "param": [],
          "param_str": ""
        }
      ],
      "beginExec": [
        {
          "param": [],
          "param_str": ""
        }
      ]
    }
  ],
  "talks": [
    {
      "id": 101902,
      "beginWay": "TALK_BEGIN_MANUAL",
      "activeMode": "PLAY_MODE_SINGLE",
      "beginCond": [
        {
          "type": "QUEST_COND_STATE_EQUAL",
          "param": ["101902", "2"],
          "param_str": ""
        }
      ],
      "priority": 5,
      "initDialog": 10190201,
      "npcId": [1030],
      "performCfg": "QuestDialogue/AQ/Liyue5_1019/Q101902",
      "heroTalk": "TALK_HERO_MAIN",
      "questId": 1019,
      "prePerformCfg": ""
    },
    {
      "id": 101903,
      "beginWay": "TALK_BEGIN_MANUAL",
      "activeMode": "PLAY_MODE_SINGLE",
      "beginCond": [
        {
          "type": "QUEST_COND_STATE_EQUAL",
          "param": ["101903", "2"],
          "param_str": ""
        }
      ],
      "priority": 5,
      "initDialog": 10190301,
      "npcId": [1030],
      "performCfg": "QuestDialogue/AQ/Liyue5_1019/Q101903",
      "heroTalk": "TALK_HERO_MAIN",
      "questId": 1019,
      "prePerformCfg": ""
    },
    {
      "id": 101904,
      "beginWay": "TALK_BEGIN_MANUAL",
      "activeMode": "PLAY_MODE_SINGLE",
      "beginCond": [
        {
          "type": "QUEST_COND_STATE_EQUAL",
          "param": ["101904", "2"],
          "param_str": ""
        }
      ],
      "priority": 5,
      "initDialog": 10190401,
      "npcId": [1030],
      "performCfg": "QuestDialogue/AQ/Liyue5_1019/Q101904",
      "heroTalk": "TALK_HERO_MAIN",
      "questId": 1019,
      "prePerformCfg": ""
    },
    {
      "id": 101905,
      "beginWay": "TALK_BEGIN_MANUAL",
      "activeMode": "PLAY_MODE_SINGLE",
      "beginCond": [
        {
          "type": "QUEST_COND_STATE_EQUAL",
          "param": ["101905", "2"],
          "param_str": ""
        }
      ],
      "priority": 5,
      "initDialog": 10190501,
      "npcId": [1048],
      "performCfg": "QuestDialogue/AQ/Liyue5_1019/Q101905",
      "heroTalk": "TALK_HERO_MAIN",
      "questId": 1019,
      "prePerformCfg": ""
    }
  ]
}
