{
  "id": 10203,
  "type": "LQ",
  "series": 2009,
  "titleTextMapHash": 1017683913,
  "descTextMapHash": 2626267663,
  "luaPath": "Actor/Quest/LQ10203",
  "showType": "QUEST_HIDDEN",
  "subQuests": [
    {
      "subId": 1020301,
      "mainId": 10203,
      "order": 1,
      "descTextMapHash": 644218590,
      "showType": "QUEST_HIDDEN",
      "acceptCond": [
        {
          "type": "QUEST_COND_STATE_EQUAL",
          "param": [1020201, 3],
          "param_str": ""
        }
      ],
      "finishCondComb": "LOGIC_OR",
      "finishCond": [
        {
          "type": "QUEST_CONTENT_COMPLETE_TALK",
          "param": [1020301, 0],
          "param_str": ""
        },
        {
          "type": "QUEST_CONTENT_ENTER_MY_WORLD",
          "param": [3, 0],
          "param_str": ""
        }
      ],
      "failCond": [
        {
          "param": [],
          "param_str": ""
        }
      ],
      "guide": {
        "type": "QUEST_GUIDE_NPC",
        "param": ["1006"],
        "guideScene": 1004,
        "guideStyle": "QUEST_GUIDE_STYLE_TARGET",
        "guideLayer": "QUEST_GUIDE_LAYER_SCENE"
      },
      "isRewind": true,
      "finishExec": [
        {
          "param": [],
          "param_str": ""
        }
      ],
      "failExec": [
        {
          "param": [],
          "param_str": ""
        }
      ],
      "beginExec": [
        {
          "param": [],
          "param_str": ""
        }
      ],
      "exclusiveNpcList": [1006, 10090, 10092],
      "exclusiveNpcPriority": 1100,
      "exclusivePlaceList": [1012001]
    },
    {
      "subId": 1020302,
      "mainId": 10203,
      "order": 2,
      "descTextMapHash": 4072564582,
      "showType": "QUEST_HIDDEN",
      "acceptCond": [
        {
          "type": "QUEST_COND_STATE_EQUAL",
          "param": [1020204, 3],
          "param_str": ""
        }
      ],
      "finishCondComb": "LOGIC_OR",
      "finishCond": [
        {
          "type": "QUEST_CONTENT_COMPLETE_TALK",
          "param": [1020302, 0],
          "param_str": ""
        },
        {
          "type": "QUEST_CONTENT_ENTER_MY_WORLD",
          "param": [3, 0],
          "param_str": ""
        }
      ],
      "failCond": [
        {
          "param": [],
          "param_str": ""
        }
      ],
      "guide": {
        "type": "QUEST_GUIDE_NPC",
        "param": ["10092"],
        "guideScene": 1004,
        "guideStyle": "QUEST_GUIDE_STYLE_FINISH",
        "guideLayer": "QUEST_GUIDE_LAYER_SCENE"
      },
      "finishParent": true,
      "isRewind": true,
      "finishExec": [
        {
          "param": [],
          "param_str": ""
        }
      ],
      "failExec": [
        {
          "param": [],
          "param_str": ""
        }
      ],
      "beginExec": [
        {
          "param": [],
          "param_str": ""
        }
      ],
      "exclusiveNpcList": [1006, 10090, 10092],
      "exclusiveNpcPriority": 1100,
      "exclusivePlaceList": [1012001]
    }
  ],
  "talks": [
    {
      "id": 1020301,
      "beginWay": "TALK_BEGIN_MANUAL",
      "activeMode": "PLAY_MODE_SINGLE",
      "beginCond": [
        {
          "type": "QUEST_COND_STATE_EQUAL",
          "param": ["1020301", "2"],
          "param_str": ""
        }
      ],
      "priority": 5,
      "initDialog": 102030101,
      "npcId": [1006],
      "performCfg": "",
      "heroTalk": "TALK_HERO_MAIN",
      "questId": 10203,
      "prePerformCfg": ""
    },
    {
      "id": 1020302,
      "beginWay": "TALK_BEGIN_MANUAL",
      "activeMode": "PLAY_MODE_SINGLE",
      "beginCond": [
        {
          "type": "QUEST_COND_STATE_EQUAL",
          "param": ["1020302", "2"],
          "param_str": ""
        }
      ],
      "priority": 5,
      "initDialog": 102030201,
      "npcId": [10092],
      "performCfg": "",
      "heroTalk": "TALK_HERO_MAIN",
      "questId": 10203,
      "prePerformCfg": ""
    },
    {
      "id": 1020303,
      "beginWay": "TALK_BEGIN_MANUAL",
      "activeMode": "PLAY_MODE_SINGLE",
      "beginCond": [
        {
          "type": "QUEST_COND_STATE_EQUAL",
          "param": ["1020301", "3"],
          "param_str": ""
        }
      ],
      "priority": 5,
      "initDialog": 102030301,
      "npcId": [1006],
      "performCfg": "",
      "heroTalk": "TALK_HERO_MAIN",
      "questId": 10203,
      "prePerformCfg": ""
    }
  ]
}
