{
  "id": 1020,
  "series": 1101,
  "titleTextMapHash": 3420715793,
  "descTextMapHash": 543926495,
  "luaPath": "Actor/Quest/MQ1020",
  "suggestTrackMainQuestList": [1021],
  "rewardIdList": [101020],
  "chapterId": 1103,
  "subQuests": [
    {
      "subId": 102001,
      "mainId": 1020,
      "order": 1,
      "descTextMapHash": 1134761862,
      "acceptCond": [
        {
          "type": "QUEST_COND_STATE_EQUAL",
          "param": [101610, 3],
          "param_str": ""
        }
      ],
      "finishCond": [
        {
          "type": "QUEST_CONTENT_COMPLETE_TALK",
          "param": [102001, 0],
          "param_str": ""
        }
      ],
      "failCond": [
        {
          "param": [],
          "param_str": ""
        }
      ],
      "guide": {
        "type": "QUEST_GUIDE_LOCATION",
        "param": ["Q102001Paimon", "40"],
        "guideScene": 3,
        "guideStyle": "QUEST_GUIDE_STYLE_TARGET",
        "guideLayer": "QUEST_GUIDE_LAYER_SCENE"
      },
      "isRewind": true,
      "finishExec": [
        {
          "param": [],
          "param_str": ""
        }
      ],
      "failExec": [
        {
          "param": [],
          "param_str": ""
        }
      ],
      "beginExec": [
        {
          "param": [],
          "param_str": ""
        }
      ]
    },
    {
      "subId": 102002,
      "mainId": 1020,
      "order": 2,
      "descTextMapHash": 920558078,
      "acceptCond": [
        {
          "type": "QUEST_COND_STATE_EQUAL",
          "param": [102001, 3],
          "param_str": ""
        }
      ],
      "finishCond": [
        {
          "type": "QUEST_CONTENT_COMPLETE_TALK",
          "param": [102002, 0],
          "param_str": ""
        }
      ],
      "failCond": [
        {
          "param": [],
          "param_str": ""
        }
      ],
      "guide": {
        "type": "QUEST_GUIDE_LOCATION",
        "param": ["Q102003Guild"],
        "guideScene": 3,
        "guideStyle": "QUEST_GUIDE_STYLE_TARGET",
        "guideLayer": "QUEST_GUIDE_LAYER_SCENE"
      },
      "isRewind": true,
      "finishExec": [
        {
          "param": [],
          "param_str": ""
        }
      ],
      "failExec": [
        {
          "param": [],
          "param_str": ""
        }
      ],
      "beginExec": [
        {
          "type": "QUEST_EXEC_REFRESH_GROUP_SUITE",
          "param": ["3", "133107089,1"],
          "param_str": ""
        },
        {
          "type": "QUEST_EXEC_REFRESH_GROUP_SUITE",
          "param": ["3", "133107918,1"],
          "param_str": ""
        }
      ]
    },
    {
      "subId": 102003,
      "mainId": 1020,
      "order": 3,
      "descTextMapHash": 3663965798,
      "acceptCond": [
        {
          "type": "QUEST_COND_STATE_EQUAL",
          "param": [102002, 3],
          "param_str": ""
        }
      ],
      "finishCond": [
        {
          "type": "QUEST_CONTENT_FINISH_PLOT",
          "param": [102003, 0],
          "param_str": ""
        }
      ],
      "failCond": [
        {
          "param": [],
          "param_str": ""
        }
      ],
      "guide": {
        "type": "QUEST_GUIDE_LOCATION",
        "param": ["Q102007born"],
        "guideScene": 3,
        "guideStyle": "QUEST_GUIDE_STYLE_POINT",
        "guideLayer": "QUEST_GUIDE_LAYER_SCENE"
      },
      "isRewind": true,
      "finishExec": [
        {
          "param": [],
          "param_str": ""
        }
      ],
      "failExec": [
        {
          "param": [],
          "param_str": ""
        }
      ],
      "beginExec": [
        {
          "param": [],
          "param_str": ""
        }
      ]
    },
    {
      "subId": 102007,
      "mainId": 1020,
      "order": 4,
      "isMpBlock": true,
      "descTextMapHash": 850063806,
      "showType": "QUEST_HIDDEN",
      "acceptCond": [
        {
          "type": "QUEST_COND_STATE_EQUAL",
          "param": [102003, 3],
          "param_str": ""
        }
      ],
      "finishCond": [
        {
          "type": "QUEST_CONTENT_COMPLETE_TALK",
          "param": [102007, 0],
          "param_str": ""
        }
      ],
      "failCond": [
        {
          "param": [],
          "param_str": ""
        }
      ],
      "guide": {},
      "isRewind": true,
      "finishExec": [
        {
          "param": [],
          "param_str": ""
        }
      ],
      "failExec": [
        {
          "param": [],
          "param_str": ""
        }
      ],
      "beginExec": [
        {
          "param": [],
          "param_str": ""
        }
      ]
    },
    {
      "subId": 102004,
      "mainId": 1020,
      "order": 5,
      "isMpBlock": true,
      "descTextMapHash": 1164753134,
      "acceptCond": [
        {
          "type": "QUEST_COND_STATE_EQUAL",
          "param": [102007, 3],
          "param_str": ""
        }
      ],
      "finishCond": [
        {
          "type": "QUEST_CONTENT_COMPLETE_TALK",
          "param": [102004, 0],
          "param_str": ""
        }
      ],
      "failCond": [
        {
          "param": [],
          "param_str": ""
        }
      ],
      "guide": {
        "type": "QUEST_GUIDE_LOCATION",
        "param": ["Q101503Trigger", "30"],
        "guideScene": 3,
        "guideStyle": "QUEST_GUIDE_STYLE_TARGET",
        "guideLayer": "QUEST_GUIDE_LAYER_SCENE"
      },
      "isRewind": true,
      "finishExec": [
        {
          "param": [],
          "param_str": ""
        }
      ],
      "failExec": [
        {
          "param": [],
          "param_str": ""
        }
      ],
      "beginExec": [
        {
          "param": [],
          "param_str": ""
        }
      ]
    },
    {
      "subId": 102005,
      "mainId": 1020,
      "order": 6,
      "isMpBlock": true,
      "descTextMapHash": 1527703006,
      "acceptCond": [
        {
          "type": "QUEST_COND_STATE_EQUAL",
          "param": [102004, 3],
          "param_str": ""
        }
      ],
      "finishCond": [
        {
          "type": "QUEST_CONTENT_LUA_NOTIFY",
          "param": [0, 0],
          "param_str": "10200501",
          "count": 1
        }
      ],
      "failCondComb": "LOGIC_OR",
      "failCond": [
        {
          "type": "QUEST_CONTENT_NOT_FINISH_PLOT",
          "param": [102005, 0],
          "param_str": ""
        },
        {
          "type": "QUEST_CONTENT_TEAM_DEAD",
          "param": [0, 0],
          "param_str": ""
        }
      ],
      "guide": {
        "type": "QUEST_GUIDE_LOCATION",
        "param": ["Q101503Trigger", "30"],
        "guideScene": 3,
        "guideStyle": "QUEST_GUIDE_STYLE_TARGET",
        "guideLayer": "QUEST_GUIDE_LAYER_SCENE"
      },
      "isRewind": true,
      "finishExec": [
        {
          "type": "QUEST_EXEC_REFRESH_GROUP_SUITE",
          "param": ["3", "133107108,1"],
          "param_str": ""
        }
      ],
      "failExec": [
        {
          "type": "QUEST_EXEC_REFRESH_GROUP_SUITE",
          "param": ["3", "133107108,1"],
          "param_str": ""
        },
        {
          "type": "QUEST_EXEC_ROLLBACK_QUEST",
          "param": ["102004", "0"],
          "param_str": ""
        }
      ],
      "beginExec": [
        {
          "type": "QUEST_EXEC_REFRESH_GROUP_SUITE",
          "param": ["3", "133107108,2"],
          "param_str": ""
        }
      ]
    },
    {
      "subId": 102006,
      "mainId": 1020,
      "order": 7,
      "isMpBlock": true,
      "descTextMapHash": 692491190,
      "showType": "QUEST_HIDDEN",
      "acceptCond": [
        {
          "type": "QUEST_COND_STATE_EQUAL",
          "param": [102005, 3],
          "param_str": ""
        }
      ],
      "finishCond": [
        {
          "type": "QUEST_CONTENT_COMPLETE_TALK",
          "param": [102006, 0],
          "param_str": ""
        }
      ],
      "failCond": [
        {
          "param": [],
          "param_str": ""
        }
      ],
      "guide": {
        "type": "QUEST_GUIDE_LOCATION",
        "param": ["Q101503Trigger", "30"],
        "guideScene": 3,
        "guideStyle": "QUEST_GUIDE_STYLE_TARGET",
        "guideLayer": "QUEST_GUIDE_LAYER_SCENE"
      },
      "finishParent": true,
      "isRewind": true,
      "finishExec": [
        {
          "param": [],
          "param_str": ""
        }
      ],
      "failExec": [
        {
          "param": [],
          "param_str": ""
        }
      ],
      "beginExec": [
        {
          "param": [],
          "param_str": ""
        }
      ],
      "exclusiveNpcList": [1016]
    }
  ],
  "talks": [
    {
      "id": 102001,
      "beginWay": "TALK_BEGIN_AUTO",
      "activeMode": "PLAY_MODE_SINGLE",
      "beginCond": [
        {
          "type": "QUEST_COND_STATE_EQUAL",
          "param": ["102001", "2"],
          "param_str": ""
        }
      ],
      "priority": 5,
      "initDialog": 10200101,
      "npcId": [1005],
      "performCfg": "QuestDialogue/AQ/Liyue3_1020/Q102001",
      "questId": 1020,
      "prePerformCfg": ""
    },
    {
      "id": 102002,
      "beginWay": "TALK_BEGIN_MANUAL",
      "activeMode": "PLAY_MODE_SINGLE",
      "beginCond": [
        {
          "type": "QUEST_COND_STATE_EQUAL",
          "param": ["102002", "2"],
          "param_str": ""
        }
      ],
      "priority": 5,
      "initDialog": 10200201,
      "npcId": [1005],
      "performCfg": "QuestDialogue/AQ/Liyue3_1020/Q102002",
      "questId": 1020,
      "prePerformCfg": ""
    },
    {
      "id": 102004,
      "beginWay": "TALK_BEGIN_AUTO",
      "activeMode": "PLAY_MODE_SINGLE",
      "beginCond": [
        {
          "type": "QUEST_COND_STATE_EQUAL",
          "param": ["102004", "2"],
          "param_str": ""
        }
      ],
      "priority": 5,
      "initDialog": 10200401,
      "npcId": [10262],
      "performCfg": "QuestDialogue/AQ/Liyue3_1020/Q102004",
      "questId": 1020,
      "prePerformCfg": ""
    },
    {
      "id": 102006,
      "beginWay": "TALK_BEGIN_AUTO",
      "activeMode": "PLAY_MODE_SINGLE",
      "beginCond": [
        {
          "type": "QUEST_COND_STATE_EQUAL",
          "param": ["102006", "2"],
          "param_str": ""
        }
      ],
      "priority": 5,
      "initDialog": 10200601,
      "npcId": [1005],
      "performCfg": "QuestDialogue/AQ/Liyue3_1020/Q102006",
      "questId": 1020,
      "prePerformCfg": ""
    },
    {
      "id": 102007,
      "beginWay": "TALK_BEGIN_AUTO",
      "activeMode": "PLAY_MODE_SINGLE",
      "beginCond": [
        {
          "type": "QUEST_COND_STATE_EQUAL",
          "param": ["102007", "2"],
          "param_str": ""
        }
      ],
      "priority": 5,
      "initDialog": 10200701,
      "npcId": [1005],
      "performCfg": "QuestDialogue/AQ/Liyue3_1020/Q102007",
      "questId": 1020,
      "prePerformCfg": ""
    }
  ]
}
