{
  "id": 1021,
  "series": 1101,
  "titleTextMapHash": 3308674505,
  "descTextMapHash": 3882879239,
  "luaPath": "Actor/Quest/MQ1021",
  "suggestTrackMainQuestList": [1022],
  "rewardIdList": [101021],
  "chapterId": 1103,
  "subQuests": [
    {
      "subId": 102109,
      "mainId": 1021,
      "order": 1,
      "subIdSet": 1,
      "isMpBlock": true,
      "descTextMapHash": 773118558,
      "acceptCond": [
        {
          "type": "QUEST_COND_STATE_EQUAL",
          "param": [102006, 3],
          "param_str": ""
        }
      ],
      "finishCond": [
        {
          "type": "QUEST_CONTENT_CLEAR_GROUP_MONSTER",
          "param": [133107923, 0],
          "param_str": ""
        }
      ],
      "failCond": [
        {
          "param": [],
          "param_str": ""
        }
      ],
      "guide": {
        "type": "QUEST_GUIDE_LOCATION",
        "param": ["Q102105Guild", "20"],
        "guideScene": 3,
        "guideStyle": "QUEST_GUIDE_STYLE_TARGET",
        "guideLayer": "QUEST_GUIDE_LAYER_SCENE"
      },
      "isRewind": true,
      "finishExec": [
        {
          "type": "QUEST_EXEC_REFRESH_GROUP_SUITE",
          "param": ["3", "133107923,1"],
          "param_str": ""
        }
      ],
      "failExec": [
        {
          "param": [],
          "param_str": ""
        }
      ],
      "beginExec": [
        {
          "type": "QUEST_EXEC_REFRESH_GROUP_SUITE",
          "param": ["3", "133107923,2"],
          "param_str": ""
        }
      ]
    },
    {
      "subId": 102110,
      "mainId": 1021,
      "order": 2,
      "subIdSet": 1,
      "isMpBlock": true,
      "descTextMapHash": 962414430,
      "acceptCond": [
        {
          "type": "QUEST_COND_STATE_EQUAL",
          "param": [102006, 3],
          "param_str": ""
        }
      ],
      "finishCond": [
        {
          "type": "QUEST_CONTENT_INTERACT_GADGET",
          "param": [70710141, 0],
          "param_str": ""
        }
      ],
      "failCond": [
        {
          "param": [],
          "param_str": ""
        }
      ],
      "guide": {
        "type": "QUEST_GUIDE_LOCATION",
        "param": ["Q102110flower"],
        "guideScene": 3,
        "guideStyle": "QUEST_GUIDE_STYLE_TARGET",
        "guideLayer": "QUEST_GUIDE_LAYER_SCENE"
      },
      "isRewind": true,
      "finishExec": [
        {
          "param": [],
          "param_str": ""
        }
      ],
      "failExec": [
        {
          "param": [],
          "param_str": ""
        }
      ],
      "beginExec": [
        {
          "param": [],
          "param_str": ""
        }
      ]
    },
    {
      "subId": 102101,
      "mainId": 1021,
      "order": 3,
      "subIdSet": 1,
      "isMpBlock": true,
      "descTextMapHash": 3606455590,
      "acceptCond": [
        {
          "type": "QUEST_COND_STATE_EQUAL",
          "param": [102006, 3],
          "param_str": ""
        }
      ],
      "finishCond": [
        {
          "type": "QUEST_CONTENT_COMPLETE_TALK",
          "param": [102102, 0],
          "param_str": ""
        }
      ],
      "failCond": [
        {
          "param": [],
          "param_str": ""
        }
      ],
      "guide": {},
      "isRewind": true,
      "finishExec": [
        {
          "param": [],
          "param_str": ""
        }
      ],
      "failExec": [
        {
          "param": [],
          "param_str": ""
        }
      ],
      "beginExec": [
        {
          "type": "QUEST_EXEC_REFRESH_GROUP_SUITE",
          "param": ["3", "133107922,3"],
          "param_str": ""
        },
        {
          "type": "QUEST_EXEC_REFRESH_GROUP_SUITE",
          "param": ["3", "133106128,2"],
          "param_str": ""
        },
        {
          "type": "QUEST_EXEC_REFRESH_GROUP_SUITE",
          "param": ["3", "133106125,2"],
          "param_str": ""
        }
      ]
    },
    {
      "subId": 102102,
      "mainId": 1021,
      "order": 4,
      "isMpBlock": true,
      "descTextMapHash": 2406994974,
      "acceptCond": [
        {
          "type": "QUEST_COND_STATE_EQUAL",
          "param": [102101, 3],
          "param_str": ""
        }
      ],
      "finishCond": [
        {
          "type": "QUEST_CONTENT_CLEAR_GROUP_MONSTER",
          "param": [133107922, 0],
          "param_str": ""
        }
      ],
      "failCond": [
        {
          "param": [],
          "param_str": ""
        }
      ],
      "guide": {
        "type": "QUEST_GUIDE_LOCATION",
        "param": ["Q102101Guild", "30"],
        "guideScene": 3,
        "guideStyle": "QUEST_GUIDE_STYLE_TARGET",
        "guideLayer": "QUEST_GUIDE_LAYER_SCENE"
      },
      "isRewind": true,
      "finishExec": [
        {
          "param": [],
          "param_str": ""
        }
      ],
      "failExec": [
        {
          "param": [],
          "param_str": ""
        }
      ],
      "beginExec": [
        {
          "type": "QUEST_EXEC_REFRESH_GROUP_SUITE",
          "param": ["3", "133107922,2"],
          "param_str": ""
        }
      ],
      "exclusiveNpcList": [10287]
    },
    {
      "subId": 102107,
      "mainId": 1021,
      "order": 5,
      "isMpBlock": true,
      "descTextMapHash": 1921208902,
      "banType": "BAN_GROUP_TRANSPORT_ONLY",
      "acceptCond": [
        {
          "type": "QUEST_COND_STATE_EQUAL",
          "param": [102102, 3],
          "param_str": ""
        }
      ],
      "finishCond": [
        {
          "type": "QUEST_CONTENT_LUA_NOTIFY",
          "param": [0, 0],
          "param_str": "10210201",
          "count": 1
        }
      ],
      "failCond": [
        {
          "param": [],
          "param_str": ""
        }
      ],
      "guide": {
        "type": "QUEST_GUIDE_LOCATION",
        "param": ["Q102101Guild", "30"],
        "guideScene": 3,
        "guideStyle": "QUEST_GUIDE_STYLE_TARGET",
        "guideLayer": "QUEST_GUIDE_LAYER_SCENE"
      },
      "isRewind": true,
      "finishExec": [
        {
          "param": [],
          "param_str": ""
        }
      ],
      "failExec": [
        {
          "param": [],
          "param_str": ""
        }
      ],
      "beginExec": [
        {
          "param": [],
          "param_str": ""
        }
      ],
      "exclusiveNpcList": [10287]
    },
    {
      "subId": 102108,
      "mainId": 1021,
      "order": 6,
      "isMpBlock": true,
      "descTextMapHash": 3450934118,
      "acceptCond": [
        {
          "type": "QUEST_COND_STATE_EQUAL",
          "param": [102107, 3],
          "param_str": ""
        }
      ],
      "finishCond": [
        {
          "type": "QUEST_CONTENT_COMPLETE_TALK",
          "param": [102108, 0],
          "param_str": ""
        }
      ],
      "failCond": [
        {
          "param": [],
          "param_str": ""
        }
      ],
      "guide": {
        "type": "QUEST_GUIDE_LOCATION",
        "param": ["Q102101Guild", "30"],
        "guideScene": 3,
        "guideStyle": "QUEST_GUIDE_STYLE_TARGET",
        "guideLayer": "QUEST_GUIDE_LAYER_SCENE"
      },
      "isRewind": true,
      "finishExec": [
        {
          "param": [],
          "param_str": ""
        }
      ],
      "failExec": [
        {
          "param": [],
          "param_str": ""
        }
      ],
      "beginExec": [
        {
          "param": [],
          "param_str": ""
        }
      ],
      "exclusiveNpcList": [10287]
    },
    {
      "subId": 102111,
      "mainId": 1021,
      "order": 7,
      "descTextMapHash": 3319919358,
      "acceptCondComb": "LOGIC_AND",
      "acceptCond": [
        {
          "type": "QUEST_COND_STATE_EQUAL",
          "param": [102109, 3],
          "param_str": ""
        },
        {
          "type": "QUEST_COND_STATE_EQUAL",
          "param": [102110, 3],
          "param_str": ""
        },
        {
          "type": "QUEST_COND_STATE_EQUAL",
          "param": [102108, 3],
          "param_str": ""
        }
      ],
      "finishCond": [
        {
          "type": "QUEST_CONTENT_COMPLETE_TALK",
          "param": [102111, 0],
          "param_str": ""
        }
      ],
      "failCond": [
        {
          "param": [],
          "param_str": ""
        }
      ],
      "guide": {
        "type": "QUEST_GUIDE_NPC",
        "param": ["2020"],
        "guideScene": 3,
        "guideStyle": "QUEST_GUIDE_STYLE_TARGET",
        "guideLayer": "QUEST_GUIDE_LAYER_SCENE"
      },
      "isRewind": true,
      "finishExec": [
        {
          "type": "QUEST_EXEC_REFRESH_GROUP_SUITE",
          "param": ["3", "133107922,1"],
          "param_str": ""
        },
        {
          "type": "QUEST_EXEC_DEL_PACK_ITEM_BATCH",
          "param": ["100604:1,100547:1,100548:1", "0"],
          "param_str": ""
        }
      ],
      "failExec": [
        {
          "param": [],
          "param_str": ""
        }
      ],
      "beginExec": [
        {
          "param": [],
          "param_str": ""
        }
      ],
      "exclusiveNpcList": [2020, 2057, 2096]
    },
    {
      "subId": 102103,
      "mainId": 1021,
      "order": 8,
      "descTextMapHash": 3312136942,
      "acceptCond": [
        {
          "type": "QUEST_COND_STATE_EQUAL",
          "param": [102111, 3],
          "param_str": ""
        }
      ],
      "finishCond": [
        {
          "type": "QUEST_CONTENT_COMPLETE_TALK",
          "param": [102103, 0],
          "param_str": ""
        }
      ],
      "failCond": [
        {
          "param": [],
          "param_str": ""
        }
      ],
      "guide": {
        "type": "QUEST_GUIDE_NPC",
        "param": ["2456"],
        "guideScene": 3,
        "guideStyle": "QUEST_GUIDE_STYLE_TARGET",
        "guideLayer": "QUEST_GUIDE_LAYER_SCENE"
      },
      "isRewind": true,
      "finishExec": [
        {
          "param": [],
          "param_str": ""
        }
      ],
      "failExec": [
        {
          "param": [],
          "param_str": ""
        }
      ],
      "beginExec": [
        {
          "type": "QUEST_EXEC_REFRESH_GROUP_SUITE",
          "param": ["3", "133106128,1"],
          "param_str": ""
        },
        {
          "type": "QUEST_EXEC_REFRESH_GROUP_SUITE",
          "param": ["3", "133106125,1"],
          "param_str": ""
        }
      ],
      "exclusiveNpcList": [2456]
    },
    {
      "subId": 102104,
      "mainId": 1021,
      "order": 9,
      "isMpBlock": true,
      "descTextMapHash": 2445645902,
      "showType": "QUEST_HIDDEN",
      "acceptCond": [
        {
          "type": "QUEST_COND_STATE_EQUAL",
          "param": [102103, 3],
          "param_str": ""
        }
      ],
      "finishCond": [
        {
          "type": "QUEST_CONTENT_COMPLETE_TALK",
          "param": [102104, 0],
          "param_str": ""
        }
      ],
      "failCond": [
        {
          "param": [],
          "param_str": ""
        }
      ],
      "guide": {
        "type": "QUEST_GUIDE_NPC",
        "param": ["10211"],
        "guideScene": 3,
        "guideStyle": "QUEST_GUIDE_STYLE_TARGET",
        "guideLayer": "QUEST_GUIDE_LAYER_SCENE"
      },
      "isRewind": true,
      "finishExec": [
        {
          "type": "QUEST_EXEC_DEL_PACK_ITEM",
          "param": ["100605", "1"],
          "param_str": ""
        }
      ],
      "failExec": [
        {
          "param": [],
          "param_str": ""
        }
      ],
      "beginExec": [
        {
          "param": [],
          "param_str": ""
        }
      ],
      "exclusiveNpcList": [10211]
    },
    {
      "subId": 102113,
      "mainId": 1021,
      "order": 10,
      "descTextMapHash": 163703686,
      "acceptCond": [
        {
          "type": "QUEST_COND_STATE_EQUAL",
          "param": [102104, 3],
          "param_str": ""
        }
      ],
      "finishCond": [
        {
          "type": "QUEST_CONTENT_COMPLETE_TALK",
          "param": [102113, 0],
          "param_str": ""
        }
      ],
      "failCond": [
        {
          "param": [],
          "param_str": ""
        }
      ],
      "guide": {
        "type": "QUEST_GUIDE_NPC",
        "param": ["10211"],
        "guideScene": 3,
        "guideStyle": "QUEST_GUIDE_STYLE_TARGET",
        "guideLayer": "QUEST_GUIDE_LAYER_SCENE"
      },
      "isRewind": true,
      "finishExec": [
        {
          "param": [],
          "param_str": ""
        }
      ],
      "failExec": [
        {
          "param": [],
          "param_str": ""
        }
      ],
      "beginExec": [
        {
          "param": [],
          "param_str": ""
        }
      ],
      "exclusiveNpcList": [10211, 2142, 2143, 2140]
    },
    {
      "subId": 102105,
      "mainId": 1021,
      "order": 11,
      "descTextMapHash": 3031272166,
      "acceptCond": [
        {
          "type": "QUEST_COND_STATE_EQUAL",
          "param": [102113, 3],
          "param_str": ""
        }
      ],
      "finishCond": [
        {
          "type": "QUEST_CONTENT_ENTER_ROOM",
          "param": [1057, 0],
          "param_str": ""
        }
      ],
      "failCond": [
        {
          "param": [],
          "param_str": ""
        }
      ],
      "guide": {
        "type": "QUEST_GUIDE_LOCATION",
        "param": ["Q102105Guild"],
        "guideScene": 1057,
        "guideStyle": "QUEST_GUIDE_STYLE_TARGET",
        "guideLayer": "QUEST_GUIDE_LAYER_SCENE"
      },
      "isRewind": true,
      "finishExec": [
        {
          "param": [],
          "param_str": ""
        }
      ],
      "failExec": [
        {
          "param": [],
          "param_str": ""
        }
      ],
      "beginExec": [
        {
          "type": "QUEST_EXEC_REFRESH_GROUP_SUITE",
          "param": ["1057", "201057001,2"],
          "param_str": ""
        }
      ],
      "exclusiveNpcList": [10211, 2142, 2143, 2140]
    },
    {
      "subId": 102106,
      "mainId": 1021,
      "order": 12,
      "descTextMapHash": 2532168910,
      "acceptCond": [
        {
          "type": "QUEST_COND_STATE_EQUAL",
          "param": [102105, 3],
          "param_str": ""
        }
      ],
      "finishCond": [
        {
          "type": "QUEST_CONTENT_COMPLETE_TALK",
          "param": [102106, 0],
          "param_str": ""
        }
      ],
      "failCond": [
        {
          "param": [],
          "param_str": ""
        }
      ],
      "guide": {
        "type": "QUEST_GUIDE_NPC",
        "param": ["10211"],
        "guideScene": 1057,
        "guideStyle": "QUEST_GUIDE_STYLE_TARGET",
        "guideLayer": "QUEST_GUIDE_LAYER_SCENE"
      },
      "isRewind": true,
      "finishExec": [
        {
          "param": [],
          "param_str": ""
        }
      ],
      "failExec": [
        {
          "param": [],
          "param_str": ""
        }
      ],
      "beginExec": [
        {
          "param": [],
          "param_str": ""
        }
      ],
      "exclusiveNpcList": [10211, 2142, 2143, 2140]
    },
    {
      "subId": 102112,
      "mainId": 1021,
      "order": 13,
      "descTextMapHash": 2918590886,
      "acceptCond": [
        {
          "type": "QUEST_COND_STATE_EQUAL",
          "param": [102106, 3],
          "param_str": ""
        }
      ],
      "finishCond": [
        {
          "type": "QUEST_CONTENT_COMPLETE_TALK",
          "param": [102112, 0],
          "param_str": ""
        }
      ],
      "failCond": [
        {
          "param": [],
          "param_str": ""
        }
      ],
      "guide": {
        "type": "QUEST_GUIDE_NPC",
        "param": ["10301"],
        "guideScene": 1057,
        "guideStyle": "QUEST_GUIDE_STYLE_TARGET",
        "guideLayer": "QUEST_GUIDE_LAYER_SCENE"
      },
      "finishParent": true,
      "isRewind": true,
      "finishExec": [
        {
          "type": "QUEST_EXEC_REFRESH_GROUP_SUITE",
          "param": ["1057", "201057001,1"],
          "param_str": ""
        },
        {
          "type": "QUEST_EXEC_REFRESH_GROUP_SUITE",
          "param": ["1057", "201057902,1"],
          "param_str": ""
        }
      ],
      "failExec": [
        {
          "param": [],
          "param_str": ""
        }
      ],
      "beginExec": [
        {
          "type": "QUEST_EXEC_REFRESH_GROUP_SUITE",
          "param": ["1057", "201057902,2"],
          "param_str": ""
        }
      ],
      "exclusiveNpcList": [10211, 2142, 2143, 2140]
    }
  ],
  "talks": [
    {
      "id": 102102,
      "beginWay": "TALK_BEGIN_MANUAL",
      "activeMode": "PLAY_MODE_SINGLE",
      "beginCond": [
        {
          "type": "QUEST_COND_STATE_EQUAL",
          "param": ["102101", "2"],
          "param_str": ""
        }
      ],
      "priority": 5,
      "initDialog": 10210201,
      "npcId": [1005],
      "performCfg": "QuestDialogue/AQ/Liyue3_1021/Q102102",
      "questId": 1021,
      "prePerformCfg": ""
    },
    {
      "id": 102108,
      "beginWay": "TALK_BEGIN_MANUAL",
      "activeMode": "PLAY_MODE_SINGLE",
      "beginCond": [
        {
          "type": "QUEST_COND_STATE_EQUAL",
          "param": ["102108", "2"],
          "param_str": ""
        }
      ],
      "priority": 5,
      "initDialog": 10210801,
      "npcId": [10287],
      "performCfg": "QuestDialogue/AQ/Liyue3_1021/Q102108",
      "questId": 1021,
      "prePerformCfg": ""
    },
    {
      "id": 102111,
      "beginWay": "TALK_BEGIN_MANUAL",
      "activeMode": "PLAY_MODE_SINGLE",
      "beginCond": [
        {
          "type": "QUEST_COND_STATE_EQUAL",
          "param": ["102111", "2"],
          "param_str": ""
        }
      ],
      "priority": 5,
      "initDialog": 10211101,
      "npcId": [2020],
      "performCfg": "QuestDialogue/AQ/Liyue3_1021/Q102111",
      "questId": 1021,
      "prePerformCfg": ""
    },
    {
      "id": 102103,
      "beginWay": "TALK_BEGIN_MANUAL",
      "activeMode": "PLAY_MODE_SINGLE",
      "beginCond": [
        {
          "type": "QUEST_COND_STATE_EQUAL",
          "param": ["102103", "2"],
          "param_str": ""
        }
      ],
      "priority": 5,
      "initDialog": 10210301,
      "npcId": [2456],
      "performCfg": "QuestDialogue/AQ/Liyue3_1021/Q102103",
      "questId": 1021,
      "prePerformCfg": ""
    },
    {
      "id": 102104,
      "beginWay": "TALK_BEGIN_AUTO",
      "activeMode": "PLAY_MODE_SINGLE",
      "beginCond": [
        {
          "type": "QUEST_COND_STATE_EQUAL",
          "param": ["102104", "2"],
          "param_str": ""
        }
      ],
      "priority": 5,
      "initDialog": 10210401,
      "npcId": [10211],
      "performCfg": "QuestDialogue/AQ/Liyue3_1021/Q102104",
      "questId": 1021,
      "prePerformCfg": ""
    },
    {
      "id": 102113,
      "beginWay": "TALK_BEGIN_MANUAL",
      "activeMode": "PLAY_MODE_SINGLE",
      "beginCond": [
        {
          "type": "QUEST_COND_STATE_EQUAL",
          "param": ["102113", "2"],
          "param_str": ""
        }
      ],
      "priority": 5,
      "initDialog": 10211301,
      "npcId": [10211],
      "performCfg": "QuestDialogue/AQ/Liyue3_1021/Q102113",
      "questId": 1021,
      "prePerformCfg": ""
    },
    {
      "id": 102106,
      "beginWay": "TALK_BEGIN_MANUAL",
      "activeMode": "PLAY_MODE_SINGLE",
      "beginCond": [
        {
          "type": "QUEST_COND_STATE_EQUAL",
          "param": ["102106", "2"],
          "param_str": ""
        }
      ],
      "priority": 5,
      "initDialog": 10210601,
      "npcId": [10211],
      "performCfg": "QuestDialogue/AQ/Liyue3_1021/Q102106",
      "questId": 1021,
      "prePerformCfg": ""
    },
    {
      "id": 102112,
      "beginWay": "TALK_BEGIN_MANUAL",
      "activeMode": "PLAY_MODE_SINGLE",
      "beginCond": [
        {
          "type": "QUEST_COND_STATE_EQUAL",
          "param": ["102112", "2"],
          "param_str": ""
        }
      ],
      "priority": 5,
      "initDialog": 10211201,
      "npcId": [10301],
      "performCfg": "QuestDialogue/AQ/Liyue3_1021/Q102112",
      "questId": 1021,
      "prePerformCfg": ""
    },
    {
      "id": 102130,
      "beginWay": "TALK_BEGIN_MANUAL",
      "activeMode": "PLAY_MODE_SINGLE",
      "beginCond": [
        {
          "type": "QUEST_COND_STATE_EQUAL",
          "param": ["102111", "3"],
          "param_str": ""
        }
      ],
      "priority": 5,
      "initDialog": 10213001,
      "npcId": [2020],
      "performCfg": "",
      "questId": 1021,
      "prePerformCfg": ""
    },
    {
      "id": 102131,
      "beginWay": "TALK_BEGIN_MANUAL",
      "activeMode": "PLAY_MODE_SINGLE",
      "beginCond": [
        {
          "type": "QUEST_COND_STATE_EQUAL",
          "param": ["102112", "2"],
          "param_str": ""
        }
      ],
      "priority": 5,
      "initDialog": 10213101,
      "npcId": [10211],
      "performCfg": "",
      "heroTalk": "TALK_HERO_MAIN",
      "questId": 1021,
      "prePerformCfg": ""
    }
  ]
}
