{
  "id": 1023,
  "series": 1101,
  "titleTextMapHash": 186534449,
  "descTextMapHash": 1116484007,
  "luaPath": "Actor/Quest/MQ1023",
  "suggestTrackMainQuestList": [1024],
  "rewardIdList": [101023],
  "chapterId": 1103,
  "subQuests": [
    {
      "subId": 102301,
      "mainId": 1023,
      "order": 1,
      "descTextMapHash": 3151610934,
      "acceptCond": [
        {
          "type": "QUEST_COND_STATE_EQUAL",
          "param": [102208, 3],
          "param_str": ""
        }
      ],
      "finishCond": [
        {
          "type": "QUEST_CONTENT_ENTER_DUNGEON",
          "param": [101, 183],
          "param_str": ""
        }
      ],
      "failCond": [
        {
          "param": [],
          "param_str": ""
        }
      ],
      "guide": {
        "type": "QUEST_GUIDE_LOCATION",
        "param": ["Q102301Guild"],
        "guideScene": 3,
        "guideStyle": "QUEST_GUIDE_STYLE_TARGET",
        "guideLayer": "QUEST_GUIDE_LAYER_SCENE"
      },
      "isRewind": true,
      "finishExec": [
        {
          "type": "QUEST_EXEC_REFRESH_GROUP_SUITE",
          "param": ["3", "133107929,1"],
          "param_str": ""
        }
      ],
      "failExec": [
        {
          "param": [],
          "param_str": ""
        }
      ],
      "beginExec": [
        {
          "type": "QUEST_EXEC_UNLOCK_POINT",
          "param": ["3", "183"],
          "param_str": ""
        }
      ],
      "exclusiveNpcList": [10200, 2458, 2459, 2094, 2460, 2461]
    },
    {
      "subId": 102303,
      "mainId": 1023,
      "order": 2,
      "isMpBlock": true,
      "descTextMapHash": 3596423782,
      "showType": "QUEST_HIDDEN",
      "acceptCond": [
        {
          "type": "QUEST_COND_STATE_EQUAL",
          "param": [102301, 3],
          "param_str": ""
        }
      ],
      "finishCond": [
        {
          "type": "QUEST_CONTENT_COMPLETE_TALK",
          "param": [102303, 0],
          "param_str": ""
        }
      ],
      "failCondComb": "LOGIC_OR",
      "failCond": [
        {
          "type": "QUEST_CONTENT_FAIL_DUNGEON",
          "param": [101, 0],
          "param_str": ""
        }
      ],
      "guide": {},
      "isRewind": true,
      "finishExec": [
        {
          "param": [],
          "param_str": ""
        }
      ],
      "failExec": [
        {
          "type": "QUEST_EXEC_ROLLBACK_QUEST",
          "param": ["102301", "0"],
          "param_str": ""
        }
      ],
      "beginExec": [
        {
          "param": [],
          "param_str": ""
        }
      ],
      "exclusiveNpcList": [10200, 2458, 2459, 2094, 2460, 2461]
    },
    {
      "subId": 102302,
      "mainId": 1023,
      "order": 3,
      "isMpBlock": true,
      "descTextMapHash": 4028223406,
      "acceptCond": [
        {
          "type": "QUEST_COND_STATE_EQUAL",
          "param": [102303, 3],
          "param_str": ""
        }
      ],
      "finishCond": [
        {
          "type": "QUEST_CONTENT_COMPLETE_TALK",
          "param": [102302, 0],
          "param_str": ""
        }
      ],
      "failCondComb": "LOGIC_OR",
      "failCond": [
        {
          "type": "QUEST_CONTENT_FAIL_DUNGEON",
          "param": [101, 0],
          "param_str": ""
        }
      ],
      "guide": {
        "type": "QUEST_GUIDE_NPC",
        "param": ["10261"],
        "guideScene": 20101,
        "guideStyle": "QUEST_GUIDE_STYLE_POINT",
        "guideLayer": "QUEST_GUIDE_LAYER_SCENE"
      },
      "isRewind": true,
      "finishExec": [
        {
          "type": "QUEST_EXEC_NOTIFY_GROUP_LUA",
          "param": ["20101", "220101001"],
          "param_str": ""
        }
      ],
      "failExec": [
        {
          "type": "QUEST_EXEC_ROLLBACK_QUEST",
          "param": ["102301", "0"],
          "param_str": ""
        }
      ],
      "beginExec": [
        {
          "param": [],
          "param_str": ""
        }
      ],
      "exclusiveNpcList": [10200, 2458, 2459, 2094, 2460, 2461]
    },
    {
      "subId": 102304,
      "mainId": 1023,
      "order": 4,
      "isMpBlock": true,
      "descTextMapHash": 1499678406,
      "acceptCond": [
        {
          "type": "QUEST_COND_STATE_EQUAL",
          "param": [102302, 3],
          "param_str": ""
        }
      ],
      "finishCond": [
        {
          "type": "QUEST_CONTENT_LUA_NOTIFY",
          "param": [0, 0],
          "param_str": "10230401",
          "count": 1
        }
      ],
      "failCondComb": "LOGIC_OR",
      "failCond": [
        {
          "type": "QUEST_CONTENT_FAIL_DUNGEON",
          "param": [101, 0],
          "param_str": ""
        }
      ],
      "guide": {},
      "isRewind": true,
      "finishExec": [
        {
          "param": [],
          "param_str": ""
        }
      ],
      "failExec": [
        {
          "type": "QUEST_EXEC_ROLLBACK_QUEST",
          "param": ["102301", "0"],
          "param_str": ""
        }
      ],
      "beginExec": [
        {
          "param": [],
          "param_str": ""
        }
      ],
      "exclusiveNpcList": [10200, 2458, 2459, 2094, 2460, 2461]
    },
    {
      "subId": 102305,
      "mainId": 1023,
      "order": 5,
      "isMpBlock": true,
      "descTextMapHash": 220486950,
      "showType": "QUEST_HIDDEN",
      "acceptCond": [
        {
          "type": "QUEST_COND_STATE_EQUAL",
          "param": [102304, 3],
          "param_str": ""
        }
      ],
      "finishCond": [
        {
          "type": "QUEST_CONTENT_COMPLETE_TALK",
          "param": [102305, 0],
          "param_str": ""
        }
      ],
      "failCondComb": "LOGIC_OR",
      "failCond": [
        {
          "type": "QUEST_CONTENT_FAIL_DUNGEON",
          "param": [101, 0],
          "param_str": ""
        }
      ],
      "guide": {},
      "finishParent": true,
      "isRewind": true,
      "finishExec": [
        {
          "type": "QUEST_EXEC_SET_QUEST_GLOBAL_VAR",
          "param": ["10009", "1"],
          "param_str": ""
        },
        {
          "type": "QUEST_EXEC_LOCK_POINT",
          "param": ["3", "183"],
          "param_str": ""
        }
      ],
      "failExec": [
        {
          "type": "QUEST_EXEC_ROLLBACK_QUEST",
          "param": ["102301", "0"],
          "param_str": ""
        }
      ],
      "beginExec": [
        {
          "param": [],
          "param_str": ""
        }
      ],
      "exclusiveNpcList": [10200, 2458, 2459, 2094, 2460, 2461]
    },
    {
      "subId": 102306,
      "mainId": 1023,
      "order": 6,
      "isMpBlock": true,
      "descTextMapHash": 2165747262,
      "showType": "QUEST_HIDDEN",
      "acceptCond": [
        {
          "type": "QUEST_COND_STATE_EQUAL",
          "param": [99902, 3],
          "param_str": ""
        }
      ],
      "finishCond": [
        {
          "type": "QUEST_CONTENT_FINISH_PLOT",
          "param": [0, 0],
          "param_str": ""
        }
      ],
      "failCond": [
        {
          "param": [],
          "param_str": ""
        }
      ],
      "guide": {},
      "isRewind": true,
      "finishExec": [
        {
          "param": [],
          "param_str": ""
        }
      ],
      "failExec": [
        {
          "param": [],
          "param_str": ""
        }
      ],
      "beginExec": [
        {
          "param": [],
          "param_str": ""
        }
      ],
      "exclusiveNpcList": [10200, 2458, 2459, 2094, 2460, 2461]
    },
    {
      "subId": 102307,
      "mainId": 1023,
      "order": 7,
      "isMpBlock": true,
      "descTextMapHash": 3299852950,
      "acceptCond": [
        {
          "type": "QUEST_COND_STATE_EQUAL",
          "param": [99902, 3],
          "param_str": ""
        }
      ],
      "finishCond": [
        {
          "type": "QUEST_CONTENT_FINISH_PLOT",
          "param": [0, 0],
          "param_str": ""
        }
      ],
      "failCond": [
        {
          "param": [],
          "param_str": ""
        }
      ],
      "guide": {},
      "isRewind": true,
      "finishExec": [
        {
          "param": [],
          "param_str": ""
        }
      ],
      "failExec": [
        {
          "param": [],
          "param_str": ""
        }
      ],
      "beginExec": [
        {
          "param": [],
          "param_str": ""
        }
      ]
    }
  ],
  "talks": [
    {
      "id": 102303,
      "beginWay": "TALK_BEGIN_AUTO",
      "activeMode": "PLAY_MODE_SINGLE",
      "beginCond": [
        {
          "type": "QUEST_COND_STATE_EQUAL",
          "param": ["102303", "2"],
          "param_str": ""
        }
      ],
      "priority": 5,
      "initDialog": 10230301,
      "npcId": [1005],
      "performCfg": "QuestDialogue/AQ/Liyue3_1023/Q102303",
      "questId": 1023,
      "prePerformCfg": ""
    },
    {
      "id": 102302,
      "beginWay": "TALK_BEGIN_AUTO",
      "activeMode": "PLAY_MODE_SINGLE",
      "beginCond": [
        {
          "type": "QUEST_COND_STATE_EQUAL",
          "param": ["102302", "2"],
          "param_str": ""
        }
      ],
      "priority": 5,
      "initDialog": 10230201,
      "npcId": [10261],
      "performCfg": "QuestDialogue/AQ/Liyue3_1023/Q102302",
      "questId": 1023,
      "prePerformCfg": ""
    },
    {
      "id": 102305,
      "beginWay": "TALK_BEGIN_AUTO",
      "activeMode": "PLAY_MODE_SINGLE",
      "beginCond": [
        {
          "type": "QUEST_COND_STATE_EQUAL",
          "param": ["102305", "2"],
          "param_str": ""
        }
      ],
      "priority": 5,
      "initDialog": 10230501,
      "npcId": [10200],
      "performCfg": "QuestDialogue/AQ/Liyue3_1023/Q102305",
      "questId": 1023,
      "prePerformCfg": ""
    }
  ]
}
