{
  "id": 1028,
  "series": 1207,
  "titleTextMapHash": 497481909,
  "descTextMapHash": 3440538462,
  "luaPath": "Actor/Quest/AQ1028",
  "suggestTrackMainQuestList": [1029],
  "rewardIdList": [101028],
  "chapterId": 1207,
  "subQuests": [
    {
      "subId": 102801,
      "mainId": 1028,
      "order": 1,
      "descTextMapHash": 2475799548,
      "acceptCond": [
        {
          "type": "QUEST_COND_STATE_EQUAL",
          "param": [101905, 3],
          "param_str": ""
        }
      ],
      "finishCond": [
        {
          "type": "QUEST_CONTENT_ENTER_DUNGEON",
          "param": [1131, 1],
          "param_str": ""
        }
      ],
      "failCond": [
        {
          "param": [],
          "param_str": ""
        }
      ],
      "guide": {
        "type": "QUEST_GUIDE_LOCATION",
        "param": ["Q102801_guide"],
        "guideScene": 20130,
        "guideStyle": "QUEST_GUIDE_STYLE_TARGET",
        "guideLayer": "QUEST_GUIDE_LAYER_SCENE"
      },
      "showGuide": "QUEST_GUIDE_ITEM_DISABLE",
      "isRewind": true,
      "finishExec": [
        {
          "type": "QUEST_EXEC_REFRESH_GROUP_SUITE",
          "param": ["20130", "220130006,2"],
          "param_str": ""
        }
      ],
      "failExec": [
        {
          "param": [],
          "param_str": ""
        }
      ],
      "beginExec": [
        {
          "type": "QUEST_EXEC_UNLOCK_POINT",
          "param": ["20130", "1"],
          "param_str": ""
        },
        {
          "type": "QUEST_EXEC_REFRESH_GROUP_SUITE",
          "param": ["20130", "220130006,1"],
          "param_str": ""
        }
      ]
    },
    {
      "subId": 102802,
      "mainId": 1028,
      "order": 7,
      "subIdSet": 102801,
      "descTextMapHash": 1591030452,
      "acceptCond": [
        {
          "type": "QUEST_COND_STATE_EQUAL",
          "param": [102804, 3],
          "param_str": ""
        }
      ],
      "finishCond": [
        {
          "type": "QUEST_CONTENT_COMPLETE_TALK",
          "param": [102807, 0],
          "param_str": ""
        }
      ],
      "failCond": [
        {
          "param": [],
          "param_str": ""
        }
      ],
      "guide": {
        "type": "QUEST_GUIDE_NPC",
        "param": ["1048"],
        "guideScene": 20130,
        "guideStyle": "QUEST_GUIDE_STYLE_TARGET",
        "guideLayer": "QUEST_GUIDE_LAYER_SCENE"
      },
      "finishExec": [
        {
          "param": [],
          "param_str": ""
        }
      ],
      "failExec": [
        {
          "param": [],
          "param_str": ""
        }
      ],
      "beginExec": [
        {
          "param": [],
          "param_str": ""
        }
      ],
      "exclusiveNpcList": [1030, 1048, 1049, 1044, 12544],
      "exclusiveNpcPriority": 1000
    },
    {
      "subId": 102803,
      "mainId": 1028,
      "order": 3,
      "descTextMapHash": 3634810508,
      "acceptCond": [
        {
          "type": "QUEST_COND_STATE_EQUAL",
          "param": [102808, 3],
          "param_str": ""
        }
      ],
      "finishCond": [
        {
          "type": "QUEST_CONTENT_LEAVE_SCENE",
          "param": [20127, 0],
          "param_str": ""
        }
      ],
      "failCond": [
        {
          "param": [],
          "param_str": ""
        }
      ],
      "guide": {},
      "showGuide": "QUEST_GUIDE_ITEM_DISABLE",
      "isRewind": true,
      "finishExec": [
        {
          "type": "QUEST_EXEC_LOCK_POINT",
          "param": ["20130", "1"],
          "param_str": ""
        }
      ],
      "failExec": [
        {
          "param": [],
          "param_str": ""
        }
      ],
      "beginExec": [
        {
          "param": [],
          "param_str": ""
        }
      ]
    },
    {
      "subId": 102804,
      "mainId": 1028,
      "order": 4,
      "descTextMapHash": 2628846756,
      "acceptCond": [
        {
          "type": "QUEST_COND_STATE_EQUAL",
          "param": [102803, 3],
          "param_str": ""
        }
      ],
      "finishCond": [
        {
          "type": "QUEST_CONTENT_COMPLETE_TALK",
          "param": [102804, 0],
          "param_str": ""
        }
      ],
      "failCond": [
        {
          "param": [],
          "param_str": ""
        }
      ],
      "guide": {
        "type": "QUEST_GUIDE_NPC",
        "param": ["1030"],
        "guideScene": 20130,
        "guideStyle": "QUEST_GUIDE_STYLE_TARGET",
        "guideLayer": "QUEST_GUIDE_LAYER_SCENE"
      },
      "isRewind": true,
      "finishExec": [
        {
          "type": "QUEST_EXEC_REFRESH_GROUP_SUITE",
          "param": ["20130", "220130041,2"],
          "param_str": ""
        }
      ],
      "failExec": [
        {
          "param": [],
          "param_str": ""
        }
      ],
      "beginExec": [
        {
          "type": "QUEST_EXEC_REFRESH_GROUP_SUITE",
          "param": ["20130", "220130005,2"],
          "param_str": ""
        },
        {
          "type": "QUEST_EXEC_REFRESH_GROUP_SUITE",
          "param": ["20130", "220130009,2"],
          "param_str": ""
        },
        {
          "type": "QUEST_EXEC_REFRESH_GROUP_SUITE",
          "param": ["20130", "220130041,1"],
          "param_str": ""
        }
      ],
      "exclusiveNpcList": [1030],
      "exclusiveNpcPriority": 1000
    },
    {
      "subId": 102805,
      "mainId": 1028,
      "order": 6,
      "subIdSet": 102801,
      "descTextMapHash": 717726932,
      "acceptCond": [
        {
          "type": "QUEST_COND_STATE_EQUAL",
          "param": [102804, 3],
          "param_str": ""
        }
      ],
      "finishCond": [
        {
          "type": "QUEST_CONTENT_COMPLETE_TALK",
          "param": [102806, 0],
          "param_str": ""
        }
      ],
      "failCond": [
        {
          "param": [],
          "param_str": ""
        }
      ],
      "guide": {
        "type": "QUEST_GUIDE_NPC",
        "param": ["1030"],
        "guideScene": 20130,
        "guideStyle": "QUEST_GUIDE_STYLE_TARGET",
        "guideLayer": "QUEST_GUIDE_LAYER_SCENE"
      },
      "isRewind": true,
      "finishExec": [
        {
          "param": [],
          "param_str": ""
        }
      ],
      "failExec": [
        {
          "param": [],
          "param_str": ""
        }
      ],
      "beginExec": [
        {
          "param": [],
          "param_str": ""
        }
      ],
      "exclusiveNpcList": [1030, 1048, 1049, 1044, 12544],
      "exclusiveNpcPriority": 1000
    },
    {
      "subId": 102806,
      "mainId": 1028,
      "order": 8,
      "subIdSet": 102801,
      "descTextMapHash": 1007045420,
      "acceptCond": [
        {
          "type": "QUEST_COND_STATE_EQUAL",
          "param": [102804, 3],
          "param_str": ""
        }
      ],
      "finishCond": [
        {
          "type": "QUEST_CONTENT_COMPLETE_TALK",
          "param": [102808, 0],
          "param_str": ""
        }
      ],
      "failCond": [
        {
          "param": [],
          "param_str": ""
        }
      ],
      "guide": {
        "type": "QUEST_GUIDE_NPC",
        "param": ["1044"],
        "guideScene": 20130,
        "guideStyle": "QUEST_GUIDE_STYLE_TARGET",
        "guideLayer": "QUEST_GUIDE_LAYER_SCENE"
      },
      "finishExec": [
        {
          "param": [],
          "param_str": ""
        }
      ],
      "failExec": [
        {
          "param": [],
          "param_str": ""
        }
      ],
      "beginExec": [
        {
          "param": [],
          "param_str": ""
        }
      ],
      "exclusiveNpcList": [1030, 1048, 1049, 1044, 12544],
      "exclusiveNpcPriority": 1000
    },
    {
      "subId": 102807,
      "mainId": 1028,
      "order": 9,
      "descTextMapHash": 3371022764,
      "showType": "QUEST_HIDDEN",
      "acceptCond": [
        {
          "type": "QUEST_COND_STATE_EQUAL",
          "param": [102804, 3],
          "param_str": ""
        }
      ],
      "finishCondComb": "LOGIC_AND",
      "finishCond": [
        {
          "type": "QUEST_CONTENT_COMPLETE_TALK",
          "param": [102808, 0],
          "param_str": ""
        },
        {
          "type": "QUEST_CONTENT_COMPLETE_TALK",
          "param": [102806, 0],
          "param_str": ""
        },
        {
          "type": "QUEST_CONTENT_COMPLETE_TALK",
          "param": [102807, 0],
          "param_str": ""
        }
      ],
      "failCond": [
        {
          "param": [],
          "param_str": ""
        }
      ],
      "guide": {},
      "showGuide": "QUEST_GUIDE_ITEM_DISABLE",
      "finishParent": true,
      "finishExec": [
        {
          "param": [],
          "param_str": ""
        }
      ],
      "failExec": [
        {
          "param": [],
          "param_str": ""
        }
      ],
      "beginExec": [
        {
          "param": [],
          "param_str": ""
        }
      ],
      "exclusiveNpcPriority": 1000
    },
    {
      "subId": 102808,
      "mainId": 1028,
      "order": 2,
      "descTextMapHash": 2704484764,
      "acceptCond": [
        {
          "type": "QUEST_COND_STATE_EQUAL",
          "param": [102801, 3],
          "param_str": ""
        }
      ],
      "finishCond": [
        {
          "type": "QUEST_CONTENT_LUA_NOTIFY",
          "param": [0, 0],
          "param_str": "102808",
          "count": 1
        }
      ],
      "failCond": [
        {
          "type": "QUEST_CONTENT_LEAVE_SCENE",
          "param": [20127, 0],
          "param_str": ""
        }
      ],
      "guide": {},
      "isRewind": true,
      "finishExec": [
        {
          "param": [],
          "param_str": ""
        }
      ],
      "failExec": [
        {
          "type": "QUEST_EXEC_ROLLBACK_QUEST",
          "param": ["102801", "0"],
          "param_str": ""
        }
      ],
      "beginExec": [
        {
          "param": [],
          "param_str": ""
        }
      ]
    },
    {
      "subId": 102809,
      "mainId": 1028,
      "order": 5,
      "descTextMapHash": 2189082540,
      "showType": "QUEST_HIDDEN",
      "acceptCond": [
        {
          "type": "QUEST_COND_STATE_EQUAL",
          "param": [102803, 3],
          "param_str": ""
        }
      ],
      "finishCond": [
        {
          "type": "QUEST_CONTENT_FINISH_PLOT",
          "param": [102809, 0],
          "param_str": ""
        }
      ],
      "failCond": [
        {
          "param": [],
          "param_str": ""
        }
      ],
      "guide": {},
      "finishExec": [
        {
          "type": "QUEST_EXEC_REFRESH_GROUP_SUITE",
          "param": ["20130", "220130041,2"],
          "param_str": ""
        }
      ],
      "failExec": [
        {
          "param": [],
          "param_str": ""
        }
      ],
      "beginExec": [
        {
          "param": [],
          "param_str": ""
        }
      ]
    }
  ],
  "talks": [
    {
      "id": 102804,
      "beginWay": "TALK_BEGIN_MANUAL",
      "activeMode": "PLAY_MODE_SINGLE",
      "beginCond": [
        {
          "type": "QUEST_COND_STATE_EQUAL",
          "param": ["102804", "2"],
          "param_str": ""
        }
      ],
      "priority": 5,
      "initDialog": 10280401,
      "npcId": [1030],
      "performCfg": "QuestDialogue/AQ/Liyue5_1028/Q102804",
      "heroTalk": "TALK_HERO_MAIN",
      "questId": 1028,
      "prePerformCfg": ""
    },
    {
      "id": 102806,
      "beginWay": "TALK_BEGIN_MANUAL",
      "activeMode": "PLAY_MODE_SINGLE",
      "beginCond": [
        {
          "type": "QUEST_COND_STATE_EQUAL",
          "param": ["102807", "2"],
          "param_str": ""
        }
      ],
      "priority": 5,
      "initDialog": 10280601,
      "npcId": [1030],
      "performCfg": "QuestDialogue/AQ/Liyue5_1028/Q102806",
      "heroTalk": "TALK_HERO_MAIN",
      "questId": 1028,
      "prePerformCfg": "",
      "stayFreeStyle": true
    },
    {
      "id": 102807,
      "beginWay": "TALK_BEGIN_MANUAL",
      "activeMode": "PLAY_MODE_SINGLE",
      "beginCond": [
        {
          "type": "QUEST_COND_STATE_EQUAL",
          "param": ["102807", "2"],
          "param_str": ""
        }
      ],
      "priority": 5,
      "initDialog": 10280701,
      "npcId": [1048],
      "performCfg": "QuestDialogue/AQ/Liyue5_1028/Q102807",
      "heroTalk": "TALK_HERO_MAIN",
      "questId": 1028,
      "prePerformCfg": "",
      "stayFreeStyle": true
    },
    {
      "id": 102808,
      "beginWay": "TALK_BEGIN_MANUAL",
      "activeMode": "PLAY_MODE_SINGLE",
      "beginCond": [
        {
          "type": "QUEST_COND_STATE_EQUAL",
          "param": ["102807", "2"],
          "param_str": ""
        }
      ],
      "priority": 5,
      "initDialog": 10280801,
      "npcId": [1044],
      "performCfg": "QuestDialogue/AQ/Liyue5_1028/Q102808",
      "heroTalk": "TALK_HERO_MAIN",
      "questId": 1028,
      "prePerformCfg": "",
      "stayFreeStyle": true
    }
  ]
}
