{
  "id": 1031,
  "series": 1207,
  "titleTextMapHash": 1491105359,
  "descTextMapHash": 2279272270,
  "luaPath": "Actor/Quest/AQ1031",
  "rewardIdList": [101031],
  "chapterId": 1207,
  "subQuests": [
    {
      "subId": 103101,
      "mainId": 1031,
      "order": 1,
      "descTextMapHash": 4109162108,
      "acceptCond": [
        {
          "type": "QUEST_COND_STATE_EQUAL",
          "param": [103027, 3],
          "param_str": ""
        }
      ],
      "finishCond": [
        {
          "type": "QUEST_CONTENT_COMPLETE_TALK",
          "param": [103101, 0],
          "param_str": ""
        }
      ],
      "failCond": [
        {
          "param": [],
          "param_str": ""
        }
      ],
      "guide": {
        "type": "QUEST_GUIDE_NPC",
        "param": ["1048"],
        "guideScene": 20130,
        "guideStyle": "QUEST_GUIDE_STYLE_TARGET",
        "guideLayer": "QUEST_GUIDE_LAYER_SCENE"
      },
      "isRewind": true,
      "finishExec": [
        {
          "param": [],
          "param_str": ""
        }
      ],
      "failExec": [
        {
          "param": [],
          "param_str": ""
        }
      ],
      "beginExec": [
        {
          "param": [],
          "param_str": ""
        }
      ],
      "exclusiveNpcList": [1048],
      "exclusiveNpcPriority": 1000
    },
    {
      "subId": 103102,
      "mainId": 1031,
      "order": 2,
      "descTextMapHash": 1971786004,
      "acceptCond": [
        {
          "type": "QUEST_COND_STATE_EQUAL",
          "param": [103101, 3],
          "param_str": ""
        }
      ],
      "finishCond": [
        {
          "type": "QUEST_CONTENT_COMPLETE_TALK",
          "param": [103102, 0],
          "param_str": ""
        }
      ],
      "failCond": [
        {
          "param": [],
          "param_str": ""
        }
      ],
      "guide": {
        "type": "QUEST_GUIDE_NPC",
        "param": ["1049"],
        "guideScene": 20130,
        "guideStyle": "QUEST_GUIDE_STYLE_TARGET",
        "guideLayer": "QUEST_GUIDE_LAYER_SCENE"
      },
      "isRewind": true,
      "finishExec": [
        {
          "type": "QUEST_EXEC_REFRESH_GROUP_SUITE",
          "param": ["20130", "220130010,1"],
          "param_str": ""
        }
      ],
      "failExec": [
        {
          "param": [],
          "param_str": ""
        }
      ],
      "beginExec": [
        {
          "type": "QUEST_EXEC_REFRESH_GROUP_SUITE",
          "param": ["20130", "220130041,1"],
          "param_str": ""
        },
        {
          "type": "QUEST_EXEC_REFRESH_GROUP_SUITE",
          "param": ["20130", "220130010,2"],
          "param_str": ""
        }
      ],
      "exclusiveNpcList": [1049, 1044],
      "exclusiveNpcPriority": 1000
    },
    {
      "subId": 103103,
      "mainId": 1031,
      "order": 4,
      "descTextMapHash": 841092860,
      "showType": "QUEST_HIDDEN",
      "acceptCond": [
        {
          "type": "QUEST_COND_STATE_EQUAL",
          "param": [103102, 3],
          "param_str": ""
        }
      ],
      "finishCond": [
        {
          "type": "QUEST_CONTENT_FINISH_PLOT",
          "param": [103103, 0],
          "param_str": ""
        }
      ],
      "failCond": [
        {
          "param": [],
          "param_str": ""
        }
      ],
      "guide": {},
      "showGuide": "QUEST_GUIDE_ITEM_DISABLE",
      "finishExec": [
        {
          "type": "QUEST_EXEC_DEL_SCENE_TAG",
          "param": ["6", "151"],
          "param_str": ""
        },
        {
          "type": "QUEST_EXEC_ADD_SCENE_TAG",
          "param": ["6", "146"],
          "param_str": ""
        },
        {
          "type": "QUEST_EXEC_LOCK_POINT",
          "param": ["6", "19"],
          "param_str": ""
        },
        {
          "type": "QUEST_EXEC_SET_GAME_TIME",
          "param": ["14", "0"],
          "param_str": ""
        },
        {
          "type": "QUEST_EXEC_LOCK_POINT",
          "param": ["6", "20"],
          "param_str": ""
        }
      ],
      "failExec": [
        {
          "param": [],
          "param_str": ""
        }
      ],
      "beginExec": [
        {
          "param": [],
          "param_str": ""
        }
      ]
    },
    {
      "subId": 103104,
      "mainId": 1031,
      "order": 5,
      "descTextMapHash": 1088778732,
      "acceptCond": [
        {
          "type": "QUEST_COND_STATE_EQUAL",
          "param": [103103, 3],
          "param_str": ""
        }
      ],
      "finishCond": [
        {
          "type": "QUEST_CONTENT_COMPLETE_TALK",
          "param": [103104, 0],
          "param_str": ""
        }
      ],
      "failCond": [
        {
          "param": [],
          "param_str": ""
        }
      ],
      "guide": {
        "type": "QUEST_GUIDE_NPC",
        "param": ["10204"],
        "guideScene": 3,
        "guideStyle": "QUEST_GUIDE_STYLE_TARGET",
        "guideLayer": "QUEST_GUIDE_LAYER_SCENE"
      },
      "isRewind": true,
      "finishExec": [
        {
          "param": [],
          "param_str": ""
        }
      ],
      "failExec": [
        {
          "param": [],
          "param_str": ""
        }
      ],
      "beginExec": [
        {
          "type": "QUEST_EXEC_DEL_PACK_ITEM",
          "param": ["101862", "1"],
          "param_str": ""
        },
        {
          "type": "QUEST_EXEC_DEL_PACK_ITEM",
          "param": ["101863", "1"],
          "param_str": ""
        },
        {
          "type": "QUEST_EXEC_DEL_PACK_ITEM",
          "param": ["101864", "1"],
          "param_str": ""
        },
        {
          "type": "QUEST_EXEC_DEL_PACK_ITEM",
          "param": ["101865", "1"],
          "param_str": ""
        }
      ],
      "exclusiveNpcList": [10204, 1030, 1048, 1049, 1044, 12544],
      "exclusiveNpcPriority": 1000
    },
    {
      "subId": 103105,
      "mainId": 1031,
      "order": 7,
      "descTextMapHash": 1803275228,
      "acceptCond": [
        {
          "type": "QUEST_COND_STATE_EQUAL",
          "param": [103104, 3],
          "param_str": ""
        }
      ],
      "finishCond": [
        {
          "type": "QUEST_CONTENT_FINISH_PLOT",
          "param": [103105, 0],
          "param_str": ""
        }
      ],
      "failCond": [
        {
          "param": [],
          "param_str": ""
        }
      ],
      "guide": {
        "type": "QUEST_GUIDE_LOCATION",
        "param": ["Q103106_N10204"],
        "guideScene": 3,
        "guideStyle": "QUEST_GUIDE_STYLE_POINT",
        "guideLayer": "QUEST_GUIDE_LAYER_SCENE"
      },
      "isRewind": true,
      "finishExec": [
        {
          "param": [],
          "param_str": ""
        }
      ],
      "failExec": [
        {
          "param": [],
          "param_str": ""
        }
      ],
      "beginExec": [
        {
          "param": [],
          "param_str": ""
        }
      ],
      "exclusiveNpcList": [10204],
      "exclusiveNpcPriority": 1000
    },
    {
      "subId": 103106,
      "mainId": 1031,
      "order": 8,
      "descTextMapHash": 4006987604,
      "acceptCond": [
        {
          "type": "QUEST_COND_STATE_EQUAL",
          "param": [103105, 3],
          "param_str": ""
        }
      ],
      "finishCond": [
        {
          "type": "QUEST_CONTENT_COMPLETE_TALK",
          "param": [103106, 0],
          "param_str": ""
        }
      ],
      "failCond": [
        {
          "param": [],
          "param_str": ""
        }
      ],
      "guide": {
        "type": "QUEST_GUIDE_NPC",
        "param": ["10204"],
        "guideScene": 3,
        "guideStyle": "QUEST_GUIDE_STYLE_TARGET",
        "guideLayer": "QUEST_GUIDE_LAYER_SCENE"
      },
      "finishParent": true,
      "finishExec": [
        {
          "type": "QUEST_EXEC_SET_QUEST_GLOBAL_VAR",
          "param": ["103106", "1"],
          "param_str": ""
        }
      ],
      "failExec": [
        {
          "param": [],
          "param_str": ""
        }
      ],
      "beginExec": [
        {
          "param": [],
          "param_str": ""
        }
      ],
      "exclusiveNpcList": [10204],
      "exclusiveNpcPriority": 1000
    },
    {
      "subId": 103107,
      "mainId": 1031,
      "order": 3,
      "descTextMapHash": 3938038588,
      "showType": "QUEST_HIDDEN",
      "acceptCond": [
        {
          "type": "QUEST_COND_STATE_EQUAL",
          "param": [103101, 3],
          "param_str": ""
        }
      ],
      "finishCond": [
        {
          "type": "QUEST_CONTENT_FINISH_PLOT",
          "param": [103107, 0],
          "param_str": ""
        }
      ],
      "failCond": [
        {
          "param": [],
          "param_str": ""
        }
      ],
      "guide": {},
      "showGuide": "QUEST_GUIDE_ITEM_DISABLE",
      "finishExec": [
        {
          "type": "QUEST_EXEC_NOTIFY_GROUP_LUA",
          "param": ["20130", "220130010"],
          "param_str": ""
        }
      ],
      "failExec": [
        {
          "param": [],
          "param_str": ""
        }
      ],
      "beginExec": [
        {
          "param": [],
          "param_str": ""
        }
      ],
      "exclusiveNpcPriority": 1000
    },
    {
      "subId": 103108,
      "mainId": 1031,
      "order": 9,
      "descTextMapHash": 3568812516,
      "showType": "QUEST_HIDDEN",
      "acceptCond": [
        {
          "type": "QUEST_COND_STATE_EQUAL",
          "param": [103105, 3],
          "param_str": ""
        }
      ],
      "finishCond": [
        {
          "type": "QUEST_CONTENT_FINISH_PLOT",
          "param": [103108, 0],
          "param_str": ""
        }
      ],
      "failCond": [
        {
          "param": [],
          "param_str": ""
        }
      ],
      "guide": {},
      "showGuide": "QUEST_GUIDE_ITEM_DISABLE",
      "finishExec": [
        {
          "type": "QUEST_EXEC_SET_GAME_TIME",
          "param": ["18", "0"],
          "param_str": ""
        }
      ],
      "failExec": [
        {
          "param": [],
          "param_str": ""
        }
      ],
      "beginExec": [
        {
          "param": [],
          "param_str": ""
        }
      ],
      "exclusiveNpcPriority": 1000
    },
    {
      "subId": 103109,
      "mainId": 1031,
      "order": 6,
      "descTextMapHash": 3002174636,
      "showType": "QUEST_HIDDEN",
      "acceptCond": [
        {
          "type": "QUEST_COND_STATE_EQUAL",
          "param": [103103, 3],
          "param_str": ""
        }
      ],
      "finishCond": [
        {
          "type": "QUEST_CONTENT_FINISH_PLOT",
          "param": [103109, 0],
          "param_str": ""
        }
      ],
      "failCond": [
        {
          "param": [],
          "param_str": ""
        }
      ],
      "guide": {},
      "showGuide": "QUEST_GUIDE_ITEM_DISABLE",
      "finishExec": [
        {
          "type": "QUEST_EXEC_SET_GAME_TIME",
          "param": ["14", "0"],
          "param_str": ""
        }
      ],
      "failExec": [
        {
          "param": [],
          "param_str": ""
        }
      ],
      "beginExec": [
        {
          "param": [],
          "param_str": ""
        }
      ],
      "exclusiveNpcPriority": 1000
    }
  ],
  "talks": [
    {
      "id": 103101,
      "beginWay": "TALK_BEGIN_MANUAL",
      "activeMode": "PLAY_MODE_SINGLE",
      "beginCond": [
        {
          "type": "QUEST_COND_STATE_EQUAL",
          "param": ["103101", "2"],
          "param_str": ""
        }
      ],
      "priority": 5,
      "initDialog": 10310101,
      "npcId": [1048],
      "performCfg": "QuestDialogue/AQ/Liyue5_1031/Q103101",
      "heroTalk": "TALK_HERO_MAIN",
      "questId": 1031,
      "prePerformCfg": ""
    },
    {
      "id": 103102,
      "beginWay": "TALK_BEGIN_MANUAL",
      "activeMode": "PLAY_MODE_SINGLE",
      "beginCond": [
        {
          "type": "QUEST_COND_STATE_EQUAL",
          "param": ["103102", "2"],
          "param_str": ""
        }
      ],
      "priority": 5,
      "initDialog": 10310201,
      "npcId": [1049],
      "performCfg": "QuestDialogue/AQ/Liyue5_1031/Q103102",
      "heroTalk": "TALK_HERO_MAIN",
      "questId": 1031,
      "prePerformCfg": ""
    },
    {
      "id": 103104,
      "beginWay": "TALK_BEGIN_MANUAL",
      "activeMode": "PLAY_MODE_SINGLE",
      "beginCond": [
        {
          "type": "QUEST_COND_STATE_EQUAL",
          "param": ["103104", "2"],
          "param_str": ""
        }
      ],
      "priority": 5,
      "initDialog": 10310401,
      "npcId": [10204],
      "performCfg": "QuestDialogue/AQ/Liyue5_1031/Q103104",
      "heroTalk": "TALK_HERO_MAIN",
      "questId": 1031,
      "prePerformCfg": "",
      "lockGameTime": true
    },
    {
      "id": 103106,
      "beginWay": "TALK_BEGIN_MANUAL",
      "activeMode": "PLAY_MODE_SINGLE",
      "beginCond": [
        {
          "type": "QUEST_COND_STATE_EQUAL",
          "param": ["103106", "2"],
          "param_str": ""
        }
      ],
      "priority": 5,
      "initDialog": 10310601,
      "npcId": [10204],
      "performCfg": "QuestDialogue/AQ/Liyue5_1031/Q103106",
      "heroTalk": "TALK_HERO_MAIN",
      "questId": 1031,
      "prePerformCfg": "",
      "lockGameTime": true
    }
  ],
  "videoKey": 3303136414174011
}
