{
  "id": 1032,
  "series": 1207,
  "titleTextMapHash": 1011175175,
  "descTextMapHash": 3355592046,
  "luaPath": "Actor/Quest/AQ1032",
  "showType": "QUEST_HIDDEN",
  "subQuests": [
    {
      "subId": 103201,
      "mainId": 1032,
      "order": 1,
      "descTextMapHash": 3838312988,
      "showType": "QUEST_HIDDEN",
      "acceptCondComb": "LOGIC_AND",
      "acceptCond": [
        {
          "type": "QUEST_COND_STATE_EQUAL",
          "param": [102923, 3],
          "param_str": ""
        },
        {
          "type": "QUEST_COND_ACTIVITY_COND",
          "param": [2013016, 1],
          "param_str": ""
        }
      ],
      "finishCond": [
        {
          "type": "QUEST_CONTENT_QUEST_STATE_EQUAL",
          "param": [103001, 2],
          "param_str": ""
        }
      ],
      "failCond": [
        {
          "param": [],
          "param_str": ""
        }
      ],
      "guide": {},
      "finishParent": true,
      "isRewind": true,
      "finishExec": [
        {
          "param": [],
          "param_str": ""
        }
      ],
      "failExec": [
        {
          "param": [],
          "param_str": ""
        }
      ],
      "beginExec": [
        {
          "param": [],
          "param_str": ""
        }
      ]
    }
  ],
  "talks": [
    {
      "id": 103201,
      "beginWay": "TALK_BEGIN_MANUAL",
      "activeMode": "PLAY_MODE_SINGLE",
      "beginCond": [
        {
          "type": "QUEST_COND_STATE_EQUAL",
          "param": ["103201", "2"],
          "param_str": ""
        }
      ],
      "priority": 5,
      "initDialog": 10320101,
      "npcId": [1030],
      "performCfg": "QuestDialogue/AQ/Liyue5_1029/Q102932",
      "heroTalk": "TALK_HERO_MAIN",
      "questId": 1032,
      "prePerformCfg": ""
    },
    {
      "id": 103202,
      "beginWay": "TALK_BEGIN_MANUAL",
      "activeMode": "PLAY_MODE_SINGLE",
      "beginCond": [
        {
          "type": "QUEST_COND_STATE_EQUAL",
          "param": ["103201", "2"],
          "param_str": ""
        }
      ],
      "priority": 5,
      "initDialog": 10320201,
      "npcId": [1044],
      "performCfg": "QuestDialogue/AQ/Liyue5_1029/Q102933",
      "heroTalk": "TALK_HERO_MAIN",
      "questId": 1032,
      "prePerformCfg": ""
    },
    {
      "id": 103203,
      "beginWay": "TALK_BEGIN_MANUAL",
      "activeMode": "PLAY_MODE_SINGLE",
      "beginCond": [
        {
          "type": "QUEST_COND_STATE_EQUAL",
          "param": ["103201", "2"],
          "param_str": ""
        }
      ],
      "priority": 5,
      "initDialog": 10320301,
      "npcId": [1049],
      "performCfg": "QuestDialogue/AQ/Liyue5_1029/Q102934",
      "heroTalk": "TALK_HERO_MAIN",
      "questId": 1032,
      "prePerformCfg": ""
    },
    {
      "id": 103204,
      "beginWay": "TALK_BEGIN_MANUAL",
      "activeMode": "PLAY_MODE_SINGLE",
      "beginCond": [
        {
          "type": "QUEST_COND_STATE_EQUAL",
          "param": ["103201", "2"],
          "param_str": ""
        }
      ],
      "priority": 5,
      "initDialog": 10320401,
      "npcId": [10204],
      "performCfg": "QuestDialogue/AQ/Liyue5_1029/Q102935",
      "heroTalk": "TALK_HERO_MAIN",
      "questId": 1032,
      "prePerformCfg": ""
    }
  ]
}
