{
  "id": 1033,
  "series": 1207,
  "titleTextMapHash": 2327823943,
  "descTextMapHash": 2103001398,
  "luaPath": "Actor/Quest/AQ1033",
  "showType": "QUEST_HIDDEN",
  "subQuests": [
    {
      "subId": 103301,
      "mainId": 1033,
      "order": 1,
      "descTextMapHash": 797214828,
      "showType": "QUEST_HIDDEN",
      "acceptCond": [
        {
          "type": "QUEST_COND_STATE_EQUAL",
          "param": [103106, 3],
          "param_str": ""
        }
      ],
      "finishCondComb": "LOGIC_OR",
      "finishCond": [
        {
          "type": "QUEST_CONTENT_LEAVE_SCENE_RANGE",
          "param": [3, 80],
          "param_str": "Q103106_N10204"
        },
        {
          "type": "QUEST_CONTENT_QUEST_STATE_EQUAL",
          "param": [7103503, 2],
          "param_str": ""
        },
        {
          "type": "QUEST_CONTENT_QUEST_STATE_EQUAL",
          "param": [7103504, 2],
          "param_str": ""
        }
      ],
      "failCond": [
        {
          "param": [],
          "param_str": ""
        }
      ],
      "guide": {},
      "finishParent": true,
      "isRewind": true,
      "finishExec": [
        {
          "param": [],
          "param_str": ""
        }
      ],
      "failExec": [
        {
          "param": [],
          "param_str": ""
        }
      ],
      "beginExec": [
        {
          "param": [],
          "param_str": ""
        }
      ]
    }
  ],
  "talks": [
    {
      "id": 103301,
      "beginWay": "TALK_BEGIN_MANUAL",
      "activeMode": "PLAY_MODE_SINGLE",
      "beginCond": [
        {
          "type": "QUEST_COND_STATE_EQUAL",
          "param": ["103301", "2"],
          "param_str": ""
        }
      ],
      "priority": 5,
      "initDialog": 10330101,
      "npcId": [10204],
      "performCfg": "",
      "heroTalk": "TALK_HERO_MAIN",
      "questId": 1033,
      "prePerformCfg": "",
      "questIdleTalk": true
    }
  ]
}
