{
  "id": 10501,
  "type": "LQ",
  "series": 2010,
  "titleTextMapHash": 3777116255,
  "descTextMapHash": 2207492670,
  "luaPath": "Actor/Quest/LQ10501",
  "suggestTrackMainQuestList": [10502],
  "rewardIdList": [110501],
  "chapterId": 2010,
  "subQuests": [
    {
      "subId": 1050101,
      "mainId": 10501,
      "order": 1,
      "descTextMapHash": 855134244,
      "acceptCond": [
        {
          "type": "QUEST_COND_STATE_EQUAL",
          "param": [1050006, 3],
          "param_str": ""
        }
      ],
      "finishCond": [
        {
          "type": "QUEST_CONTENT_LUA_NOTIFY",
          "param": [0, 0],
          "param_str": "133104579",
          "count": 1
        }
      ],
      "failCond": [
        {
          "param": [],
          "param_str": ""
        }
      ],
      "guide": {
        "type": "QUEST_GUIDE_LOCATION",
        "param": ["Q10501Wangshu"],
        "guideScene": 3,
        "guideStyle": "QUEST_GUIDE_STYLE_POINT",
        "guideLayer": "QUEST_GUIDE_LAYER_SCENE"
      },
      "isRewind": true,
      "finishExec": [
        {
          "type": "QUEST_EXEC_REFRESH_GROUP_SUITE",
          "param": ["3", "133104579,1"],
          "param_str": ""
        }
      ],
      "failExec": [
        {
          "param": [],
          "param_str": ""
        }
      ],
      "beginExec": [
        {
          "type": "QUEST_EXEC_REFRESH_GROUP_SUITE",
          "param": ["3", "133104579,2"],
          "param_str": ""
        }
      ],
      "exclusiveNpcList": [10095, 2430],
      "exclusiveNpcPriority": 1100
    },
    {
      "subId": 1050102,
      "mainId": 10501,
      "order": 3,
      "descTextMapHash": 1108457820,
      "acceptCond": [
        {
          "type": "QUEST_COND_STATE_EQUAL",
          "param": [1050113, 3],
          "param_str": ""
        }
      ],
      "finishCond": [
        {
          "type": "QUEST_CONTENT_COMPLETE_TALK",
          "param": [1050112, 0],
          "param_str": ""
        }
      ],
      "failCond": [
        {
          "param": [],
          "param_str": ""
        }
      ],
      "guide": {
        "type": "QUEST_GUIDE_NPC",
        "param": ["10095"],
        "guideScene": 3,
        "guideStyle": "QUEST_GUIDE_STYLE_TARGET",
        "guideLayer": "QUEST_GUIDE_LAYER_SCENE"
      },
      "finishExec": [
        {
          "param": [],
          "param_str": ""
        }
      ],
      "failExec": [
        {
          "param": [],
          "param_str": ""
        }
      ],
      "beginExec": [
        {
          "param": [],
          "param_str": ""
        }
      ],
      "exclusiveNpcList": [10095],
      "exclusiveNpcPriority": 1100
    },
    {
      "subId": 1050103,
      "mainId": 10501,
      "order": 5,
      "descTextMapHash": 1853807972,
      "acceptCond": [
        {
          "type": "QUEST_COND_STATE_EQUAL",
          "param": [1050102, 3],
          "param_str": ""
        }
      ],
      "finishCond": [
        {
          "type": "QUEST_CONTENT_COMPLETE_TALK",
          "param": [1050102, 0],
          "param_str": ""
        }
      ],
      "failCond": [
        {
          "param": [],
          "param_str": ""
        }
      ],
      "guide": {
        "type": "QUEST_GUIDE_NPC",
        "param": ["2202"],
        "guideScene": 3,
        "guideStyle": "QUEST_GUIDE_STYLE_TARGET",
        "guideLayer": "QUEST_GUIDE_LAYER_SCENE"
      },
      "isRewind": true,
      "finishExec": [
        {
          "param": [],
          "param_str": ""
        }
      ],
      "failExec": [
        {
          "param": [],
          "param_str": ""
        }
      ],
      "beginExec": [
        {
          "param": [],
          "param_str": ""
        }
      ],
      "exclusiveNpcList": [10095, 2202],
      "exclusiveNpcPriority": 1100
    },
    {
      "subId": 1050104,
      "mainId": 10501,
      "order": 6,
      "isMpBlock": true,
      "descTextMapHash": 1363523636,
      "acceptCond": [
        {
          "type": "QUEST_COND_STATE_EQUAL",
          "param": [1050103, 3],
          "param_str": ""
        }
      ],
      "finishCondComb": "LOGIC_OR",
      "finishCond": [
        {
          "type": "QUEST_CONTENT_OBTAIN_ITEM",
          "param": [108103, 0],
          "param_str": "",
          "count": 1
        },
        {
          "type": "QUEST_CONTENT_OBTAIN_ITEM",
          "param": [108102, 0],
          "param_str": "",
          "count": 1
        }
      ],
      "failCond": [
        {
          "param": [],
          "param_str": ""
        }
      ],
      "guide": {
        "type": "QUEST_GUIDE_LOCATION",
        "param": ["Q10501Cooktop"],
        "guideScene": 3,
        "guideStyle": "QUEST_GUIDE_STYLE_POINT",
        "guideLayer": "QUEST_GUIDE_LAYER_SCENE"
      },
      "isRewind": true,
      "finishExec": [
        {
          "param": [],
          "param_str": ""
        }
      ],
      "failExec": [
        {
          "param": [],
          "param_str": ""
        }
      ],
      "beginExec": [
        {
          "param": [],
          "param_str": ""
        }
      ],
      "exclusiveNpcList": [10095],
      "exclusiveNpcPriority": 1100
    },
    {
      "subId": 1050105,
      "mainId": 10501,
      "order": 10,
      "isMpBlock": true,
      "descTextMapHash": 4186721852,
      "acceptCond": [
        {
          "type": "QUEST_COND_STATE_EQUAL",
          "param": [1050104, 3],
          "param_str": ""
        }
      ],
      "finishCondComb": "LOGIC_OR",
      "finishCond": [
        {
          "type": "QUEST_CONTENT_COMPLETE_TALK",
          "param": [1050116, 0],
          "param_str": ""
        },
        {
          "type": "QUEST_CONTENT_COMPLETE_TALK",
          "param": [1050115, 0],
          "param_str": ""
        }
      ],
      "failCond": [
        {
          "param": [],
          "param_str": ""
        }
      ],
      "guide": {
        "type": "QUEST_GUIDE_NPC",
        "param": ["10095"],
        "guideScene": 3,
        "guideStyle": "QUEST_GUIDE_STYLE_TARGET",
        "guideLayer": "QUEST_GUIDE_LAYER_SCENE"
      },
      "finishExec": [
        {
          "type": "QUEST_EXEC_REFRESH_GROUP_SUITE",
          "param": ["3", "133104914,1"],
          "param_str": ""
        }
      ],
      "failExec": [
        {
          "param": [],
          "param_str": ""
        }
      ],
      "beginExec": [
        {
          "type": "QUEST_EXEC_ACTIVE_ITEM_GIVING",
          "param": ["1050105", "0"],
          "param_str": ""
        }
      ],
      "exclusiveNpcList": [10095],
      "exclusiveNpcPriority": 1100
    },
    {
      "subId": 1050106,
      "mainId": 10501,
      "order": 11,
      "descTextMapHash": 2273555964,
      "acceptCond": [
        {
          "type": "QUEST_COND_STATE_EQUAL",
          "param": [1050105, 3],
          "param_str": ""
        }
      ],
      "finishCond": [
        {
          "type": "QUEST_CONTENT_LUA_NOTIFY",
          "param": [0, 0],
          "param_str": "133102709",
          "count": 1
        }
      ],
      "failCond": [
        {
          "param": [],
          "param_str": ""
        }
      ],
      "guide": {
        "type": "QUEST_GUIDE_LOCATION",
        "param": ["Q10501Shimen"],
        "guideScene": 3,
        "guideStyle": "QUEST_GUIDE_STYLE_POINT",
        "guideLayer": "QUEST_GUIDE_LAYER_SCENE"
      },
      "isRewind": true,
      "finishExec": [
        {
          "type": "QUEST_EXEC_REFRESH_GROUP_SUITE",
          "param": ["3", "133102709,1"],
          "param_str": ""
        }
      ],
      "failExec": [
        {
          "param": [],
          "param_str": ""
        }
      ],
      "beginExec": [
        {
          "type": "QUEST_EXEC_REFRESH_GROUP_SUITE",
          "param": ["3", "133102709,2"],
          "param_str": ""
        },
        {
          "type": "QUEST_EXEC_REFRESH_GROUP_SUITE",
          "param": ["3", "133102708,1"],
          "param_str": ""
        }
      ],
      "exclusiveNpcList": [10095],
      "exclusiveNpcPriority": 1100
    },
    {
      "subId": 1050107,
      "mainId": 10501,
      "order": 12,
      "descTextMapHash": 3876545644,
      "acceptCond": [
        {
          "type": "QUEST_COND_STATE_EQUAL",
          "param": [1050106, 3],
          "param_str": ""
        }
      ],
      "finishCond": [
        {
          "type": "QUEST_CONTENT_COMPLETE_TALK",
          "param": [1050104, 0],
          "param_str": ""
        }
      ],
      "failCond": [
        {
          "param": [],
          "param_str": ""
        }
      ],
      "guide": {
        "type": "QUEST_GUIDE_NPC",
        "param": ["10095"],
        "guideScene": 3,
        "guideStyle": "QUEST_GUIDE_STYLE_TARGET",
        "guideLayer": "QUEST_GUIDE_LAYER_SCENE"
      },
      "finishExec": [
        {
          "type": "QUEST_EXEC_GRANT_TRIAL_AVATAR",
          "param": ["19", "0"],
          "param_str": ""
        }
      ],
      "failExec": [
        {
          "param": [],
          "param_str": ""
        }
      ],
      "beginExec": [
        {
          "type": "QUEST_EXEC_REFRESH_GROUP_SUITE",
          "param": ["3", "133102268,2"],
          "param_str": ""
        }
      ],
      "exclusiveNpcList": [10095, 10096, 10097, 10098, 10113],
      "exclusiveNpcPriority": 1100
    },
    {
      "subId": 1050108,
      "mainId": 10501,
      "order": 13,
      "isMpBlock": true,
      "descTextMapHash": 1981356828,
      "acceptCond": [
        {
          "type": "QUEST_COND_STATE_EQUAL",
          "param": [1050107, 3],
          "param_str": ""
        }
      ],
      "finishCond": [
        {
          "type": "QUEST_CONTENT_LUA_NOTIFY",
          "param": [0, 0],
          "param_str": "133102708",
          "count": 1
        }
      ],
      "failCond": [
        {
          "type": "QUEST_CONTENT_NOT_FINISH_PLOT",
          "param": [1050108, 0],
          "param_str": ""
        },
        {
          "type": "QUEST_CONTENT_LEAVE_SCENE_RANGE",
          "param": [3, 45],
          "param_str": "Q10501MonaFight"
        },
        {
          "type": "QUEST_CONTENT_ANY_MANUAL_TRANSPORT",
          "param": [0, 0],
          "param_str": ""
        }
      ],
      "guide": {
        "type": "QUEST_GUIDE_LOCATION",
        "param": ["Q10501ThoarderSpawn", "5"],
        "guideScene": 3,
        "guideStyle": "QUEST_GUIDE_STYLE_TARGET",
        "guideLayer": "QUEST_GUIDE_LAYER_SCENE"
      },
      "finishExec": [
        {
          "type": "QUEST_EXEC_REFRESH_GROUP_SUITE",
          "param": ["3", "133102708,1"],
          "param_str": ""
        },
        {
          "type": "QUEST_EXEC_REMOVE_TRIAL_AVATAR",
          "param": ["19", "0"],
          "param_str": ""
        }
      ],
      "failExec": [
        {
          "type": "QUEST_EXEC_ROLLBACK_QUEST",
          "param": ["1050106", "0"],
          "param_str": ""
        },
        {
          "type": "QUEST_EXEC_REMOVE_TRIAL_AVATAR",
          "param": ["19", "0"],
          "param_str": ""
        }
      ],
      "beginExec": [
        {
          "type": "QUEST_EXEC_REFRESH_GROUP_SUITE",
          "param": ["3", "133102708,2"],
          "param_str": ""
        }
      ],
      "exclusiveNpcList": [10095],
      "exclusiveNpcPriority": 1100,
      "trialAvatarList": [19]
    },
    {
      "subId": 1050109,
      "mainId": 10501,
      "order": 14,
      "isMpBlock": true,
      "descTextMapHash": 2344808860,
      "acceptCond": [
        {
          "type": "QUEST_COND_STATE_EQUAL",
          "param": [1050108, 3],
          "param_str": ""
        }
      ],
      "finishCond": [
        {
          "type": "QUEST_CONTENT_COMPLETE_TALK",
          "param": [1050105, 0],
          "param_str": ""
        }
      ],
      "failCond": [
        {
          "param": [],
          "param_str": ""
        }
      ],
      "guide": {
        "type": "QUEST_GUIDE_NPC",
        "param": ["10095"],
        "guideScene": 3,
        "guideStyle": "QUEST_GUIDE_STYLE_TARGET",
        "guideLayer": "QUEST_GUIDE_LAYER_SCENE"
      },
      "finishParent": true,
      "isRewind": true,
      "finishExec": [
        {
          "type": "QUEST_EXEC_REFRESH_GROUP_SUITE",
          "param": ["3", "133102268,1"],
          "param_str": ""
        }
      ],
      "failExec": [
        {
          "param": [],
          "param_str": ""
        }
      ],
      "beginExec": [
        {
          "param": [],
          "param_str": ""
        }
      ],
      "exclusiveNpcList": [10095],
      "exclusiveNpcPriority": 1100
    },
    {
      "subId": 1050110,
      "mainId": 10501,
      "order": 7,
      "descTextMapHash": 2114714132,
      "showType": "QUEST_HIDDEN",
      "acceptCond": [
        {
          "type": "QUEST_COND_STATE_EQUAL",
          "param": [1050104, 3],
          "param_str": ""
        }
      ],
      "finishCond": [
        {
          "type": "QUEST_CONTENT_FINISH_ITEM_GIVING",
          "param": [1050105, 0],
          "param_str": ""
        }
      ],
      "failCond": [
        {
          "param": [],
          "param_str": ""
        }
      ],
      "guide": {
        "type": "QUEST_GUIDE_NPC",
        "param": ["10095"],
        "guideScene": 3,
        "guideStyle": "QUEST_GUIDE_STYLE_TARGET",
        "guideLayer": "QUEST_GUIDE_LAYER_SCENE"
      },
      "finishExec": [
        {
          "param": [],
          "param_str": ""
        }
      ],
      "failExec": [
        {
          "param": [],
          "param_str": ""
        }
      ],
      "beginExec": [
        {
          "type": "QUEST_EXEC_ACTIVE_ITEM_GIVING",
          "param": ["1050105", "0"],
          "param_str": ""
        }
      ]
    },
    {
      "subId": 1050111,
      "mainId": 10501,
      "order": 8,
      "descTextMapHash": 3971931772,
      "showType": "QUEST_HIDDEN",
      "acceptCondComb": "LOGIC_AND",
      "acceptCond": [
        {
          "type": "QUEST_COND_STATE_EQUAL",
          "param": [1050110, 3],
          "param_str": ""
        },
        {
          "type": "QUEST_COND_ITEM_GIVING_FINISHED",
          "param": [1050105, 105010501],
          "param_str": ""
        }
      ],
      "finishCond": [
        {
          "type": "QUEST_CONTENT_COMPLETE_TALK",
          "param": [1050115, 0],
          "param_str": ""
        }
      ],
      "failCond": [
        {
          "param": [],
          "param_str": ""
        }
      ],
      "guide": {
        "type": "QUEST_GUIDE_NPC",
        "param": ["10095"],
        "guideScene": 3,
        "guideStyle": "QUEST_GUIDE_STYLE_TARGET",
        "guideLayer": "QUEST_GUIDE_LAYER_SCENE"
      },
      "finishExec": [
        {
          "param": [],
          "param_str": ""
        }
      ],
      "failExec": [
        {
          "param": [],
          "param_str": ""
        }
      ],
      "beginExec": [
        {
          "param": [],
          "param_str": ""
        }
      ]
    },
    {
      "subId": 1050112,
      "mainId": 10501,
      "order": 9,
      "descTextMapHash": 315710156,
      "showType": "QUEST_HIDDEN",
      "acceptCondComb": "LOGIC_AND",
      "acceptCond": [
        {
          "type": "QUEST_COND_STATE_EQUAL",
          "param": [1050110, 3],
          "param_str": ""
        },
        {
          "type": "QUEST_COND_ITEM_GIVING_FINISHED",
          "param": [1050105, 105010502],
          "param_str": ""
        }
      ],
      "finishCond": [
        {
          "type": "QUEST_CONTENT_COMPLETE_TALK",
          "param": [1050116, 0],
          "param_str": ""
        }
      ],
      "failCond": [
        {
          "param": [],
          "param_str": ""
        }
      ],
      "guide": {
        "type": "QUEST_GUIDE_NPC",
        "param": ["10095"],
        "guideScene": 3,
        "guideStyle": "QUEST_GUIDE_STYLE_TARGET",
        "guideLayer": "QUEST_GUIDE_LAYER_SCENE"
      },
      "finishExec": [
        {
          "param": [],
          "param_str": ""
        }
      ],
      "failExec": [
        {
          "param": [],
          "param_str": ""
        }
      ],
      "beginExec": [
        {
          "param": [],
          "param_str": ""
        }
      ]
    },
    {
      "subId": 1050113,
      "mainId": 10501,
      "order": 2,
      "descTextMapHash": 2974355620,
      "acceptCond": [
        {
          "type": "QUEST_COND_STATE_EQUAL",
          "param": [1050101, 3],
          "param_str": ""
        }
      ],
      "finishCond": [
        {
          "type": "QUEST_CONTENT_FINISH_PLOT",
          "param": [1050113, 0],
          "param_str": ""
        }
      ],
      "failCond": [
        {
          "param": [],
          "param_str": ""
        }
      ],
      "guide": {
        "type": "QUEST_GUIDE_LOCATION",
        "param": ["Q10501Sit"],
        "guideScene": 3,
        "guideStyle": "QUEST_GUIDE_STYLE_TARGET",
        "guideLayer": "QUEST_GUIDE_LAYER_SCENE"
      },
      "isRewind": true,
      "finishExec": [
        {
          "type": "QUEST_EXEC_REFRESH_GROUP_SUITE",
          "param": ["3", "133104914,1"],
          "param_str": ""
        }
      ],
      "failExec": [
        {
          "param": [],
          "param_str": ""
        }
      ],
      "beginExec": [
        {
          "type": "QUEST_EXEC_REFRESH_GROUP_SUITE",
          "param": ["3", "133104914,2"],
          "param_str": ""
        }
      ],
      "exclusiveNpcList": [10095],
      "exclusiveNpcPriority": 1100
    },
    {
      "subId": 1050114,
      "mainId": 10501,
      "order": 4,
      "descTextMapHash": 2404735924,
      "showType": "QUEST_HIDDEN",
      "acceptCond": [
        {
          "type": "QUEST_COND_STATE_EQUAL",
          "param": [1050113, 3],
          "param_str": ""
        }
      ],
      "finishCond": [
        {
          "type": "QUEST_CONTENT_FINISH_PLOT",
          "param": [1050114, 0],
          "param_str": ""
        }
      ],
      "failCond": [
        {
          "param": [],
          "param_str": ""
        }
      ],
      "guide": {},
      "finishExec": [
        {
          "type": "QUEST_EXEC_REFRESH_GROUP_SUITE",
          "param": ["3", "133104914,3"],
          "param_str": ""
        }
      ],
      "failExec": [
        {
          "param": [],
          "param_str": ""
        }
      ],
      "beginExec": [
        {
          "param": [],
          "param_str": ""
        }
      ]
    }
  ],
  "talks": [
    {
      "id": 1050101,
      "beginWay": "TALK_BEGIN_MANUAL",
      "activeMode": "PLAY_MODE_SINGLE",
      "beginCond": [
        {
          "type": "QUEST_COND_STATE_EQUAL",
          "param": ["1050102", "2"],
          "param_str": ""
        }
      ],
      "priority": 5,
      "nextTalks": [1050107],
      "initDialog": 105010101,
      "npcId": [10095],
      "performCfg": "QuestDialogue/LQ/Mona1_10501/Q1050101",
      "heroTalk": "TALK_HERO_MAIN",
      "questId": 10501,
      "prePerformCfg": ""
    },
    {
      "id": 1050107,
      "activeMode": "PLAY_MODE_SINGLE",
      "beginCond": [
        {
          "type": "QUEST_COND_STATE_EQUAL",
          "param": ["1050102", "2"],
          "param_str": ""
        }
      ],
      "priority": 3,
      "nextTalks": [1050108, 1050109, 1050110, 1050111],
      "initDialog": 105010701,
      "npcId": [220601],
      "performCfg": "QuestDialogue/LQ/Mona1_10501/Q1050107",
      "heroTalk": "TALK_HERO_MAIN",
      "questId": 10501,
      "prePerformCfg": ""
    },
    {
      "id": 1050108,
      "activeMode": "PLAY_MODE_SINGLE",
      "beginCondComb": "LOGIC_AND",
      "beginCond": [
        {
          "type": "QUEST_COND_STATE_EQUAL",
          "param": ["1050102", "2"],
          "param_str": ""
        },
        {
          "type": "QUEST_COND_QUEST_VAR_EQUAL",
          "param": ["0", "0", "10501"],
          "param_str": ""
        }
      ],
      "priority": 3,
      "nextTalks": [1050109, 1050110, 1050111, 1050112],
      "initDialog": 105010801,
      "npcId": [220601],
      "performCfg": "QuestDialogue/LQ/Mona1_10501/Q1050108",
      "heroTalk": "TALK_HERO_MAIN",
      "questId": 10501,
      "prePerformCfg": ""
    },
    {
      "id": 1050109,
      "activeMode": "PLAY_MODE_SINGLE",
      "beginCondComb": "LOGIC_AND",
      "beginCond": [
        {
          "type": "QUEST_COND_STATE_EQUAL",
          "param": ["1050102", "2"],
          "param_str": ""
        },
        {
          "type": "QUEST_COND_QUEST_VAR_EQUAL",
          "param": ["1", "0", "10501"],
          "param_str": ""
        }
      ],
      "priority": 3,
      "nextTalks": [1050108, 1050110, 1050111, 1050112],
      "initDialog": 105010901,
      "npcId": [220601],
      "performCfg": "QuestDialogue/LQ/Mona1_10501/Q1050109",
      "heroTalk": "TALK_HERO_MAIN",
      "questId": 10501,
      "prePerformCfg": ""
    },
    {
      "id": 1050110,
      "activeMode": "PLAY_MODE_SINGLE",
      "beginCondComb": "LOGIC_AND",
      "beginCond": [
        {
          "type": "QUEST_COND_STATE_EQUAL",
          "param": ["1050102", "2"],
          "param_str": ""
        },
        {
          "type": "QUEST_COND_QUEST_VAR_EQUAL",
          "param": ["2", "0", "10501"],
          "param_str": ""
        }
      ],
      "priority": 3,
      "nextTalks": [1050108, 1050109, 1050111, 1050112],
      "initDialog": 105011001,
      "npcId": [220601],
      "performCfg": "QuestDialogue/LQ/Mona1_10501/Q1050110",
      "heroTalk": "TALK_HERO_MAIN",
      "questId": 10501,
      "prePerformCfg": ""
    },
    {
      "id": 1050111,
      "activeMode": "PLAY_MODE_SINGLE",
      "beginCondComb": "LOGIC_AND",
      "beginCond": [
        {
          "type": "QUEST_COND_STATE_EQUAL",
          "param": ["1050102", "2"],
          "param_str": ""
        },
        {
          "type": "QUEST_COND_QUEST_VAR_EQUAL",
          "param": ["3", "0", "10501"],
          "param_str": ""
        }
      ],
      "priority": 3,
      "nextTalks": [1050108, 1050109, 1050110, 1050112],
      "initDialog": 105011101,
      "npcId": [220601],
      "performCfg": "QuestDialogue/LQ/Mona1_10501/Q1050111",
      "heroTalk": "TALK_HERO_MAIN",
      "questId": 10501,
      "prePerformCfg": ""
    },
    {
      "id": 1050112,
      "activeMode": "PLAY_MODE_SINGLE",
      "beginCondComb": "LOGIC_AND",
      "beginCond": [
        {
          "type": "QUEST_COND_STATE_EQUAL",
          "param": ["1050102", "2"],
          "param_str": ""
        },
        {
          "type": "QUEST_COND_QUEST_VAR_EQUAL",
          "param": ["4", "1", "10501"],
          "param_str": ""
        }
      ],
      "priority": 3,
      "initDialog": 105011201,
      "npcId": [220601],
      "performCfg": "QuestDialogue/LQ/Mona1_10501/Q1050112",
      "heroTalk": "TALK_HERO_MAIN",
      "questId": 10501,
      "prePerformCfg": ""
    },
    {
      "id": 1050114,
      "beginWay": "TALK_BEGIN_MANUAL",
      "activeMode": "PLAY_MODE_SINGLE",
      "beginCondComb": "LOGIC_OR",
      "beginCond": [
        {
          "type": "QUEST_COND_STATE_EQUAL",
          "param": ["1050103", "2"],
          "param_str": ""
        },
        {
          "type": "QUEST_COND_STATE_EQUAL",
          "param": ["1050104", "2"],
          "param_str": ""
        }
      ],
      "priority": 5,
      "initDialog": 105011401,
      "npcId": [10095],
      "performCfg": "QuestDialogue/LQ/Mona1_10501/Q1050114",
      "heroTalk": "TALK_HERO_MAIN",
      "questId": 10501,
      "prePerformCfg": ""
    },
    {
      "id": 1050115,
      "beginWay": "TALK_BEGIN_MANUAL",
      "activeMode": "PLAY_MODE_SINGLE",
      "beginCond": [
        {
          "type": "QUEST_COND_STATE_EQUAL",
          "param": ["1050111", "2"],
          "param_str": ""
        }
      ],
      "priority": 5,
      "initDialog": 105011501,
      "npcId": [10095],
      "performCfg": "QuestDialogue/LQ/Mona1_10501/Q1050115",
      "heroTalk": "TALK_HERO_MAIN",
      "questId": 10501,
      "prePerformCfg": ""
    },
    {
      "id": 1050116,
      "beginWay": "TALK_BEGIN_MANUAL",
      "activeMode": "PLAY_MODE_SINGLE",
      "beginCond": [
        {
          "type": "QUEST_COND_STATE_EQUAL",
          "param": ["1050112", "2"],
          "param_str": ""
        }
      ],
      "priority": 5,
      "initDialog": 105011601,
      "npcId": [10095],
      "performCfg": "QuestDialogue/LQ/Mona1_10501/Q1050116",
      "heroTalk": "TALK_HERO_MAIN",
      "questId": 10501,
      "prePerformCfg": ""
    },
    {
      "id": 1050102,
      "beginWay": "TALK_BEGIN_MANUAL",
      "activeMode": "PLAY_MODE_SINGLE",
      "beginCond": [
        {
          "type": "QUEST_COND_STATE_EQUAL",
          "param": ["1050103", "2"],
          "param_str": ""
        }
      ],
      "priority": 5,
      "initDialog": 105010201,
      "npcId": [2202],
      "performCfg": "QuestDialogue/LQ/Mona1_10501/Q1050102",
      "heroTalk": "TALK_HERO_MAIN",
      "questId": 10501,
      "prePerformCfg": ""
    },
    {
      "id": 1050103,
      "beginWay": "TALK_BEGIN_MANUAL",
      "activeMode": "PLAY_MODE_SINGLE",
      "beginCondComb": "LOGIC_AND",
      "beginCond": [
        {
          "type": "QUEST_COND_STATE_EQUAL",
          "param": ["1050105", "2"],
          "param_str": ""
        },
        {
          "type": "QUEST_COND_ITEM_GIVING_ACTIVED",
          "param": ["1050105", "0"],
          "param_str": ""
        }
      ],
      "priority": 5,
      "initDialog": 105010301,
      "npcId": [10095],
      "performCfg": "QuestDialogue/LQ/Mona1_10501/Q1050103",
      "heroTalk": "TALK_HERO_MAIN",
      "questId": 10501,
      "prePerformCfg": ""
    },
    {
      "id": 1050104,
      "beginWay": "TALK_BEGIN_MANUAL",
      "activeMode": "PLAY_MODE_SINGLE",
      "beginCond": [
        {
          "type": "QUEST_COND_STATE_EQUAL",
          "param": ["1050107", "2"],
          "param_str": ""
        }
      ],
      "priority": 5,
      "initDialog": 105010401,
      "npcId": [10095],
      "performCfg": "QuestDialogue/LQ/Mona1_10501/Q1050104",
      "heroTalk": "TALK_HERO_MAIN",
      "questId": 10501,
      "prePerformCfg": ""
    },
    {
      "id": 1050105,
      "beginWay": "TALK_BEGIN_MANUAL",
      "activeMode": "PLAY_MODE_SINGLE",
      "beginCond": [
        {
          "type": "QUEST_COND_STATE_EQUAL",
          "param": ["1050109", "2"],
          "param_str": ""
        }
      ],
      "priority": 5,
      "initDialog": 105010501,
      "npcId": [10095],
      "performCfg": "QuestDialogue/LQ/Mona1_10501/Q1050105",
      "heroTalk": "TALK_HERO_MAIN",
      "questId": 10501,
      "prePerformCfg": ""
    },
    {
      "id": 1050106,
      "beginWay": "TALK_BEGIN_MANUAL",
      "activeMode": "PLAY_MODE_SINGLE",
      "beginCondComb": "LOGIC_AND",
      "beginCond": [
        {
          "type": "QUEST_COND_STATE_EQUAL",
          "param": ["1050006", "3"],
          "param_str": ""
        },
        {
          "type": "QUEST_COND_STATE_EQUAL",
          "param": ["1050101", "2"],
          "param_str": ""
        }
      ],
      "priority": 9,
      "initDialog": 105010601,
      "npcId": [2430],
      "performCfg": "",
      "heroTalk": "TALK_HERO_MAIN",
      "questId": 10501,
      "dontBlockDaily": true,
      "prePerformCfg": ""
    }
  ]
}
