{
  "id": 11009,
  "series": 1205,
  "titleTextMapHash": 2281355039,
  "descTextMapHash": 3135014206,
  "luaPath": "Actor/Quest/AQ11009",
  "suggestTrackMainQuestList": [11013],
  "rewardIdList": [111009],
  "chapterId": 1205,
  "subQuests": [
    {
      "subId": 1100901,
      "mainId": 11009,
      "order": 1,
      "descTextMapHash": 2347128004,
      "acceptCond": [
        {
          "type": "QUEST_COND_QUEST_GLOBAL_VAR_EQUAL",
          "param": [10006, 1],
          "param_str": ""
        }
      ],
      "finishCond": [
        {
          "type": "QUEST_CONTENT_COMPLETE_TALK",
          "param": [1100901, 0],
          "param_str": ""
        }
      ],
      "failCond": [
        {
          "param": [],
          "param_str": ""
        }
      ],
      "guide": {
        "type": "QUEST_GUIDE_NPC",
        "autoGuide": "QUEST_GUIDE_AUTO_ENABLE",
        "param": ["10211"],
        "guideScene": 3,
        "guideStyle": "QUEST_GUIDE_STYLE_TARGET",
        "guideLayer": "QUEST_GUIDE_LAYER_SCENE"
      },
      "isRewind": true,
      "finishExec": [
        {
          "type": "QUEST_EXEC_ADD_SCENE_TAG",
          "param": ["3", "128"],
          "param_str": ""
        }
      ],
      "failExec": [
        {
          "param": [],
          "param_str": ""
        }
      ],
      "beginExec": [
        {
          "param": [],
          "param_str": ""
        }
      ],
      "exclusiveNpcList": [
        10211, 1045, 12330, 12331, 12373, 12374, 12341, 12342, 12343, 12442,
        12443, 12444, 2071
      ],
      "exclusiveNpcPriority": 1000,
      "exclusivePlaceList": [1100902]
    },
    {
      "subId": 1100902,
      "mainId": 11009,
      "order": 3,
      "descTextMapHash": 1457315188,
      "acceptCond": [
        {
          "type": "QUEST_COND_STATE_EQUAL",
          "param": [1100905, 3],
          "param_str": ""
        }
      ],
      "finishCond": [
        {
          "type": "QUEST_CONTENT_COMPLETE_TALK",
          "param": [1100902, 0],
          "param_str": ""
        }
      ],
      "failCond": [
        {
          "param": [],
          "param_str": ""
        }
      ],
      "guide": {
        "type": "QUEST_GUIDE_LOCATION",
        "autoGuide": "QUEST_GUIDE_AUTO_ENABLE",
        "param": ["Q11009PlaterTrouble", "10"],
        "guideScene": 3,
        "guideStyle": "QUEST_GUIDE_STYLE_TARGET",
        "guideLayer": "QUEST_GUIDE_LAYER_SCENE"
      },
      "isRewind": true,
      "finishExec": [
        {
          "param": [],
          "param_str": ""
        }
      ],
      "failExec": [
        {
          "param": [],
          "param_str": ""
        }
      ],
      "beginExec": [
        {
          "param": [],
          "param_str": ""
        }
      ],
      "exclusiveNpcList": [
        1045, 12330, 12331, 12344, 12345, 12346, 12371, 12347, 12348, 2143,
        12372, 2029, 2027, 2028
      ],
      "exclusiveNpcPriority": 1000,
      "exclusivePlaceList": [1100901]
    },
    {
      "subId": 1100903,
      "mainId": 11009,
      "order": 4,
      "descTextMapHash": 716362508,
      "acceptCond": [
        {
          "type": "QUEST_COND_STATE_EQUAL",
          "param": [1100902, 3],
          "param_str": ""
        }
      ],
      "finishCond": [
        {
          "type": "QUEST_CONTENT_COMPLETE_TALK",
          "param": [1100903, 0],
          "param_str": ""
        }
      ],
      "failCond": [
        {
          "param": [],
          "param_str": ""
        }
      ],
      "guide": {
        "type": "QUEST_GUIDE_NPC",
        "autoGuide": "QUEST_GUIDE_AUTO_ENABLE",
        "param": ["2103"],
        "guideScene": 3,
        "guideStyle": "QUEST_GUIDE_STYLE_TARGET",
        "guideLayer": "QUEST_GUIDE_LAYER_SCENE"
      },
      "finishParent": true,
      "isRewind": true,
      "finishExec": [
        {
          "param": [],
          "param_str": ""
        }
      ],
      "failExec": [
        {
          "param": [],
          "param_str": ""
        }
      ],
      "beginExec": [
        {
          "type": "QUEST_EXEC_UNREGISTER_DYNAMIC_GROUP",
          "param": ["133107228", "0"],
          "param_str": ""
        }
      ],
      "exclusiveNpcList": [
        1045, 2103, 10234, 12344, 12345, 12346, 12371, 12348, 2143, 12372, 2029,
        2068, 2027, 2028
      ],
      "exclusiveNpcPriority": 1000,
      "exclusivePlaceList": [1100901]
    },
    {
      "subId": 1100904,
      "mainId": 11009,
      "order": 95,
      "descTextMapHash": 3073485004,
      "acceptCond": [
        {
          "type": "QUEST_COND_STATE_EQUAL",
          "param": [99902, 3],
          "param_str": ""
        }
      ],
      "finishCond": [
        {
          "param": [],
          "param_str": ""
        }
      ],
      "failCond": [
        {
          "param": [],
          "param_str": ""
        }
      ],
      "guide": {},
      "showGuide": "QUEST_GUIDE_ITEM_DISABLE",
      "isRewind": true,
      "finishExec": [
        {
          "param": [],
          "param_str": ""
        }
      ],
      "failExec": [
        {
          "param": [],
          "param_str": ""
        }
      ],
      "beginExec": [
        {
          "param": [],
          "param_str": ""
        }
      ]
    },
    {
      "subId": 1100905,
      "mainId": 11009,
      "order": 2,
      "descTextMapHash": 579720764,
      "acceptCond": [
        {
          "type": "QUEST_COND_STATE_EQUAL",
          "param": [1100901, 3],
          "param_str": ""
        }
      ],
      "finishCond": [
        {
          "type": "QUEST_CONTENT_FINISH_PLOT",
          "param": [1100905, 0],
          "param_str": ""
        }
      ],
      "failCond": [
        {
          "param": [],
          "param_str": ""
        }
      ],
      "guide": {
        "type": "QUEST_GUIDE_LOCATION",
        "autoGuide": "QUEST_GUIDE_AUTO_ENABLE",
        "param": ["Q11009FollowTroubleArea", "10"],
        "guideScene": 3,
        "guideStyle": "QUEST_GUIDE_STYLE_TARGET",
        "guideLayer": "QUEST_GUIDE_LAYER_SCENE"
      },
      "isRewind": true,
      "finishExec": [
        {
          "param": [],
          "param_str": ""
        }
      ],
      "failExec": [
        {
          "param": [],
          "param_str": ""
        }
      ],
      "beginExec": [
        {
          "param": [],
          "param_str": ""
        }
      ],
      "exclusiveNpcList": [
        1045, 12344, 12345, 12346, 12371, 12347, 12348, 2143, 12372, 2029, 2071,
        2027, 2028
      ],
      "exclusiveNpcPriority": 1000,
      "exclusivePlaceList": [1100901, 1100902]
    },
    {
      "subId": 1100906,
      "mainId": 11009,
      "order": 6,
      "descTextMapHash": 1879263884,
      "showType": "QUEST_HIDDEN",
      "acceptCond": [
        {
          "type": "QUEST_COND_STATE_EQUAL",
          "param": [1100902, 3],
          "param_str": ""
        }
      ],
      "finishCond": [
        {
          "type": "QUEST_CONTENT_FINISH_PLOT",
          "param": [1100906, 0],
          "param_str": ""
        }
      ],
      "failCond": [
        {
          "param": [],
          "param_str": ""
        }
      ],
      "guide": {},
      "showGuide": "QUEST_GUIDE_ITEM_DISABLE",
      "failParentShow": "QUEST_HIDDEN",
      "finishExec": [
        {
          "type": "QUEST_EXEC_REGISTER_DYNAMIC_GROUP_ONLY",
          "param": ["133107228", "0"],
          "param_str": ""
        },
        {
          "type": "QUEST_EXEC_REFRESH_GROUP_SUITE",
          "param": ["3", "133107228,2"],
          "param_str": ""
        }
      ],
      "failExec": [
        {
          "param": [],
          "param_str": ""
        }
      ],
      "beginExec": [
        {
          "param": [],
          "param_str": ""
        }
      ]
    },
    {
      "subId": 1100907,
      "mainId": 11009,
      "order": 5,
      "descTextMapHash": 2262715236,
      "showType": "QUEST_HIDDEN",
      "acceptCond": [
        {
          "type": "QUEST_COND_STATE_EQUAL",
          "param": [1100902, 3],
          "param_str": ""
        }
      ],
      "finishCond": [
        {
          "type": "QUEST_CONTENT_FINISH_PLOT",
          "param": [1100907, 0],
          "param_str": ""
        }
      ],
      "failCond": [
        {
          "param": [],
          "param_str": ""
        }
      ],
      "guide": {},
      "showGuide": "QUEST_GUIDE_ITEM_DISABLE",
      "failParentShow": "QUEST_HIDDEN",
      "finishExec": [
        {
          "type": "QUEST_EXEC_REGISTER_DYNAMIC_GROUP",
          "param": ["3", "133107228"],
          "param_str": ""
        }
      ],
      "failExec": [
        {
          "param": [],
          "param_str": ""
        }
      ],
      "beginExec": [
        {
          "param": [],
          "param_str": ""
        }
      ]
    }
  ],
  "talks": [
    {
      "id": 1100901,
      "beginWay": "TALK_BEGIN_MANUAL",
      "activeMode": "PLAY_MODE_SINGLE",
      "beginCond": [
        {
          "type": "QUEST_COND_STATE_EQUAL",
          "param": ["1100901", "2"],
          "param_str": ""
        }
      ],
      "priority": 5,
      "initDialog": 110090101,
      "npcId": [10211],
      "performCfg": "QuestDialogue/AQ/Liyue4_11009/Q1100901",
      "heroTalk": "TALK_HERO_MAIN",
      "questId": 11009,
      "prePerformCfg": ""
    },
    {
      "id": 1100902,
      "beginWay": "TALK_BEGIN_MANUAL",
      "activeMode": "PLAY_MODE_SINGLE",
      "beginCond": [
        {
          "type": "QUEST_COND_STATE_EQUAL",
          "param": ["1100902", "2"],
          "param_str": ""
        }
      ],
      "priority": 5,
      "initDialog": 110090201,
      "npcId": [1045],
      "performCfg": "QuestDialogue/AQ/Liyue4_11009/Q1100902",
      "heroTalk": "TALK_HERO_MAIN",
      "questId": 11009,
      "prePerformCfg": ""
    },
    {
      "id": 1100903,
      "beginWay": "TALK_BEGIN_MANUAL",
      "activeMode": "PLAY_MODE_SINGLE",
      "beginCond": [
        {
          "type": "QUEST_COND_STATE_EQUAL",
          "param": ["1100903", "2"],
          "param_str": ""
        }
      ],
      "priority": 5,
      "initDialog": 110090301,
      "npcId": [2103],
      "performCfg": "QuestDialogue/AQ/Liyue4_11009/Q1100903",
      "heroTalk": "TALK_HERO_MAIN",
      "questId": 11009,
      "prePerformCfg": ""
    },
    {
      "id": 1100904,
      "beginWay": "TALK_BEGIN_MANUAL",
      "activeMode": "PLAY_MODE_SINGLE",
      "beginCond": [
        {
          "type": "QUEST_COND_STATE_EQUAL",
          "param": ["1100903", "3"],
          "param_str": ""
        }
      ],
      "priority": 5,
      "initDialog": 110090401,
      "npcId": [10234],
      "performCfg": "QuestDialogue/AQ/Liyue4_11009/Q1100904",
      "heroTalk": "TALK_HERO_MAIN",
      "questId": 11009,
      "prePerformCfg": "",
      "lowPriority": true
    },
    {
      "id": 1100905,
      "beginWay": "TALK_BEGIN_MANUAL",
      "activeMode": "PLAY_MODE_SINGLE",
      "beginCondComb": "LOGIC_OR",
      "beginCond": [
        {
          "type": "QUEST_COND_STATE_EQUAL",
          "param": ["1100905", "2"],
          "param_str": ""
        },
        {
          "type": "QUEST_COND_STATE_EQUAL",
          "param": ["1100902", "2"],
          "param_str": ""
        },
        {
          "type": "QUEST_COND_STATE_EQUAL",
          "param": ["1100903", "2"],
          "param_str": ""
        }
      ],
      "priority": 5,
      "initDialog": 110090501,
      "npcId": [12344],
      "performCfg": "QuestDialogue/AQ/Liyue4_11009/Q1100905",
      "heroTalk": "TALK_HERO_MAIN",
      "questId": 11009,
      "prePerformCfg": "",
      "lowPriority": true
    },
    {
      "id": 1100906,
      "beginWay": "TALK_BEGIN_MANUAL",
      "activeMode": "PLAY_MODE_SINGLE",
      "beginCondComb": "LOGIC_OR",
      "beginCond": [
        {
          "type": "QUEST_COND_STATE_EQUAL",
          "param": ["1100905", "2"],
          "param_str": ""
        },
        {
          "type": "QUEST_COND_STATE_EQUAL",
          "param": ["1100902", "2"],
          "param_str": ""
        },
        {
          "type": "QUEST_COND_STATE_EQUAL",
          "param": ["1100903", "2"],
          "param_str": ""
        }
      ],
      "priority": 5,
      "initDialog": 110090601,
      "npcId": [12345],
      "performCfg": "QuestDialogue/AQ/Liyue4_11009/Q1100906",
      "heroTalk": "TALK_HERO_MAIN",
      "questId": 11009,
      "prePerformCfg": "",
      "lowPriority": true
    },
    {
      "id": 1100907,
      "beginWay": "TALK_BEGIN_MANUAL",
      "activeMode": "PLAY_MODE_SINGLE",
      "beginCondComb": "LOGIC_OR",
      "beginCond": [
        {
          "type": "QUEST_COND_STATE_EQUAL",
          "param": ["1100905", "2"],
          "param_str": ""
        },
        {
          "type": "QUEST_COND_STATE_EQUAL",
          "param": ["1100902", "2"],
          "param_str": ""
        },
        {
          "type": "QUEST_COND_STATE_EQUAL",
          "param": ["1100903", "2"],
          "param_str": ""
        }
      ],
      "priority": 5,
      "initDialog": 110090701,
      "npcId": [12346],
      "performCfg": "QuestDialogue/AQ/Liyue4_11009/Q1100907",
      "heroTalk": "TALK_HERO_MAIN",
      "questId": 11009,
      "prePerformCfg": "",
      "lowPriority": true
    },
    {
      "id": 1100908,
      "beginWay": "TALK_BEGIN_MANUAL",
      "activeMode": "PLAY_MODE_SINGLE",
      "beginCondComb": "LOGIC_OR",
      "beginCond": [
        {
          "type": "QUEST_COND_STATE_EQUAL",
          "param": ["1100905", "2"],
          "param_str": ""
        },
        {
          "type": "QUEST_COND_STATE_EQUAL",
          "param": ["1100902", "2"],
          "param_str": ""
        },
        {
          "type": "QUEST_COND_STATE_EQUAL",
          "param": ["1100903", "2"],
          "param_str": ""
        }
      ],
      "priority": 5,
      "initDialog": 110090801,
      "npcId": [12371],
      "performCfg": "QuestDialogue/AQ/Liyue4_11009/Q1100908",
      "heroTalk": "TALK_HERO_MAIN",
      "questId": 11009,
      "prePerformCfg": "",
      "lowPriority": true
    },
    {
      "id": 1100909,
      "beginWay": "TALK_BEGIN_MANUAL",
      "activeMode": "PLAY_MODE_SINGLE",
      "beginCondComb": "LOGIC_OR",
      "beginCond": [
        {
          "type": "QUEST_COND_STATE_EQUAL",
          "param": ["1100905", "2"],
          "param_str": ""
        },
        {
          "type": "QUEST_COND_STATE_EQUAL",
          "param": ["1100902", "2"],
          "param_str": ""
        },
        {
          "type": "QUEST_COND_STATE_EQUAL",
          "param": ["1100903", "2"],
          "param_str": ""
        }
      ],
      "priority": 5,
      "initDialog": 110090901,
      "npcId": [12372],
      "performCfg": "QuestDialogue/AQ/Liyue4_11009/Q1100909",
      "heroTalk": "TALK_HERO_MAIN",
      "questId": 11009,
      "prePerformCfg": "",
      "lowPriority": true
    },
    {
      "id": 1100910,
      "beginWay": "TALK_BEGIN_MANUAL",
      "activeMode": "PLAY_MODE_SINGLE",
      "beginCondComb": "LOGIC_OR",
      "beginCond": [
        {
          "type": "QUEST_COND_STATE_EQUAL",
          "param": ["1100905", "2"],
          "param_str": ""
        },
        {
          "type": "QUEST_COND_STATE_EQUAL",
          "param": ["1100902", "2"],
          "param_str": ""
        },
        {
          "type": "QUEST_COND_STATE_EQUAL",
          "param": ["1100903", "2"],
          "param_str": ""
        }
      ],
      "priority": 5,
      "initDialog": 110091001,
      "npcId": [12348],
      "performCfg": "QuestDialogue/AQ/Liyue4_11009/Q1100910",
      "heroTalk": "TALK_HERO_MAIN",
      "questId": 11009,
      "prePerformCfg": "",
      "lowPriority": true
    },
    {
      "id": 1100911,
      "beginWay": "TALK_BEGIN_MANUAL",
      "activeMode": "PLAY_MODE_SINGLE",
      "beginCondComb": "LOGIC_OR",
      "beginCond": [
        {
          "type": "QUEST_COND_STATE_EQUAL",
          "param": ["1100905", "2"],
          "param_str": ""
        },
        {
          "type": "QUEST_COND_STATE_EQUAL",
          "param": ["1100902", "2"],
          "param_str": ""
        },
        {
          "type": "QUEST_COND_STATE_EQUAL",
          "param": ["1100903", "2"],
          "param_str": ""
        }
      ],
      "priority": 5,
      "initDialog": 110091101,
      "npcId": [2143],
      "performCfg": "QuestDialogue/AQ/Liyue4_11009/Q1100911",
      "heroTalk": "TALK_HERO_MAIN",
      "questId": 11009,
      "prePerformCfg": "",
      "lowPriority": true
    }
  ]
}
