{
  "id": 11008,
  "type": "WQ",
  "titleTextMapHash": 3548989711,
  "descTextMapHash": 299730286,
  "luaPath": "Actor/Quest/WQ11008",
  "suggestTrackMainQuestList": [71654],
  "rewardIdList": [111008],
  "subQuests": [
    {
      "subId": 1100801,
      "mainId": 11008,
      "order": 1,
      "descTextMapHash": 2962733276,
      "acceptCondComb": "LOGIC_AND",
      "acceptCond": [
        {
          "type": "QUEST_COND_QUEST_GLOBAL_VAR_EQUAL",
          "param": [10006, 1],
          "param_str": ""
        }
      ],
      "finishCond": [
        {
          "type": "QUEST_CONTENT_COMPLETE_TALK",
          "param": [1100801, 0],
          "param_str": ""
        }
      ],
      "failCond": [
        {
          "param": [],
          "param_str": ""
        }
      ],
      "guide": {
        "type": "QUEST_GUIDE_NPC",
        "param": ["2093"],
        "guideScene": 3,
        "guideStyle": "QUEST_GUIDE_STYLE_TARGET",
        "guideLayer": "QUEST_GUIDE_LAYER_SCENE"
      },
      "isRewind": true,
      "finishExec": [
        {
          "param": [],
          "param_str": ""
        }
      ],
      "failExec": [
        {
          "param": [],
          "param_str": ""
        }
      ],
      "beginExec": [
        {
          "type": "QUEST_EXEC_SET_QUEST_GLOBAL_VAR",
          "param": ["11008", "1"],
          "param_str": ""
        }
      ],
      "exclusiveNpcList": [1030, 2093],
      "exclusiveNpcPriority": 1100
    },
    {
      "subId": 1100802,
      "mainId": 11008,
      "order": 2,
      "descTextMapHash": 610372180,
      "acceptCond": [
        {
          "type": "QUEST_COND_STATE_EQUAL",
          "param": [1100801, 3],
          "param_str": ""
        }
      ],
      "finishCond": [
        {
          "type": "QUEST_CONTENT_COMPLETE_TALK",
          "param": [1100802, 0],
          "param_str": ""
        }
      ],
      "failCond": [
        {
          "param": [],
          "param_str": ""
        }
      ],
      "guide": {
        "type": "QUEST_GUIDE_NPC",
        "param": ["10014"],
        "guideScene": 3,
        "guideStyle": "QUEST_GUIDE_STYLE_TARGET",
        "guideLayer": "QUEST_GUIDE_LAYER_SCENE"
      },
      "isRewind": true,
      "finishExec": [
        {
          "param": [],
          "param_str": ""
        }
      ],
      "failExec": [
        {
          "param": [],
          "param_str": ""
        }
      ],
      "beginExec": [
        {
          "type": "QUEST_EXEC_REGISTER_DYNAMIC_GROUP",
          "param": ["3", "133107069"],
          "param_str": ""
        },
        {
          "type": "QUEST_EXEC_SET_QUEST_GLOBAL_VAR",
          "param": ["11008", "1"],
          "param_str": ""
        }
      ],
      "exclusiveNpcList": [1030, 2093, 10014],
      "exclusiveNpcPriority": 1100
    },
    {
      "subId": 1100803,
      "mainId": 11008,
      "order": 3,
      "descTextMapHash": 1048790636,
      "showType": "QUEST_HIDDEN",
      "acceptCond": [
        {
          "type": "QUEST_COND_STATE_EQUAL",
          "param": [99902, 3],
          "param_str": ""
        }
      ],
      "finishCond": [
        {
          "type": "QUEST_CONTENT_COMPLETE_TALK",
          "param": [1100803, 0],
          "param_str": ""
        }
      ],
      "failCond": [
        {
          "param": [],
          "param_str": ""
        }
      ],
      "guide": {
        "type": "QUEST_GUIDE_NPC",
        "param": ["1030"],
        "guideScene": 3,
        "guideStyle": "QUEST_GUIDE_STYLE_TARGET",
        "guideLayer": "QUEST_GUIDE_LAYER_SCENE"
      },
      "isRewind": true,
      "finishExec": [
        {
          "param": [],
          "param_str": ""
        }
      ],
      "failExec": [
        {
          "param": [],
          "param_str": ""
        }
      ],
      "beginExec": [
        {
          "type": "QUEST_EXEC_REGISTER_DYNAMIC_GROUP",
          "param": ["3", "133107069"],
          "param_str": ""
        },
        {
          "type": "QUEST_EXEC_SET_QUEST_GLOBAL_VAR",
          "param": ["11008", "1"],
          "param_str": ""
        }
      ]
    },
    {
      "subId": 1100804,
      "mainId": 11008,
      "order": 4,
      "descTextMapHash": 2867304620,
      "acceptCond": [
        {
          "type": "QUEST_COND_STATE_EQUAL",
          "param": [1100802, 3],
          "param_str": ""
        }
      ],
      "finishCond": [
        {
          "type": "QUEST_CONTENT_COMPLETE_TALK",
          "param": [1100804, 0],
          "param_str": ""
        }
      ],
      "failCond": [
        {
          "param": [],
          "param_str": ""
        }
      ],
      "guide": {
        "type": "QUEST_GUIDE_NPC",
        "param": ["10015"],
        "guideScene": 3,
        "guideStyle": "QUEST_GUIDE_STYLE_TARGET",
        "guideLayer": "QUEST_GUIDE_LAYER_SCENE"
      },
      "isRewind": true,
      "finishExec": [
        {
          "param": [],
          "param_str": ""
        }
      ],
      "failExec": [
        {
          "param": [],
          "param_str": ""
        }
      ],
      "beginExec": [
        {
          "type": "QUEST_EXEC_REGISTER_DYNAMIC_GROUP",
          "param": ["3", "133107069"],
          "param_str": ""
        },
        {
          "type": "QUEST_EXEC_SET_QUEST_GLOBAL_VAR",
          "param": ["11008", "1"],
          "param_str": ""
        }
      ],
      "exclusiveNpcList": [1030, 10015, 10014],
      "exclusiveNpcPriority": 1100
    },
    {
      "subId": 1100805,
      "mainId": 11008,
      "order": 5,
      "descTextMapHash": 2838276748,
      "acceptCond": [
        {
          "type": "QUEST_COND_STATE_EQUAL",
          "param": [1100804, 3],
          "param_str": ""
        }
      ],
      "finishCond": [
        {
          "type": "QUEST_CONTENT_COMPLETE_TALK",
          "param": [1100805, 0],
          "param_str": ""
        }
      ],
      "failCond": [
        {
          "param": [],
          "param_str": ""
        }
      ],
      "guide": {
        "type": "QUEST_GUIDE_NPC",
        "param": ["10014"],
        "guideScene": 3,
        "guideStyle": "QUEST_GUIDE_STYLE_TARGET",
        "guideLayer": "QUEST_GUIDE_LAYER_SCENE"
      },
      "isRewind": true,
      "finishExec": [
        {
          "param": [],
          "param_str": ""
        }
      ],
      "failExec": [
        {
          "param": [],
          "param_str": ""
        }
      ],
      "beginExec": [
        {
          "type": "QUEST_EXEC_REGISTER_DYNAMIC_GROUP",
          "param": ["3", "133107069"],
          "param_str": ""
        },
        {
          "type": "QUEST_EXEC_SET_QUEST_GLOBAL_VAR",
          "param": ["11008", "1"],
          "param_str": ""
        }
      ],
      "exclusiveNpcList": [1030, 10015, 10014],
      "exclusiveNpcPriority": 1100
    },
    {
      "subId": 1100806,
      "mainId": 11008,
      "order": 8,
      "descTextMapHash": 3692219468,
      "acceptCond": [
        {
          "type": "QUEST_COND_STATE_EQUAL",
          "param": [1100812, 3],
          "param_str": ""
        }
      ],
      "finishCond": [
        {
          "type": "QUEST_CONTENT_COMPLETE_TALK",
          "param": [1100806, 0],
          "param_str": ""
        }
      ],
      "failCond": [
        {
          "param": [],
          "param_str": ""
        }
      ],
      "guide": {
        "type": "QUEST_GUIDE_NPC",
        "param": ["2054"],
        "guideScene": 3,
        "guideStyle": "QUEST_GUIDE_STYLE_TARGET",
        "guideLayer": "QUEST_GUIDE_LAYER_SCENE"
      },
      "isRewind": true,
      "finishExec": [
        {
          "param": [],
          "param_str": ""
        }
      ],
      "failExec": [
        {
          "param": [],
          "param_str": ""
        }
      ],
      "beginExec": [
        {
          "type": "QUEST_EXEC_REGISTER_DYNAMIC_GROUP_ONLY",
          "param": ["133107042", "0"],
          "param_str": ""
        },
        {
          "type": "QUEST_EXEC_REGISTER_DYNAMIC_GROUP",
          "param": ["3", "133107069"],
          "param_str": ""
        },
        {
          "type": "QUEST_EXEC_SET_QUEST_GLOBAL_VAR",
          "param": ["11008", "1"],
          "param_str": ""
        }
      ],
      "exclusiveNpcList": [1030, 10015, 2054, 2026, 10014],
      "exclusiveNpcPriority": 1100
    },
    {
      "subId": 1100807,
      "mainId": 11008,
      "order": 13,
      "descTextMapHash": 865909548,
      "acceptCond": [
        {
          "type": "QUEST_COND_STATE_EQUAL",
          "param": [1100814, 3],
          "param_str": ""
        }
      ],
      "finishCond": [
        {
          "type": "QUEST_CONTENT_COMPLETE_TALK",
          "param": [1100807, 0],
          "param_str": ""
        }
      ],
      "failCond": [
        {
          "param": [],
          "param_str": ""
        }
      ],
      "guide": {
        "type": "QUEST_GUIDE_NPC",
        "param": ["2020"],
        "guideScene": 3,
        "guideStyle": "QUEST_GUIDE_STYLE_TARGET",
        "guideLayer": "QUEST_GUIDE_LAYER_SCENE"
      },
      "isRewind": true,
      "finishExec": [
        {
          "param": [],
          "param_str": ""
        }
      ],
      "failExec": [
        {
          "param": [],
          "param_str": ""
        }
      ],
      "beginExec": [
        {
          "type": "QUEST_EXEC_REGISTER_DYNAMIC_GROUP_ONLY",
          "param": ["133107042", "0"],
          "param_str": ""
        },
        {
          "type": "QUEST_EXEC_REGISTER_DYNAMIC_GROUP",
          "param": ["3", "133107069"],
          "param_str": ""
        },
        {
          "type": "QUEST_EXEC_SET_QUEST_GLOBAL_VAR",
          "param": ["11008", "1"],
          "param_str": ""
        }
      ],
      "exclusiveNpcList": [1030, 10015, 2020, 10014],
      "exclusiveNpcPriority": 1100
    },
    {
      "subId": 1100808,
      "mainId": 11008,
      "order": 11,
      "descTextMapHash": 2819392460,
      "showType": "QUEST_HIDDEN",
      "acceptCond": [
        {
          "type": "QUEST_COND_STATE_EQUAL",
          "param": [1100813, 3],
          "param_str": ""
        }
      ],
      "finishCond": [
        {
          "type": "QUEST_CONTENT_COMPLETE_TALK",
          "param": [1100815, 0],
          "param_str": ""
        }
      ],
      "failCond": [
        {
          "param": [],
          "param_str": ""
        }
      ],
      "guide": {},
      "showGuide": "QUEST_GUIDE_ITEM_DISABLE",
      "finishExec": [
        {
          "type": "QUEST_EXEC_NOTIFY_GROUP_LUA",
          "param": ["3", "133107042"],
          "param_str": ""
        }
      ],
      "failExec": [
        {
          "param": [],
          "param_str": ""
        }
      ],
      "beginExec": [
        {
          "type": "QUEST_EXEC_REGISTER_DYNAMIC_GROUP",
          "param": ["3", "133107069"],
          "param_str": ""
        }
      ],
      "exclusiveNpcList": [1030, 10015, 2054, 10014],
      "exclusiveNpcPriority": 1100
    },
    {
      "subId": 1100809,
      "mainId": 11008,
      "order": 14,
      "descTextMapHash": 2334891396,
      "acceptCond": [
        {
          "type": "QUEST_COND_STATE_EQUAL",
          "param": [1100807, 3],
          "param_str": ""
        }
      ],
      "finishCond": [
        {
          "type": "QUEST_CONTENT_COMPLETE_TALK",
          "param": [1100809, 0],
          "param_str": ""
        }
      ],
      "failCond": [
        {
          "param": [],
          "param_str": ""
        }
      ],
      "guide": {
        "type": "QUEST_GUIDE_NPC",
        "param": ["10234"],
        "guideScene": 3,
        "guideStyle": "QUEST_GUIDE_STYLE_TARGET",
        "guideLayer": "QUEST_GUIDE_LAYER_SCENE"
      },
      "isRewind": true,
      "finishExec": [
        {
          "param": [],
          "param_str": ""
        }
      ],
      "failExec": [
        {
          "param": [],
          "param_str": ""
        }
      ],
      "beginExec": [
        {
          "type": "QUEST_EXEC_UNREGISTER_DYNAMIC_GROUP",
          "param": ["133107042", "0"],
          "param_str": ""
        },
        {
          "type": "QUEST_EXEC_REGISTER_DYNAMIC_GROUP",
          "param": ["3", "133107069"],
          "param_str": ""
        },
        {
          "type": "QUEST_EXEC_SET_QUEST_GLOBAL_VAR",
          "param": ["11008", "1"],
          "param_str": ""
        }
      ],
      "exclusiveNpcList": [1030, 10015, 10234, 2103, 10014, 2093],
      "exclusiveNpcPriority": 1100
    },
    {
      "subId": 1100810,
      "mainId": 11008,
      "order": 15,
      "descTextMapHash": 2641628124,
      "acceptCond": [
        {
          "type": "QUEST_COND_STATE_EQUAL",
          "param": [1100809, 3],
          "param_str": ""
        }
      ],
      "finishCond": [
        {
          "type": "QUEST_CONTENT_COMPLETE_TALK",
          "param": [1100810, 0],
          "param_str": ""
        }
      ],
      "failCond": [
        {
          "param": [],
          "param_str": ""
        }
      ],
      "guide": {
        "type": "QUEST_GUIDE_NPC",
        "param": ["10014"],
        "guideScene": 3,
        "guideStyle": "QUEST_GUIDE_STYLE_TARGET",
        "guideLayer": "QUEST_GUIDE_LAYER_SCENE"
      },
      "isRewind": true,
      "finishExec": [
        {
          "type": "QUEST_EXEC_DEL_ALL_SPECIFIC_PACK_ITEM",
          "param": ["100836,100837,100838,100839", "0"],
          "param_str": ""
        }
      ],
      "failExec": [
        {
          "param": [],
          "param_str": ""
        }
      ],
      "beginExec": [
        {
          "type": "QUEST_EXEC_REGISTER_DYNAMIC_GROUP",
          "param": ["3", "133107069"],
          "param_str": ""
        },
        {
          "type": "QUEST_EXEC_SET_QUEST_GLOBAL_VAR",
          "param": ["11008", "1"],
          "param_str": ""
        }
      ],
      "exclusiveNpcList": [1030, 10015, 10234, 2103, 10014, 2093],
      "exclusiveNpcPriority": 1100
    },
    {
      "subId": 1100811,
      "mainId": 11008,
      "order": 16,
      "descTextMapHash": 1250708364,
      "acceptCond": [
        {
          "type": "QUEST_COND_STATE_EQUAL",
          "param": [1100810, 3],
          "param_str": ""
        }
      ],
      "finishCond": [
        {
          "type": "QUEST_CONTENT_COMPLETE_TALK",
          "param": [1100811, 0],
          "param_str": ""
        }
      ],
      "failCond": [
        {
          "param": [],
          "param_str": ""
        }
      ],
      "guide": {
        "type": "QUEST_GUIDE_NPC",
        "param": ["2093"],
        "guideScene": 3,
        "guideStyle": "QUEST_GUIDE_STYLE_TARGET",
        "guideLayer": "QUEST_GUIDE_LAYER_SCENE"
      },
      "finishParent": true,
      "isRewind": true,
      "finishExec": [
        {
          "type": "QUEST_EXEC_DEL_ALL_SPECIFIC_PACK_ITEM",
          "param": ["100835", "0"],
          "param_str": ""
        },
        {
          "type": "QUEST_EXEC_SET_QUEST_GLOBAL_VAR",
          "param": ["11008", "0"],
          "param_str": ""
        }
      ],
      "failExec": [
        {
          "param": [],
          "param_str": ""
        }
      ],
      "beginExec": [
        {
          "type": "QUEST_EXEC_UNREGISTER_DYNAMIC_GROUP",
          "param": ["133107069", "0"],
          "param_str": ""
        },
        {
          "type": "QUEST_EXEC_SET_QUEST_GLOBAL_VAR",
          "param": ["11008", "1"],
          "param_str": ""
        }
      ],
      "exclusiveNpcList": [1030, 2093, 10014, 10015],
      "exclusiveNpcPriority": 1100
    },
    {
      "subId": 1100812,
      "mainId": 11008,
      "order": 7,
      "descTextMapHash": 215544364,
      "showType": "QUEST_HIDDEN",
      "acceptCond": [
        {
          "type": "QUEST_COND_STATE_EQUAL",
          "param": [1100816, 3],
          "param_str": ""
        }
      ],
      "finishCond": [
        {
          "type": "QUEST_CONTENT_COMPLETE_TALK",
          "param": [1100812, 0],
          "param_str": ""
        }
      ],
      "failCond": [
        {
          "param": [],
          "param_str": ""
        }
      ],
      "guide": {},
      "finishExec": [
        {
          "param": [],
          "param_str": ""
        }
      ],
      "failExec": [
        {
          "param": [],
          "param_str": ""
        }
      ],
      "beginExec": [
        {
          "type": "QUEST_EXEC_REGISTER_DYNAMIC_GROUP_ONLY",
          "param": ["133107042", "0"],
          "param_str": ""
        },
        {
          "type": "QUEST_EXEC_REGISTER_DYNAMIC_GROUP",
          "param": ["3", "133107069"],
          "param_str": ""
        }
      ],
      "exclusiveNpcList": [1030, 10015, 10014, 2026],
      "exclusiveNpcPriority": 1100
    },
    {
      "subId": 1100813,
      "mainId": 11008,
      "order": 9,
      "descTextMapHash": 2506953892,
      "acceptCond": [
        {
          "type": "QUEST_COND_STATE_EQUAL",
          "param": [1100806, 3],
          "param_str": ""
        }
      ],
      "finishCond": [
        {
          "type": "QUEST_CONTENT_INTERACT_GADGET",
          "param": [70710359, 0],
          "param_str": "",
          "count": 1
        }
      ],
      "failCond": [
        {
          "param": [],
          "param_str": ""
        }
      ],
      "guide": {
        "type": "QUEST_GUIDE_LOCATION",
        "param": ["Q1100813Target"],
        "guideScene": 3,
        "guideStyle": "QUEST_GUIDE_STYLE_TARGET",
        "guideLayer": "QUEST_GUIDE_LAYER_SCENE"
      },
      "showGuide": "QUEST_GUIDE_ITEM_DISABLE",
      "isRewind": true,
      "finishExec": [
        {
          "param": [],
          "param_str": ""
        }
      ],
      "failExec": [
        {
          "param": [],
          "param_str": ""
        }
      ],
      "beginExec": [
        {
          "type": "QUEST_EXEC_REGISTER_DYNAMIC_GROUP_ONLY",
          "param": ["133107042", "0"],
          "param_str": ""
        },
        {
          "type": "QUEST_EXEC_REGISTER_DYNAMIC_GROUP",
          "param": ["3", "133107069"],
          "param_str": ""
        },
        {
          "type": "QUEST_EXEC_SET_QUEST_GLOBAL_VAR",
          "param": ["11008", "1"],
          "param_str": ""
        }
      ],
      "exclusiveNpcList": [1030, 10015, 2054, 10014],
      "exclusiveNpcPriority": 1100
    },
    {
      "subId": 1100814,
      "mainId": 11008,
      "order": 12,
      "descTextMapHash": 1105326948,
      "acceptCond": [
        {
          "type": "QUEST_COND_STATE_EQUAL",
          "param": [1100815, 3],
          "param_str": ""
        }
      ],
      "finishCond": [
        {
          "type": "QUEST_CONTENT_COMPLETE_TALK",
          "param": [1100814, 0],
          "param_str": ""
        }
      ],
      "failCond": [
        {
          "param": [],
          "param_str": ""
        }
      ],
      "guide": {
        "type": "QUEST_GUIDE_NPC",
        "param": ["2054", "SELECT_NPC_NONE"],
        "guideScene": 3,
        "guideStyle": "QUEST_GUIDE_STYLE_TARGET",
        "guideLayer": "QUEST_GUIDE_LAYER_SCENE"
      },
      "isRewind": true,
      "finishExec": [
        {
          "param": [],
          "param_str": ""
        }
      ],
      "failExec": [
        {
          "param": [],
          "param_str": ""
        }
      ],
      "beginExec": [
        {
          "type": "QUEST_EXEC_REGISTER_DYNAMIC_GROUP_ONLY",
          "param": ["133107042", "0"],
          "param_str": ""
        },
        {
          "type": "QUEST_EXEC_REGISTER_DYNAMIC_GROUP",
          "param": ["3", "133107069"],
          "param_str": ""
        },
        {
          "type": "QUEST_EXEC_SET_QUEST_GLOBAL_VAR",
          "param": ["11008", "1"],
          "param_str": ""
        }
      ],
      "exclusiveNpcList": [1030, 10015, 2054, 10014],
      "exclusiveNpcPriority": 1100
    },
    {
      "subId": 1100815,
      "mainId": 11008,
      "order": 10,
      "descTextMapHash": 1312574156,
      "showType": "QUEST_HIDDEN",
      "acceptCond": [
        {
          "type": "QUEST_COND_STATE_EQUAL",
          "param": [1100813, 3],
          "param_str": ""
        }
      ],
      "finishCond": [
        {
          "type": "QUEST_CONTENT_COMPLETE_TALK",
          "param": [1100815, 0],
          "param_str": ""
        }
      ],
      "failCond": [
        {
          "param": [],
          "param_str": ""
        }
      ],
      "guide": {},
      "finishExec": [
        {
          "param": [],
          "param_str": ""
        }
      ],
      "failExec": [
        {
          "param": [],
          "param_str": ""
        }
      ],
      "beginExec": [
        {
          "type": "QUEST_EXEC_REGISTER_DYNAMIC_GROUP_ONLY",
          "param": ["133107042", "0"],
          "param_str": ""
        },
        {
          "type": "QUEST_EXEC_REGISTER_DYNAMIC_GROUP",
          "param": ["3", "133107069"],
          "param_str": ""
        }
      ],
      "exclusiveNpcList": [1030, 10015, 2054, 10014],
      "exclusiveNpcPriority": 1100
    },
    {
      "subId": 1100816,
      "mainId": 11008,
      "order": 6,
      "descTextMapHash": 180800132,
      "acceptCond": [
        {
          "type": "QUEST_COND_STATE_EQUAL",
          "param": [1100805, 3],
          "param_str": ""
        }
      ],
      "finishCond": [
        {
          "type": "QUEST_CONTENT_FINISH_PLOT",
          "param": [1100816, 0],
          "param_str": ""
        }
      ],
      "failCond": [
        {
          "param": [],
          "param_str": ""
        }
      ],
      "guide": {
        "type": "QUEST_GUIDE_LOCATION",
        "param": ["Q1100812Yanfei"],
        "guideScene": 3,
        "guideStyle": "QUEST_GUIDE_STYLE_POINT"
      },
      "isRewind": true,
      "finishExec": [
        {
          "param": [],
          "param_str": ""
        }
      ],
      "failExec": [
        {
          "param": [],
          "param_str": ""
        }
      ],
      "beginExec": [
        {
          "type": "QUEST_EXEC_REGISTER_DYNAMIC_GROUP_ONLY",
          "param": ["133107042", "0"],
          "param_str": ""
        },
        {
          "type": "QUEST_EXEC_REGISTER_DYNAMIC_GROUP",
          "param": ["3", "133107069"],
          "param_str": ""
        },
        {
          "type": "QUEST_EXEC_SET_QUEST_GLOBAL_VAR",
          "param": ["11008", "1"],
          "param_str": ""
        }
      ],
      "exclusiveNpcList": [1030, 10015, 10014, 2026],
      "exclusiveNpcPriority": 1100
    }
  ],
  "talks": [
    {
      "id": 1100801,
      "beginWay": "TALK_BEGIN_MANUAL",
      "activeMode": "PLAY_MODE_SINGLE",
      "beginCond": [
        {
          "type": "QUEST_COND_STATE_EQUAL",
          "param": ["1100801", "2"],
          "param_str": ""
        }
      ],
      "priority": 5,
      "initDialog": 110080101,
      "npcId": [2093, 1005, 1030],
      "performCfg": "QuestDialogue/WQ/Homeworld_1100801/Q1100801",
      "heroTalk": "TALK_HERO_MAIN",
      "questId": 11008,
      "prePerformCfg": ""
    },
    {
      "id": 1100802,
      "beginWay": "TALK_BEGIN_MANUAL",
      "activeMode": "PLAY_MODE_SINGLE",
      "beginCond": [
        {
          "type": "QUEST_COND_STATE_EQUAL",
          "param": ["1100802", "2"],
          "param_str": ""
        }
      ],
      "priority": 5,
      "initDialog": 110080201,
      "npcId": [1030, 10014, 1005],
      "performCfg": "QuestDialogue/WQ/Homeworld_1100801/Q1100802",
      "heroTalk": "TALK_HERO_MAIN",
      "questId": 11008,
      "prePerformCfg": ""
    },
    {
      "id": 1100804,
      "beginWay": "TALK_BEGIN_AUTO",
      "activeMode": "PLAY_MODE_SINGLE",
      "beginCond": [
        {
          "type": "QUEST_COND_STATE_EQUAL",
          "param": ["1100804", "2"],
          "param_str": ""
        }
      ],
      "priority": 5,
      "initDialog": 110080401,
      "npcId": [10015, 1030, 1005],
      "performCfg": "QuestDialogue/WQ/Homeworld_1100801/Q1100804",
      "heroTalk": "TALK_HERO_MAIN",
      "questId": 11008,
      "prePerformCfg": ""
    },
    {
      "id": 1100805,
      "beginWay": "TALK_BEGIN_MANUAL",
      "activeMode": "PLAY_MODE_SINGLE",
      "beginCond": [
        {
          "type": "QUEST_COND_STATE_EQUAL",
          "param": ["1100805", "2"],
          "param_str": ""
        }
      ],
      "priority": 5,
      "initDialog": 110080501,
      "npcId": [10014, 10015, 1005, 1030],
      "performCfg": "QuestDialogue/WQ/Homeworld_1100801/Q1100805",
      "heroTalk": "TALK_HERO_MAIN",
      "questId": 11008,
      "prePerformCfg": ""
    },
    {
      "id": 1100806,
      "beginWay": "TALK_BEGIN_MANUAL",
      "activeMode": "PLAY_MODE_SINGLE",
      "beginCond": [
        {
          "type": "QUEST_COND_STATE_EQUAL",
          "param": ["1100806", "2"],
          "param_str": ""
        }
      ],
      "priority": 5,
      "initDialog": 110080601,
      "npcId": [2054, 1030],
      "performCfg": "QuestDialogue/WQ/Homeworld_1100801/Q1100806",
      "heroTalk": "TALK_HERO_MAIN",
      "questId": 11008,
      "prePerformCfg": ""
    },
    {
      "id": 1100807,
      "beginWay": "TALK_BEGIN_MANUAL",
      "activeMode": "PLAY_MODE_SINGLE",
      "beginCond": [
        {
          "type": "QUEST_COND_STATE_EQUAL",
          "param": ["1100807", "2"],
          "param_str": ""
        }
      ],
      "priority": 5,
      "initDialog": 110080701,
      "npcId": [2020, 1030, 1005],
      "performCfg": "QuestDialogue/WQ/Homeworld_1100801/Q1100807",
      "heroTalk": "TALK_HERO_MAIN",
      "questId": 11008,
      "prePerformCfg": ""
    },
    {
      "id": 1100809,
      "beginWay": "TALK_BEGIN_MANUAL",
      "activeMode": "PLAY_MODE_SINGLE",
      "beginCond": [
        {
          "type": "QUEST_COND_STATE_EQUAL",
          "param": ["1100809", "2"],
          "param_str": ""
        }
      ],
      "priority": 5,
      "initDialog": 110080901,
      "npcId": [10234, 1030, 1005],
      "performCfg": "QuestDialogue/WQ/Homeworld_1100801/Q1100809",
      "heroTalk": "TALK_HERO_MAIN",
      "questId": 11008,
      "prePerformCfg": ""
    },
    {
      "id": 1100810,
      "beginWay": "TALK_BEGIN_MANUAL",
      "activeMode": "PLAY_MODE_SINGLE",
      "beginCond": [
        {
          "type": "QUEST_COND_STATE_EQUAL",
          "param": ["1100810", "2"],
          "param_str": ""
        }
      ],
      "priority": 5,
      "initDialog": 110081001,
      "npcId": [10014, 1030, 10015, 1005],
      "performCfg": "QuestDialogue/WQ/Homeworld_1100801/Q1100810",
      "heroTalk": "TALK_HERO_MAIN",
      "questId": 11008,
      "prePerformCfg": ""
    },
    {
      "id": 1100811,
      "beginWay": "TALK_BEGIN_MANUAL",
      "activeMode": "PLAY_MODE_SINGLE",
      "beginCond": [
        {
          "type": "QUEST_COND_STATE_EQUAL",
          "param": ["1100811", "2"],
          "param_str": ""
        }
      ],
      "priority": 5,
      "initDialog": 110081101,
      "npcId": [2093, 1030, 1005],
      "performCfg": "QuestDialogue/WQ/Homeworld_1100801/Q1100811",
      "heroTalk": "TALK_HERO_MAIN",
      "questId": 11008,
      "prePerformCfg": ""
    },
    {
      "id": 1100812,
      "beginWay": "TALK_BEGIN_MANUAL",
      "activeMode": "PLAY_MODE_SINGLE",
      "beginCond": [
        {
          "type": "QUEST_COND_STATE_EQUAL",
          "param": ["1100812", "2"],
          "param_str": ""
        }
      ],
      "priority": 5,
      "initDialog": 110081201,
      "npcId": [10015, 1030, 1005],
      "performCfg": "QuestDialogue/WQ/Homeworld_1100801/Q1100812",
      "heroTalk": "TALK_HERO_MAIN",
      "questId": 11008,
      "prePerformCfg": ""
    },
    {
      "id": 1100814,
      "beginWay": "TALK_BEGIN_MANUAL",
      "activeMode": "PLAY_MODE_SINGLE",
      "beginCond": [
        {
          "type": "QUEST_COND_STATE_EQUAL",
          "param": ["1100814", "2"],
          "param_str": ""
        }
      ],
      "priority": 5,
      "initDialog": 110081401,
      "npcId": [2054, 1030, 1005],
      "performCfg": "QuestDialogue/WQ/Homeworld_1100801/Q1100814",
      "heroTalk": "TALK_HERO_MAIN",
      "questId": 11008,
      "prePerformCfg": ""
    },
    {
      "id": 1100815,
      "beginWay": "TALK_BEGIN_MANUAL",
      "activeMode": "PLAY_MODE_SINGLE",
      "beginCond": [
        {
          "type": "QUEST_COND_STATE_EQUAL",
          "param": ["1100815", "2"],
          "param_str": ""
        }
      ],
      "priority": 5,
      "initDialog": 110081501,
      "npcId": [10015, 1005, 1030],
      "performCfg": "QuestDialogue/WQ/Homeworld_1100801/Q1100815",
      "heroTalk": "TALK_HERO_MAIN",
      "questId": 11008,
      "prePerformCfg": ""
    },
    {
      "id": 1100851,
      "beginWay": "TALK_BEGIN_MANUAL",
      "activeMode": "PLAY_MODE_SINGLE",
      "beginCond": [
        {
          "type": "QUEST_COND_STATE_EQUAL",
          "param": ["1100802", "2"],
          "param_str": ""
        }
      ],
      "priority": 5,
      "initDialog": 110080175,
      "npcId": [2093],
      "performCfg": "QuestDialogue/WQ/Homeworld_1100801/Q1100851",
      "heroTalk": "TALK_HERO_MAIN",
      "questId": 11008,
      "prePerformCfg": ""
    },
    {
      "id": 1100852,
      "beginWay": "TALK_BEGIN_MANUAL",
      "activeMode": "PLAY_MODE_SINGLE",
      "beginCond": [
        {
          "type": "QUEST_COND_STATE_EQUAL",
          "param": ["1100804", "2"],
          "param_str": ""
        }
      ],
      "priority": 5,
      "initDialog": 110080216,
      "npcId": [10014],
      "performCfg": "QuestDialogue/WQ/Homeworld_1100801/Q1100852",
      "heroTalk": "TALK_HERO_MAIN",
      "questId": 11008,
      "prePerformCfg": ""
    },
    {
      "id": 1100853,
      "beginWay": "TALK_BEGIN_MANUAL",
      "activeMode": "PLAY_MODE_SINGLE",
      "beginCondComb": "LOGIC_OR",
      "beginCond": [
        {
          "type": "QUEST_COND_STATE_EQUAL",
          "param": ["1100816", "2"],
          "param_str": ""
        },
        {
          "type": "QUEST_COND_STATE_EQUAL",
          "param": ["1100806", "2"],
          "param_str": ""
        },
        {
          "type": "QUEST_COND_STATE_EQUAL",
          "param": ["1100813", "2"],
          "param_str": ""
        },
        {
          "type": "QUEST_COND_STATE_EQUAL",
          "param": ["1100814", "2"],
          "param_str": ""
        },
        {
          "type": "QUEST_COND_STATE_EQUAL",
          "param": ["1100807", "2"],
          "param_str": ""
        },
        {
          "type": "QUEST_COND_STATE_EQUAL",
          "param": ["1100809", "2"],
          "param_str": ""
        }
      ],
      "priority": 5,
      "initDialog": 110080513,
      "npcId": [10014],
      "performCfg": "QuestDialogue/WQ/Homeworld_1100801/Q1100853",
      "heroTalk": "TALK_HERO_MAIN",
      "questId": 11008,
      "prePerformCfg": ""
    },
    {
      "id": 1100854,
      "beginWay": "TALK_BEGIN_MANUAL",
      "activeMode": "PLAY_MODE_SINGLE",
      "beginCond": [
        {
          "type": "QUEST_COND_STATE_EQUAL",
          "param": ["1100810", "2"],
          "param_str": ""
        }
      ],
      "priority": 5,
      "initDialog": 110080918,
      "npcId": [10234],
      "performCfg": "QuestDialogue/WQ/Homeworld_1100801/Q1100854",
      "heroTalk": "TALK_HERO_MAIN",
      "questId": 11008,
      "prePerformCfg": ""
    },
    {
      "id": 1100855,
      "beginWay": "TALK_BEGIN_MANUAL",
      "activeMode": "PLAY_MODE_SINGLE",
      "beginCond": [
        {
          "type": "QUEST_COND_STATE_EQUAL",
          "param": ["1100811", "2"],
          "param_str": ""
        }
      ],
      "priority": 5,
      "initDialog": 110081086,
      "npcId": [10014, 10015],
      "performCfg": "QuestDialogue/WQ/Homeworld_1100801/Q1100855",
      "heroTalk": "TALK_HERO_MAIN",
      "questId": 11008,
      "prePerformCfg": ""
    }
  ]
}
