{
  "id": 11005,
  "type": "LQ",
  "series": 2007,
  "titleTextMapHash": 1914961625,
  "descTextMapHash": 2882995167,
  "luaPath": "Actor/Quest/LQ11005",
  "rewardIdList": [111005],
  "chapterId": 2007,
  "subQuests": [
    {
      "subId": 1100501,
      "mainId": 11005,
      "order": 1,
      "descTextMapHash": 1246567190,
      "acceptCond": [
        {
          "type": "QUEST_COND_STATE_EQUAL",
          "param": [1100403, 3],
          "param_str": ""
        }
      ],
      "finishCond": [
        {
          "type": "QUEST_CONTENT_COMPLETE_TALK",
          "param": [1100501, 0],
          "param_str": ""
        }
      ],
      "failCond": [
        {
          "param": [],
          "param_str": ""
        }
      ],
      "guide": {
        "type": "QUEST_GUIDE_NPC",
        "param": ["163001"],
        "guideScene": 3,
        "guideStyle": "QUEST_GUIDE_STYLE_TARGET",
        "guideLayer": "QUEST_GUIDE_LAYER_SCENE"
      },
      "isRewind": true,
      "finishExec": [
        {
          "param": [],
          "param_str": ""
        }
      ],
      "failExec": [
        {
          "param": [],
          "param_str": ""
        }
      ],
      "beginExec": [
        {
          "param": [],
          "param_str": ""
        }
      ],
      "exclusiveNpcList": [1012, 1537, 1541, 1631],
      "exclusiveNpcPriority": 1100
    },
    {
      "subId": 1100502,
      "mainId": 11005,
      "order": 2,
      "descTextMapHash": 3613881214,
      "acceptCond": [
        {
          "type": "QUEST_COND_STATE_EQUAL",
          "param": [1100501, 3],
          "param_str": ""
        }
      ],
      "finishCond": [
        {
          "type": "QUEST_CONTENT_COMPLETE_TALK",
          "param": [1100502, 0],
          "param_str": ""
        }
      ],
      "failCond": [
        {
          "param": [],
          "param_str": ""
        }
      ],
      "guide": {
        "type": "QUEST_GUIDE_NPC",
        "param": ["1012"],
        "guideScene": 3,
        "guideStyle": "QUEST_GUIDE_STYLE_TARGET",
        "guideLayer": "QUEST_GUIDE_LAYER_SCENE"
      },
      "isRewind": true,
      "finishExec": [
        {
          "param": [],
          "param_str": ""
        }
      ],
      "failExec": [
        {
          "param": [],
          "param_str": ""
        }
      ],
      "beginExec": [
        {
          "type": "QUEST_EXEC_REFRESH_GROUP_SUITE",
          "param": ["3", "133002308,2"],
          "param_str": ""
        }
      ],
      "exclusiveNpcList": [1012, 1537, 1541, 1631],
      "exclusiveNpcPriority": 1100
    },
    {
      "subId": 1100503,
      "mainId": 11005,
      "order": 3,
      "descTextMapHash": 319814206,
      "acceptCond": [
        {
          "type": "QUEST_COND_STATE_EQUAL",
          "param": [1100502, 3],
          "param_str": ""
        }
      ],
      "finishCond": [
        {
          "type": "QUEST_CONTENT_COMPLETE_TALK",
          "param": [1100503, 0],
          "param_str": ""
        }
      ],
      "failCond": [
        {
          "param": [],
          "param_str": ""
        }
      ],
      "guide": {
        "type": "QUEST_GUIDE_NPC",
        "param": ["1012"],
        "guideScene": 3,
        "guideStyle": "QUEST_GUIDE_STYLE_TARGET",
        "guideLayer": "QUEST_GUIDE_LAYER_SCENE"
      },
      "isRewind": true,
      "finishExec": [
        {
          "param": [],
          "param_str": ""
        }
      ],
      "failExec": [
        {
          "param": [],
          "param_str": ""
        }
      ],
      "beginExec": [
        {
          "type": "QUEST_EXEC_REFRESH_GROUP_SUITE",
          "param": ["3", "133002308,2"],
          "param_str": ""
        },
        {
          "type": "QUEST_EXEC_REFRESH_GROUP_SUITE",
          "param": ["3", "133002312,1"],
          "param_str": ""
        }
      ],
      "exclusiveNpcList": [1012, 1537, 1541, 1631],
      "exclusiveNpcPriority": 1100
    },
    {
      "subId": 1100505,
      "mainId": 11005,
      "order": 4,
      "subIdSet": 1,
      "descTextMapHash": 922816478,
      "acceptCondComb": "LOGIC_AND",
      "acceptCond": [
        {
          "type": "QUEST_COND_STATE_EQUAL",
          "param": [1100503, 3],
          "param_str": ""
        },
        {
          "type": "QUEST_COND_STATE_EQUAL",
          "param": [1100504, 2],
          "param_str": ""
        }
      ],
      "finishCond": [
        {
          "type": "QUEST_CONTENT_OBTAIN_ITEM",
          "param": [100014, 0],
          "param_str": "",
          "count": 1
        }
      ],
      "failCond": [
        {
          "type": "QUEST_CONTENT_ADD_QUEST_PROGRESS",
          "param": [1100504, 0],
          "param_str": "",
          "count": 1
        }
      ],
      "guide": {},
      "finishExec": [
        {
          "param": [],
          "param_str": ""
        }
      ],
      "failExec": [
        {
          "param": [],
          "param_str": ""
        }
      ],
      "beginExec": [
        {
          "type": "QUEST_EXEC_REFRESH_GROUP_SUITE",
          "param": ["3", "133002308,2"],
          "param_str": ""
        }
      ],
      "exclusiveNpcList": [1012, 1537, 1541, 1631],
      "exclusiveNpcPriority": 1100
    },
    {
      "subId": 1100506,
      "mainId": 11005,
      "order": 5,
      "descTextMapHash": 300114086,
      "acceptCondComb": "LOGIC_AND",
      "acceptCond": [
        {
          "type": "QUEST_COND_STATE_EQUAL",
          "param": [1100505, 3],
          "param_str": ""
        },
        {
          "type": "QUEST_COND_STATE_EQUAL",
          "param": [1100504, 2],
          "param_str": ""
        }
      ],
      "finishCond": [
        {
          "type": "QUEST_CONTENT_INTERACT_GADGET",
          "param": [70710030, 0],
          "param_str": ""
        }
      ],
      "failCond": [
        {
          "type": "QUEST_CONTENT_ADD_QUEST_PROGRESS",
          "param": [1100504, 0],
          "param_str": "",
          "count": 1
        }
      ],
      "guide": {
        "type": "QUEST_GUIDE_LOCATION",
        "param": ["Q1100506Wash"],
        "guideScene": 3,
        "guideStyle": "QUEST_GUIDE_STYLE_TARGET",
        "guideLayer": "QUEST_GUIDE_LAYER_SCENE"
      },
      "showGuide": "QUEST_GUIDE_ITEM_DISABLE",
      "finishExec": [
        {
          "type": "QUEST_EXEC_DEL_PACK_ITEM",
          "param": ["100014", "1"],
          "param_str": ""
        }
      ],
      "failExec": [
        {
          "param": [],
          "param_str": ""
        }
      ],
      "beginExec": [
        {
          "type": "QUEST_EXEC_REFRESH_GROUP_SUITE",
          "param": ["3", "133002308,2"],
          "param_str": ""
        }
      ],
      "exclusiveNpcList": [1012, 1537, 1541, 1631],
      "exclusiveNpcPriority": 1100
    },
    {
      "subId": 1100507,
      "mainId": 11005,
      "order": 6,
      "descTextMapHash": 3194857030,
      "showType": "QUEST_HIDDEN",
      "acceptCondComb": "LOGIC_AND",
      "acceptCond": [
        {
          "type": "QUEST_COND_STATE_EQUAL",
          "param": [1100506, 3],
          "param_str": ""
        },
        {
          "type": "QUEST_COND_STATE_EQUAL",
          "param": [1100504, 2],
          "param_str": ""
        }
      ],
      "finishCond": [
        {
          "type": "QUEST_CONTENT_CLEAR_GROUP_MONSTER",
          "param": [133002312, 0],
          "param_str": ""
        }
      ],
      "failCond": [
        {
          "type": "QUEST_CONTENT_NOT_FINISH_PLOT",
          "param": [1100507, 0],
          "param_str": ""
        }
      ],
      "guide": {},
      "finishExec": [
        {
          "type": "QUEST_EXEC_REFRESH_GROUP_SUITE",
          "param": ["3", "133002312,1"],
          "param_str": ""
        }
      ],
      "failExec": [
        {
          "param": [],
          "param_str": ""
        }
      ],
      "beginExec": [
        {
          "type": "QUEST_EXEC_REFRESH_GROUP_SUITE",
          "param": ["3", "133002308,2"],
          "param_str": ""
        },
        {
          "type": "QUEST_EXEC_REFRESH_GROUP_SUITE",
          "param": ["3", "133002312,2"],
          "param_str": ""
        }
      ]
    },
    {
      "subId": 1100508,
      "mainId": 11005,
      "order": 7,
      "descTextMapHash": 501638950,
      "acceptCondComb": "LOGIC_AND",
      "acceptCond": [
        {
          "type": "QUEST_COND_STATE_EQUAL",
          "param": [1100506, 3],
          "param_str": ""
        },
        {
          "type": "QUEST_COND_STATE_EQUAL",
          "param": [1100504, 2],
          "param_str": ""
        }
      ],
      "finishCond": [
        {
          "type": "QUEST_CONTENT_COMPLETE_TALK",
          "param": [1100508, 0],
          "param_str": ""
        }
      ],
      "failCond": [
        {
          "type": "QUEST_CONTENT_ADD_QUEST_PROGRESS",
          "param": [1100504, 0],
          "param_str": "",
          "count": 1
        }
      ],
      "guide": {
        "type": "QUEST_GUIDE_NPC",
        "param": ["1012"],
        "guideScene": 3,
        "guideStyle": "QUEST_GUIDE_STYLE_TARGET",
        "guideLayer": "QUEST_GUIDE_LAYER_SCENE"
      },
      "finishExec": [
        {
          "type": "QUEST_EXEC_DEL_ALL_SPECIFIC_PACK_ITEM",
          "param": ["100355", "0"],
          "param_str": ""
        }
      ],
      "failExec": [
        {
          "param": [],
          "param_str": ""
        }
      ],
      "beginExec": [
        {
          "type": "QUEST_EXEC_REFRESH_GROUP_SUITE",
          "param": ["3", "133002308,2"],
          "param_str": ""
        }
      ],
      "exclusiveNpcList": [1012, 1537, 1541, 1631],
      "exclusiveNpcPriority": 1100
    },
    {
      "subId": 1100509,
      "mainId": 11005,
      "order": 8,
      "descTextMapHash": 2981205190,
      "acceptCondComb": "LOGIC_AND",
      "acceptCond": [
        {
          "type": "QUEST_COND_STATE_EQUAL",
          "param": [1100508, 3],
          "param_str": ""
        },
        {
          "type": "QUEST_COND_STATE_EQUAL",
          "param": [1100504, 2],
          "param_str": ""
        }
      ],
      "finishCondComb": "LOGIC_AND",
      "finishCond": [
        {
          "type": "QUEST_CONTENT_INTERACT_GADGET",
          "param": [70710031, 0],
          "param_str": ""
        },
        {
          "type": "QUEST_CONTENT_INTERACT_GADGET",
          "param": [70710032, 0],
          "param_str": ""
        },
        {
          "type": "QUEST_CONTENT_INTERACT_GADGET",
          "param": [70710033, 0],
          "param_str": ""
        }
      ],
      "failCond": [
        {
          "type": "QUEST_CONTENT_NOT_FINISH_PLOT",
          "param": [1100509, 0],
          "param_str": ""
        }
      ],
      "guide": {},
      "finishExec": [
        {
          "param": [],
          "param_str": ""
        }
      ],
      "failExec": [
        {
          "param": [],
          "param_str": ""
        }
      ],
      "beginExec": [
        {
          "type": "QUEST_EXEC_REFRESH_GROUP_SUITE",
          "param": ["3", "133002308,2"],
          "param_str": ""
        }
      ],
      "exclusiveNpcPriority": 1100
    },
    {
      "subId": 1100510,
      "mainId": 11005,
      "order": 9,
      "descTextMapHash": 956292086,
      "acceptCondComb": "LOGIC_AND",
      "acceptCond": [
        {
          "type": "QUEST_COND_STATE_EQUAL",
          "param": [1100508, 3],
          "param_str": ""
        },
        {
          "type": "QUEST_COND_STATE_EQUAL",
          "param": [1100504, 2],
          "param_str": ""
        }
      ],
      "finishCondComb": "LOGIC_OR",
      "finishCond": [
        {
          "type": "QUEST_CONTENT_COMPLETE_TALK",
          "param": [1100510, 0],
          "param_str": ""
        },
        {
          "type": "QUEST_CONTENT_COMPLETE_TALK",
          "param": [1100509, 0],
          "param_str": ""
        }
      ],
      "failCond": [
        {
          "type": "QUEST_CONTENT_ADD_QUEST_PROGRESS",
          "param": [1100504, 0],
          "param_str": "",
          "count": 1
        }
      ],
      "guide": {
        "type": "QUEST_GUIDE_NPC",
        "param": ["1012"],
        "guideScene": 3,
        "guideStyle": "QUEST_GUIDE_STYLE_TARGET",
        "guideLayer": "QUEST_GUIDE_LAYER_SCENE"
      },
      "finishExec": [
        {
          "param": [],
          "param_str": ""
        }
      ],
      "failExec": [
        {
          "param": [],
          "param_str": ""
        }
      ],
      "beginExec": [
        {
          "type": "QUEST_EXEC_REFRESH_GROUP_SUITE",
          "param": ["3", "133002308,2"],
          "param_str": ""
        }
      ],
      "exclusiveNpcList": [1012, 1537, 1541, 1631],
      "exclusiveNpcPriority": 1100
    },
    {
      "subId": 1100511,
      "mainId": 11005,
      "order": 10,
      "subIdSet": 2,
      "descTextMapHash": 1137627342,
      "acceptCondComb": "LOGIC_AND",
      "acceptCond": [
        {
          "type": "QUEST_COND_STATE_EQUAL",
          "param": [1100510, 3],
          "param_str": ""
        },
        {
          "type": "QUEST_COND_STATE_EQUAL",
          "param": [1100504, 2],
          "param_str": ""
        }
      ],
      "finishCond": [
        {
          "type": "QUEST_CONTENT_OBTAIN_ITEM",
          "param": [108013, 0],
          "param_str": "",
          "count": 1
        }
      ],
      "failCond": [
        {
          "type": "QUEST_CONTENT_ADD_QUEST_PROGRESS",
          "param": [1100504, 0],
          "param_str": "",
          "count": 1
        }
      ],
      "guide": {},
      "finishExec": [
        {
          "param": [],
          "param_str": ""
        }
      ],
      "failExec": [
        {
          "param": [],
          "param_str": ""
        }
      ],
      "beginExec": [
        {
          "type": "QUEST_EXEC_REFRESH_GROUP_SUITE",
          "param": ["3", "133002308,2"],
          "param_str": ""
        }
      ],
      "exclusiveNpcList": [1012, 1537, 1541, 1631],
      "exclusiveNpcPriority": 1100
    },
    {
      "subId": 1100512,
      "mainId": 11005,
      "order": 11,
      "descTextMapHash": 348735086,
      "acceptCondComb": "LOGIC_AND",
      "acceptCond": [
        {
          "type": "QUEST_COND_STATE_EQUAL",
          "param": [1100511, 3],
          "param_str": ""
        },
        {
          "type": "QUEST_COND_STATE_EQUAL",
          "param": [1100504, 2],
          "param_str": ""
        }
      ],
      "finishCond": [
        {
          "type": "QUEST_CONTENT_COMPLETE_TALK",
          "param": [1100512, 0],
          "param_str": ""
        }
      ],
      "failCond": [
        {
          "type": "QUEST_CONTENT_ADD_QUEST_PROGRESS",
          "param": [1100504, 0],
          "param_str": "",
          "count": 1
        }
      ],
      "guide": {
        "type": "QUEST_GUIDE_NPC",
        "param": ["1012"],
        "guideScene": 3,
        "guideStyle": "QUEST_GUIDE_STYLE_TARGET",
        "guideLayer": "QUEST_GUIDE_LAYER_SCENE"
      },
      "finishExec": [
        {
          "type": "QUEST_EXEC_DEL_PACK_ITEM",
          "param": ["108013", "1"],
          "param_str": ""
        }
      ],
      "failExec": [
        {
          "param": [],
          "param_str": ""
        }
      ],
      "beginExec": [
        {
          "type": "QUEST_EXEC_REFRESH_GROUP_SUITE",
          "param": ["3", "133002308,2"],
          "param_str": ""
        }
      ],
      "exclusiveNpcList": [1012, 1537, 1541, 1631],
      "exclusiveNpcPriority": 1100
    },
    {
      "subId": 1100513,
      "mainId": 11005,
      "order": 12,
      "descTextMapHash": 498922822,
      "acceptCondComb": "LOGIC_AND",
      "acceptCond": [
        {
          "type": "QUEST_COND_STATE_EQUAL",
          "param": [1100512, 3],
          "param_str": ""
        },
        {
          "type": "QUEST_COND_STATE_EQUAL",
          "param": [1100504, 2],
          "param_str": ""
        }
      ],
      "finishCond": [
        {
          "type": "QUEST_CONTENT_FINISH_ITEM_GIVING",
          "param": [8, 0],
          "param_str": ""
        }
      ],
      "failCond": [
        {
          "type": "QUEST_CONTENT_ADD_QUEST_PROGRESS",
          "param": [1100504, 0],
          "param_str": "",
          "count": 1
        }
      ],
      "guide": {
        "type": "QUEST_GUIDE_NPC",
        "param": ["1012"],
        "guideScene": 3,
        "guideStyle": "QUEST_GUIDE_STYLE_TARGET",
        "guideLayer": "QUEST_GUIDE_LAYER_SCENE"
      },
      "finishExec": [
        {
          "param": [],
          "param_str": ""
        }
      ],
      "failExec": [
        {
          "param": [],
          "param_str": ""
        }
      ],
      "beginExec": [
        {
          "type": "QUEST_EXEC_REFRESH_GROUP_SUITE",
          "param": ["3", "133002308,2"],
          "param_str": ""
        },
        {
          "type": "QUEST_EXEC_ACTIVE_ITEM_GIVING",
          "param": ["8", "0"],
          "param_str": ""
        }
      ],
      "exclusiveNpcList": [1012, 1537, 1541, 1631],
      "exclusiveNpcPriority": 1100
    },
    {
      "subId": 1100514,
      "mainId": 11005,
      "order": 13,
      "descTextMapHash": 91316878,
      "acceptCondComb": "LOGIC_AND",
      "acceptCond": [
        {
          "type": "QUEST_COND_STATE_EQUAL",
          "param": [1100513, 3],
          "param_str": ""
        },
        {
          "type": "QUEST_COND_STATE_EQUAL",
          "param": [1100504, 2],
          "param_str": ""
        }
      ],
      "finishCond": [
        {
          "type": "QUEST_CONTENT_COMPLETE_TALK",
          "param": [1100514, 0],
          "param_str": ""
        }
      ],
      "failCond": [
        {
          "type": "QUEST_CONTENT_ADD_QUEST_PROGRESS",
          "param": [1100504, 0],
          "param_str": "",
          "count": 1
        }
      ],
      "guide": {
        "type": "QUEST_GUIDE_NPC",
        "param": ["1012"],
        "guideScene": 3,
        "guideStyle": "QUEST_GUIDE_STYLE_TARGET",
        "guideLayer": "QUEST_GUIDE_LAYER_SCENE"
      },
      "finishExec": [
        {
          "param": [],
          "param_str": ""
        }
      ],
      "failExec": [
        {
          "param": [],
          "param_str": ""
        }
      ],
      "beginExec": [
        {
          "type": "QUEST_EXEC_REFRESH_GROUP_SUITE",
          "param": ["3", "133002308,2"],
          "param_str": ""
        }
      ],
      "exclusiveNpcList": [1012, 1537, 1541, 1631],
      "exclusiveNpcPriority": 1100
    },
    {
      "subId": 1100504,
      "mainId": 11005,
      "order": 14,
      "descTextMapHash": 150745558,
      "showType": "QUEST_HIDDEN",
      "acceptCond": [
        {
          "type": "QUEST_COND_STATE_EQUAL",
          "param": [1100503, 3],
          "param_str": ""
        }
      ],
      "finishCond": [
        {
          "type": "QUEST_CONTENT_FINISH_PLOT",
          "param": [1100504, 0],
          "param_str": ""
        }
      ],
      "failCond": [
        {
          "type": "QUEST_CONTENT_NOT_FINISH_PLOT",
          "param": [1100504, 0],
          "param_str": ""
        }
      ],
      "guide": {},
      "finishExec": [
        {
          "type": "QUEST_EXEC_ADD_QUEST_PROGRESS",
          "param": ["1100504", "1"],
          "param_str": ""
        },
        {
          "type": "QUEST_EXEC_REFRESH_GROUP_SUITE",
          "param": ["3", "133002312,1"],
          "param_str": ""
        },
        {
          "type": "QUEST_EXEC_DEL_ALL_SPECIFIC_PACK_ITEM",
          "param": ["100355", "0"],
          "param_str": ""
        }
      ],
      "failExec": [
        {
          "type": "QUEST_EXEC_ROLLBACK_QUEST",
          "param": ["1100503", "0"],
          "param_str": ""
        },
        {
          "type": "QUEST_EXEC_REFRESH_GROUP_SUITE",
          "param": ["3", "133002312,1"],
          "param_str": ""
        },
        {
          "type": "QUEST_EXEC_DEL_ALL_SPECIFIC_PACK_ITEM",
          "param": ["100355", "0"],
          "param_str": ""
        }
      ],
      "beginExec": [
        {
          "type": "QUEST_EXEC_REFRESH_GROUP_SUITE",
          "param": ["3", "133002308,2"],
          "param_str": ""
        }
      ]
    },
    {
      "subId": 1100515,
      "mainId": 11005,
      "order": 15,
      "descTextMapHash": 1903539502,
      "acceptCond": [
        {
          "type": "QUEST_COND_STATE_EQUAL",
          "param": [1100504, 3],
          "param_str": ""
        }
      ],
      "finishCond": [
        {
          "type": "QUEST_CONTENT_COMPLETE_TALK",
          "param": [1100515, 0],
          "param_str": ""
        }
      ],
      "failCond": [
        {
          "param": [],
          "param_str": ""
        }
      ],
      "guide": {
        "type": "QUEST_GUIDE_NPC",
        "param": ["1012"],
        "guideScene": 3,
        "guideStyle": "QUEST_GUIDE_STYLE_TARGET",
        "guideLayer": "QUEST_GUIDE_LAYER_SCENE"
      },
      "isRewind": true,
      "finishExec": [
        {
          "param": [],
          "param_str": ""
        }
      ],
      "failExec": [
        {
          "param": [],
          "param_str": ""
        }
      ],
      "beginExec": [
        {
          "type": "QUEST_EXEC_REFRESH_GROUP_SUITE",
          "param": ["3", "133002308,2"],
          "param_str": ""
        }
      ],
      "exclusiveNpcList": [1012, 1537, 1541, 1631],
      "exclusiveNpcPriority": 1100
    },
    {
      "subId": 1100599,
      "mainId": 11005,
      "order": 16,
      "descTextMapHash": 4053563054,
      "showType": "QUEST_HIDDEN",
      "acceptCond": [
        {
          "type": "QUEST_COND_STATE_EQUAL",
          "param": [1100515, 3],
          "param_str": ""
        }
      ],
      "finishCond": [
        {
          "type": "QUEST_CONTENT_FINISH_PLOT",
          "param": [1100599, 0],
          "param_str": ""
        }
      ],
      "failCond": [
        {
          "param": [],
          "param_str": ""
        }
      ],
      "guide": {},
      "finishExec": [
        {
          "param": [],
          "param_str": ""
        }
      ],
      "failExec": [
        {
          "param": [],
          "param_str": ""
        }
      ],
      "beginExec": [
        {
          "param": [],
          "param_str": ""
        }
      ]
    },
    {
      "subId": 1100516,
      "mainId": 11005,
      "order": 17,
      "subIdSet": 3,
      "descTextMapHash": 4236009038,
      "acceptCond": [
        {
          "type": "QUEST_COND_STATE_EQUAL",
          "param": [1100515, 3],
          "param_str": ""
        }
      ],
      "finishCond": [
        {
          "type": "QUEST_CONTENT_OBTAIN_ITEM",
          "param": [108070, 0],
          "param_str": "",
          "count": 1
        }
      ],
      "failCond": [
        {
          "param": [],
          "param_str": ""
        }
      ],
      "guide": {},
      "isRewind": true,
      "finishExec": [
        {
          "param": [],
          "param_str": ""
        }
      ],
      "failExec": [
        {
          "param": [],
          "param_str": ""
        }
      ],
      "beginExec": [
        {
          "type": "QUEST_EXEC_REFRESH_GROUP_SUITE",
          "param": ["3", "133002308,2"],
          "param_str": ""
        }
      ],
      "exclusiveNpcList": [1012, 1537, 1541, 1631],
      "exclusiveNpcPriority": 1100
    },
    {
      "subId": 1100517,
      "mainId": 11005,
      "order": 18,
      "descTextMapHash": 942893382,
      "acceptCond": [
        {
          "type": "QUEST_COND_STATE_EQUAL",
          "param": [1100516, 3],
          "param_str": ""
        }
      ],
      "finishCond": [
        {
          "type": "QUEST_CONTENT_COMPLETE_TALK",
          "param": [1100517, 0],
          "param_str": ""
        }
      ],
      "failCond": [
        {
          "param": [],
          "param_str": ""
        }
      ],
      "guide": {
        "type": "QUEST_GUIDE_NPC",
        "param": ["1012"],
        "guideScene": 3,
        "guideStyle": "QUEST_GUIDE_STYLE_TARGET",
        "guideLayer": "QUEST_GUIDE_LAYER_SCENE"
      },
      "isRewind": true,
      "finishExec": [
        {
          "type": "QUEST_EXEC_DEL_PACK_ITEM",
          "param": ["108070", "1"],
          "param_str": ""
        }
      ],
      "failExec": [
        {
          "param": [],
          "param_str": ""
        }
      ],
      "beginExec": [
        {
          "type": "QUEST_EXEC_REFRESH_GROUP_SUITE",
          "param": ["3", "133002308,2"],
          "param_str": ""
        }
      ],
      "exclusiveNpcList": [1012, 1537, 1541, 1631],
      "exclusiveNpcPriority": 1100
    },
    {
      "subId": 1100518,
      "mainId": 11005,
      "order": 19,
      "descTextMapHash": 2415247558,
      "acceptCond": [
        {
          "type": "QUEST_COND_STATE_EQUAL",
          "param": [1100517, 3],
          "param_str": ""
        }
      ],
      "finishCond": [
        {
          "type": "QUEST_CONTENT_COMPLETE_TALK",
          "param": [1100518, 0],
          "param_str": ""
        }
      ],
      "failCond": [
        {
          "param": [],
          "param_str": ""
        }
      ],
      "guide": {
        "type": "QUEST_GUIDE_NPC",
        "param": ["153701"],
        "guideScene": 3,
        "guideStyle": "QUEST_GUIDE_STYLE_TARGET",
        "guideLayer": "QUEST_GUIDE_LAYER_SCENE"
      },
      "isRewind": true,
      "finishExec": [
        {
          "param": [],
          "param_str": ""
        }
      ],
      "failExec": [
        {
          "param": [],
          "param_str": ""
        }
      ],
      "beginExec": [
        {
          "type": "QUEST_EXEC_REFRESH_GROUP_SUITE",
          "param": ["3", "133002308,2"],
          "param_str": ""
        }
      ],
      "exclusiveNpcList": [1012, 1537, 1541, 1631],
      "exclusiveNpcPriority": 1100
    },
    {
      "subId": 1100519,
      "mainId": 11005,
      "order": 20,
      "descTextMapHash": 1523629766,
      "acceptCond": [
        {
          "type": "QUEST_COND_STATE_EQUAL",
          "param": [1100518, 3],
          "param_str": ""
        }
      ],
      "finishCond": [
        {
          "type": "QUEST_CONTENT_COMPLETE_TALK",
          "param": [1100519, 0],
          "param_str": ""
        }
      ],
      "failCond": [
        {
          "param": [],
          "param_str": ""
        }
      ],
      "guide": {
        "type": "QUEST_GUIDE_NPC",
        "param": ["1012"],
        "guideScene": 3,
        "guideStyle": "QUEST_GUIDE_STYLE_FINISH",
        "guideLayer": "QUEST_GUIDE_LAYER_SCENE"
      },
      "finishParent": true,
      "isRewind": true,
      "finishExec": [
        {
          "type": "QUEST_EXEC_REFRESH_GROUP_SUITE",
          "param": ["3", "133002308,1"],
          "param_str": ""
        }
      ],
      "failExec": [
        {
          "param": [],
          "param_str": ""
        }
      ],
      "beginExec": [
        {
          "param": [],
          "param_str": ""
        }
      ],
      "exclusiveNpcList": [1012],
      "exclusiveNpcPriority": 1100
    }
  ],
  "talks": [
    {
      "id": 1100501,
      "beginWay": "TALK_BEGIN_MANUAL",
      "activeMode": "PLAY_MODE_SINGLE",
      "beginCond": [
        {
          "type": "QUEST_COND_STATE_EQUAL",
          "param": ["1100501", "2"],
          "param_str": ""
        }
      ],
      "priority": 5,
      "initDialog": 110050101,
      "npcId": [163001],
      "performCfg": "QuestDialogue/LQ/Xiangling1_11005/Q1100501",
      "heroTalk": "TALK_HERO_MAIN",
      "questId": 11005,
      "prePerformCfg": ""
    },
    {
      "id": 1100502,
      "beginWay": "TALK_BEGIN_MANUAL",
      "activeMode": "PLAY_MODE_SINGLE",
      "beginCond": [
        {
          "type": "QUEST_COND_STATE_EQUAL",
          "param": ["1100502", "2"],
          "param_str": ""
        }
      ],
      "priority": 5,
      "initDialog": 110050201,
      "npcId": [1012],
      "performCfg": "QuestDialogue/LQ/Xiangling1_11005/Q1100502",
      "heroTalk": "TALK_HERO_MAIN",
      "questId": 11005,
      "prePerformCfg": ""
    },
    {
      "id": 1100503,
      "beginWay": "TALK_BEGIN_MANUAL",
      "activeMode": "PLAY_MODE_SINGLE",
      "beginCond": [
        {
          "type": "QUEST_COND_STATE_EQUAL",
          "param": ["1100503", "2"],
          "param_str": ""
        }
      ],
      "priority": 5,
      "initDialog": 110050301,
      "npcId": [1012],
      "performCfg": "QuestDialogue/LQ/Xiangling1_11005/Q1100503",
      "heroTalk": "TALK_HERO_MAIN",
      "questId": 11005,
      "prePerformCfg": ""
    },
    {
      "id": 1100599,
      "beginWay": "TALK_BEGIN_MANUAL",
      "activeMode": "PLAY_MODE_SINGLE",
      "beginCondComb": "LOGIC_OR",
      "beginCond": [
        {
          "type": "QUEST_COND_STATE_EQUAL",
          "param": ["1100504", "2"],
          "param_str": ""
        },
        {
          "type": "QUEST_COND_STATE_EQUAL",
          "param": ["1100503", "2"],
          "param_str": ""
        }
      ],
      "priority": 5,
      "initDialog": 110059901,
      "npcId": [153701],
      "performCfg": "",
      "heroTalk": "TALK_HERO_MAIN",
      "questId": 11005,
      "prePerformCfg": ""
    },
    {
      "id": 1100598,
      "beginWay": "TALK_BEGIN_MANUAL",
      "activeMode": "PLAY_MODE_SINGLE",
      "beginCondComb": "LOGIC_OR",
      "beginCond": [
        {
          "type": "QUEST_COND_STATE_EQUAL",
          "param": ["1100504", "2"],
          "param_str": ""
        },
        {
          "type": "QUEST_COND_STATE_EQUAL",
          "param": ["1100503", "2"],
          "param_str": ""
        }
      ],
      "priority": 5,
      "initDialog": 110059801,
      "npcId": [154101],
      "performCfg": "",
      "heroTalk": "TALK_HERO_MAIN",
      "questId": 11005,
      "prePerformCfg": ""
    },
    {
      "id": 1100597,
      "beginWay": "TALK_BEGIN_MANUAL",
      "activeMode": "PLAY_MODE_SINGLE",
      "beginCondComb": "LOGIC_OR",
      "beginCond": [
        {
          "type": "QUEST_COND_STATE_EQUAL",
          "param": ["1100505", "2"],
          "param_str": ""
        },
        {
          "type": "QUEST_COND_STATE_EQUAL",
          "param": ["1100506", "2"],
          "param_str": ""
        }
      ],
      "priority": 5,
      "initDialog": 110059701,
      "npcId": [1012],
      "performCfg": "",
      "heroTalk": "TALK_HERO_MAIN",
      "questId": 11005,
      "prePerformCfg": ""
    },
    {
      "id": 1100508,
      "beginWay": "TALK_BEGIN_MANUAL",
      "activeMode": "PLAY_MODE_SINGLE",
      "beginCond": [
        {
          "type": "QUEST_COND_STATE_EQUAL",
          "param": ["1100508", "2"],
          "param_str": ""
        }
      ],
      "priority": 5,
      "initDialog": 110050801,
      "npcId": [1012],
      "performCfg": "QuestDialogue/LQ/Xiangling1_11005/Q1100508",
      "heroTalk": "TALK_HERO_MAIN",
      "questId": 11005,
      "prePerformCfg": ""
    },
    {
      "id": 1100596,
      "beginWay": "TALK_BEGIN_MANUAL",
      "activeMode": "PLAY_MODE_SINGLE",
      "beginCond": [
        {
          "type": "QUEST_COND_STATE_EQUAL",
          "param": ["1100509", "2"],
          "param_str": ""
        }
      ],
      "priority": 5,
      "initDialog": 110059601,
      "npcId": [1012],
      "performCfg": "",
      "heroTalk": "TALK_HERO_MAIN",
      "questId": 11005,
      "prePerformCfg": ""
    },
    {
      "id": 1100509,
      "beginWay": "TALK_BEGIN_MANUAL",
      "activeMode": "PLAY_MODE_SINGLE",
      "beginCondComb": "LOGIC_AND",
      "beginCond": [
        {
          "type": "QUEST_COND_STATE_EQUAL",
          "param": ["1100510", "2"],
          "param_str": ""
        },
        {
          "type": "QUEST_COND_STATE_EQUAL",
          "param": ["1100509", "3"],
          "param_str": ""
        }
      ],
      "priority": 5,
      "initDialog": 110051001,
      "npcId": [1012],
      "performCfg": "QuestDialogue/LQ/Xiangling1_11005/Q1100509",
      "heroTalk": "TALK_HERO_MAIN",
      "questId": 11005,
      "prePerformCfg": ""
    },
    {
      "id": 1100510,
      "beginWay": "TALK_BEGIN_MANUAL",
      "activeMode": "PLAY_MODE_SINGLE",
      "beginCondComb": "LOGIC_AND",
      "beginCond": [
        {
          "type": "QUEST_COND_STATE_EQUAL",
          "param": ["1100510", "2"],
          "param_str": ""
        },
        {
          "type": "QUEST_COND_STATE_EQUAL",
          "param": ["1100509", "4"],
          "param_str": ""
        }
      ],
      "priority": 5,
      "initDialog": 110051002,
      "npcId": [1012],
      "performCfg": "QuestDialogue/LQ/Xiangling1_11005/Q1100510",
      "heroTalk": "TALK_HERO_MAIN",
      "questId": 11005,
      "prePerformCfg": ""
    },
    {
      "id": 1100595,
      "beginWay": "TALK_BEGIN_MANUAL",
      "activeMode": "PLAY_MODE_SINGLE",
      "beginCond": [
        {
          "type": "QUEST_COND_STATE_EQUAL",
          "param": ["1100511", "2"],
          "param_str": ""
        }
      ],
      "priority": 5,
      "initDialog": 110059501,
      "npcId": [1012],
      "performCfg": "",
      "heroTalk": "TALK_HERO_MAIN",
      "questId": 11005,
      "prePerformCfg": ""
    },
    {
      "id": 1100594,
      "beginWay": "TALK_BEGIN_MANUAL",
      "activeMode": "PLAY_MODE_SINGLE",
      "beginCondComb": "LOGIC_OR",
      "beginCond": [
        {
          "type": "QUEST_COND_STATE_EQUAL",
          "param": ["1100504", "2"],
          "param_str": ""
        },
        {
          "type": "QUEST_COND_STATE_EQUAL",
          "param": ["1100503", "2"],
          "param_str": ""
        }
      ],
      "priority": 5,
      "initDialog": 110059803,
      "npcId": [163101],
      "performCfg": "",
      "heroTalk": "TALK_HERO_MAIN",
      "questId": 11005,
      "prePerformCfg": ""
    },
    {
      "id": 1100592,
      "beginWay": "TALK_BEGIN_MANUAL",
      "activeMode": "PLAY_MODE_SINGLE",
      "beginCondComb": "LOGIC_OR",
      "beginCond": [
        {
          "type": "QUEST_COND_STATE_EQUAL",
          "param": ["1100515", "2"],
          "param_str": ""
        },
        {
          "type": "QUEST_COND_STATE_EQUAL",
          "param": ["1100516", "2"],
          "param_str": ""
        },
        {
          "type": "QUEST_COND_STATE_EQUAL",
          "param": ["1100517", "2"],
          "param_str": ""
        }
      ],
      "priority": 5,
      "initDialog": 110059901,
      "npcId": [153701],
      "performCfg": "",
      "heroTalk": "TALK_HERO_MAIN",
      "questId": 11005,
      "prePerformCfg": ""
    },
    {
      "id": 1100591,
      "beginWay": "TALK_BEGIN_MANUAL",
      "activeMode": "PLAY_MODE_SINGLE",
      "beginCondComb": "LOGIC_OR",
      "beginCond": [
        {
          "type": "QUEST_COND_STATE_EQUAL",
          "param": ["1100515", "2"],
          "param_str": ""
        },
        {
          "type": "QUEST_COND_STATE_EQUAL",
          "param": ["1100516", "2"],
          "param_str": ""
        },
        {
          "type": "QUEST_COND_STATE_EQUAL",
          "param": ["1100517", "2"],
          "param_str": ""
        }
      ],
      "priority": 5,
      "initDialog": 110059801,
      "npcId": [154101],
      "performCfg": "",
      "heroTalk": "TALK_HERO_MAIN",
      "questId": 11005,
      "prePerformCfg": ""
    },
    {
      "id": 1100590,
      "beginWay": "TALK_BEGIN_MANUAL",
      "activeMode": "PLAY_MODE_SINGLE",
      "beginCondComb": "LOGIC_OR",
      "beginCond": [
        {
          "type": "QUEST_COND_STATE_EQUAL",
          "param": ["1100515", "2"],
          "param_str": ""
        },
        {
          "type": "QUEST_COND_STATE_EQUAL",
          "param": ["1100516", "2"],
          "param_str": ""
        },
        {
          "type": "QUEST_COND_STATE_EQUAL",
          "param": ["1100517", "2"],
          "param_str": ""
        }
      ],
      "priority": 5,
      "initDialog": 110059803,
      "npcId": [163101],
      "performCfg": "",
      "heroTalk": "TALK_HERO_MAIN",
      "questId": 11005,
      "prePerformCfg": ""
    },
    {
      "id": 1100589,
      "beginWay": "TALK_BEGIN_MANUAL",
      "activeMode": "PLAY_MODE_SINGLE",
      "beginCondComb": "LOGIC_OR",
      "beginCond": [
        {
          "type": "QUEST_COND_STATE_EQUAL",
          "param": ["1100504", "2"],
          "param_str": ""
        },
        {
          "type": "QUEST_COND_STATE_EQUAL",
          "param": ["1100503", "2"],
          "param_str": ""
        }
      ],
      "priority": 5,
      "initDialog": 110059805,
      "npcId": [163001],
      "performCfg": "",
      "heroTalk": "TALK_HERO_MAIN",
      "questId": 11005,
      "prePerformCfg": ""
    },
    {
      "id": 1100588,
      "beginWay": "TALK_BEGIN_MANUAL",
      "activeMode": "PLAY_MODE_SINGLE",
      "beginCondComb": "LOGIC_OR",
      "beginCond": [
        {
          "type": "QUEST_COND_STATE_EQUAL",
          "param": ["1100515", "2"],
          "param_str": ""
        },
        {
          "type": "QUEST_COND_STATE_EQUAL",
          "param": ["1100516", "2"],
          "param_str": ""
        },
        {
          "type": "QUEST_COND_STATE_EQUAL",
          "param": ["1100517", "2"],
          "param_str": ""
        }
      ],
      "priority": 5,
      "initDialog": 110059805,
      "npcId": [163001],
      "performCfg": "",
      "heroTalk": "TALK_HERO_MAIN",
      "questId": 11005,
      "prePerformCfg": ""
    },
    {
      "id": 1100512,
      "beginWay": "TALK_BEGIN_MANUAL",
      "activeMode": "PLAY_MODE_SINGLE",
      "beginCondComb": "LOGIC_AND",
      "beginCond": [
        {
          "type": "QUEST_COND_STATE_EQUAL",
          "param": ["1100512", "2"],
          "param_str": ""
        },
        {
          "type": "QUEST_COND_PACK_HAVE_ITEM",
          "param": ["108013", "1"],
          "param_str": ""
        }
      ],
      "priority": 5,
      "initDialog": 110051201,
      "npcId": [1012],
      "performCfg": "QuestDialogue/LQ/Xiangling1_11005/Q1100512",
      "heroTalk": "TALK_HERO_MAIN",
      "questId": 11005,
      "prePerformCfg": ""
    },
    {
      "id": 1100513,
      "beginWay": "TALK_BEGIN_MANUAL",
      "activeMode": "PLAY_MODE_SINGLE",
      "beginCondComb": "LOGIC_AND",
      "beginCond": [
        {
          "type": "QUEST_COND_ITEM_GIVING_ACTIVED",
          "param": ["8", "0"],
          "param_str": ""
        },
        {
          "type": "QUEST_COND_STATE_EQUAL",
          "param": ["1100513", "2"],
          "param_str": ""
        }
      ],
      "priority": 5,
      "initDialog": 110051301,
      "npcId": [1012],
      "performCfg": "",
      "heroTalk": "TALK_HERO_MAIN",
      "questId": 11005,
      "prePerformCfg": ""
    },
    {
      "id": 1100514,
      "beginWay": "TALK_BEGIN_MANUAL",
      "activeMode": "PLAY_MODE_SINGLE",
      "beginCond": [
        {
          "type": "QUEST_COND_STATE_EQUAL",
          "param": ["1100514", "2"],
          "param_str": ""
        }
      ],
      "priority": 5,
      "initDialog": 110051401,
      "npcId": [1012],
      "performCfg": "QuestDialogue/LQ/Xiangling1_11005/Q1100514",
      "heroTalk": "TALK_HERO_MAIN",
      "questId": 11005,
      "prePerformCfg": ""
    },
    {
      "id": 1100515,
      "beginWay": "TALK_BEGIN_MANUAL",
      "activeMode": "PLAY_MODE_SINGLE",
      "beginCond": [
        {
          "type": "QUEST_COND_STATE_EQUAL",
          "param": ["1100515", "2"],
          "param_str": ""
        }
      ],
      "priority": 5,
      "initDialog": 110051501,
      "npcId": [1012],
      "performCfg": "QuestDialogue/LQ/Xiangling1_11005/Q1100515",
      "heroTalk": "TALK_HERO_MAIN",
      "questId": 11005,
      "prePerformCfg": ""
    },
    {
      "id": 1100516,
      "beginWay": "TALK_BEGIN_MANUAL",
      "activeMode": "PLAY_MODE_SINGLE",
      "beginCond": [
        {
          "type": "QUEST_COND_STATE_EQUAL",
          "param": ["1100516", "2"],
          "param_str": ""
        }
      ],
      "priority": 5,
      "initDialog": 110051601,
      "npcId": [1012],
      "performCfg": "",
      "heroTalk": "TALK_HERO_MAIN",
      "questId": 11005,
      "prePerformCfg": ""
    },
    {
      "id": 1100593,
      "beginWay": "TALK_BEGIN_MANUAL",
      "activeMode": "PLAY_MODE_SINGLE",
      "beginCondComb": "LOGIC_AND",
      "beginCond": [
        {
          "type": "QUEST_COND_STATE_EQUAL",
          "param": ["1100517", "2"],
          "param_str": ""
        },
        {
          "type": "QUEST_COND_ITEM_NUM_LESS_THAN",
          "param": ["108070", "1"],
          "param_str": ""
        }
      ],
      "priority": 5,
      "initDialog": 110051601,
      "npcId": [1012],
      "performCfg": "",
      "heroTalk": "TALK_HERO_MAIN",
      "questId": 11005,
      "prePerformCfg": ""
    },
    {
      "id": 1100517,
      "beginWay": "TALK_BEGIN_MANUAL",
      "activeMode": "PLAY_MODE_SINGLE",
      "beginCondComb": "LOGIC_AND",
      "beginCond": [
        {
          "type": "QUEST_COND_STATE_EQUAL",
          "param": ["1100517", "2"],
          "param_str": ""
        },
        {
          "type": "QUEST_COND_PACK_HAVE_ITEM",
          "param": ["108070", "1"],
          "param_str": ""
        }
      ],
      "priority": 5,
      "initDialog": 110051701,
      "npcId": [1012],
      "performCfg": "QuestDialogue/LQ/Xiangling1_11005/Q1100517",
      "heroTalk": "TALK_HERO_MAIN",
      "questId": 11005,
      "prePerformCfg": ""
    },
    {
      "id": 1100518,
      "beginWay": "TALK_BEGIN_MANUAL",
      "activeMode": "PLAY_MODE_SINGLE",
      "beginCond": [
        {
          "type": "QUEST_COND_STATE_EQUAL",
          "param": ["1100518", "2"],
          "param_str": ""
        }
      ],
      "priority": 5,
      "initDialog": 110051801,
      "npcId": [153701],
      "performCfg": "QuestDialogue/LQ/Xiangling1_11005/Q1100506",
      "heroTalk": "TALK_HERO_MAIN",
      "questId": 11005,
      "prePerformCfg": ""
    },
    {
      "id": 1100519,
      "beginWay": "TALK_BEGIN_MANUAL",
      "activeMode": "PLAY_MODE_SINGLE",
      "beginCond": [
        {
          "type": "QUEST_COND_STATE_EQUAL",
          "param": ["1100519", "2"],
          "param_str": ""
        }
      ],
      "priority": 5,
      "initDialog": 110051901,
      "npcId": [1012],
      "performCfg": "QuestDialogue/LQ/Xiangling1_11005/Q1100507",
      "heroTalk": "TALK_HERO_MAIN",
      "questId": 11005,
      "prePerformCfg": ""
    }
  ]
}
