{
  "id": 11017,
  "series": 1205,
  "titleTextMapHash": 2045996751,
  "descTextMapHash": 3551414398,
  "luaPath": "Actor/Quest/AQ11017",
  "showType": "QUEST_HIDDEN",
  "chapterId": 1205,
  "subQuests": [
    {
      "subId": 1101701,
      "mainId": 11017,
      "order": 1,
      "descTextMapHash": 41753948,
      "showType": "QUEST_HIDDEN",
      "acceptCond": [
        {
          "type": "QUEST_COND_STATE_EQUAL",
          "param": [1101501, 3],
          "param_str": ""
        }
      ],
      "finishCond": [
        {
          "type": "QUEST_CONTENT_QUEST_STATE_EQUAL",
          "param": [1101502, 3],
          "param_str": ""
        }
      ],
      "failCond": [
        {
          "type": "QUEST_CONTENT_COMPLETE_TALK",
          "param": [1101702, 0],
          "param_str": ""
        }
      ],
      "guide": {},
      "showGuide": "QUEST_GUIDE_ITEM_DISABLE",
      "finishParent": true,
      "failParentShow": "QUEST_HIDDEN",
      "isRewind": true,
      "finishExec": [
        {
          "param": [],
          "param_str": ""
        }
      ],
      "failExec": [
        {
          "type": "QUEST_EXEC_ROLLBACK_QUEST",
          "param": ["1101701", "0"],
          "param_str": ""
        }
      ],
      "beginExec": [
        {
          "param": [],
          "param_str": ""
        }
      ]
    }
  ],
  "talks": [
    {
      "id": 1101701,
      "beginWay": "TALK_BEGIN_MANUAL",
      "activeMode": "PLAY_MODE_SINGLE",
      "beginCond": [
        {
          "type": "QUEST_COND_STATE_EQUAL",
          "param": ["1101701", "2"],
          "param_str": ""
        }
      ],
      "priority": 5,
      "nextTalks": [1101702, 1101703],
      "initDialog": 110170101,
      "npcId": [2143],
      "performCfg": "",
      "heroTalk": "TALK_HERO_MAIN",
      "questId": 11017,
      "prePerformCfg": "",
      "lowPriority": true
    },
    {
      "id": 1101702,
      "activeMode": "PLAY_MODE_SINGLE",
      "beginCond": [
        {
          "type": "QUEST_COND_STATE_EQUAL",
          "param": ["1101701", "2"],
          "param_str": ""
        }
      ],
      "priority": 5,
      "initDialog": 110170201,
      "npcId": [2143],
      "performCfg": "",
      "heroTalk": "TALK_HERO_MAIN",
      "questId": 11017,
      "prePerformCfg": ""
    },
    {
      "id": 1101703,
      "activeMode": "PLAY_MODE_SINGLE",
      "beginCond": [
        {
          "type": "QUEST_COND_STATE_EQUAL",
          "param": ["1101701", "2"],
          "param_str": ""
        }
      ],
      "priority": 5,
      "initDialog": 110170301,
      "npcId": [2143],
      "performCfg": "",
      "heroTalk": "TALK_HERO_MAIN",
      "questId": 11017,
      "prePerformCfg": ""
    }
  ]
}
