{
  "id": 11018,
  "type": "LQ",
  "series": 2029,
  "titleTextMapHash": 1421304631,
  "descTextMapHash": 2320618062,
  "luaPath": "Actor/Quest/LQ11018",
  "suggestTrackMainQuestList": [11019],
  "rewardIdList": [111018],
  "chapterId": 2029,
  "subQuests": [
    {
      "subId": 1101801,
      "mainId": 11018,
      "order": 1,
      "descTextMapHash": 2213328916,
      "acceptCondComb": "LOGIC_AND",
      "acceptCond": [
        {
          "type": "QUEST_COND_PERSONAL_LINE_UNLOCK",
          "param": [20, 0],
          "param_str": ""
        },
        {
          "type": "QUEST_COND_QUEST_GLOBAL_VAR_EQUAL",
          "param": [20015, 1],
          "param_str": ""
        },
        {
          "type": "QUEST_COND_QUEST_GLOBAL_VAR_EQUAL",
          "param": [103106, 1],
          "param_str": ""
        }
      ],
      "finishCond": [
        {
          "type": "QUEST_CONTENT_COMPLETE_TALK",
          "param": [1101801, 0],
          "param_str": ""
        }
      ],
      "failCond": [
        {
          "param": [],
          "param_str": ""
        }
      ],
      "guide": {
        "type": "QUEST_GUIDE_LOCATION",
        "autoGuide": "QUEST_GUIDE_AUTO_ENABLE",
        "param": ["Q1101801_N2029", "30"],
        "guideScene": 3,
        "guideStyle": "QUEST_GUIDE_STYLE_TARGET",
        "guideLayer": "QUEST_GUIDE_LAYER_SCENE"
      },
      "isRewind": true,
      "finishExec": [
        {
          "param": [],
          "param_str": ""
        }
      ],
      "failExec": [
        {
          "param": [],
          "param_str": ""
        }
      ],
      "beginExec": [
        {
          "param": [],
          "param_str": ""
        }
      ],
      "exclusiveNpcList": [2029],
      "exclusiveNpcPriority": 1100,
      "exclusivePlaceList": [1101801]
    },
    {
      "subId": 1101802,
      "mainId": 11018,
      "order": 2,
      "descTextMapHash": 3582653348,
      "acceptCond": [
        {
          "type": "QUEST_COND_STATE_EQUAL",
          "param": [1101801, 3],
          "param_str": ""
        }
      ],
      "finishCond": [
        {
          "type": "QUEST_CONTENT_FINISH_PLOT",
          "param": [1101802, 0],
          "param_str": ""
        }
      ],
      "failCond": [
        {
          "param": [],
          "param_str": ""
        }
      ],
      "guide": {
        "type": "QUEST_GUIDE_LOCATION",
        "param": ["guide_Q1101802", "10"],
        "guideScene": 3,
        "guideStyle": "QUEST_GUIDE_STYLE_POINT",
        "guideLayer": "QUEST_GUIDE_LAYER_SCENE"
      },
      "showGuide": "QUEST_GUIDE_ITEM_DISABLE",
      "isRewind": true,
      "finishExec": [
        {
          "param": [],
          "param_str": ""
        }
      ],
      "failExec": [
        {
          "param": [],
          "param_str": ""
        }
      ],
      "beginExec": [
        {
          "type": "QUEST_EXEC_REGISTER_DYNAMIC_GROUP",
          "param": ["3", "133107246"],
          "param_str": ""
        }
      ],
      "exclusiveNpcList": [2029, 2003, 2036],
      "exclusiveNpcPriority": 1100,
      "exclusivePlaceList": [1101802]
    },
    {
      "subId": 1101803,
      "mainId": 11018,
      "order": 3,
      "descTextMapHash": 4166140716,
      "acceptCond": [
        {
          "type": "QUEST_COND_STATE_EQUAL",
          "param": [1101802, 3],
          "param_str": ""
        }
      ],
      "finishCond": [
        {
          "type": "QUEST_CONTENT_COMPLETE_TALK",
          "param": [1101803, 0],
          "param_str": ""
        }
      ],
      "failCond": [
        {
          "param": [],
          "param_str": ""
        }
      ],
      "guide": {
        "type": "QUEST_GUIDE_NPC",
        "param": ["2003"],
        "guideScene": 3,
        "guideStyle": "QUEST_GUIDE_STYLE_TARGET",
        "guideLayer": "QUEST_GUIDE_LAYER_SCENE"
      },
      "isRewind": true,
      "finishExec": [
        {
          "param": [],
          "param_str": ""
        }
      ],
      "failExec": [
        {
          "param": [],
          "param_str": ""
        }
      ],
      "beginExec": [
        {
          "type": "QUEST_EXEC_REGISTER_DYNAMIC_GROUP_ONLY",
          "param": ["133107246", "0"],
          "param_str": ""
        }
      ],
      "exclusiveNpcList": [2029, 2003, 2036],
      "exclusiveNpcPriority": 1100,
      "exclusivePlaceList": [1101802]
    },
    {
      "subId": 1101804,
      "mainId": 11018,
      "order": 4,
      "descTextMapHash": 2241893244,
      "acceptCond": [
        {
          "type": "QUEST_COND_STATE_EQUAL",
          "param": [1101803, 3],
          "param_str": ""
        }
      ],
      "finishCond": [
        {
          "type": "QUEST_CONTENT_COMPLETE_TALK",
          "param": [1101804, 0],
          "param_str": ""
        }
      ],
      "failCond": [
        {
          "param": [],
          "param_str": ""
        }
      ],
      "guide": {
        "type": "QUEST_GUIDE_LOCATION",
        "param": ["guide_Q1101804", "25"],
        "guideScene": 3,
        "guideStyle": "QUEST_GUIDE_STYLE_POINT",
        "guideLayer": "QUEST_GUIDE_LAYER_SCENE"
      },
      "showGuide": "QUEST_GUIDE_ITEM_DISABLE",
      "isRewind": true,
      "finishExec": [
        {
          "type": "QUEST_EXEC_REFRESH_GROUP_SUITE",
          "param": ["3", "133107245,2"],
          "param_str": ""
        }
      ],
      "failExec": [
        {
          "param": [],
          "param_str": ""
        }
      ],
      "beginExec": [
        {
          "type": "QUEST_EXEC_REGISTER_DYNAMIC_GROUP",
          "param": ["3", "133107245"],
          "param_str": ""
        },
        {
          "type": "QUEST_EXEC_REGISTER_DYNAMIC_GROUP",
          "param": ["3", "133107246"],
          "param_str": ""
        }
      ],
      "exclusiveNpcList": [2029, 2003, 12498, 12499, 12500, 1048, 12534, 2070],
      "exclusiveNpcPriority": 1100,
      "exclusivePlaceList": [310701]
    },
    {
      "subId": 1101805,
      "mainId": 11018,
      "order": 8,
      "descTextMapHash": 2813301740,
      "showType": "QUEST_HIDDEN",
      "acceptCond": [
        {
          "type": "QUEST_COND_STATE_EQUAL",
          "param": [1101804, 3],
          "param_str": ""
        }
      ],
      "finishCondComb": "LOGIC_AND",
      "finishCond": [
        {
          "type": "QUEST_CONTENT_QUEST_STATE_EQUAL",
          "param": [1101807, 3],
          "param_str": ""
        },
        {
          "type": "QUEST_CONTENT_QUEST_STATE_EQUAL",
          "param": [1101808, 3],
          "param_str": ""
        },
        {
          "type": "QUEST_CONTENT_QUEST_STATE_EQUAL",
          "param": [1101809, 3],
          "param_str": ""
        }
      ],
      "failCond": [
        {
          "param": [],
          "param_str": ""
        }
      ],
      "guide": {},
      "showGuide": "QUEST_GUIDE_ITEM_DISABLE",
      "isRewind": true,
      "finishExec": [
        {
          "param": [],
          "param_str": ""
        }
      ],
      "failExec": [
        {
          "param": [],
          "param_str": ""
        }
      ],
      "beginExec": [
        {
          "type": "QUEST_EXEC_REGISTER_DYNAMIC_GROUP_ONLY",
          "param": ["133107245", "0"],
          "param_str": ""
        },
        {
          "type": "QUEST_EXEC_REGISTER_DYNAMIC_GROUP_ONLY",
          "param": ["133107246", "0"],
          "param_str": ""
        }
      ],
      "exclusiveNpcList": [
        2029, 2003, 12498, 12499, 12500, 1048, 12403, 12537, 12538, 12534, 2070
      ],
      "exclusiveNpcPriority": 1100,
      "exclusivePlaceList": [310701]
    },
    {
      "subId": 1101806,
      "mainId": 11018,
      "order": 10,
      "descTextMapHash": 4205071444,
      "acceptCond": [
        {
          "type": "QUEST_COND_STATE_EQUAL",
          "param": [1101810, 3],
          "param_str": ""
        }
      ],
      "finishCond": [
        {
          "type": "QUEST_CONTENT_COMPLETE_TALK",
          "param": [1101806, 0],
          "param_str": ""
        }
      ],
      "failCond": [
        {
          "param": [],
          "param_str": ""
        }
      ],
      "guide": {
        "type": "QUEST_GUIDE_NPC",
        "param": ["2003"],
        "guideScene": 3,
        "guideStyle": "QUEST_GUIDE_STYLE_TARGET",
        "guideLayer": "QUEST_GUIDE_LAYER_SCENE"
      },
      "finishParent": true,
      "isRewind": true,
      "finishExec": [
        {
          "type": "QUEST_EXEC_UNREGISTER_DYNAMIC_GROUP",
          "param": ["133107246", "1"],
          "param_str": ""
        }
      ],
      "failExec": [
        {
          "param": [],
          "param_str": ""
        }
      ],
      "beginExec": [
        {
          "type": "QUEST_EXEC_REGISTER_DYNAMIC_GROUP",
          "param": ["3", "133107246"],
          "param_str": ""
        }
      ],
      "exclusiveNpcList": [2029, 2003, 12534, 2036],
      "exclusiveNpcPriority": 1100,
      "exclusivePlaceList": [1101802]
    },
    {
      "subId": 1101807,
      "mainId": 11018,
      "order": 5,
      "subIdSet": 1,
      "descTextMapHash": 3033400100,
      "acceptCond": [
        {
          "type": "QUEST_COND_STATE_EQUAL",
          "param": [1101804, 3],
          "param_str": ""
        }
      ],
      "finishCond": [
        {
          "type": "QUEST_CONTENT_COMPLETE_TALK",
          "param": [1101807, 0],
          "param_str": ""
        }
      ],
      "failCond": [
        {
          "param": [],
          "param_str": ""
        }
      ],
      "guide": {
        "type": "QUEST_GUIDE_GADGET",
        "param": ["133107245", "245007", "-567.9069:252.4488:473.3785"],
        "guideScene": 3,
        "guideStyle": "QUEST_GUIDE_STYLE_TARGET",
        "guideLayer": "QUEST_GUIDE_LAYER_SCENE"
      },
      "finishExec": [
        {
          "param": [],
          "param_str": ""
        }
      ],
      "failExec": [
        {
          "param": [],
          "param_str": ""
        }
      ],
      "beginExec": [
        {
          "param": [],
          "param_str": ""
        }
      ],
      "exclusiveNpcList": [
        2029, 2003, 12498, 12499, 12500, 1048, 12403, 12537, 12538, 12534, 2070
      ],
      "exclusiveNpcPriority": 1100,
      "exclusivePlaceList": [310701]
    },
    {
      "subId": 1101808,
      "mainId": 11018,
      "order": 6,
      "subIdSet": 1,
      "descTextMapHash": 4243098900,
      "acceptCond": [
        {
          "type": "QUEST_COND_STATE_EQUAL",
          "param": [1101804, 3],
          "param_str": ""
        }
      ],
      "finishCond": [
        {
          "type": "QUEST_CONTENT_COMPLETE_TALK",
          "param": [1101808, 0],
          "param_str": ""
        }
      ],
      "failCond": [
        {
          "param": [],
          "param_str": ""
        }
      ],
      "guide": {
        "type": "QUEST_GUIDE_GADGET",
        "param": ["133107245", "245009", "-568.4378:252.4488:473.5353"],
        "guideScene": 3,
        "guideStyle": "QUEST_GUIDE_STYLE_TARGET",
        "guideLayer": "QUEST_GUIDE_LAYER_SCENE"
      },
      "finishExec": [
        {
          "param": [],
          "param_str": ""
        }
      ],
      "failExec": [
        {
          "param": [],
          "param_str": ""
        }
      ],
      "beginExec": [
        {
          "param": [],
          "param_str": ""
        }
      ],
      "exclusiveNpcList": [
        2029, 2003, 12498, 12499, 12500, 1048, 12403, 12537, 12538, 12534, 2070
      ],
      "exclusiveNpcPriority": 1100,
      "exclusivePlaceList": [310701]
    },
    {
      "subId": 1101809,
      "mainId": 11018,
      "order": 7,
      "subIdSet": 1,
      "descTextMapHash": 1124092348,
      "acceptCond": [
        {
          "type": "QUEST_COND_STATE_EQUAL",
          "param": [1101804, 3],
          "param_str": ""
        }
      ],
      "finishCond": [
        {
          "type": "QUEST_CONTENT_COMPLETE_TALK",
          "param": [1101809, 0],
          "param_str": ""
        }
      ],
      "failCond": [
        {
          "param": [],
          "param_str": ""
        }
      ],
      "guide": {
        "type": "QUEST_GUIDE_GADGET",
        "param": ["133107245", "245008", "-568.4378:252.4488:473.5353"],
        "guideScene": 3,
        "guideStyle": "QUEST_GUIDE_STYLE_TARGET",
        "guideLayer": "QUEST_GUIDE_LAYER_SCENE"
      },
      "finishExec": [
        {
          "param": [],
          "param_str": ""
        }
      ],
      "failExec": [
        {
          "param": [],
          "param_str": ""
        }
      ],
      "beginExec": [
        {
          "param": [],
          "param_str": ""
        }
      ],
      "exclusiveNpcList": [
        2029, 2003, 12498, 12499, 12500, 1048, 12403, 12537, 12538, 12534, 2070
      ],
      "exclusiveNpcPriority": 1100,
      "exclusivePlaceList": [310701]
    },
    {
      "subId": 1101810,
      "mainId": 11018,
      "order": 9,
      "descTextMapHash": 2711937124,
      "acceptCond": [
        {
          "type": "QUEST_COND_STATE_EQUAL",
          "param": [1101805, 3],
          "param_str": ""
        }
      ],
      "finishCond": [
        {
          "type": "QUEST_CONTENT_COMPLETE_TALK",
          "param": [1101810, 0],
          "param_str": ""
        }
      ],
      "failCond": [
        {
          "param": [],
          "param_str": ""
        }
      ],
      "guide": {
        "type": "QUEST_GUIDE_NPC",
        "param": ["1048"],
        "guideScene": 3,
        "guideStyle": "QUEST_GUIDE_STYLE_TARGET",
        "guideLayer": "QUEST_GUIDE_LAYER_SCENE"
      },
      "isRewind": true,
      "finishExec": [
        {
          "type": "QUEST_EXEC_REFRESH_GROUP_SUITE",
          "param": ["3", "133107245,3"],
          "param_str": ""
        },
        {
          "type": "QUEST_EXEC_UNREGISTER_DYNAMIC_GROUP",
          "param": ["133107245", "1"],
          "param_str": ""
        }
      ],
      "failExec": [
        {
          "param": [],
          "param_str": ""
        }
      ],
      "beginExec": [
        {
          "type": "QUEST_EXEC_REGISTER_DYNAMIC_GROUP_ONLY",
          "param": ["133107245", "0"],
          "param_str": ""
        },
        {
          "type": "QUEST_EXEC_REGISTER_DYNAMIC_GROUP_ONLY",
          "param": ["133107246", "0"],
          "param_str": ""
        }
      ],
      "exclusiveNpcList": [2029, 2003, 12498, 12499, 12500, 1048, 12534],
      "exclusiveNpcPriority": 1100,
      "exclusivePlaceList": [310701]
    }
  ],
  "talks": [
    {
      "id": 1101801,
      "beginWay": "TALK_BEGIN_MANUAL",
      "activeMode": "PLAY_MODE_SINGLE",
      "beginCond": [
        {
          "type": "QUEST_COND_STATE_EQUAL",
          "param": ["1101801", "2"],
          "param_str": ""
        }
      ],
      "priority": 5,
      "initDialog": 110180101,
      "npcId": [2029],
      "performCfg": "QuestDialogue/LQ/Yelan1_11018/Q1101801",
      "heroTalk": "TALK_HERO_MAIN",
      "questId": 11018,
      "prePerformCfg": ""
    },
    {
      "id": 1101803,
      "beginWay": "TALK_BEGIN_MANUAL",
      "activeMode": "PLAY_MODE_SINGLE",
      "beginCond": [
        {
          "type": "QUEST_COND_STATE_EQUAL",
          "param": ["1101803", "2"],
          "param_str": ""
        }
      ],
      "priority": 5,
      "initDialog": 110180301,
      "npcId": [2003],
      "performCfg": "QuestDialogue/LQ/Yelan1_11018/Q1101803",
      "heroTalk": "TALK_HERO_MAIN",
      "questId": 11018,
      "prePerformCfg": ""
    },
    {
      "id": 1101804,
      "beginWay": "TALK_BEGIN_MANUAL",
      "activeMode": "PLAY_MODE_SINGLE",
      "beginCond": [
        {
          "type": "QUEST_COND_STATE_EQUAL",
          "param": ["1101804", "2"],
          "param_str": ""
        }
      ],
      "priority": 5,
      "initDialog": 110180401,
      "npcId": [12500, 12499, 12498, 1048],
      "performCfg": "QuestDialogue/LQ/Yelan1_11018/Q1101804",
      "heroTalk": "TALK_HERO_MAIN",
      "questId": 11018,
      "prePerformCfg": ""
    },
    {
      "id": 1101806,
      "beginWay": "TALK_BEGIN_MANUAL",
      "activeMode": "PLAY_MODE_SINGLE",
      "beginCond": [
        {
          "type": "QUEST_COND_STATE_EQUAL",
          "param": ["1101806", "2"],
          "param_str": ""
        }
      ],
      "priority": 5,
      "initDialog": 110180601,
      "npcId": [2003],
      "performCfg": "QuestDialogue/LQ/Yelan1_11018/Q1101806",
      "heroTalk": "TALK_HERO_MAIN",
      "questId": 11018,
      "prePerformCfg": ""
    },
    {
      "id": 1101807,
      "beginWay": "TALK_BEGIN_MANUAL",
      "activeMode": "PLAY_MODE_SINGLE",
      "beginCond": [
        {
          "type": "QUEST_COND_STATE_EQUAL",
          "param": ["1101807", "2"],
          "param_str": ""
        }
      ],
      "priority": 5,
      "initDialog": 110180701,
      "npcId": [12537],
      "performCfg": "",
      "heroTalk": "TALK_HERO_MAIN",
      "questId": 11018,
      "prePerformCfg": "",
      "stayFreeStyle": true
    },
    {
      "id": 1101808,
      "beginWay": "TALK_BEGIN_MANUAL",
      "activeMode": "PLAY_MODE_SINGLE",
      "beginCond": [
        {
          "type": "QUEST_COND_STATE_EQUAL",
          "param": ["1101808", "2"],
          "param_str": ""
        }
      ],
      "priority": 5,
      "initDialog": 110180801,
      "npcId": [12538],
      "performCfg": "",
      "heroTalk": "TALK_HERO_MAIN",
      "questId": 11018,
      "prePerformCfg": "",
      "stayFreeStyle": true
    },
    {
      "id": 1101809,
      "beginWay": "TALK_BEGIN_MANUAL",
      "activeMode": "PLAY_MODE_SINGLE",
      "beginCond": [
        {
          "type": "QUEST_COND_STATE_EQUAL",
          "param": ["1101809", "2"],
          "param_str": ""
        }
      ],
      "priority": 5,
      "initDialog": 110180901,
      "npcId": [12403],
      "performCfg": "",
      "heroTalk": "TALK_HERO_MAIN",
      "questId": 11018,
      "prePerformCfg": "",
      "stayFreeStyle": true
    },
    {
      "id": 1101810,
      "beginWay": "TALK_BEGIN_MANUAL",
      "activeMode": "PLAY_MODE_SINGLE",
      "beginCond": [
        {
          "type": "QUEST_COND_STATE_EQUAL",
          "param": ["1101810", "2"],
          "param_str": ""
        }
      ],
      "priority": 5,
      "initDialog": 110181001,
      "npcId": [1048],
      "performCfg": "QuestDialogue/LQ/Yelan1_11018/Q1101810",
      "heroTalk": "TALK_HERO_MAIN",
      "questId": 11018,
      "prePerformCfg": ""
    },
    {
      "id": 1101816,
      "beginWay": "TALK_BEGIN_MANUAL",
      "activeMode": "PLAY_MODE_SINGLE",
      "beginCond": [
        {
          "type": "QUEST_COND_STATE_EQUAL",
          "param": ["1101805", "2"],
          "param_str": ""
        }
      ],
      "priority": 5,
      "initDialog": 110181601,
      "npcId": [1048],
      "performCfg": "QuestDialogue/LQ/Yelan1_11018/Q1101816",
      "heroTalk": "TALK_HERO_MAIN",
      "questId": 11018,
      "prePerformCfg": "",
      "stayFreeStyle": true
    },
    {
      "id": 1101817,
      "beginWay": "TALK_BEGIN_MANUAL",
      "activeMode": "PLAY_MODE_SINGLE",
      "beginCondComb": "LOGIC_OR",
      "beginCond": [
        {
          "type": "QUEST_COND_STATE_EQUAL",
          "param": ["1101805", "2"],
          "param_str": ""
        },
        {
          "type": "QUEST_COND_STATE_EQUAL",
          "param": ["1101810", "2"],
          "param_str": ""
        }
      ],
      "priority": 5,
      "initDialog": 110181701,
      "npcId": [12498, 12499, 12500],
      "performCfg": "QuestDialogue/LQ/Yelan1_11018/Q1101817",
      "heroTalk": "TALK_HERO_MAIN",
      "questId": 11018,
      "prePerformCfg": "",
      "stayFreeStyle": true
    },
    {
      "id": 1101818,
      "beginWay": "TALK_BEGIN_MANUAL",
      "activeMode": "PLAY_MODE_SINGLE",
      "beginCondComb": "LOGIC_OR",
      "beginCond": [
        {
          "type": "QUEST_COND_STATE_EQUAL",
          "param": ["1101805", "2"],
          "param_str": ""
        },
        {
          "type": "QUEST_COND_STATE_EQUAL",
          "param": ["1101810", "2"],
          "param_str": ""
        },
        {
          "type": "QUEST_COND_STATE_EQUAL",
          "param": ["1101806", "2"],
          "param_str": ""
        }
      ],
      "priority": 5,
      "initDialog": 110181801,
      "npcId": [12534],
      "performCfg": "QuestDialogue/LQ/Yelan1_11018/Q1101818",
      "heroTalk": "TALK_HERO_MAIN",
      "questId": 11018,
      "prePerformCfg": ""
    },
    {
      "id": 1101850,
      "beginWay": "TALK_BEGIN_MANUAL",
      "activeMode": "PLAY_MODE_SINGLE",
      "beginCondComb": "LOGIC_AND",
      "beginCond": [
        {
          "type": "QUEST_COND_STATE_EQUAL",
          "param": ["1101803", "3"],
          "param_str": ""
        },
        {
          "type": "QUEST_COND_QUEST_NOT_RECEIVE",
          "param": ["1101806", "1"],
          "param_str": ""
        }
      ],
      "priority": 5,
      "initDialog": 110185001,
      "npcId": [2003],
      "performCfg": "QuestDialogue/LQ/Yelan1_11018/Q1101850",
      "heroTalk": "TALK_HERO_MAIN",
      "questId": 11018,
      "prePerformCfg": "",
      "stayFreeStyle": true,
      "lowPriority": true
    }
  ]
}
