{
  "id": 11010,
  "type": "LQ",
  "series": 2012,
  "titleTextMapHash": 3622790527,
  "descTextMapHash": 624231046,
  "luaPath": "Actor/Quest/LQ11010",
  "suggestTrackMainQuestList": [11011],
  "rewardIdList": [111010],
  "chapterId": 2012,
  "subQuests": [
    {
      "subId": 1101001,
      "mainId": 11010,
      "order": 1,
      "descTextMapHash": 3619403444,
      "acceptCondComb": "LOGIC_AND",
      "acceptCond": [
        {
          "type": "QUEST_COND_STATE_EQUAL",
          "param": [102510, 3],
          "param_str": ""
        },
        {
          "type": "QUEST_COND_PERSONAL_LINE_UNLOCK",
          "param": [7, 0],
          "param_str": ""
        },
        {
          "type": "QUEST_COND_STATE_EQUAL",
          "param": [1200309, 3],
          "param_str": ""
        }
      ],
      "finishCond": [
        {
          "type": "QUEST_CONTENT_COMPLETE_TALK",
          "param": [1101001, 0],
          "param_str": ""
        }
      ],
      "failCond": [
        {
          "param": [],
          "param_str": ""
        }
      ],
      "guide": {
        "type": "QUEST_GUIDE_NPC",
        "param": ["10304"],
        "guideScene": 3,
        "guideStyle": "QUEST_GUIDE_STYLE_TARGET",
        "guideLayer": "QUEST_GUIDE_LAYER_SCENE"
      },
      "isRewind": true,
      "finishExec": [
        {
          "param": [],
          "param_str": ""
        }
      ],
      "failExec": [
        {
          "param": [],
          "param_str": ""
        }
      ],
      "beginExec": [
        {
          "type": "QUEST_EXEC_REFRESH_GROUP_SUITE",
          "param": ["3", "133106906,2"],
          "param_str": ""
        }
      ],
      "exclusiveNpcList": [10304],
      "exclusiveNpcPriority": 1100
    },
    {
      "subId": 1101002,
      "mainId": 11010,
      "order": 2,
      "isMpBlock": true,
      "descTextMapHash": 1715968108,
      "acceptCond": [
        {
          "type": "QUEST_COND_STATE_EQUAL",
          "param": [1101001, 3],
          "param_str": ""
        }
      ],
      "finishCondComb": "LOGIC_OR",
      "finishCond": [
        {
          "type": "QUEST_CONTENT_LUA_NOTIFY",
          "param": [0, 0],
          "param_str": "13310690201",
          "count": 1
        },
        {
          "type": "QUEST_CONTENT_FINISH_PLOT",
          "param": [1101002, 0],
          "param_str": ""
        }
      ],
      "failCond": [
        {
          "type": "QUEST_CONTENT_ADD_QUEST_PROGRESS",
          "param": [1101002, 0],
          "param_str": ""
        }
      ],
      "guide": {
        "type": "QUEST_GUIDE_LOCATION",
        "param": ["Q11010Footprint", "30"],
        "guideScene": 3,
        "guideStyle": "QUEST_GUIDE_STYLE_TARGET",
        "guideLayer": "QUEST_GUIDE_LAYER_SCENE"
      },
      "isRewind": true,
      "finishExec": [
        {
          "param": [],
          "param_str": ""
        }
      ],
      "failExec": [
        {
          "param": [],
          "param_str": ""
        }
      ],
      "beginExec": [
        {
          "type": "QUEST_EXEC_REFRESH_GROUP_SUITE",
          "param": ["3", "133106902,2"],
          "param_str": ""
        },
        {
          "type": "QUEST_EXEC_REFRESH_GROUP_SUITE",
          "param": ["3", "133106143,2"],
          "param_str": ""
        },
        {
          "type": "QUEST_EXEC_REFRESH_GROUP_SUITE",
          "param": ["3", "133106094,2"],
          "param_str": ""
        }
      ],
      "exclusiveNpcList": [10304],
      "exclusiveNpcPriority": 1100
    },
    {
      "subId": 1101003,
      "mainId": 11010,
      "order": 6,
      "isMpBlock": true,
      "descTextMapHash": 1637741076,
      "acceptCondComb": "LOGIC_OR",
      "acceptCond": [
        {
          "type": "QUEST_COND_STATE_EQUAL",
          "param": [1101008, 3],
          "param_str": ""
        },
        {
          "type": "QUEST_COND_STATE_EQUAL",
          "param": [1101010, 3],
          "param_str": ""
        }
      ],
      "finishCondComb": "LOGIC_OR",
      "finishCond": [
        {
          "type": "QUEST_CONTENT_LUA_NOTIFY",
          "param": [0, 0],
          "param_str": "13310690204",
          "count": 1
        },
        {
          "type": "QUEST_CONTENT_FINISH_PLOT",
          "param": [1101003, 0],
          "param_str": ""
        }
      ],
      "failCond": [
        {
          "param": [],
          "param_str": ""
        }
      ],
      "guide": {
        "type": "QUEST_GUIDE_LOCATION",
        "param": ["Q11010Guardian", "50"],
        "guideScene": 3,
        "guideStyle": "QUEST_GUIDE_STYLE_TARGET",
        "guideLayer": "QUEST_GUIDE_LAYER_SCENE"
      },
      "isRewind": true,
      "finishExec": [
        {
          "param": [],
          "param_str": ""
        }
      ],
      "failExec": [
        {
          "param": [],
          "param_str": ""
        }
      ],
      "beginExec": [
        {
          "type": "QUEST_EXEC_REFRESH_GROUP_SUITE",
          "param": ["3", "133106143,2"],
          "param_str": ""
        },
        {
          "type": "QUEST_EXEC_REFRESH_GROUP_SUITE",
          "param": ["3", "133106094,2"],
          "param_str": ""
        }
      ],
      "exclusiveNpcList": [10304],
      "exclusiveNpcPriority": 1100
    },
    {
      "subId": 1101004,
      "mainId": 11010,
      "order": 8,
      "descTextMapHash": 2584077236,
      "acceptCond": [
        {
          "type": "QUEST_COND_STATE_EQUAL",
          "param": [1101009, 3],
          "param_str": ""
        }
      ],
      "finishCond": [
        {
          "type": "QUEST_CONTENT_COMPLETE_TALK",
          "param": [1101002, 0],
          "param_str": ""
        }
      ],
      "failCond": [
        {
          "param": [],
          "param_str": ""
        }
      ],
      "guide": {
        "type": "QUEST_GUIDE_LOCATION",
        "param": ["Q11010TokSearch", "40"],
        "guideScene": 3,
        "guideStyle": "QUEST_GUIDE_STYLE_TARGET",
        "guideLayer": "QUEST_GUIDE_LAYER_SCENE"
      },
      "isRewind": true,
      "finishExec": [
        {
          "type": "QUEST_EXEC_REFRESH_GROUP_SUITE",
          "param": ["3", "133106143,1"],
          "param_str": ""
        },
        {
          "type": "QUEST_EXEC_REFRESH_GROUP_SUITE",
          "param": ["3", "133106094,1"],
          "param_str": ""
        }
      ],
      "failExec": [
        {
          "param": [],
          "param_str": ""
        }
      ],
      "beginExec": [
        {
          "type": "QUEST_EXEC_REFRESH_GROUP_SUITE",
          "param": ["3", "133106095,2"],
          "param_str": ""
        },
        {
          "type": "QUEST_EXEC_REFRESH_GROUP_SUITE",
          "param": ["3", "133106087,2"],
          "param_str": ""
        }
      ],
      "exclusiveNpcList": [10304, 10265],
      "exclusiveNpcPriority": 1100
    },
    {
      "subId": 1101005,
      "mainId": 11010,
      "order": 9,
      "descTextMapHash": 1027268132,
      "acceptCond": [
        {
          "type": "QUEST_COND_STATE_EQUAL",
          "param": [1101004, 3],
          "param_str": ""
        }
      ],
      "finishCond": [
        {
          "type": "QUEST_CONTENT_ENTER_ROOM",
          "param": [1033, 0],
          "param_str": ""
        }
      ],
      "failCond": [
        {
          "param": [],
          "param_str": ""
        }
      ],
      "guide": {
        "type": "QUEST_GUIDE_NPC",
        "param": ["10200"],
        "guideScene": 1033,
        "guideStyle": "QUEST_GUIDE_STYLE_TARGET",
        "guideLayer": "QUEST_GUIDE_LAYER_SCENE"
      },
      "isRewind": true,
      "finishExec": [
        {
          "type": "QUEST_EXEC_REFRESH_GROUP_SUITE",
          "param": ["3", "133106095,1"],
          "param_str": ""
        },
        {
          "type": "QUEST_EXEC_REFRESH_GROUP_SUITE",
          "param": ["3", "133106087,1"],
          "param_str": ""
        }
      ],
      "failExec": [
        {
          "param": [],
          "param_str": ""
        }
      ],
      "beginExec": [
        {
          "param": [],
          "param_str": ""
        }
      ]
    },
    {
      "subId": 1101006,
      "mainId": 11010,
      "order": 10,
      "descTextMapHash": 2693082028,
      "acceptCond": [
        {
          "type": "QUEST_COND_STATE_EQUAL",
          "param": [1101005, 3],
          "param_str": ""
        }
      ],
      "finishCond": [
        {
          "type": "QUEST_CONTENT_COMPLETE_TALK",
          "param": [1101003, 0],
          "param_str": ""
        }
      ],
      "failCond": [
        {
          "param": [],
          "param_str": ""
        }
      ],
      "guide": {
        "type": "QUEST_GUIDE_NPC",
        "param": ["10200"],
        "guideScene": 1033,
        "guideStyle": "QUEST_GUIDE_STYLE_TARGET",
        "guideLayer": "QUEST_GUIDE_LAYER_SCENE"
      },
      "finishParent": true,
      "isRewind": true,
      "finishExec": [
        {
          "type": "QUEST_EXEC_DEL_PACK_ITEM",
          "param": ["100554", "5000"],
          "param_str": ""
        }
      ],
      "failExec": [
        {
          "param": [],
          "param_str": ""
        }
      ],
      "beginExec": [
        {
          "param": [],
          "param_str": ""
        }
      ],
      "exclusiveNpcList": [10200, 10265, 2145],
      "exclusiveNpcPriority": 1100
    },
    {
      "subId": 1101007,
      "mainId": 11010,
      "order": 3,
      "isMpBlock": true,
      "descTextMapHash": 1841741404,
      "acceptCond": [
        {
          "type": "QUEST_COND_STATE_EQUAL",
          "param": [1101002, 3],
          "param_str": ""
        }
      ],
      "finishCondComb": "LOGIC_OR",
      "finishCond": [
        {
          "type": "QUEST_CONTENT_LUA_NOTIFY",
          "param": [0, 0],
          "param_str": "13310690202",
          "count": 1
        },
        {
          "type": "QUEST_CONTENT_FINISH_PLOT",
          "param": [1101007, 0],
          "param_str": ""
        }
      ],
      "failCond": [
        {
          "type": "QUEST_CONTENT_ADD_QUEST_PROGRESS",
          "param": [1101007, 0],
          "param_str": ""
        }
      ],
      "guide": {
        "type": "QUEST_GUIDE_LOCATION",
        "param": ["Q11010Footprint2", "30"],
        "guideScene": 3,
        "guideStyle": "QUEST_GUIDE_STYLE_TARGET",
        "guideLayer": "QUEST_GUIDE_LAYER_SCENE"
      },
      "isRewind": true,
      "finishExec": [
        {
          "param": [],
          "param_str": ""
        }
      ],
      "failExec": [
        {
          "param": [],
          "param_str": ""
        }
      ],
      "beginExec": [
        {
          "type": "QUEST_EXEC_REFRESH_GROUP_SUITE",
          "param": ["3", "133106143,2"],
          "param_str": ""
        },
        {
          "type": "QUEST_EXEC_REFRESH_GROUP_SUITE",
          "param": ["3", "133106094,2"],
          "param_str": ""
        }
      ],
      "exclusiveNpcList": [10304],
      "exclusiveNpcPriority": 1100
    },
    {
      "subId": 1101008,
      "mainId": 11010,
      "order": 4,
      "isMpBlock": true,
      "descTextMapHash": 166759380,
      "acceptCond": [
        {
          "type": "QUEST_COND_STATE_EQUAL",
          "param": [1101007, 3],
          "param_str": ""
        }
      ],
      "finishCondComb": "LOGIC_OR",
      "finishCond": [
        {
          "type": "QUEST_CONTENT_LUA_NOTIFY",
          "param": [0, 0],
          "param_str": "13310690203",
          "count": 1
        },
        {
          "type": "QUEST_CONTENT_FINISH_PLOT",
          "param": [1101008, 0],
          "param_str": ""
        }
      ],
      "failCond": [
        {
          "type": "QUEST_CONTENT_ADD_QUEST_PROGRESS",
          "param": [1101008, 0],
          "param_str": ""
        }
      ],
      "guide": {
        "type": "QUEST_GUIDE_LOCATION",
        "param": ["Q11010Footprint3", "30"],
        "guideScene": 3,
        "guideStyle": "QUEST_GUIDE_STYLE_TARGET",
        "guideLayer": "QUEST_GUIDE_LAYER_SCENE"
      },
      "isRewind": true,
      "finishExec": [
        {
          "param": [],
          "param_str": ""
        }
      ],
      "failExec": [
        {
          "param": [],
          "param_str": ""
        }
      ],
      "beginExec": [
        {
          "type": "QUEST_EXEC_REFRESH_GROUP_SUITE",
          "param": ["3", "133106143,2"],
          "param_str": ""
        },
        {
          "type": "QUEST_EXEC_REFRESH_GROUP_SUITE",
          "param": ["3", "133106094,2"],
          "param_str": ""
        }
      ],
      "exclusiveNpcList": [10304],
      "exclusiveNpcPriority": 1100
    },
    {
      "subId": 1101009,
      "mainId": 11010,
      "order": 7,
      "descTextMapHash": 4158157876,
      "acceptCond": [
        {
          "type": "QUEST_COND_STATE_EQUAL",
          "param": [1101003, 3],
          "param_str": ""
        }
      ],
      "finishCond": [
        {
          "type": "QUEST_CONTENT_COMPLETE_TALK",
          "param": [1101005, 0],
          "param_str": ""
        }
      ],
      "failCond": [
        {
          "param": [],
          "param_str": ""
        }
      ],
      "guide": {
        "type": "QUEST_GUIDE_NPC",
        "param": ["1005"],
        "guideScene": 3,
        "guideStyle": "QUEST_GUIDE_STYLE_TARGET",
        "guideLayer": "QUEST_GUIDE_LAYER_SCENE"
      },
      "isRewind": true,
      "finishExec": [
        {
          "param": [],
          "param_str": ""
        }
      ],
      "failExec": [
        {
          "param": [],
          "param_str": ""
        }
      ],
      "beginExec": [
        {
          "type": "QUEST_EXEC_REFRESH_GROUP_SUITE",
          "param": ["3", "133106143,2"],
          "param_str": ""
        },
        {
          "type": "QUEST_EXEC_REFRESH_GROUP_SUITE",
          "param": ["3", "133106094,2"],
          "param_str": ""
        }
      ],
      "exclusiveNpcList": [10304],
      "exclusiveNpcPriority": 1100
    },
    {
      "subId": 1101010,
      "mainId": 11010,
      "order": 5,
      "isMpBlock": true,
      "descTextMapHash": 1572107004,
      "showType": "QUEST_HIDDEN",
      "acceptCond": [
        {
          "type": "QUEST_COND_STATE_EQUAL",
          "param": [1101001, 3],
          "param_str": ""
        }
      ],
      "finishCond": [
        {
          "type": "QUEST_CONTENT_LUA_NOTIFY",
          "param": [0, 0],
          "param_str": "13310690204",
          "count": 1
        }
      ],
      "failCond": [
        {
          "param": [],
          "param_str": ""
        }
      ],
      "guide": {},
      "finishExec": [
        {
          "type": "QUEST_EXEC_ADD_QUEST_PROGRESS",
          "param": ["1101002", "1"],
          "param_str": ""
        },
        {
          "type": "QUEST_EXEC_ADD_QUEST_PROGRESS",
          "param": ["1101007", "1"],
          "param_str": ""
        },
        {
          "type": "QUEST_EXEC_ADD_QUEST_PROGRESS",
          "param": ["1101008", "1"],
          "param_str": ""
        }
      ],
      "failExec": [
        {
          "param": [],
          "param_str": ""
        }
      ],
      "beginExec": [
        {
          "param": [],
          "param_str": ""
        }
      ]
    }
  ],
  "talks": [
    {
      "id": 1101001,
      "beginWay": "TALK_BEGIN_MANUAL",
      "activeMode": "PLAY_MODE_SINGLE",
      "beginCond": [
        {
          "type": "QUEST_COND_STATE_EQUAL",
          "param": ["1101001", "2"],
          "param_str": ""
        }
      ],
      "priority": 5,
      "initDialog": 110100101,
      "npcId": [10304],
      "performCfg": "QuestDialogue/LQ/Tartaglia_11010/Q1101001",
      "questId": 11010,
      "prePerformCfg": ""
    },
    {
      "id": 1101002,
      "beginWay": "TALK_BEGIN_AUTO",
      "activeMode": "PLAY_MODE_SINGLE",
      "beginCond": [
        {
          "type": "QUEST_COND_STATE_EQUAL",
          "param": ["1101004", "2"],
          "param_str": ""
        }
      ],
      "priority": 5,
      "initDialog": 110100201,
      "npcId": [10265],
      "performCfg": "QuestDialogue/LQ/Tartaglia_11010/Q1101002",
      "questId": 11010,
      "prePerformCfg": ""
    },
    {
      "id": 1101003,
      "beginWay": "TALK_BEGIN_AUTO",
      "activeMode": "PLAY_MODE_SINGLE",
      "beginCond": [
        {
          "type": "QUEST_COND_STATE_EQUAL",
          "param": ["1101006", "2"],
          "param_str": ""
        }
      ],
      "priority": 5,
      "initDialog": 110100301,
      "npcId": [10200],
      "performCfg": "QuestDialogue/LQ/Tartaglia_11010/Q1101003",
      "questId": 11010,
      "prePerformCfg": ""
    },
    {
      "id": 1101005,
      "beginWay": "TALK_BEGIN_MANUAL",
      "activeMode": "PLAY_MODE_SINGLE",
      "beginCond": [
        {
          "type": "QUEST_COND_STATE_EQUAL",
          "param": ["1101009", "2"],
          "param_str": ""
        }
      ],
      "priority": 5,
      "initDialog": 110100501,
      "npcId": [1005],
      "performCfg": "QuestDialogue/LQ/Tartaglia_11010/Q1101005",
      "questId": 11010,
      "prePerformCfg": ""
    },
    {
      "id": 1101006,
      "beginWay": "TALK_BEGIN_MANUAL",
      "activeMode": "PLAY_MODE_SINGLE",
      "beginCond": [
        {
          "type": "QUEST_COND_STATE_EQUAL",
          "param": ["1101001", "3"],
          "param_str": ""
        }
      ],
      "priority": 3,
      "initDialog": 110100601,
      "npcId": [10304],
      "performCfg": "",
      "questId": 11010,
      "prePerformCfg": ""
    }
  ]
}
