{
  "id": 11020,
  "type": "LQ",
  "series": 2014,
  "titleTextMapHash": 1200452703,
  "descTextMapHash": 2313028750,
  "luaPath": "Actor/Quest/LQ11020",
  "suggestTrackMainQuestList": [11021],
  "rewardIdList": [111020],
  "chapterId": 2014,
  "subQuests": [
    {
      "subId": 1102001,
      "mainId": 11020,
      "order": 1,
      "descTextMapHash": 3211786620,
      "acceptCondComb": "LOGIC_AND",
      "acceptCond": [
        {
          "type": "QUEST_COND_QUEST_GLOBAL_VAR_EQUAL",
          "param": [10006, 1],
          "param_str": ""
        },
        {
          "type": "QUEST_COND_PERSONAL_LINE_UNLOCK",
          "param": [6, 0],
          "param_str": ""
        }
      ],
      "finishCond": [
        {
          "type": "QUEST_CONTENT_FINISH_PLOT",
          "param": [1102001, 0],
          "param_str": ""
        }
      ],
      "failCond": [
        {
          "param": [],
          "param_str": ""
        }
      ],
      "guide": {
        "type": "QUEST_GUIDE_LOCATION",
        "param": ["Q11020ZL1", "25"],
        "guideScene": 3,
        "guideStyle": "QUEST_GUIDE_STYLE_POINT",
        "guideLayer": "QUEST_GUIDE_LAYER_SCENE"
      },
      "isRewind": true,
      "finishExec": [
        {
          "param": [],
          "param_str": ""
        }
      ],
      "failExec": [
        {
          "param": [],
          "param_str": ""
        }
      ],
      "beginExec": [
        {
          "param": [],
          "param_str": ""
        }
      ],
      "exclusiveNpcList": [10308, 10309, 10302, 10303, 10232],
      "exclusiveNpcPriority": 1010
    },
    {
      "subId": 1102002,
      "mainId": 11020,
      "order": 2,
      "descTextMapHash": 4254518508,
      "acceptCond": [
        {
          "type": "QUEST_COND_STATE_EQUAL",
          "param": [1102001, 3],
          "param_str": ""
        }
      ],
      "finishCond": [
        {
          "type": "QUEST_CONTENT_COMPLETE_TALK",
          "param": [1102002, 0],
          "param_str": ""
        }
      ],
      "failCond": [
        {
          "param": [],
          "param_str": ""
        }
      ],
      "guide": {
        "type": "QUEST_GUIDE_NPC",
        "param": ["10232"],
        "guideScene": 3,
        "guideStyle": "QUEST_GUIDE_STYLE_TARGET",
        "guideLayer": "QUEST_GUIDE_LAYER_SCENE"
      },
      "isRewind": true,
      "finishExec": [
        {
          "param": [],
          "param_str": ""
        }
      ],
      "failExec": [
        {
          "param": [],
          "param_str": ""
        }
      ],
      "beginExec": [
        {
          "param": [],
          "param_str": ""
        }
      ],
      "exclusiveNpcList": [10308, 10309, 10302, 10303, 10232],
      "exclusiveNpcPriority": 1010
    },
    {
      "subId": 1102003,
      "mainId": 11020,
      "order": 3,
      "descTextMapHash": 2217512356,
      "acceptCond": [
        {
          "type": "QUEST_COND_STATE_EQUAL",
          "param": [1102002, 3],
          "param_str": ""
        }
      ],
      "finishCond": [
        {
          "type": "QUEST_CONTENT_COMPLETE_TALK",
          "param": [1102003, 0],
          "param_str": ""
        }
      ],
      "failCond": [
        {
          "param": [],
          "param_str": ""
        }
      ],
      "guide": {
        "type": "QUEST_GUIDE_NPC",
        "param": ["10303"],
        "guideScene": 3,
        "guideStyle": "QUEST_GUIDE_STYLE_TARGET",
        "guideLayer": "QUEST_GUIDE_LAYER_SCENE"
      },
      "finishParent": true,
      "isRewind": true,
      "finishExec": [
        {
          "param": [],
          "param_str": ""
        }
      ],
      "failExec": [
        {
          "param": [],
          "param_str": ""
        }
      ],
      "beginExec": [
        {
          "param": [],
          "param_str": ""
        }
      ],
      "exclusiveNpcList": [10308, 10309, 10302, 10303, 10232],
      "exclusiveNpcPriority": 1010
    }
  ],
  "talks": [
    {
      "id": 1102002,
      "beginWay": "TALK_BEGIN_AUTO",
      "activeMode": "PLAY_MODE_SINGLE",
      "beginCond": [
        {
          "type": "QUEST_COND_STATE_EQUAL",
          "param": ["1102002", "2"],
          "param_str": ""
        }
      ],
      "initDialog": 110200201,
      "npcId": [10232],
      "performCfg": "QuestDialogue/LQ/Zhongli1_11020/Q1102002",
      "heroTalk": "TALK_HERO_MAIN",
      "questId": 11020,
      "prePerformCfg": ""
    },
    {
      "id": 1102003,
      "beginWay": "TALK_BEGIN_MANUAL",
      "activeMode": "PLAY_MODE_SINGLE",
      "beginCond": [
        {
          "type": "QUEST_COND_STATE_EQUAL",
          "param": ["1102003", "2"],
          "param_str": ""
        }
      ],
      "initDialog": 110200301,
      "npcId": [10303],
      "performCfg": "QuestDialogue/LQ/Zhongli1_11020/Q1102003",
      "heroTalk": "TALK_HERO_MAIN",
      "questId": 11020,
      "prePerformCfg": ""
    },
    {
      "id": 1102004,
      "beginWay": "TALK_BEGIN_MANUAL",
      "activeMode": "PLAY_MODE_SINGLE",
      "beginCond": [
        {
          "type": "QUEST_COND_STATE_EQUAL",
          "param": ["1102003", "2"],
          "param_str": ""
        }
      ],
      "initDialog": 110200251,
      "npcId": [10309],
      "performCfg": "QuestDialogue/LQ/Zhongli1_11020/Q1102004",
      "heroTalk": "TALK_HERO_MAIN",
      "questId": 11020,
      "prePerformCfg": ""
    },
    {
      "id": 1102005,
      "beginWay": "TALK_BEGIN_MANUAL",
      "activeMode": "PLAY_MODE_SINGLE",
      "beginCond": [
        {
          "type": "QUEST_COND_STATE_EQUAL",
          "param": ["1102003", "2"],
          "param_str": ""
        }
      ],
      "initDialog": 110200251,
      "npcId": [10308],
      "performCfg": "QuestDialogue/LQ/Zhongli1_11020/Q1102004",
      "heroTalk": "TALK_HERO_MAIN",
      "questId": 11020,
      "prePerformCfg": ""
    }
  ]
}
