{
  "id": 11024,
  "type": "LQ",
  "series": 2014,
  "titleTextMapHash": 2976371791,
  "descTextMapHash": 2761580102,
  "luaPath": "Actor/Quest/LQ11024",
  "rewardIdList": [111024],
  "chapterId": 2014,
  "subQuests": [
    {
      "subId": 1102401,
      "mainId": 11024,
      "order": 1,
      "descTextMapHash": 302663364,
      "acceptCond": [
        {
          "type": "QUEST_COND_STATE_EQUAL",
          "param": [1102311, 3],
          "param_str": ""
        }
      ],
      "finishCond": [
        {
          "type": "QUEST_CONTENT_COMPLETE_TALK",
          "param": [1102401, 0],
          "param_str": ""
        }
      ],
      "failCond": [
        {
          "param": [],
          "param_str": ""
        }
      ],
      "guide": {
        "type": "QUEST_GUIDE_NPC",
        "param": ["10232"],
        "guideScene": 3,
        "guideStyle": "QUEST_GUIDE_STYLE_TARGET",
        "guideLayer": "QUEST_GUIDE_LAYER_SCENE"
      },
      "isRewind": true,
      "finishExec": [
        {
          "param": [],
          "param_str": ""
        }
      ],
      "failExec": [
        {
          "param": [],
          "param_str": ""
        }
      ],
      "beginExec": [
        {
          "param": [],
          "param_str": ""
        }
      ],
      "exclusiveNpcList": [10232],
      "exclusiveNpcPriority": 1010
    },
    {
      "subId": 1102402,
      "mainId": 11024,
      "order": 2,
      "isMpBlock": true,
      "descTextMapHash": 4133828724,
      "acceptCond": [
        {
          "type": "QUEST_COND_STATE_EQUAL",
          "param": [1102401, 3],
          "param_str": ""
        }
      ],
      "finishCond": [
        {
          "type": "QUEST_CONTENT_FINISH_PLOT",
          "param": [1102402, 0],
          "param_str": ""
        }
      ],
      "failCond": [
        {
          "param": [],
          "param_str": ""
        }
      ],
      "guide": {},
      "finishParent": true,
      "isRewind": true,
      "finishExec": [
        {
          "param": [],
          "param_str": ""
        }
      ],
      "failExec": [
        {
          "param": [],
          "param_str": ""
        }
      ],
      "beginExec": [
        {
          "param": [],
          "param_str": ""
        }
      ],
      "exclusiveNpcList": [10232],
      "exclusiveNpcPriority": 1010
    }
  ],
  "talks": [
    {
      "id": 1102401,
      "beginWay": "TALK_BEGIN_MANUAL",
      "activeMode": "PLAY_MODE_SINGLE",
      "beginCond": [
        {
          "type": "QUEST_COND_STATE_EQUAL",
          "param": ["1102401", "2"],
          "param_str": ""
        }
      ],
      "initDialog": 110240101,
      "npcId": [10232],
      "performCfg": "QuestDialogue/LQ/Zhongli1_11024/Q1102401",
      "heroTalk": "TALK_HERO_MAIN",
      "questId": 11024,
      "prePerformCfg": ""
    }
  ]
}
