{
  "id": 11027,
  "type": "LQ",
  "series": 2037,
  "titleTextMapHash": 228410671,
  "descTextMapHash": 3487049078,
  "luaPath": "Actor/Quest/LQ11027",
  "suggestTrackMainQuestList": [11028],
  "rewardIdList": [111027],
  "chapterId": 2037,
  "subQuests": [
    {
      "subId": 1102701,
      "mainId": 11027,
      "order": 1,
      "descTextMapHash": 2287291516,
      "acceptCondComb": "LOGIC_NONE",
      "finishCondComb": "LOGIC_NONE",
      "acceptCond": [
        {
          "type": "QUEST_COND_UNKNOWN",
          "param": [0, 0],
          "param_str": ""
        }
      ],
      "finishCond": [],
      "failCond": [],
      "beginExec": [],
      "finishExec": [],
      "failExec": [],
      "guide": {}
    },
    {
      "subId": 1102702,
      "mainId": 11027,
      "order": 3,
      "descTextMapHash": 870204084,
      "acceptCondComb": "LOGIC_NONE",
      "finishCondComb": "LOGIC_NONE",
      "acceptCond": [
        {
          "type": "QUEST_COND_UNKNOWN",
          "param": [0, 0],
          "param_str": ""
        }
      ],
      "finishCond": [],
      "failCond": [],
      "beginExec": [],
      "finishExec": [],
      "failExec": [],
      "guide": {}
    },
    {
      "subId": 1102703,
      "mainId": 11027,
      "order": 4,
      "descTextMapHash": 3365220892,
      "acceptCondComb": "LOGIC_NONE",
      "finishCondComb": "LOGIC_NONE",
      "acceptCond": [
        {
          "type": "QUEST_COND_UNKNOWN",
          "param": [0, 0],
          "param_str": ""
        }
      ],
      "finishCond": [],
      "failCond": [],
      "beginExec": [],
      "finishExec": [],
      "failExec": [],
      "guide": {}
    },
    {
      "subId": 1102704,
      "mainId": 11027,
      "order": 2,
      "descTextMapHash": 2933422820,
      "acceptCondComb": "LOGIC_NONE",
      "finishCondComb": "LOGIC_NONE",
      "acceptCond": [
        {
          "type": "QUEST_COND_UNKNOWN",
          "param": [0, 0],
          "param_str": ""
        }
      ],
      "finishCond": [],
      "failCond": [],
      "beginExec": [],
      "finishExec": [],
      "failExec": [],
      "guide": {}
    },
    {
      "subId": 1102705,
      "mainId": 11027,
      "order": 8,
      "descTextMapHash": 357202020,
      "acceptCondComb": "LOGIC_NONE",
      "finishCondComb": "LOGIC_NONE",
      "acceptCond": [
        {
          "type": "QUEST_COND_UNKNOWN",
          "param": [0, 0],
          "param_str": ""
        }
      ],
      "finishCond": [],
      "failCond": [],
      "beginExec": [],
      "finishExec": [],
      "failExec": [],
      "guide": {}
    },
    {
      "subId": 1102706,
      "mainId": 11027,
      "order": 9,
      "descTextMapHash": 2718966996,
      "acceptCondComb": "LOGIC_NONE",
      "finishCondComb": "LOGIC_NONE",
      "acceptCond": [
        {
          "type": "QUEST_COND_UNKNOWN",
          "param": [0, 0],
          "param_str": ""
        }
      ],
      "finishCond": [],
      "failCond": [],
      "beginExec": [],
      "finishExec": [],
      "failExec": [],
      "guide": {}
    },
    {
      "subId": 1102707,
      "mainId": 11027,
      "order": 5,
      "descTextMapHash": 3060144700,
      "acceptCondComb": "LOGIC_NONE",
      "finishCondComb": "LOGIC_NONE",
      "acceptCond": [
        {
          "type": "QUEST_COND_UNKNOWN",
          "param": [0, 0],
          "param_str": ""
        }
      ],
      "finishCond": [],
      "failCond": [],
      "beginExec": [],
      "finishExec": [],
      "failExec": [],
      "guide": {}
    },
    {
      "subId": 1102708,
      "mainId": 11027,
      "order": 7,
      "descTextMapHash": 696283452,
      "acceptCondComb": "LOGIC_NONE",
      "finishCondComb": "LOGIC_NONE",
      "acceptCond": [
        {
          "type": "QUEST_COND_UNKNOWN",
          "param": [0, 0],
          "param_str": ""
        }
      ],
      "finishCond": [],
      "failCond": [],
      "beginExec": [],
      "finishExec": [],
      "failExec": [],
      "guide": {}
    },
    {
      "subId": 1102709,
      "mainId": 11027,
      "order": 6,
      "descTextMapHash": 960086252,
      "acceptCondComb": "LOGIC_NONE",
      "finishCondComb": "LOGIC_NONE",
      "acceptCond": [
        {
          "type": "QUEST_COND_UNKNOWN",
          "param": [0, 0],
          "param_str": ""
        }
      ],
      "finishCond": [],
      "failCond": [],
      "beginExec": [],
      "finishExec": [],
      "failExec": [],
      "guide": {}
    }
  ],
  "talks": [
    {
      "id": 1102701,
      "beginWay": "TALK_BEGIN_MANUAL",
      "activeMode": "PLAY_MODE_SINGLE",
      "beginCond": [
        {
          "type": "QUEST_COND_STATE_EQUAL",
          "param": ["1102701", "2"],
          "param_str": ""
        }
      ],
      "priority": 5,
      "initDialog": 110270101,
      "npcId": [2103, 10233, 13135, 1068],
      "performCfg": "QuestDialogue/LQ/Baizhu_11027/Q1102701",
      "heroTalk": "TALK_HERO_MAIN",
      "questId": 11027,
      "prePerformCfg": "",
      "lockGameTime": true
    },
    {
      "id": 1102702,
      "beginWay": "TALK_BEGIN_MANUAL",
      "activeMode": "PLAY_MODE_SINGLE",
      "beginCondComb": "LOGIC_OR",
      "beginCond": [
        {
          "type": "QUEST_COND_STATE_EQUAL",
          "param": ["1102704", "2"],
          "param_str": ""
        },
        {
          "type": "QUEST_COND_STATE_EQUAL",
          "param": ["1102702", "2"],
          "param_str": ""
        },
        {
          "type": "QUEST_COND_STATE_EQUAL",
          "param": ["1102703", "2"],
          "param_str": ""
        }
      ],
      "priority": 5,
      "initDialog": 110270201,
      "npcId": [2103],
      "performCfg": "QuestDialogue/LQ/Baizhu_11027/Q1102702",
      "heroTalk": "TALK_HERO_MAIN",
      "questId": 11027,
      "prePerformCfg": "",
      "lowPriority": true
    },
    {
      "id": 1102703,
      "beginWay": "TALK_BEGIN_MANUAL",
      "activeMode": "PLAY_MODE_SINGLE",
      "beginCond": [
        {
          "type": "QUEST_COND_STATE_EQUAL",
          "param": ["1102703", "2"],
          "param_str": ""
        }
      ],
      "priority": 5,
      "initDialog": 110270301,
      "npcId": [1021, 13136, 13135, 1068],
      "performCfg": "QuestDialogue/LQ/Baizhu_11027/Q1102703",
      "heroTalk": "TALK_HERO_MAIN",
      "questId": 11027,
      "prePerformCfg": "",
      "lockGameTime": true
    },
    {
      "id": 1102704,
      "beginWay": "TALK_BEGIN_MANUAL",
      "activeMode": "PLAY_MODE_SINGLE",
      "beginCond": [
        {
          "type": "QUEST_COND_STATE_EQUAL",
          "param": ["1102704", "2"],
          "param_str": ""
        }
      ],
      "priority": 5,
      "initDialog": 110270401,
      "npcId": [2100, 2101, 13135, 1068],
      "performCfg": "QuestDialogue/LQ/Baizhu_11027/Q1102704",
      "heroTalk": "TALK_HERO_MAIN",
      "questId": 11027,
      "prePerformCfg": "",
      "lockGameTime": true
    },
    {
      "id": 1102705,
      "beginWay": "TALK_BEGIN_MANUAL",
      "activeMode": "PLAY_MODE_SINGLE",
      "beginCondComb": "LOGIC_OR",
      "beginCond": [
        {
          "type": "QUEST_COND_STATE_EQUAL",
          "param": ["1102704", "2"],
          "param_str": ""
        },
        {
          "type": "QUEST_COND_STATE_EQUAL",
          "param": ["1102702", "2"],
          "param_str": ""
        },
        {
          "type": "QUEST_COND_STATE_EQUAL",
          "param": ["1102703", "2"],
          "param_str": ""
        }
      ],
      "priority": 5,
      "initDialog": 110270501,
      "npcId": [10233],
      "performCfg": "QuestDialogue/LQ/Baizhu_11027/Q1102705",
      "heroTalk": "TALK_HERO_MAIN",
      "questId": 11027,
      "prePerformCfg": ""
    },
    {
      "id": 1102706,
      "beginWay": "TALK_BEGIN_MANUAL",
      "activeMode": "PLAY_MODE_SINGLE",
      "beginCond": [
        {
          "type": "QUEST_COND_STATE_EQUAL",
          "param": ["1102706", "2"],
          "param_str": ""
        }
      ],
      "priority": 6,
      "nextTalks": [1102716, 1102717],
      "initDialog": 110270601,
      "npcId": [13135, 13136, 1068, 1021],
      "performCfg": "QuestDialogue/LQ/Baizhu_11027/Q1102706",
      "heroTalk": "TALK_HERO_MAIN",
      "questId": 11027,
      "prePerformCfg": "",
      "lockGameTime": true
    },
    {
      "id": 1102707,
      "beginWay": "TALK_BEGIN_MANUAL",
      "activeMode": "PLAY_MODE_SINGLE",
      "beginCond": [
        {
          "type": "QUEST_COND_STATE_EQUAL",
          "param": ["1102707", "2"],
          "param_str": ""
        }
      ],
      "priority": 5,
      "initDialog": 110270701,
      "npcId": [1068, 13135, 1021],
      "performCfg": "QuestDialogue/LQ/Baizhu_11027/Q1102707",
      "heroTalk": "TALK_HERO_MAIN",
      "questId": 11027,
      "prePerformCfg": "",
      "lockGameTime": true
    },
    {
      "id": 1102708,
      "beginWay": "TALK_BEGIN_MANUAL",
      "activeMode": "PLAY_MODE_SINGLE",
      "beginCond": [
        {
          "type": "QUEST_COND_STATE_EQUAL",
          "param": ["1102708", "2"],
          "param_str": ""
        }
      ],
      "priority": 5,
      "initDialog": 110270801,
      "npcId": [1021],
      "performCfg": "QuestDialogue/LQ/Baizhu_11027/Q1102708",
      "heroTalk": "TALK_HERO_MAIN",
      "questId": 11027,
      "prePerformCfg": "",
      "lockGameTime": true
    },
    {
      "id": 1102709,
      "beginWay": "TALK_BEGIN_MANUAL",
      "activeMode": "PLAY_MODE_SINGLE",
      "beginCond": [
        {
          "type": "QUEST_COND_STATE_EQUAL",
          "param": ["1102709", "2"],
          "param_str": ""
        }
      ],
      "priority": 5,
      "initDialog": 110270901,
      "npcId": [13302],
      "performCfg": "QuestDialogue/LQ/Baizhu_11027/Q1102709",
      "heroTalk": "TALK_HERO_MAIN",
      "questId": 11027,
      "prePerformCfg": "",
      "lockGameTime": true
    },
    {
      "id": 1102710,
      "beginWay": "TALK_BEGIN_MANUAL",
      "activeMode": "PLAY_MODE_SINGLE",
      "beginCondComb": "LOGIC_OR",
      "beginCond": [
        {
          "type": "QUEST_COND_STATE_EQUAL",
          "param": ["1102702", "2"],
          "param_str": ""
        },
        {
          "type": "QUEST_COND_STATE_EQUAL",
          "param": ["1102703", "2"],
          "param_str": ""
        }
      ],
      "priority": 5,
      "initDialog": 110271001,
      "npcId": [2101],
      "performCfg": "QuestDialogue/LQ/Baizhu_11027/Q1102710",
      "heroTalk": "TALK_HERO_MAIN",
      "questId": 11027,
      "prePerformCfg": "",
      "lowPriority": true
    },
    {
      "id": 1102711,
      "beginWay": "TALK_BEGIN_MANUAL",
      "activeMode": "PLAY_MODE_SINGLE",
      "beginCondComb": "LOGIC_OR",
      "beginCond": [
        {
          "type": "QUEST_COND_STATE_EQUAL",
          "param": ["1102705", "2"],
          "param_str": ""
        },
        {
          "type": "QUEST_COND_STATE_EQUAL",
          "param": ["1102708", "2"],
          "param_str": ""
        }
      ],
      "priority": 5,
      "initDialog": 110271101,
      "npcId": [13175],
      "performCfg": "",
      "heroTalk": "TALK_HERO_MAIN",
      "questId": 11027,
      "prePerformCfg": "",
      "lowPriority": true
    },
    {
      "id": 1102712,
      "beginWay": "TALK_BEGIN_MANUAL",
      "activeMode": "PLAY_MODE_SINGLE",
      "beginCond": [
        {
          "type": "QUEST_COND_STATE_EQUAL",
          "param": ["1102708", "2"],
          "param_str": ""
        }
      ],
      "priority": 5,
      "initDialog": 110271201,
      "npcId": [13135, 2103],
      "performCfg": "QuestDialogue/LQ/Baizhu_11027/Q1102712",
      "heroTalk": "TALK_HERO_MAIN",
      "questId": 11027,
      "prePerformCfg": "",
      "lowPriority": true
    },
    {
      "id": 1102713,
      "beginWay": "TALK_BEGIN_MANUAL",
      "activeMode": "PLAY_MODE_SINGLE",
      "beginCondComb": "LOGIC_OR",
      "beginCond": [
        {
          "type": "QUEST_COND_STATE_EQUAL",
          "param": ["1102705", "2"],
          "param_str": ""
        },
        {
          "type": "QUEST_COND_STATE_EQUAL",
          "param": ["1102708", "2"],
          "param_str": ""
        }
      ],
      "priority": 5,
      "initDialog": 110271301,
      "npcId": [10233],
      "performCfg": "QuestDialogue/LQ/Baizhu_11027/Q1102713",
      "heroTalk": "TALK_HERO_MAIN",
      "questId": 11027,
      "prePerformCfg": "",
      "lowPriority": true
    },
    {
      "id": 1102714,
      "beginWay": "TALK_BEGIN_MANUAL",
      "activeMode": "PLAY_MODE_SINGLE",
      "beginCond": [
        {
          "type": "QUEST_COND_STATE_EQUAL",
          "param": ["1102705", "2"],
          "param_str": ""
        }
      ],
      "priority": 5,
      "initDialog": 110271401,
      "npcId": [1021],
      "performCfg": "QuestDialogue/LQ/Baizhu_11027/Q1102714",
      "heroTalk": "TALK_HERO_MAIN",
      "questId": 11027,
      "prePerformCfg": "",
      "lowPriority": true
    },
    {
      "id": 1102715,
      "beginWay": "TALK_BEGIN_MANUAL",
      "activeMode": "PLAY_MODE_SINGLE",
      "beginCondComb": "LOGIC_OR",
      "beginCond": [
        {
          "type": "QUEST_COND_STATE_EQUAL",
          "param": ["1102702", "2"],
          "param_str": ""
        },
        {
          "type": "QUEST_COND_STATE_EQUAL",
          "param": ["1102703", "2"],
          "param_str": ""
        }
      ],
      "priority": 5,
      "initDialog": 110271501,
      "npcId": [2100],
      "performCfg": "QuestDialogue/LQ/Baizhu_11027/Q1102715",
      "heroTalk": "TALK_HERO_MAIN",
      "questId": 11027,
      "prePerformCfg": "",
      "lowPriority": true
    },
    {
      "id": 1102716,
      "beginWay": "TALK_BEGIN_MANUAL",
      "activeMode": "PLAY_MODE_SINGLE",
      "beginCondComb": "LOGIC_AND",
      "beginCond": [
        {
          "type": "QUEST_COND_STATE_EQUAL",
          "param": ["1102706", "2"],
          "param_str": ""
        },
        {
          "type": "QUEST_COND_STATE_EQUAL",
          "param": ["1100811", "3"],
          "param_str": ""
        }
      ],
      "priority": 5,
      "initDialog": 110270658,
      "npcId": [1068],
      "performCfg": "QuestDialogue/LQ/Baizhu_11027/Q1102716",
      "heroTalk": "TALK_HERO_MAIN",
      "questId": 11027,
      "prePerformCfg": "",
      "lockGameTime": true,
      "finishExec": [
        {
          "type": "TALK_EXEC_SAVE_TALK_ID",
          "param": ["1102716", "0"],
          "param_str": ""
        }
      ]
    },
    {
      "id": 1102717,
      "beginWay": "TALK_BEGIN_MANUAL",
      "activeMode": "PLAY_MODE_SINGLE",
      "beginCondComb": "LOGIC_A_AND_ETCOR",
      "beginCond": [
        {
          "type": "QUEST_COND_STATE_EQUAL",
          "param": ["1102706", "2"],
          "param_str": ""
        },
        {
          "type": "QUEST_COND_QUEST_NOT_RECEIVE",
          "param": ["1100811", "1"],
          "param_str": ""
        },
        {
          "type": "QUEST_COND_STATE_EQUAL",
          "param": ["1100811", "2"],
          "param_str": ""
        }
      ],
      "priority": 4,
      "initDialog": 110270659,
      "npcId": [1068],
      "performCfg": "QuestDialogue/LQ/Baizhu_11027/Q1102717",
      "heroTalk": "TALK_HERO_MAIN",
      "questId": 11027,
      "prePerformCfg": "",
      "lockGameTime": true,
      "finishExec": [
        {
          "type": "TALK_EXEC_SAVE_TALK_ID",
          "param": ["1102717", "0"],
          "param_str": ""
        }
      ]
    }
  ]
}
