{
  "id": 11025,
  "type": "LQ",
  "series": 2014,
  "titleTextMapHash": 1177692871,
  "descTextMapHash": 1030161886,
  "luaPath": "Actor/Quest/LQ11025",
  "showType": "QUEST_HIDDEN",
  "subQuests": [
    {
      "subId": 1102501,
      "mainId": 11025,
      "order": 1,
      "descTextMapHash": 3052397140,
      "showType": "QUEST_HIDDEN",
      "acceptCond": [
        {
          "type": "QUEST_COND_STATE_EQUAL",
          "param": [99902, 3],
          "param_str": ""
        }
      ],
      "finishCond": [
        {
          "type": "QUEST_CONTENT_FINISH_PLOT",
          "param": [1102501, 0],
          "param_str": ""
        }
      ],
      "failCond": [
        {
          "param": [],
          "param_str": ""
        }
      ],
      "guide": {},
      "showGuide": "QUEST_GUIDE_ITEM_DISABLE",
      "isRewind": true,
      "finishExec": [
        {
          "param": [],
          "param_str": ""
        }
      ],
      "failExec": [
        {
          "param": [],
          "param_str": ""
        }
      ],
      "beginExec": [
        {
          "param": [],
          "param_str": ""
        }
      ]
    },
    {
      "subId": 1102502,
      "mainId": 11025,
      "order": 2,
      "descTextMapHash": 59592476,
      "showType": "QUEST_HIDDEN",
      "acceptCond": [
        {
          "type": "QUEST_COND_STATE_EQUAL",
          "param": [1102402, 3],
          "param_str": ""
        }
      ],
      "finishCond": [
        {
          "type": "QUEST_CONTENT_FINISH_PLOT",
          "param": [1102502, 0],
          "param_str": ""
        }
      ],
      "failCond": [
        {
          "param": [],
          "param_str": ""
        }
      ],
      "guide": {},
      "finishParent": true,
      "isRewind": true,
      "finishExec": [
        {
          "param": [],
          "param_str": ""
        }
      ],
      "failExec": [
        {
          "param": [],
          "param_str": ""
        }
      ],
      "beginExec": [
        {
          "param": [],
          "param_str": ""
        }
      ]
    }
  ],
  "talks": [
    {
      "id": 1102403,
      "beginWay": "TALK_BEGIN_MANUAL",
      "activeMode": "PLAY_MODE_SINGLE",
      "beginCond": [
        {
          "type": "QUEST_COND_STATE_EQUAL",
          "param": ["1102502", "2"],
          "param_str": ""
        }
      ],
      "initDialog": 110240301,
      "npcId": [10232],
      "performCfg": "QuestDialogue/LQ/Zhongli1_11024/Q1102403",
      "heroTalk": "TALK_HERO_MAIN",
      "questId": 11025,
      "prePerformCfg": ""
    }
  ]
}
