{
  "id": 11026,
  "type": "LQ",
  "series": 2029,
  "titleTextMapHash": 1530774791,
  "descTextMapHash": 416229190,
  "luaPath": "Actor/Quest/LQ11026",
  "rewardIdList": [111026],
  "chapterId": 2029,
  "subQuests": [
    {
      "subId": 1102601,
      "mainId": 11026,
      "order": 1,
      "descTextMapHash": 28633652,
      "acceptCond": [
        {
          "type": "QUEST_COND_STATE_EQUAL",
          "param": [1101924, 3],
          "param_str": ""
        }
      ],
      "finishCond": [
        {
          "type": "QUEST_CONTENT_GAME_TIME_TICK",
          "param": [1, 0],
          "param_str": "9,11"
        }
      ],
      "failCond": [
        {
          "param": [],
          "param_str": ""
        }
      ],
      "guide": {},
      "isRewind": true,
      "finishExec": [
        {
          "param": [],
          "param_str": ""
        }
      ],
      "failExec": [
        {
          "param": [],
          "param_str": ""
        }
      ],
      "beginExec": [
        {
          "param": [],
          "param_str": ""
        }
      ],
      "exclusiveNpcList": [1048],
      "exclusiveNpcPriority": 1100,
      "exclusivePlaceList": [310701]
    },
    {
      "subId": 1102602,
      "mainId": 11026,
      "order": 3,
      "descTextMapHash": 3394326788,
      "acceptCond": [
        {
          "type": "QUEST_COND_STATE_EQUAL",
          "param": [1102601, 3],
          "param_str": ""
        }
      ],
      "finishCond": [
        {
          "type": "QUEST_CONTENT_COMPLETE_TALK",
          "param": [1102602, 0],
          "param_str": ""
        }
      ],
      "failCond": [
        {
          "param": [],
          "param_str": ""
        }
      ],
      "guide": {
        "type": "QUEST_GUIDE_LOCATION",
        "param": ["Q1102602_N1048", "20"],
        "guideScene": 3,
        "guideStyle": "QUEST_GUIDE_STYLE_POINT",
        "guideLayer": "QUEST_GUIDE_LAYER_SCENE"
      },
      "isRewind": true,
      "finishExec": [
        {
          "param": [],
          "param_str": ""
        }
      ],
      "failExec": [
        {
          "param": [],
          "param_str": ""
        }
      ],
      "beginExec": [
        {
          "param": [],
          "param_str": ""
        }
      ],
      "exclusiveNpcList": [
        1048, 12498, 12499, 12500, 12504, 12501, 12502, 2070
      ],
      "exclusiveNpcPriority": 1100,
      "exclusivePlaceList": [310701]
    },
    {
      "subId": 1102603,
      "mainId": 11026,
      "order": 2,
      "descTextMapHash": 630371804,
      "showType": "QUEST_HIDDEN",
      "acceptCond": [
        {
          "type": "QUEST_COND_STATE_EQUAL",
          "param": [1102601, 3],
          "param_str": ""
        }
      ],
      "finishCond": [
        {
          "type": "QUEST_CONTENT_FINISH_PLOT",
          "param": [1102603, 0],
          "param_str": ""
        }
      ],
      "failCond": [
        {
          "type": "QUEST_CONTENT_GAME_TIME_TICK",
          "param": [0, 0],
          "param_str": "11,24"
        }
      ],
      "guide": {},
      "finishExec": [
        {
          "param": [],
          "param_str": ""
        }
      ],
      "failExec": [
        {
          "type": "QUEST_EXEC_ROLLBACK_QUEST",
          "param": ["1102601", "0"],
          "param_str": ""
        }
      ],
      "beginExec": [
        {
          "param": [],
          "param_str": ""
        }
      ],
      "exclusiveNpcList": [
        1048, 12498, 12499, 12500, 12504, 12501, 12502, 2070
      ],
      "exclusiveNpcPriority": 1100,
      "exclusivePlaceList": [310701]
    },
    {
      "subId": 1102604,
      "mainId": 11026,
      "order": 4,
      "descTextMapHash": 32270412,
      "acceptCond": [
        {
          "type": "QUEST_COND_STATE_EQUAL",
          "param": [1102602, 3],
          "param_str": ""
        }
      ],
      "finishCond": [
        {
          "type": "QUEST_CONTENT_COMPLETE_TALK",
          "param": [1102604, 0],
          "param_str": ""
        }
      ],
      "failCond": [
        {
          "param": [],
          "param_str": ""
        }
      ],
      "guide": {
        "type": "QUEST_GUIDE_LOCATION",
        "param": ["guide_Q1102603", "0"],
        "guideScene": 3,
        "guideStyle": "QUEST_GUIDE_STYLE_POINT",
        "guideLayer": "QUEST_GUIDE_LAYER_SCENE"
      },
      "isRewind": true,
      "finishExec": [
        {
          "param": [],
          "param_str": ""
        }
      ],
      "failExec": [
        {
          "param": [],
          "param_str": ""
        }
      ],
      "beginExec": [
        {
          "param": [],
          "param_str": ""
        }
      ],
      "exclusiveNpcList": [1048, 12501, 2070],
      "exclusiveNpcPriority": 1100,
      "exclusivePlaceList": [310701]
    },
    {
      "subId": 1102605,
      "mainId": 11026,
      "order": 5,
      "descTextMapHash": 3329401676,
      "acceptCond": [
        {
          "type": "QUEST_COND_STATE_EQUAL",
          "param": [1102604, 3],
          "param_str": ""
        }
      ],
      "finishCond": [
        {
          "type": "QUEST_CONTENT_COMPLETE_TALK",
          "param": [1102605, 0],
          "param_str": ""
        }
      ],
      "failCond": [
        {
          "param": [],
          "param_str": ""
        }
      ],
      "guide": {
        "type": "QUEST_GUIDE_LOCATION",
        "param": ["Q1102605_N2147", "0"],
        "guideScene": 1035,
        "guideStyle": "QUEST_GUIDE_STYLE_POINT",
        "guideLayer": "QUEST_GUIDE_LAYER_SCENE"
      },
      "isRewind": true,
      "finishExec": [
        {
          "param": [],
          "param_str": ""
        }
      ],
      "failExec": [
        {
          "param": [],
          "param_str": ""
        }
      ],
      "beginExec": [
        {
          "param": [],
          "param_str": ""
        }
      ],
      "exclusiveNpcList": [1048, 2147],
      "exclusiveNpcPriority": 1100
    },
    {
      "subId": 1102606,
      "mainId": 11026,
      "order": 6,
      "descTextMapHash": 464641044,
      "acceptCond": [
        {
          "type": "QUEST_COND_STATE_EQUAL",
          "param": [1102605, 3],
          "param_str": ""
        }
      ],
      "finishCond": [
        {
          "type": "QUEST_CONTENT_COMPLETE_TALK",
          "param": [1102606, 0],
          "param_str": ""
        }
      ],
      "failCond": [
        {
          "param": [],
          "param_str": ""
        }
      ],
      "guide": {
        "type": "QUEST_GUIDE_NPC",
        "param": ["2023"],
        "guideScene": 3,
        "guideStyle": "QUEST_GUIDE_STYLE_TARGET",
        "guideLayer": "QUEST_GUIDE_LAYER_SCENE"
      },
      "isRewind": true,
      "finishExec": [
        {
          "param": [],
          "param_str": ""
        }
      ],
      "failExec": [
        {
          "param": [],
          "param_str": ""
        }
      ],
      "beginExec": [
        {
          "param": [],
          "param_str": ""
        }
      ],
      "exclusiveNpcList": [1048, 2023, 2015],
      "exclusiveNpcPriority": 1100
    },
    {
      "subId": 1102607,
      "mainId": 11026,
      "order": 7,
      "descTextMapHash": 1065399092,
      "acceptCond": [
        {
          "type": "QUEST_COND_STATE_EQUAL",
          "param": [1102606, 3],
          "param_str": ""
        }
      ],
      "finishCond": [
        {
          "type": "QUEST_CONTENT_GAME_TIME_TICK",
          "param": [0, 0],
          "param_str": "20,24"
        }
      ],
      "failCond": [
        {
          "param": [],
          "param_str": ""
        }
      ],
      "guide": {},
      "isRewind": true,
      "finishExec": [
        {
          "param": [],
          "param_str": ""
        }
      ],
      "failExec": [
        {
          "param": [],
          "param_str": ""
        }
      ],
      "beginExec": [
        {
          "param": [],
          "param_str": ""
        }
      ],
      "exclusiveNpcList": [1048, 2015, 2036],
      "exclusiveNpcPriority": 1100
    },
    {
      "subId": 1102608,
      "mainId": 11026,
      "order": 8,
      "descTextMapHash": 2613560220,
      "acceptCond": [
        {
          "type": "QUEST_COND_STATE_EQUAL",
          "param": [1102607, 3],
          "param_str": ""
        }
      ],
      "finishCond": [
        {
          "type": "QUEST_CONTENT_COMPLETE_TALK",
          "param": [1102608, 0],
          "param_str": ""
        }
      ],
      "failCond": [
        {
          "param": [],
          "param_str": ""
        }
      ],
      "guide": {
        "type": "QUEST_GUIDE_NPC",
        "param": ["1048"],
        "guideScene": 3,
        "guideStyle": "QUEST_GUIDE_STYLE_TARGET",
        "guideLayer": "QUEST_GUIDE_LAYER_SCENE"
      },
      "isRewind": true,
      "finishExec": [
        {
          "param": [],
          "param_str": ""
        }
      ],
      "failExec": [
        {
          "param": [],
          "param_str": ""
        }
      ],
      "beginExec": [
        {
          "param": [],
          "param_str": ""
        }
      ],
      "exclusiveNpcList": [1048, 2036],
      "exclusiveNpcPriority": 1100,
      "exclusivePlaceList": [1101802]
    },
    {
      "subId": 1102609,
      "mainId": 11026,
      "order": 9,
      "descTextMapHash": 3912062196,
      "acceptCond": [
        {
          "type": "QUEST_COND_STATE_EQUAL",
          "param": [1102608, 3],
          "param_str": ""
        }
      ],
      "finishCond": [
        {
          "type": "QUEST_CONTENT_FINISH_PLOT",
          "param": [1102609, 0],
          "param_str": ""
        }
      ],
      "failCond": [
        {
          "param": [],
          "param_str": ""
        }
      ],
      "guide": {
        "type": "QUEST_GUIDE_LOCATION",
        "param": ["guide_Q1102609", "120"],
        "guideScene": 3,
        "guideStyle": "QUEST_GUIDE_STYLE_POINT",
        "guideLayer": "QUEST_GUIDE_LAYER_SCENE"
      },
      "isRewind": true,
      "finishExec": [
        {
          "param": [],
          "param_str": ""
        }
      ],
      "failExec": [
        {
          "param": [],
          "param_str": ""
        }
      ],
      "beginExec": [
        {
          "param": [],
          "param_str": ""
        }
      ],
      "exclusiveNpcList": [1048, 2036],
      "exclusiveNpcPriority": 1100
    },
    {
      "subId": 1102610,
      "mainId": 11026,
      "order": 10,
      "descTextMapHash": 1287947924,
      "acceptCond": [
        {
          "type": "QUEST_COND_STATE_EQUAL",
          "param": [1102609, 3],
          "param_str": ""
        }
      ],
      "finishCond": [
        {
          "type": "QUEST_CONTENT_COMPLETE_TALK",
          "param": [1102610, 0],
          "param_str": ""
        }
      ],
      "failCond": [
        {
          "param": [],
          "param_str": ""
        }
      ],
      "guide": {
        "type": "QUEST_GUIDE_LOCATION",
        "param": ["guide_Q1102610", "30"],
        "guideScene": 3,
        "guideStyle": "QUEST_GUIDE_STYLE_POINT",
        "guideLayer": "QUEST_GUIDE_LAYER_SCENE"
      },
      "isRewind": true,
      "finishExec": [
        {
          "param": [],
          "param_str": ""
        }
      ],
      "failExec": [
        {
          "param": [],
          "param_str": ""
        }
      ],
      "beginExec": [
        {
          "param": [],
          "param_str": ""
        }
      ],
      "exclusiveNpcList": [1048],
      "exclusiveNpcPriority": 1100
    },
    {
      "subId": 1102611,
      "mainId": 11026,
      "order": 11,
      "descTextMapHash": 3585594180,
      "acceptCond": [
        {
          "type": "QUEST_COND_STATE_EQUAL",
          "param": [1102610, 3],
          "param_str": ""
        }
      ],
      "finishCond": [
        {
          "type": "QUEST_CONTENT_ENTER_DUNGEON",
          "param": [1134, 559],
          "param_str": ""
        }
      ],
      "failCond": [
        {
          "param": [],
          "param_str": ""
        }
      ],
      "guide": {
        "type": "QUEST_GUIDE_LOCATION",
        "param": ["guide_Q1102611", "0"],
        "guideScene": 3,
        "guideStyle": "QUEST_GUIDE_STYLE_POINT",
        "guideLayer": "QUEST_GUIDE_LAYER_SCENE"
      },
      "isRewind": true,
      "finishExec": [
        {
          "param": [],
          "param_str": ""
        }
      ],
      "failExec": [
        {
          "param": [],
          "param_str": ""
        }
      ],
      "beginExec": [
        {
          "type": "QUEST_EXEC_UNLOCK_POINT",
          "param": ["3", "559"],
          "param_str": ""
        }
      ],
      "exclusiveNpcList": [1048],
      "exclusiveNpcPriority": 1100
    },
    {
      "subId": 1102612,
      "mainId": 11026,
      "order": 12,
      "descTextMapHash": 1443395860,
      "acceptCond": [
        {
          "type": "QUEST_COND_STATE_EQUAL",
          "param": [1102611, 3],
          "param_str": ""
        }
      ],
      "finishCond": [
        {
          "type": "QUEST_CONTENT_COMPLETE_TALK",
          "param": [1102612, 0],
          "param_str": ""
        }
      ],
      "failCondComb": "LOGIC_OR",
      "failCond": [
        {
          "type": "QUEST_CONTENT_ENTER_MY_WORLD",
          "param": [3, 0],
          "param_str": ""
        },
        {
          "type": "QUEST_CONTENT_FAIL_DUNGEON",
          "param": [1134, 0],
          "param_str": ""
        },
        {
          "type": "QUEST_CONTENT_LEAVE_SCENE",
          "param": [20131, 0],
          "param_str": ""
        }
      ],
      "guide": {
        "type": "QUEST_GUIDE_LOCATION",
        "param": ["Q1102612_N1048", "0"],
        "guideScene": 20131,
        "guideStyle": "QUEST_GUIDE_STYLE_POINT",
        "guideLayer": "QUEST_GUIDE_LAYER_SCENE"
      },
      "isRewind": true,
      "finishExec": [
        {
          "param": [],
          "param_str": ""
        }
      ],
      "failExec": [
        {
          "type": "QUEST_EXEC_ROLLBACK_QUEST",
          "param": ["1102611", "0"],
          "param_str": ""
        },
        {
          "type": "QUEST_EXEC_REMOVE_TRIAL_AVATAR",
          "param": ["39", "0"],
          "param_str": ""
        }
      ],
      "beginExec": [
        {
          "type": "QUEST_EXEC_GRANT_TRIAL_AVATAR",
          "param": ["39", "0"],
          "param_str": ""
        }
      ],
      "exclusiveNpcList": [1048],
      "exclusiveNpcPriority": 1100,
      "trialAvatarList": [39]
    },
    {
      "subId": 1102613,
      "mainId": 11026,
      "order": 14,
      "descTextMapHash": 1913831100,
      "acceptCond": [
        {
          "type": "QUEST_COND_STATE_EQUAL",
          "param": [1102612, 3],
          "param_str": ""
        }
      ],
      "finishCond": [
        {
          "type": "QUEST_CONTENT_LUA_NOTIFY",
          "param": [0, 0],
          "param_str": "110261301",
          "count": 1
        }
      ],
      "failCondComb": "LOGIC_OR",
      "failCond": [
        {
          "type": "QUEST_CONTENT_ENTER_MY_WORLD",
          "param": [3, 0],
          "param_str": ""
        },
        {
          "type": "QUEST_CONTENT_FAIL_DUNGEON",
          "param": [1134, 0],
          "param_str": ""
        },
        {
          "type": "QUEST_CONTENT_LEAVE_SCENE",
          "param": [20131, 0],
          "param_str": ""
        }
      ],
      "guide": {
        "type": "QUEST_GUIDE_LOCATION",
        "autoGuide": "QUEST_GUIDE_AUTO_ENABLE",
        "param": ["Q1102613_guide", "30"],
        "guideScene": 20131,
        "guideStyle": "QUEST_GUIDE_STYLE_POINT",
        "guideLayer": "QUEST_GUIDE_LAYER_SCENE"
      },
      "isRewind": true,
      "finishExec": [
        {
          "type": "QUEST_EXEC_NOTIFY_GROUP_LUA",
          "param": ["20131", "220131019"],
          "param_str": ""
        }
      ],
      "failExec": [
        {
          "type": "QUEST_EXEC_ROLLBACK_QUEST",
          "param": ["1102611", "0"],
          "param_str": ""
        },
        {
          "type": "QUEST_EXEC_REMOVE_TRIAL_AVATAR",
          "param": ["39", "0"],
          "param_str": ""
        }
      ],
      "beginExec": [
        {
          "param": [],
          "param_str": ""
        }
      ],
      "exclusiveNpcList": [1048, 12498, 12505],
      "exclusiveNpcPriority": 1100,
      "trialAvatarList": [39]
    },
    {
      "subId": 1102614,
      "mainId": 11026,
      "order": 20,
      "descTextMapHash": 1221783788,
      "acceptCond": [
        {
          "type": "QUEST_COND_STATE_EQUAL",
          "param": [1102623, 3],
          "param_str": ""
        }
      ],
      "finishCond": [
        {
          "type": "QUEST_CONTENT_COMPLETE_TALK",
          "param": [1102614, 0],
          "param_str": ""
        }
      ],
      "failCondComb": "LOGIC_OR",
      "failCond": [
        {
          "type": "QUEST_CONTENT_ENTER_MY_WORLD",
          "param": [3, 0],
          "param_str": ""
        },
        {
          "type": "QUEST_CONTENT_FAIL_DUNGEON",
          "param": [1134, 0],
          "param_str": ""
        },
        {
          "type": "QUEST_CONTENT_LEAVE_SCENE",
          "param": [20131, 0],
          "param_str": ""
        }
      ],
      "guide": {
        "type": "QUEST_GUIDE_NPC",
        "autoGuide": "QUEST_GUIDE_AUTO_ENABLE",
        "param": ["1048"],
        "guideScene": 20131,
        "guideStyle": "QUEST_GUIDE_STYLE_TARGET",
        "guideLayer": "QUEST_GUIDE_LAYER_SCENE"
      },
      "isRewind": true,
      "finishExec": [
        {
          "param": [],
          "param_str": ""
        }
      ],
      "failExec": [
        {
          "type": "QUEST_EXEC_ROLLBACK_QUEST",
          "param": ["1102611", "0"],
          "param_str": ""
        }
      ],
      "beginExec": [
        {
          "param": [],
          "param_str": ""
        }
      ],
      "exclusiveNpcList": [1048, 12498, 12505],
      "exclusiveNpcPriority": 1100
    },
    {
      "subId": 1102615,
      "mainId": 11026,
      "order": 22,
      "descTextMapHash": 1441010044,
      "acceptCond": [
        {
          "type": "QUEST_COND_STATE_EQUAL",
          "param": [1102614, 3],
          "param_str": ""
        }
      ],
      "finishCond": [
        {
          "type": "QUEST_CONTENT_COMPLETE_TALK",
          "param": [1102615, 0],
          "param_str": ""
        }
      ],
      "failCondComb": "LOGIC_OR",
      "failCond": [
        {
          "type": "QUEST_CONTENT_ENTER_MY_WORLD",
          "param": [3, 0],
          "param_str": ""
        },
        {
          "type": "QUEST_CONTENT_FAIL_DUNGEON",
          "param": [1134, 0],
          "param_str": ""
        },
        {
          "type": "QUEST_CONTENT_LEAVE_SCENE",
          "param": [20131, 0],
          "param_str": ""
        }
      ],
      "guide": {
        "type": "QUEST_GUIDE_NPC",
        "param": ["1048"],
        "guideScene": 20131,
        "guideStyle": "QUEST_GUIDE_STYLE_TARGET",
        "guideLayer": "QUEST_GUIDE_LAYER_SCENE"
      },
      "isRewind": true,
      "finishExec": [
        {
          "type": "QUEST_EXEC_REFRESH_GROUP_SUITE",
          "param": ["20131", "220131003,2"],
          "param_str": ""
        }
      ],
      "failExec": [
        {
          "type": "QUEST_EXEC_ROLLBACK_QUEST",
          "param": ["1102611", "0"],
          "param_str": ""
        }
      ],
      "beginExec": [
        {
          "param": [],
          "param_str": ""
        }
      ],
      "exclusiveNpcList": [
        1048, 12498, 12504, 12505, 12501, 12502, 12524, 12525, 12526, 12527
      ],
      "exclusiveNpcPriority": 1100
    },
    {
      "subId": 1102616,
      "mainId": 11026,
      "order": 24,
      "descTextMapHash": 2956136444,
      "acceptCond": [
        {
          "type": "QUEST_COND_STATE_EQUAL",
          "param": [1102615, 3],
          "param_str": ""
        }
      ],
      "finishCondComb": "LOGIC_OR",
      "finishCond": [
        {
          "type": "QUEST_CONTENT_LEAVE_SCENE",
          "param": [20131, 0],
          "param_str": ""
        },
        {
          "type": "QUEST_CONTENT_ENTER_MY_WORLD",
          "param": [3, 0],
          "param_str": ""
        }
      ],
      "failCond": [
        {
          "param": [],
          "param_str": ""
        }
      ],
      "guide": {},
      "isRewind": true,
      "finishExec": [
        {
          "type": "QUEST_EXEC_LOCK_POINT",
          "param": ["3", "559"],
          "param_str": ""
        },
        {
          "type": "QUEST_EXEC_SET_GAME_TIME",
          "param": ["23", "0"],
          "param_str": ""
        }
      ],
      "failExec": [
        {
          "param": [],
          "param_str": ""
        }
      ],
      "beginExec": [
        {
          "type": "QUEST_EXEC_REFRESH_GROUP_SUITE",
          "param": ["20131", "220131002,3"],
          "param_str": ""
        }
      ],
      "exclusiveNpcList": [1048, 12498, 12505],
      "exclusiveNpcPriority": 1100
    },
    {
      "subId": 1102617,
      "mainId": 11026,
      "order": 25,
      "descTextMapHash": 2367413212,
      "acceptCond": [
        {
          "type": "QUEST_COND_STATE_EQUAL",
          "param": [1102616, 3],
          "param_str": ""
        }
      ],
      "finishCond": [
        {
          "type": "QUEST_CONTENT_GAME_TIME_TICK",
          "param": [1, 0],
          "param_str": "8,24"
        }
      ],
      "failCond": [
        {
          "param": [],
          "param_str": ""
        }
      ],
      "guide": {},
      "isRewind": true,
      "finishExec": [
        {
          "param": [],
          "param_str": ""
        }
      ],
      "failExec": [
        {
          "param": [],
          "param_str": ""
        }
      ],
      "beginExec": [
        {
          "param": [],
          "param_str": ""
        }
      ],
      "exclusiveNpcList": [1048, 12499, 12500, 2003, 10234, 2029, 2036],
      "exclusiveNpcPriority": 1100
    },
    {
      "subId": 1102618,
      "mainId": 11026,
      "order": 26,
      "descTextMapHash": 2783989212,
      "acceptCond": [
        {
          "type": "QUEST_COND_STATE_EQUAL",
          "param": [1102617, 3],
          "param_str": ""
        }
      ],
      "finishCond": [
        {
          "type": "QUEST_CONTENT_COMPLETE_TALK",
          "param": [1102618, 0],
          "param_str": ""
        }
      ],
      "failCond": [
        {
          "param": [],
          "param_str": ""
        }
      ],
      "guide": {
        "type": "QUEST_GUIDE_LOCATION",
        "param": ["Q1102618_N2003", "10"],
        "guideScene": 3,
        "guideStyle": "QUEST_GUIDE_STYLE_POINT",
        "guideLayer": "QUEST_GUIDE_LAYER_SCENE"
      },
      "finishParent": true,
      "isRewind": true,
      "finishExec": [
        {
          "type": "QUEST_EXEC_UNREGISTER_DYNAMIC_GROUP",
          "param": ["133107246", "0"],
          "param_str": ""
        },
        {
          "type": "QUEST_EXEC_SET_QUEST_GLOBAL_VAR",
          "param": ["11026", "1"],
          "param_str": ""
        }
      ],
      "failExec": [
        {
          "param": [],
          "param_str": ""
        }
      ],
      "beginExec": [
        {
          "type": "QUEST_EXEC_REGISTER_DYNAMIC_GROUP",
          "param": ["3", "133107246"],
          "param_str": ""
        },
        {
          "type": "QUEST_EXEC_REFRESH_GROUP_SUITE",
          "param": ["3", "133107246,2"],
          "param_str": ""
        }
      ],
      "exclusiveNpcList": [1048, 12499, 12500, 2003, 10234, 2029, 2036],
      "exclusiveNpcPriority": 1100,
      "exclusivePlaceList": [1101802]
    },
    {
      "subId": 1102619,
      "mainId": 11026,
      "order": 15,
      "descTextMapHash": 830998796,
      "acceptCond": [
        {
          "type": "QUEST_COND_STATE_EQUAL",
          "param": [1102613, 3],
          "param_str": ""
        }
      ],
      "finishCond": [
        {
          "type": "QUEST_CONTENT_COMPLETE_TALK",
          "param": [1102619, 0],
          "param_str": ""
        }
      ],
      "failCondComb": "LOGIC_OR",
      "failCond": [
        {
          "type": "QUEST_CONTENT_ENTER_MY_WORLD",
          "param": [3, 0],
          "param_str": ""
        },
        {
          "type": "QUEST_CONTENT_FAIL_DUNGEON",
          "param": [1134, 0],
          "param_str": ""
        },
        {
          "type": "QUEST_CONTENT_LEAVE_SCENE",
          "param": [20131, 0],
          "param_str": ""
        }
      ],
      "guide": {
        "type": "QUEST_GUIDE_NPC",
        "param": ["1005"],
        "guideScene": 20131,
        "guideStyle": "QUEST_GUIDE_STYLE_TARGET",
        "guideLayer": "QUEST_GUIDE_LAYER_SCENE"
      },
      "isRewind": true,
      "finishExec": [
        {
          "param": [],
          "param_str": ""
        }
      ],
      "failExec": [
        {
          "type": "QUEST_EXEC_ROLLBACK_QUEST",
          "param": ["1102611", "0"],
          "param_str": ""
        },
        {
          "type": "QUEST_EXEC_REMOVE_TRIAL_AVATAR",
          "param": ["39", "0"],
          "param_str": ""
        }
      ],
      "beginExec": [
        {
          "param": [],
          "param_str": ""
        }
      ],
      "exclusiveNpcList": [1048, 12498, 12505],
      "exclusiveNpcPriority": 1100,
      "trialAvatarList": [39]
    },
    {
      "subId": 1102620,
      "mainId": 11026,
      "order": 16,
      "descTextMapHash": 473777660,
      "acceptCond": [
        {
          "type": "QUEST_COND_STATE_EQUAL",
          "param": [1102619, 3],
          "param_str": ""
        }
      ],
      "finishCond": [
        {
          "type": "QUEST_CONTENT_LUA_NOTIFY",
          "param": [0, 0],
          "param_str": "110262001",
          "count": 1
        }
      ],
      "failCondComb": "LOGIC_OR",
      "failCond": [
        {
          "type": "QUEST_CONTENT_ENTER_MY_WORLD",
          "param": [3, 0],
          "param_str": ""
        },
        {
          "type": "QUEST_CONTENT_FAIL_DUNGEON",
          "param": [1134, 0],
          "param_str": ""
        },
        {
          "type": "QUEST_CONTENT_LEAVE_SCENE",
          "param": [20131, 0],
          "param_str": ""
        }
      ],
      "guide": {
        "type": "QUEST_GUIDE_LOCATION",
        "param": ["Q1102613_guide", "30"],
        "guideScene": 20131,
        "guideStyle": "QUEST_GUIDE_STYLE_POINT",
        "guideLayer": "QUEST_GUIDE_LAYER_SCENE"
      },
      "isRewind": true,
      "finishExec": [
        {
          "param": [],
          "param_str": ""
        }
      ],
      "failExec": [
        {
          "type": "QUEST_EXEC_ROLLBACK_QUEST",
          "param": ["1102611", "0"],
          "param_str": ""
        },
        {
          "type": "QUEST_EXEC_REMOVE_TRIAL_AVATAR",
          "param": ["39", "0"],
          "param_str": ""
        }
      ],
      "beginExec": [
        {
          "param": [],
          "param_str": ""
        }
      ],
      "exclusiveNpcList": [1048, 12498, 12505],
      "exclusiveNpcPriority": 1100,
      "trialAvatarList": [39]
    },
    {
      "subId": 1102621,
      "mainId": 11026,
      "order": 23,
      "descTextMapHash": 2659239268,
      "showType": "QUEST_HIDDEN",
      "acceptCond": [
        {
          "type": "QUEST_COND_STATE_EQUAL",
          "param": [1102614, 3],
          "param_str": ""
        }
      ],
      "finishCondComb": "LOGIC_OR",
      "finishCond": [
        {
          "type": "QUEST_CONTENT_QUEST_STATE_EQUAL",
          "param": [1102615, 3],
          "param_str": ""
        },
        {
          "type": "QUEST_CONTENT_FINISH_PLOT",
          "param": [1102621, 0],
          "param_str": ""
        }
      ],
      "failCond": [
        {
          "type": "QUEST_CONTENT_LUA_NOTIFY",
          "param": [0, 0],
          "param_str": "22013100301",
          "count": 1
        }
      ],
      "guide": {},
      "finishExec": [
        {
          "param": [],
          "param_str": ""
        }
      ],
      "failExec": [
        {
          "type": "QUEST_EXEC_ROLLBACK_QUEST",
          "param": ["1102615", "0"],
          "param_str": ""
        },
        {
          "type": "QUEST_EXEC_REFRESH_GROUP_SUITE",
          "param": ["20131", "220131003,1"],
          "param_str": ""
        }
      ],
      "beginExec": [
        {
          "param": [],
          "param_str": ""
        }
      ],
      "exclusiveNpcList": [1048, 12498, 12504, 12505, 12501, 12502],
      "exclusiveNpcPriority": 1100
    },
    {
      "subId": 1102622,
      "mainId": 11026,
      "order": 17,
      "descTextMapHash": 2450038484,
      "acceptCond": [
        {
          "type": "QUEST_COND_STATE_EQUAL",
          "param": [1102620, 3],
          "param_str": ""
        }
      ],
      "finishCond": [
        {
          "type": "QUEST_CONTENT_LUA_NOTIFY",
          "param": [0, 0],
          "param_str": "110262201",
          "count": 1
        }
      ],
      "failCondComb": "LOGIC_OR",
      "failCond": [
        {
          "type": "QUEST_CONTENT_ENTER_MY_WORLD",
          "param": [3, 0],
          "param_str": ""
        },
        {
          "type": "QUEST_CONTENT_FAIL_DUNGEON",
          "param": [1134, 0],
          "param_str": ""
        },
        {
          "type": "QUEST_CONTENT_LEAVE_SCENE",
          "param": [20131, 0],
          "param_str": ""
        }
      ],
      "guide": {},
      "isRewind": true,
      "finishExec": [
        {
          "param": [],
          "param_str": ""
        }
      ],
      "failExec": [
        {
          "type": "QUEST_EXEC_ROLLBACK_QUEST",
          "param": ["1102611", "0"],
          "param_str": ""
        },
        {
          "type": "QUEST_EXEC_REMOVE_TRIAL_AVATAR",
          "param": ["39", "0"],
          "param_str": ""
        }
      ],
      "beginExec": [
        {
          "param": [],
          "param_str": ""
        }
      ],
      "exclusiveNpcList": [1048],
      "exclusiveNpcPriority": 1100,
      "trialAvatarList": [39]
    },
    {
      "subId": 1102623,
      "mainId": 11026,
      "order": 19,
      "descTextMapHash": 3152704188,
      "acceptCond": [
        {
          "type": "QUEST_COND_STATE_EQUAL",
          "param": [1102622, 3],
          "param_str": ""
        }
      ],
      "finishCond": [
        {
          "type": "QUEST_CONTENT_FINISH_PLOT",
          "param": [1102623, 0],
          "param_str": ""
        }
      ],
      "failCondComb": "LOGIC_OR",
      "failCond": [
        {
          "type": "QUEST_CONTENT_ENTER_MY_WORLD",
          "param": [3, 0],
          "param_str": ""
        },
        {
          "type": "QUEST_CONTENT_FAIL_DUNGEON",
          "param": [1134, 0],
          "param_str": ""
        },
        {
          "type": "QUEST_CONTENT_LEAVE_SCENE",
          "param": [20131, 0],
          "param_str": ""
        }
      ],
      "guide": {},
      "isRewind": true,
      "finishExec": [
        {
          "type": "QUEST_EXEC_REMOVE_TRIAL_AVATAR",
          "param": ["39", "0"],
          "param_str": ""
        }
      ],
      "failExec": [
        {
          "type": "QUEST_EXEC_ROLLBACK_QUEST",
          "param": ["1102611", "0"],
          "param_str": ""
        },
        {
          "type": "QUEST_EXEC_REMOVE_TRIAL_AVATAR",
          "param": ["39", "0"],
          "param_str": ""
        }
      ],
      "beginExec": [
        {
          "param": [],
          "param_str": ""
        }
      ],
      "exclusiveNpcList": [1048],
      "exclusiveNpcPriority": 1100,
      "trialAvatarList": [39]
    },
    {
      "subId": 1102624,
      "mainId": 11026,
      "order": 18,
      "descTextMapHash": 494243996,
      "showType": "QUEST_HIDDEN",
      "acceptCond": [
        {
          "type": "QUEST_COND_STATE_EQUAL",
          "param": [1102612, 3],
          "param_str": ""
        }
      ],
      "finishCond": [
        {
          "type": "QUEST_CONTENT_INTERACT_GADGET",
          "param": [70710770, 0],
          "param_str": "",
          "count": 1
        }
      ],
      "failCondComb": "LOGIC_OR",
      "failCond": [
        {
          "type": "QUEST_CONTENT_ENTER_MY_WORLD",
          "param": [3, 0],
          "param_str": ""
        },
        {
          "type": "QUEST_CONTENT_FAIL_DUNGEON",
          "param": [1134, 0],
          "param_str": ""
        },
        {
          "type": "QUEST_CONTENT_LEAVE_SCENE",
          "param": [20131, 0],
          "param_str": ""
        },
        {
          "type": "QUEST_CONTENT_QUEST_STATE_EQUAL",
          "param": [1102623, 3],
          "param_str": ""
        }
      ],
      "guide": {},
      "finishExec": [
        {
          "param": [],
          "param_str": ""
        }
      ],
      "failExec": [
        {
          "type": "QUEST_EXEC_REMOVE_TRIAL_AVATAR",
          "param": ["39", "0"],
          "param_str": ""
        }
      ],
      "beginExec": [
        {
          "param": [],
          "param_str": ""
        }
      ],
      "trialAvatarList": [39]
    },
    {
      "subId": 1102625,
      "mainId": 11026,
      "order": 21,
      "descTextMapHash": 3644850612,
      "showType": "QUEST_HIDDEN",
      "acceptCond": [
        {
          "type": "QUEST_COND_STATE_EQUAL",
          "param": [1102623, 3],
          "param_str": ""
        }
      ],
      "finishCondComb": "LOGIC_OR",
      "finishCond": [
        {
          "type": "QUEST_CONTENT_FINISH_PLOT",
          "param": [1102625, 0],
          "param_str": ""
        },
        {
          "type": "QUEST_CONTENT_QUEST_STATE_EQUAL",
          "param": [1102614, 3],
          "param_str": ""
        }
      ],
      "failCondComb": "LOGIC_OR",
      "failCond": [
        {
          "type": "QUEST_CONTENT_ENTER_MY_WORLD",
          "param": [3, 0],
          "param_str": ""
        },
        {
          "type": "QUEST_CONTENT_FAIL_DUNGEON",
          "param": [1134, 0],
          "param_str": ""
        },
        {
          "type": "QUEST_CONTENT_LEAVE_SCENE",
          "param": [20131, 0],
          "param_str": ""
        }
      ],
      "guide": {},
      "finishExec": [
        {
          "type": "QUEST_EXEC_REFRESH_GROUP_SUITE",
          "param": ["20131", "220131002,2"],
          "param_str": ""
        }
      ],
      "failExec": [
        {
          "type": "QUEST_EXEC_ROLLBACK_QUEST",
          "param": ["1102611", "0"],
          "param_str": ""
        }
      ],
      "beginExec": [
        {
          "type": "QUEST_EXEC_REFRESH_GROUP_SUITE",
          "param": ["20131", "220131002,1"],
          "param_str": ""
        }
      ]
    },
    {
      "subId": 1102626,
      "mainId": 11026,
      "order": 13,
      "descTextMapHash": 1049028540,
      "showType": "QUEST_HIDDEN",
      "acceptCond": [
        {
          "type": "QUEST_COND_STATE_EQUAL",
          "param": [1102612, 2],
          "param_str": ""
        }
      ],
      "finishCondComb": "LOGIC_OR",
      "finishCond": [
        {
          "type": "QUEST_CONTENT_FINISH_PLOT",
          "param": [1102626, 0],
          "param_str": ""
        },
        {
          "type": "QUEST_CONTENT_QUEST_STATE_EQUAL",
          "param": [1102612, 3],
          "param_str": ""
        }
      ],
      "failCondComb": "LOGIC_OR",
      "failCond": [
        {
          "type": "QUEST_CONTENT_ENTER_MY_WORLD",
          "param": [3, 0],
          "param_str": ""
        },
        {
          "type": "QUEST_CONTENT_FAIL_DUNGEON",
          "param": [1134, 0],
          "param_str": ""
        },
        {
          "type": "QUEST_CONTENT_LEAVE_SCENE",
          "param": [20131, 0],
          "param_str": ""
        }
      ],
      "guide": {},
      "finishExec": [
        {
          "type": "QUEST_EXEC_NOTIFY_GROUP_LUA",
          "param": ["20131", "220131018"],
          "param_str": ""
        }
      ],
      "failExec": [
        {
          "type": "QUEST_EXEC_ROLLBACK_QUEST",
          "param": ["1102611", "0"],
          "param_str": ""
        },
        {
          "type": "QUEST_EXEC_REMOVE_TRIAL_AVATAR",
          "param": ["39", "0"],
          "param_str": ""
        }
      ],
      "beginExec": [
        {
          "type": "QUEST_EXEC_NOTIFY_GROUP_LUA",
          "param": ["20131", "220131018"],
          "param_str": ""
        }
      ],
      "trialAvatarList": [39]
    }
  ],
  "talks": [
    {
      "id": 1102602,
      "beginWay": "TALK_BEGIN_MANUAL",
      "activeMode": "PLAY_MODE_SINGLE",
      "beginCond": [
        {
          "type": "QUEST_COND_STATE_EQUAL",
          "param": ["1102602", "2"],
          "param_str": ""
        }
      ],
      "priority": 5,
      "initDialog": 110260201,
      "npcId": [1048, 12500, 12499, 12498],
      "performCfg": "QuestDialogue/LQ/Yelan1_11026/Q1102602",
      "heroTalk": "TALK_HERO_MAIN",
      "questId": 11026,
      "prePerformCfg": ""
    },
    {
      "id": 1102604,
      "beginWay": "TALK_BEGIN_MANUAL",
      "activeMode": "PLAY_MODE_SINGLE",
      "beginCond": [
        {
          "type": "QUEST_COND_STATE_EQUAL",
          "param": ["1102604", "2"],
          "param_str": ""
        }
      ],
      "priority": 5,
      "initDialog": 110260401,
      "npcId": [12501, 1048],
      "performCfg": "QuestDialogue/LQ/Yelan1_11026/Q1102604",
      "heroTalk": "TALK_HERO_MAIN",
      "questId": 11026,
      "prePerformCfg": ""
    },
    {
      "id": 1102605,
      "beginWay": "TALK_BEGIN_MANUAL",
      "activeMode": "PLAY_MODE_SINGLE",
      "beginCond": [
        {
          "type": "QUEST_COND_STATE_EQUAL",
          "param": ["1102605", "2"],
          "param_str": ""
        }
      ],
      "priority": 5,
      "initDialog": 110260501,
      "npcId": [12504, 2147],
      "performCfg": "QuestDialogue/LQ/Yelan1_11026/Q1102605",
      "heroTalk": "TALK_HERO_MAIN",
      "questId": 11026,
      "prePerformCfg": ""
    },
    {
      "id": 1102606,
      "beginWay": "TALK_BEGIN_MANUAL",
      "activeMode": "PLAY_MODE_SINGLE",
      "beginCond": [
        {
          "type": "QUEST_COND_STATE_EQUAL",
          "param": ["1102606", "2"],
          "param_str": ""
        }
      ],
      "priority": 5,
      "initDialog": 110260601,
      "npcId": [2023],
      "performCfg": "QuestDialogue/LQ/Yelan1_11026/Q1102606",
      "heroTalk": "TALK_HERO_MAIN",
      "questId": 11026,
      "prePerformCfg": ""
    },
    {
      "id": 1102608,
      "beginWay": "TALK_BEGIN_MANUAL",
      "activeMode": "PLAY_MODE_SINGLE",
      "beginCond": [
        {
          "type": "QUEST_COND_STATE_EQUAL",
          "param": ["1102608", "2"],
          "param_str": ""
        }
      ],
      "priority": 5,
      "initDialog": 110260801,
      "npcId": [1048],
      "performCfg": "QuestDialogue/LQ/Yelan1_11026/Q1102608",
      "heroTalk": "TALK_HERO_MAIN",
      "questId": 11026,
      "prePerformCfg": ""
    },
    {
      "id": 1102610,
      "beginWay": "TALK_BEGIN_MANUAL",
      "activeMode": "PLAY_MODE_SINGLE",
      "beginCond": [
        {
          "type": "QUEST_COND_STATE_EQUAL",
          "param": ["1102610", "2"],
          "param_str": ""
        }
      ],
      "priority": 5,
      "initDialog": 110261001,
      "npcId": [1048],
      "performCfg": "QuestDialogue/LQ/Yelan1_11026/Q1102610",
      "heroTalk": "TALK_HERO_MAIN",
      "questId": 11026,
      "prePerformCfg": ""
    },
    {
      "id": 1102612,
      "beginWay": "TALK_BEGIN_MANUAL",
      "activeMode": "PLAY_MODE_SINGLE",
      "beginCond": [
        {
          "type": "QUEST_COND_STATE_EQUAL",
          "param": ["1102612", "2"],
          "param_str": ""
        }
      ],
      "priority": 5,
      "initDialog": 110261201,
      "npcId": [1048],
      "performCfg": "QuestDialogue/LQ/Yelan1_11026/Q1102612",
      "heroTalk": "TALK_HERO_MAIN",
      "questId": 11026,
      "prePerformCfg": ""
    },
    {
      "id": 1102614,
      "beginWay": "TALK_BEGIN_MANUAL",
      "activeMode": "PLAY_MODE_SINGLE",
      "beginCond": [
        {
          "type": "QUEST_COND_STATE_EQUAL",
          "param": ["1102614", "2"],
          "param_str": ""
        }
      ],
      "priority": 5,
      "initDialog": 110261401,
      "npcId": [1048],
      "performCfg": "QuestDialogue/LQ/Yelan1_11026/Q1102614",
      "heroTalk": "TALK_HERO_MAIN",
      "questId": 11026,
      "prePerformCfg": ""
    },
    {
      "id": 1102615,
      "beginWay": "TALK_BEGIN_MANUAL",
      "activeMode": "PLAY_MODE_SINGLE",
      "beginCond": [
        {
          "type": "QUEST_COND_STATE_EQUAL",
          "param": ["1102615", "2"],
          "param_str": ""
        }
      ],
      "priority": 5,
      "initDialog": 110261501,
      "npcId": [1048],
      "performCfg": "QuestDialogue/LQ/Yelan1_11026/Q1102615",
      "heroTalk": "TALK_HERO_MAIN",
      "questId": 11026,
      "prePerformCfg": ""
    },
    {
      "id": 1102618,
      "beginWay": "TALK_BEGIN_MANUAL",
      "activeMode": "PLAY_MODE_SINGLE",
      "beginCond": [
        {
          "type": "QUEST_COND_STATE_EQUAL",
          "param": ["1102618", "2"],
          "param_str": ""
        }
      ],
      "priority": 5,
      "initDialog": 110261801,
      "npcId": [2003, 1048],
      "performCfg": "QuestDialogue/LQ/Yelan1_11026/Q1102618",
      "heroTalk": "TALK_HERO_MAIN",
      "questId": 11026,
      "prePerformCfg": ""
    },
    {
      "id": 1102619,
      "beginWay": "TALK_BEGIN_MANUAL",
      "activeMode": "PLAY_MODE_SINGLE",
      "beginCond": [
        {
          "type": "QUEST_COND_STATE_EQUAL",
          "param": ["1102619", "2"],
          "param_str": ""
        }
      ],
      "priority": 5,
      "initDialog": 110261901,
      "npcId": [1005],
      "performCfg": "QuestDialogue/LQ/Yelan1_11026/Q1102619",
      "heroTalk": "TALK_HERO_MAIN",
      "questId": 11026,
      "prePerformCfg": ""
    },
    {
      "id": 1102650,
      "beginWay": "TALK_BEGIN_MANUAL",
      "activeMode": "PLAY_MODE_SINGLE",
      "beginCond": [
        {
          "type": "QUEST_COND_STATE_EQUAL",
          "param": ["1102618", "3"],
          "param_str": ""
        }
      ],
      "priority": 5,
      "initDialog": 110265001,
      "npcId": [2003],
      "performCfg": "QuestDialogue/LQ/Yelan1_11026/Q1102650",
      "heroTalk": "TALK_HERO_MAIN",
      "questId": 11026,
      "prePerformCfg": "",
      "questIdleTalk": true
    },
    {
      "id": 1102651,
      "beginWay": "TALK_BEGIN_MANUAL",
      "activeMode": "PLAY_MODE_SINGLE",
      "beginCond": [
        {
          "type": "QUEST_COND_STATE_EQUAL",
          "param": ["1102618", "3"],
          "param_str": ""
        }
      ],
      "priority": 5,
      "initDialog": 110265101,
      "npcId": [12499, 12500],
      "performCfg": "QuestDialogue/LQ/Yelan1_11026/Q1102651",
      "heroTalk": "TALK_HERO_MAIN",
      "questId": 11026,
      "prePerformCfg": "",
      "questIdleTalk": true
    },
    {
      "id": 1102652,
      "beginWay": "TALK_BEGIN_MANUAL",
      "activeMode": "PLAY_MODE_SINGLE",
      "beginCond": [
        {
          "type": "QUEST_COND_STATE_EQUAL",
          "param": ["1102616", "3"],
          "param_str": ""
        }
      ],
      "priority": 5,
      "initDialog": 110265201,
      "npcId": [12547],
      "performCfg": "",
      "heroTalk": "TALK_HERO_MAIN",
      "questId": 11026,
      "prePerformCfg": ""
    }
  ],
  "videoKey": 6382832627668464
}
