{
  "id": 11028,
  "type": "LQ",
  "series": 2037,
  "titleTextMapHash": 1534217159,
  "descTextMapHash": 3377278614,
  "luaPath": "Actor/Quest/LQ11028",
  "suggestTrackMainQuestList": [11029],
  "rewardIdList": [111028],
  "chapterId": 2037,
  "subQuests": [
    {
      "subId": 1102801,
      "mainId": 11028,
      "order": 1,
      "descTextMapHash": 1004405084,
      "acceptCondComb": "LOGIC_NONE",
      "finishCondComb": "LOGIC_NONE",
      "acceptCond": [
        {
          "type": "QUEST_COND_UNKNOWN",
          "param": [0, 0],
          "param_str": ""
        }
      ],
      "finishCond": [],
      "failCond": [],
      "beginExec": [],
      "finishExec": [],
      "failExec": [],
      "guide": {}
    },
    {
      "subId": 1102802,
      "mainId": 11028,
      "order": 2,
      "subIdSet": 1,
      "descTextMapHash": 951962156,
      "acceptCondComb": "LOGIC_NONE",
      "finishCondComb": "LOGIC_NONE",
      "acceptCond": [
        {
          "type": "QUEST_COND_UNKNOWN",
          "param": [0, 0],
          "param_str": ""
        }
      ],
      "finishCond": [],
      "failCond": [],
      "beginExec": [],
      "finishExec": [],
      "failExec": [],
      "guide": {}
    },
    {
      "subId": 1102803,
      "mainId": 11028,
      "order": 3,
      "subIdSet": 1,
      "descTextMapHash": 3422423156,
      "acceptCondComb": "LOGIC_NONE",
      "finishCondComb": "LOGIC_NONE",
      "acceptCond": [
        {
          "type": "QUEST_COND_UNKNOWN",
          "param": [0, 0],
          "param_str": ""
        }
      ],
      "finishCond": [],
      "failCond": [],
      "beginExec": [],
      "finishExec": [],
      "failExec": [],
      "guide": {}
    },
    {
      "subId": 1102804,
      "mainId": 11028,
      "order": 4,
      "subIdSet": 1,
      "descTextMapHash": 944472340,
      "acceptCondComb": "LOGIC_NONE",
      "finishCondComb": "LOGIC_NONE",
      "acceptCond": [
        {
          "type": "QUEST_COND_UNKNOWN",
          "param": [0, 0],
          "param_str": ""
        }
      ],
      "finishCond": [],
      "failCond": [],
      "beginExec": [],
      "finishExec": [],
      "failExec": [],
      "guide": {}
    },
    {
      "subId": 1102805,
      "mainId": 11028,
      "order": 6,
      "descTextMapHash": 1747563764,
      "acceptCondComb": "LOGIC_NONE",
      "finishCondComb": "LOGIC_NONE",
      "acceptCond": [
        {
          "type": "QUEST_COND_UNKNOWN",
          "param": [0, 0],
          "param_str": ""
        }
      ],
      "finishCond": [],
      "failCond": [],
      "beginExec": [],
      "finishExec": [],
      "failExec": [],
      "guide": {}
    },
    {
      "subId": 1102806,
      "mainId": 11028,
      "order": 7,
      "descTextMapHash": 2046104740,
      "acceptCondComb": "LOGIC_NONE",
      "finishCondComb": "LOGIC_NONE",
      "acceptCond": [
        {
          "type": "QUEST_COND_UNKNOWN",
          "param": [0, 0],
          "param_str": ""
        }
      ],
      "finishCond": [],
      "failCond": [],
      "beginExec": [],
      "finishExec": [],
      "failExec": [],
      "guide": {}
    },
    {
      "subId": 1102807,
      "mainId": 11028,
      "order": 8,
      "descTextMapHash": 1029071836,
      "acceptCondComb": "LOGIC_NONE",
      "finishCondComb": "LOGIC_NONE",
      "acceptCond": [
        {
          "type": "QUEST_COND_UNKNOWN",
          "param": [0, 0],
          "param_str": ""
        }
      ],
      "finishCond": [],
      "failCond": [],
      "beginExec": [],
      "finishExec": [],
      "failExec": [],
      "guide": {}
    },
    {
      "subId": 1102808,
      "mainId": 11028,
      "order": 9,
      "descTextMapHash": 1221856028,
      "acceptCondComb": "LOGIC_NONE",
      "finishCondComb": "LOGIC_NONE",
      "acceptCond": [
        {
          "type": "QUEST_COND_UNKNOWN",
          "param": [0, 0],
          "param_str": ""
        }
      ],
      "finishCond": [],
      "failCond": [],
      "beginExec": [],
      "finishExec": [],
      "failExec": [],
      "guide": {}
    },
    {
      "subId": 1102809,
      "mainId": 11028,
      "order": 10,
      "descTextMapHash": 724532772,
      "acceptCondComb": "LOGIC_NONE",
      "finishCondComb": "LOGIC_NONE",
      "acceptCond": [
        {
          "type": "QUEST_COND_UNKNOWN",
          "param": [0, 0],
          "param_str": ""
        }
      ],
      "finishCond": [],
      "failCond": [],
      "beginExec": [],
      "finishExec": [],
      "failExec": [],
      "guide": {}
    },
    {
      "subId": 1102810,
      "mainId": 11028,
      "order": 11,
      "descTextMapHash": 1443423268,
      "acceptCondComb": "LOGIC_NONE",
      "finishCondComb": "LOGIC_NONE",
      "acceptCond": [
        {
          "type": "QUEST_COND_UNKNOWN",
          "param": [0, 0],
          "param_str": ""
        }
      ],
      "finishCond": [],
      "failCond": [],
      "beginExec": [],
      "finishExec": [],
      "failExec": [],
      "guide": {}
    },
    {
      "subId": 1102811,
      "mainId": 11028,
      "order": 5,
      "isMpBlock": true,
      "descTextMapHash": 1351555444,
      "failCondComb": "QUEST_HIDDEN",
      "acceptCondComb": "LOGIC_NONE",
      "finishCondComb": "LOGIC_NONE",
      "acceptCond": [
        {
          "type": "QUEST_COND_UNKNOWN",
          "param": [0, 0],
          "param_str": ""
        }
      ],
      "finishCond": [],
      "failCond": [],
      "beginExec": [],
      "finishExec": [],
      "failExec": [],
      "guide": {}
    }
  ],
  "talks": [
    {
      "id": 1102801,
      "beginWay": "TALK_BEGIN_MANUAL",
      "activeMode": "PLAY_MODE_SINGLE",
      "beginCond": [
        {
          "type": "QUEST_COND_STATE_EQUAL",
          "param": ["1102801", "2"],
          "param_str": ""
        }
      ],
      "priority": 5,
      "initDialog": 110280101,
      "npcId": [1068],
      "performCfg": "QuestDialogue/LQ/Baizhu_11028/Q1102801",
      "heroTalk": "TALK_HERO_MAIN",
      "questId": 11028,
      "prePerformCfg": "",
      "lockGameTime": true
    },
    {
      "id": 1102802,
      "beginWay": "TALK_BEGIN_MANUAL",
      "activeMode": "PLAY_MODE_SINGLE",
      "beginCondComb": "LOGIC_OR",
      "beginCond": [
        {
          "type": "QUEST_COND_STATE_EQUAL",
          "param": ["1102802", "2"],
          "param_str": ""
        },
        {
          "type": "QUEST_COND_STATE_EQUAL",
          "param": ["1102803", "2"],
          "param_str": ""
        },
        {
          "type": "QUEST_COND_STATE_EQUAL",
          "param": ["1102804", "2"],
          "param_str": ""
        }
      ],
      "priority": 5,
      "initDialog": 110280201,
      "npcId": [13138],
      "performCfg": "",
      "heroTalk": "TALK_HERO_MAIN",
      "questId": 11028,
      "prePerformCfg": "",
      "lockGameTime": true
    },
    {
      "id": 1102803,
      "beginWay": "TALK_BEGIN_MANUAL",
      "activeMode": "PLAY_MODE_SINGLE",
      "beginCondComb": "LOGIC_OR",
      "beginCond": [
        {
          "type": "QUEST_COND_STATE_EQUAL",
          "param": ["1102802", "2"],
          "param_str": ""
        },
        {
          "type": "QUEST_COND_STATE_EQUAL",
          "param": ["1102803", "2"],
          "param_str": ""
        },
        {
          "type": "QUEST_COND_STATE_EQUAL",
          "param": ["1102804", "2"],
          "param_str": ""
        }
      ],
      "priority": 5,
      "initDialog": 110280301,
      "npcId": [13139],
      "performCfg": "",
      "heroTalk": "TALK_HERO_MAIN",
      "questId": 11028,
      "prePerformCfg": "",
      "lockGameTime": true
    },
    {
      "id": 1102804,
      "beginWay": "TALK_BEGIN_MANUAL",
      "activeMode": "PLAY_MODE_SINGLE",
      "beginCondComb": "LOGIC_OR",
      "beginCond": [
        {
          "type": "QUEST_COND_STATE_EQUAL",
          "param": ["1102802", "2"],
          "param_str": ""
        },
        {
          "type": "QUEST_COND_STATE_EQUAL",
          "param": ["1102803", "2"],
          "param_str": ""
        },
        {
          "type": "QUEST_COND_STATE_EQUAL",
          "param": ["1102804", "2"],
          "param_str": ""
        }
      ],
      "priority": 5,
      "initDialog": 110280401,
      "npcId": [13140],
      "performCfg": "",
      "heroTalk": "TALK_HERO_MAIN",
      "questId": 11028,
      "prePerformCfg": "",
      "lockGameTime": true
    },
    {
      "id": 1102805,
      "beginWay": "TALK_BEGIN_MANUAL",
      "activeMode": "PLAY_MODE_SINGLE",
      "beginCond": [
        {
          "type": "QUEST_COND_STATE_EQUAL",
          "param": ["1102805", "2"],
          "param_str": ""
        }
      ],
      "priority": 5,
      "nextTalks": [1102811],
      "initDialog": 110280501,
      "npcId": [1068],
      "performCfg": "QuestDialogue/LQ/Baizhu_11028/Q1102805",
      "heroTalk": "TALK_HERO_MAIN",
      "questId": 11028,
      "prePerformCfg": "",
      "lockGameTime": true
    },
    {
      "id": 1102806,
      "beginWay": "TALK_BEGIN_MANUAL",
      "activeMode": "PLAY_MODE_SINGLE",
      "beginCond": [
        {
          "type": "QUEST_COND_STATE_EQUAL",
          "param": ["1102806", "2"],
          "param_str": ""
        }
      ],
      "priority": 5,
      "initDialog": 110280601,
      "npcId": [13135, 13136, 10233, 1068, 2103],
      "performCfg": "QuestDialogue/LQ/Baizhu_11028/Q1102806",
      "heroTalk": "TALK_HERO_MAIN",
      "questId": 11028,
      "prePerformCfg": "",
      "lockGameTime": true
    },
    {
      "id": 1102807,
      "beginWay": "TALK_BEGIN_MANUAL",
      "activeMode": "PLAY_MODE_SINGLE",
      "beginCondComb": "LOGIC_OR",
      "beginCond": [
        {
          "type": "QUEST_COND_STATE_EQUAL",
          "param": ["1102802", "2"],
          "param_str": ""
        },
        {
          "type": "QUEST_COND_STATE_EQUAL",
          "param": ["1102803", "2"],
          "param_str": ""
        },
        {
          "type": "QUEST_COND_STATE_EQUAL",
          "param": ["1102804", "2"],
          "param_str": ""
        }
      ],
      "priority": 5,
      "initDialog": 110280701,
      "npcId": [1068],
      "performCfg": "QuestDialogue/LQ/Baizhu_11028/Q1102807",
      "heroTalk": "TALK_HERO_MAIN",
      "questId": 11028,
      "prePerformCfg": "",
      "stayFreeStyle": true,
      "lowPriority": true
    },
    {
      "id": 1102808,
      "beginWay": "TALK_BEGIN_MANUAL",
      "activeMode": "PLAY_MODE_SINGLE",
      "beginCond": [
        {
          "type": "QUEST_COND_STATE_EQUAL",
          "param": ["1102808", "2"],
          "param_str": ""
        }
      ],
      "priority": 5,
      "initDialog": 110280801,
      "npcId": [13135, 13136, 2103],
      "performCfg": "QuestDialogue/LQ/Baizhu_11028/Q1102808",
      "heroTalk": "TALK_HERO_MAIN",
      "questId": 11028,
      "prePerformCfg": "",
      "lockGameTime": true
    },
    {
      "id": 1102809,
      "beginWay": "TALK_BEGIN_MANUAL",
      "activeMode": "PLAY_MODE_SINGLE",
      "beginCond": [
        {
          "type": "QUEST_COND_STATE_EQUAL",
          "param": ["1102809", "2"],
          "param_str": ""
        }
      ],
      "priority": 5,
      "initDialog": 110280901,
      "npcId": [1068],
      "performCfg": "QuestDialogue/LQ/Baizhu_11028/Q1102809",
      "heroTalk": "TALK_HERO_MAIN",
      "questId": 11028,
      "prePerformCfg": "",
      "lockGameTime": true
    },
    {
      "id": 1102810,
      "beginWay": "TALK_BEGIN_MANUAL",
      "activeMode": "PLAY_MODE_SINGLE",
      "beginCond": [
        {
          "type": "QUEST_COND_STATE_EQUAL",
          "param": ["1102810", "2"],
          "param_str": ""
        }
      ],
      "priority": 5,
      "initDialog": 110281001,
      "npcId": [1068, 13136, 10233],
      "performCfg": "QuestDialogue/LQ/Baizhu_11028/Q1102810",
      "heroTalk": "TALK_HERO_MAIN",
      "questId": 11028,
      "prePerformCfg": "",
      "lockGameTime": true
    },
    {
      "id": 1102811,
      "beginWay": "TALK_BEGIN_MANUAL",
      "activeMode": "PLAY_MODE_SINGLE",
      "beginCond": [
        {
          "type": "QUEST_COND_STATE_EQUAL",
          "param": ["1102805", "2"],
          "param_str": ""
        }
      ],
      "priority": 4,
      "initDialog": 110281101,
      "npcId": [1068],
      "performCfg": "QuestDialogue/LQ/Baizhu_11028/Q1102811",
      "heroTalk": "TALK_HERO_MAIN",
      "questId": 11028,
      "prePerformCfg": "",
      "lockGameTime": true
    },
    {
      "id": 1102812,
      "beginWay": "TALK_BEGIN_MANUAL",
      "activeMode": "PLAY_MODE_SINGLE",
      "beginCond": [
        {
          "type": "QUEST_COND_STATE_EQUAL",
          "param": ["1102801", "2"],
          "param_str": ""
        }
      ],
      "priority": 5,
      "initDialog": 110281201,
      "npcId": [2103],
      "performCfg": "QuestDialogue/LQ/Baizhu_11028/Q1102812",
      "heroTalk": "TALK_HERO_MAIN",
      "questId": 11028,
      "prePerformCfg": "",
      "lowPriority": true
    },
    {
      "id": 1102813,
      "beginWay": "TALK_BEGIN_MANUAL",
      "activeMode": "PLAY_MODE_SINGLE",
      "beginCond": [
        {
          "type": "QUEST_COND_STATE_EQUAL",
          "param": ["1102801", "2"],
          "param_str": ""
        }
      ],
      "priority": 5,
      "initDialog": 110281301,
      "npcId": [10233],
      "performCfg": "QuestDialogue/LQ/Baizhu_11028/Q1102813",
      "heroTalk": "TALK_HERO_MAIN",
      "questId": 11028,
      "prePerformCfg": "",
      "lowPriority": true
    },
    {
      "id": 1102814,
      "beginWay": "TALK_BEGIN_MANUAL",
      "activeMode": "PLAY_MODE_SINGLE",
      "beginCondComb": "LOGIC_AND",
      "beginCond": [
        {
          "type": "QUEST_COND_STATE_EQUAL",
          "param": ["1102706", "3"],
          "param_str": ""
        },
        {
          "type": "QUEST_COND_STATE_EQUAL",
          "param": ["1102908", "0"],
          "param_str": ""
        }
      ],
      "priority": 5,
      "initDialog": 110281401,
      "npcId": [1021],
      "performCfg": "QuestDialogue/LQ/Baizhu_11028/Q1102814",
      "heroTalk": "TALK_HERO_MAIN",
      "questId": 11028,
      "prePerformCfg": "",
      "lowPriority": true
    },
    {
      "id": 1102815,
      "beginWay": "TALK_BEGIN_MANUAL",
      "activeMode": "PLAY_MODE_SINGLE",
      "beginCond": [
        {
          "type": "QUEST_COND_STATE_EQUAL",
          "param": ["1102801", "2"],
          "param_str": ""
        }
      ],
      "priority": 5,
      "initDialog": 110281501,
      "npcId": [13136, 13135],
      "performCfg": "QuestDialogue/LQ/Baizhu_11028/Q1102815",
      "heroTalk": "TALK_HERO_MAIN",
      "questId": 11028,
      "prePerformCfg": "",
      "lowPriority": true
    },
    {
      "id": 1102816,
      "beginWay": "TALK_BEGIN_MANUAL",
      "activeMode": "PLAY_MODE_SINGLE",
      "beginCond": [
        {
          "type": "QUEST_COND_STATE_EQUAL",
          "param": ["1102807", "2"],
          "param_str": ""
        }
      ],
      "priority": 5,
      "initDialog": 110281601,
      "npcId": [10233, 13135],
      "performCfg": "QuestDialogue/LQ/Baizhu_11028/Q1102816",
      "heroTalk": "TALK_HERO_MAIN",
      "questId": 11028,
      "prePerformCfg": "",
      "lowPriority": true
    },
    {
      "id": 1102817,
      "beginWay": "TALK_BEGIN_MANUAL",
      "activeMode": "PLAY_MODE_SINGLE",
      "beginCond": [
        {
          "type": "QUEST_COND_STATE_EQUAL",
          "param": ["1102807", "2"],
          "param_str": ""
        }
      ],
      "priority": 5,
      "initDialog": 110281701,
      "npcId": [2103],
      "performCfg": "QuestDialogue/LQ/Baizhu_11028/Q1102817",
      "heroTalk": "TALK_HERO_MAIN",
      "questId": 11028,
      "prePerformCfg": "",
      "lowPriority": true
    }
  ]
}
