{
  "id": 11032,
  "type": "LQ",
  "series": 2016,
  "titleTextMapHash": 4052363791,
  "descTextMapHash": 1403988958,
  "luaPath": "Actor/Quest/LQ11032",
  "rewardIdList": [111032],
  "chapterId": 2016,
  "subQuests": [
    {
      "subId": 1103201,
      "mainId": 11032,
      "order": 1,
      "descTextMapHash": 3614690492,
      "acceptCond": [
        {
          "type": "QUEST_COND_STATE_EQUAL",
          "param": [1103114, 3],
          "param_str": ""
        }
      ],
      "finishCond": [
        {
          "type": "QUEST_CONTENT_ENTER_ROOM",
          "param": [1035, 0],
          "param_str": ""
        }
      ],
      "failCond": [
        {
          "param": [],
          "param_str": ""
        }
      ],
      "guide": {
        "type": "QUEST_GUIDE_LOCATION",
        "param": ["Q11032XinyuexuanEntrance"],
        "guideScene": 3,
        "guideStyle": "QUEST_GUIDE_STYLE_TARGET",
        "guideLayer": "QUEST_GUIDE_LAYER_SCENE"
      },
      "isRewind": true,
      "finishExec": [
        {
          "param": [],
          "param_str": ""
        }
      ],
      "failExec": [
        {
          "param": [],
          "param_str": ""
        }
      ],
      "beginExec": [
        {
          "param": [],
          "param_str": ""
        }
      ],
      "exclusiveNpcList": [1015, 2029, 2147, 2063],
      "exclusiveNpcPriority": 1100
    },
    {
      "subId": 1103202,
      "mainId": 11032,
      "order": 2,
      "descTextMapHash": 1476070964,
      "acceptCond": [
        {
          "type": "QUEST_COND_STATE_EQUAL",
          "param": [1103201, 3],
          "param_str": ""
        }
      ],
      "finishCond": [
        {
          "type": "QUEST_CONTENT_LUA_NOTIFY",
          "param": [0, 0],
          "param_str": "2010350011",
          "count": 1
        }
      ],
      "failCond": [
        {
          "param": [],
          "param_str": ""
        }
      ],
      "guide": {
        "type": "QUEST_GUIDE_NPC",
        "param": ["202901"],
        "guideScene": 1035,
        "guideStyle": "QUEST_GUIDE_STYLE_TARGET",
        "guideLayer": "QUEST_GUIDE_LAYER_SCENE"
      },
      "failParentShow": "QUEST_HIDDEN",
      "isRewind": true,
      "finishExec": [
        {
          "param": [],
          "param_str": ""
        }
      ],
      "failExec": [
        {
          "param": [],
          "param_str": ""
        }
      ],
      "beginExec": [
        {
          "type": "QUEST_EXEC_REFRESH_GROUP_SUITE",
          "param": ["1035", "201035001,2"],
          "param_str": ""
        }
      ],
      "exclusiveNpcList": [1015, 2029, 2147, 2063],
      "exclusiveNpcPriority": 1100
    },
    {
      "subId": 1103203,
      "mainId": 11032,
      "order": 3,
      "descTextMapHash": 2491118332,
      "acceptCond": [
        {
          "type": "QUEST_COND_STATE_EQUAL",
          "param": [1103202, 3],
          "param_str": ""
        }
      ],
      "finishCond": [
        {
          "type": "QUEST_CONTENT_COMPLETE_TALK",
          "param": [1103202, 0],
          "param_str": ""
        }
      ],
      "failCond": [
        {
          "param": [],
          "param_str": ""
        }
      ],
      "guide": {
        "type": "QUEST_GUIDE_NPC",
        "param": ["202901"],
        "guideScene": 1035,
        "guideStyle": "QUEST_GUIDE_STYLE_TARGET",
        "guideLayer": "QUEST_GUIDE_LAYER_SCENE"
      },
      "finishExec": [
        {
          "type": "QUEST_EXEC_REFRESH_GROUP_SUITE",
          "param": ["1035", "201035001,1"],
          "param_str": ""
        }
      ],
      "failExec": [
        {
          "param": [],
          "param_str": ""
        }
      ],
      "beginExec": [
        {
          "param": [],
          "param_str": ""
        }
      ],
      "exclusiveNpcList": [1015, 2029, 2147, 2063],
      "exclusiveNpcPriority": 1100
    },
    {
      "subId": 1103204,
      "mainId": 11032,
      "order": 5,
      "descTextMapHash": 4270380676,
      "acceptCond": [
        {
          "type": "QUEST_COND_STATE_EQUAL",
          "param": [1103205, 3],
          "param_str": ""
        }
      ],
      "finishCond": [
        {
          "type": "QUEST_CONTENT_COMPLETE_TALK",
          "param": [1103203, 0],
          "param_str": ""
        }
      ],
      "failCond": [
        {
          "param": [],
          "param_str": ""
        }
      ],
      "guide": {
        "type": "QUEST_GUIDE_NPC",
        "param": ["214001"],
        "guideScene": 3,
        "guideStyle": "QUEST_GUIDE_STYLE_TARGET",
        "guideLayer": "QUEST_GUIDE_LAYER_SCENE"
      },
      "finishParent": true,
      "finishExec": [
        {
          "type": "QUEST_EXEC_SET_QUEST_GLOBAL_VAR",
          "param": ["20015", "1"],
          "param_str": ""
        },
        {
          "type": "QUEST_EXEC_REFRESH_GROUP_SUITE",
          "param": ["3", "133107154,1"],
          "param_str": ""
        }
      ],
      "failExec": [
        {
          "param": [],
          "param_str": ""
        }
      ],
      "beginExec": [
        {
          "param": [],
          "param_str": ""
        }
      ],
      "exclusiveNpcList": [1015, 2140, 2142, 2143, 2147, 2063],
      "exclusiveNpcPriority": 1100,
      "exclusivePlaceList": [1100902]
    },
    {
      "subId": 1103205,
      "mainId": 11032,
      "order": 4,
      "descTextMapHash": 3797916844,
      "acceptCond": [
        {
          "type": "QUEST_COND_STATE_EQUAL",
          "param": [1103203, 3],
          "param_str": ""
        }
      ],
      "finishCond": [
        {
          "type": "QUEST_CONTENT_LUA_NOTIFY",
          "param": [0, 0],
          "param_str": "1331071541",
          "count": 1
        }
      ],
      "failCond": [
        {
          "param": [],
          "param_str": ""
        }
      ],
      "guide": {
        "type": "QUEST_GUIDE_NPC",
        "param": ["214001"],
        "guideScene": 3,
        "guideStyle": "QUEST_GUIDE_STYLE_TARGET",
        "guideLayer": "QUEST_GUIDE_LAYER_SCENE"
      },
      "isRewind": true,
      "finishExec": [
        {
          "param": [],
          "param_str": ""
        }
      ],
      "failExec": [
        {
          "param": [],
          "param_str": ""
        }
      ],
      "beginExec": [
        {
          "type": "QUEST_EXEC_REFRESH_GROUP_SUITE",
          "param": ["3", "133107154,2"],
          "param_str": ""
        }
      ],
      "exclusiveNpcList": [1015, 2147, 2140, 2142, 2143, 2063],
      "exclusiveNpcPriority": 1100,
      "exclusivePlaceList": [1100902]
    }
  ],
  "talks": [
    {
      "id": 1103202,
      "beginWay": "TALK_BEGIN_MANUAL",
      "activeMode": "PLAY_MODE_SINGLE",
      "beginCond": [
        {
          "type": "QUEST_COND_STATE_EQUAL",
          "param": ["1103203", "2"],
          "param_str": ""
        }
      ],
      "priority": 5,
      "initDialog": 110320201,
      "npcId": [202901, 1015],
      "performCfg": "QuestDialogue/LQ/Ganyu1_11032/Q1103203",
      "heroTalk": "TALK_HERO_MAIN",
      "questId": 11032,
      "prePerformCfg": ""
    },
    {
      "id": 1103203,
      "beginWay": "TALK_BEGIN_MANUAL",
      "activeMode": "PLAY_MODE_SINGLE",
      "beginCond": [
        {
          "type": "QUEST_COND_STATE_EQUAL",
          "param": ["1103204", "2"],
          "param_str": ""
        }
      ],
      "priority": 5,
      "initDialog": 110320301,
      "npcId": [214001, 214201, 214301],
      "performCfg": "QuestDialogue/LQ/Ganyu1_11032/Q1103204",
      "heroTalk": "TALK_HERO_MAIN",
      "questId": 11032,
      "prePerformCfg": ""
    }
  ]
}
