{
  "id": 11044,
  "type": "LQ",
  "series": 2017,
  "titleTextMapHash": 2456485175,
  "descTextMapHash": 2946608110,
  "luaPath": "Actor/Quest/LQ11044",
  "suggestTrackMainQuestList": [11043],
  "rewardIdList": [111044],
  "chapterId": 2017,
  "subQuests": [
    {
      "subId": 1104401,
      "mainId": 11044,
      "order": 6,
      "descTextMapHash": 1253108244,
      "acceptCond": [
        {
          "type": "QUEST_COND_STATE_EQUAL",
          "param": [1104409, 3],
          "param_str": ""
        }
      ],
      "finishCond": [
        {
          "type": "QUEST_CONTENT_COMPLETE_TALK",
          "param": [1104401, 0],
          "param_str": ""
        }
      ],
      "failCond": [
        {
          "param": [],
          "param_str": ""
        }
      ],
      "guide": {
        "type": "QUEST_GUIDE_NPC",
        "param": ["1018"],
        "guideScene": 3,
        "guideStyle": "QUEST_GUIDE_STYLE_TARGET"
      },
      "isRewind": true,
      "finishExec": [
        {
          "param": [],
          "param_str": ""
        }
      ],
      "failExec": [
        {
          "param": [],
          "param_str": ""
        }
      ],
      "beginExec": [
        {
          "param": [],
          "param_str": ""
        }
      ],
      "exclusiveNpcList": [1018, 158701],
      "exclusiveNpcPriority": 1010
    },
    {
      "subId": 1104402,
      "mainId": 11044,
      "order": 12,
      "descTextMapHash": 2312982076,
      "showType": "QUEST_HIDDEN",
      "acceptCond": [
        {
          "type": "QUEST_COND_STATE_EQUAL",
          "param": [1104405, 3],
          "param_str": ""
        }
      ],
      "finishCond": [
        {
          "type": "QUEST_CONTENT_INTERACT_GADGET",
          "param": [70710255, 0],
          "param_str": ""
        }
      ],
      "failCond": [
        {
          "param": [],
          "param_str": ""
        }
      ],
      "guide": {},
      "isRewind": true,
      "finishExec": [
        {
          "type": "QUEST_EXEC_ADD_QUEST_PROGRESS",
          "param": ["1104412", "1"],
          "param_str": ""
        }
      ],
      "failExec": [
        {
          "param": [],
          "param_str": ""
        }
      ],
      "beginExec": [
        {
          "param": [],
          "param_str": ""
        }
      ],
      "exclusiveNpcList": [1018, 158701],
      "exclusiveNpcPriority": 1010
    },
    {
      "subId": 1104403,
      "mainId": 11044,
      "order": 16,
      "descTextMapHash": 2357118316,
      "acceptCond": [
        {
          "type": "QUEST_COND_STATE_EQUAL",
          "param": [1104413, 3],
          "param_str": ""
        }
      ],
      "finishCond": [
        {
          "type": "QUEST_CONTENT_COMPLETE_TALK",
          "param": [1104403, 0],
          "param_str": ""
        }
      ],
      "failCond": [
        {
          "param": [],
          "param_str": ""
        }
      ],
      "guide": {
        "type": "QUEST_GUIDE_NPC",
        "param": ["1018"],
        "guideScene": 3,
        "guideStyle": "QUEST_GUIDE_STYLE_TARGET"
      },
      "finishParent": true,
      "isRewind": true,
      "finishExec": [
        {
          "type": "QUEST_EXEC_NOTIFY_GROUP_LUA",
          "param": ["3", "133002929"],
          "param_str": ""
        }
      ],
      "failExec": [
        {
          "param": [],
          "param_str": ""
        }
      ],
      "beginExec": [
        {
          "param": [],
          "param_str": ""
        }
      ],
      "exclusiveNpcList": [1018, 158701],
      "exclusiveNpcPriority": 1010
    },
    {
      "subId": 1104404,
      "mainId": 11044,
      "order": 7,
      "descTextMapHash": 2055867324,
      "showType": "QUEST_HIDDEN",
      "acceptCond": [
        {
          "type": "QUEST_COND_STATE_EQUAL",
          "param": [1104401, 3],
          "param_str": ""
        }
      ],
      "finishCondComb": "LOGIC_OR",
      "finishCond": [
        {
          "type": "QUEST_CONTENT_OBTAIN_ITEM",
          "param": [108208, 0],
          "param_str": "",
          "count": 1
        },
        {
          "type": "QUEST_CONTENT_OBTAIN_ITEM",
          "param": [108209, 0],
          "param_str": "",
          "count": 1
        }
      ],
      "failCond": [
        {
          "param": [],
          "param_str": ""
        }
      ],
      "guide": {
        "type": "QUEST_GUIDE_NPC",
        "param": ["1018"],
        "guideScene": 3,
        "guideStyle": "QUEST_GUIDE_STYLE_TARGET"
      },
      "isRewind": true,
      "finishExec": [
        {
          "param": [],
          "param_str": ""
        }
      ],
      "failExec": [
        {
          "param": [],
          "param_str": ""
        }
      ],
      "beginExec": [
        {
          "param": [],
          "param_str": ""
        }
      ],
      "exclusiveNpcList": [1018, 158701],
      "exclusiveNpcPriority": 1010
    },
    {
      "subId": 1104405,
      "mainId": 11044,
      "order": 11,
      "descTextMapHash": 4099457716,
      "acceptCond": [
        {
          "type": "QUEST_COND_STATE_EQUAL",
          "param": [1104401, 3],
          "param_str": ""
        }
      ],
      "finishCondComb": "LOGIC_OR",
      "finishCond": [
        {
          "type": "QUEST_CONTENT_COMPLETE_TALK",
          "param": [1104405, 0],
          "param_str": ""
        },
        {
          "type": "QUEST_CONTENT_COMPLETE_TALK",
          "param": [1104415, 0],
          "param_str": ""
        }
      ],
      "failCond": [
        {
          "param": [],
          "param_str": ""
        }
      ],
      "guide": {
        "type": "QUEST_GUIDE_NPC",
        "param": ["1018"],
        "guideScene": 3,
        "guideStyle": "QUEST_GUIDE_STYLE_TARGET"
      },
      "isRewind": true,
      "finishExec": [
        {
          "param": [],
          "param_str": ""
        }
      ],
      "failExec": [
        {
          "param": [],
          "param_str": ""
        }
      ],
      "beginExec": [
        {
          "type": "QUEST_EXEC_ACTIVE_ITEM_GIVING",
          "param": ["1104414", "0"],
          "param_str": ""
        }
      ],
      "exclusiveNpcList": [1018, 158701],
      "exclusiveNpcPriority": 1010
    },
    {
      "subId": 1104406,
      "mainId": 11044,
      "order": 1,
      "subIdSet": 1,
      "descTextMapHash": 3574859548,
      "acceptCond": [
        {
          "type": "QUEST_COND_STATE_EQUAL",
          "param": [1104207, 3],
          "param_str": ""
        }
      ],
      "finishCond": [
        {
          "type": "QUEST_CONTENT_COMPLETE_TALK",
          "param": [1104406, 0],
          "param_str": ""
        }
      ],
      "failCond": [
        {
          "param": [],
          "param_str": ""
        }
      ],
      "guide": {
        "type": "QUEST_GUIDE_LOCATION",
        "param": ["Q1104406Mark"],
        "guideScene": 3,
        "guideStyle": "QUEST_GUIDE_STYLE_TARGET"
      },
      "isRewind": true,
      "finishExec": [
        {
          "type": "QUEST_EXEC_ADD_QUEST_PROGRESS",
          "param": ["1104409", "1"],
          "param_str": ""
        }
      ],
      "failExec": [
        {
          "param": [],
          "param_str": ""
        }
      ],
      "beginExec": [
        {
          "param": [],
          "param_str": ""
        }
      ],
      "exclusiveNpcList": [1018, 158701],
      "exclusiveNpcPriority": 1010
    },
    {
      "subId": 1104407,
      "mainId": 11044,
      "order": 2,
      "subIdSet": 1,
      "descTextMapHash": 1791538612,
      "acceptCond": [
        {
          "type": "QUEST_COND_STATE_EQUAL",
          "param": [1104207, 3],
          "param_str": ""
        }
      ],
      "finishCond": [
        {
          "type": "QUEST_CONTENT_COMPLETE_TALK",
          "param": [1104407, 0],
          "param_str": ""
        }
      ],
      "failCond": [
        {
          "param": [],
          "param_str": ""
        }
      ],
      "guide": {
        "type": "QUEST_GUIDE_LOCATION",
        "param": ["Q1104407Mark"],
        "guideScene": 3,
        "guideStyle": "QUEST_GUIDE_STYLE_TARGET"
      },
      "isRewind": true,
      "finishExec": [
        {
          "type": "QUEST_EXEC_ADD_QUEST_PROGRESS",
          "param": ["1104409", "1"],
          "param_str": ""
        }
      ],
      "failExec": [
        {
          "param": [],
          "param_str": ""
        }
      ],
      "beginExec": [
        {
          "param": [],
          "param_str": ""
        }
      ],
      "exclusiveNpcList": [1018, 158701],
      "exclusiveNpcPriority": 1010
    },
    {
      "subId": 1104408,
      "mainId": 11044,
      "order": 3,
      "subIdSet": 1,
      "descTextMapHash": 2048906708,
      "acceptCond": [
        {
          "type": "QUEST_COND_STATE_EQUAL",
          "param": [1104207, 3],
          "param_str": ""
        }
      ],
      "finishCond": [
        {
          "type": "QUEST_CONTENT_COMPLETE_TALK",
          "param": [1104408, 0],
          "param_str": ""
        }
      ],
      "failCond": [
        {
          "param": [],
          "param_str": ""
        }
      ],
      "guide": {
        "type": "QUEST_GUIDE_LOCATION",
        "param": ["Q1104408Mark"],
        "guideScene": 3,
        "guideStyle": "QUEST_GUIDE_STYLE_TARGET"
      },
      "isRewind": true,
      "finishExec": [
        {
          "type": "QUEST_EXEC_ADD_QUEST_PROGRESS",
          "param": ["1104409", "1"],
          "param_str": ""
        }
      ],
      "failExec": [
        {
          "param": [],
          "param_str": ""
        }
      ],
      "beginExec": [
        {
          "param": [],
          "param_str": ""
        }
      ],
      "exclusiveNpcList": [1018, 158701],
      "exclusiveNpcPriority": 1010
    },
    {
      "subId": 1104409,
      "mainId": 11044,
      "order": 4,
      "descTextMapHash": 1711190036,
      "showType": "QUEST_HIDDEN",
      "acceptCond": [
        {
          "type": "QUEST_COND_STATE_EQUAL",
          "param": [1104207, 3],
          "param_str": ""
        }
      ],
      "finishCond": [
        {
          "type": "QUEST_CONTENT_ADD_QUEST_PROGRESS",
          "param": [1104409, 0],
          "param_str": "",
          "count": 3
        }
      ],
      "failCond": [
        {
          "param": [],
          "param_str": ""
        }
      ],
      "guide": {},
      "isRewind": true,
      "finishExec": [
        {
          "type": "QUEST_EXEC_ADD_QUEST_PROGRESS",
          "param": ["1104410", "1"],
          "param_str": ""
        }
      ],
      "failExec": [
        {
          "param": [],
          "param_str": ""
        }
      ],
      "beginExec": [
        {
          "param": [],
          "param_str": ""
        }
      ],
      "exclusiveNpcList": [1018, 158701],
      "exclusiveNpcPriority": 1010
    },
    {
      "subId": 1104410,
      "mainId": 11044,
      "order": 5,
      "descTextMapHash": 2921760388,
      "showType": "QUEST_HIDDEN",
      "acceptCond": [
        {
          "type": "QUEST_COND_STATE_EQUAL",
          "param": [1104207, 3],
          "param_str": ""
        }
      ],
      "finishCond": [
        {
          "type": "QUEST_CONTENT_ADD_QUEST_PROGRESS",
          "param": [1104410, 0],
          "param_str": "",
          "count": 1
        }
      ],
      "failCond": [
        {
          "param": [],
          "param_str": ""
        }
      ],
      "guide": {},
      "isRewind": true,
      "finishExec": [
        {
          "param": [],
          "param_str": ""
        }
      ],
      "failExec": [
        {
          "param": [],
          "param_str": ""
        }
      ],
      "beginExec": [
        {
          "param": [],
          "param_str": ""
        }
      ],
      "exclusiveNpcList": [1018, 158701],
      "exclusiveNpcPriority": 1010
    },
    {
      "subId": 1104411,
      "mainId": 11044,
      "order": 13,
      "descTextMapHash": 1362920500,
      "showType": "QUEST_HIDDEN",
      "acceptCond": [
        {
          "type": "QUEST_COND_STATE_EQUAL",
          "param": [1104405, 3],
          "param_str": ""
        }
      ],
      "finishCond": [
        {
          "type": "QUEST_CONTENT_INTERACT_GADGET",
          "param": [70710256, 0],
          "param_str": ""
        }
      ],
      "failCond": [
        {
          "param": [],
          "param_str": ""
        }
      ],
      "guide": {},
      "isRewind": true,
      "finishExec": [
        {
          "type": "QUEST_EXEC_ADD_QUEST_PROGRESS",
          "param": ["1104412", "1"],
          "param_str": ""
        }
      ],
      "failExec": [
        {
          "param": [],
          "param_str": ""
        }
      ],
      "beginExec": [
        {
          "param": [],
          "param_str": ""
        }
      ],
      "exclusiveNpcList": [1018, 158701],
      "exclusiveNpcPriority": 1010
    },
    {
      "subId": 1104412,
      "mainId": 11044,
      "order": 14,
      "subIdSet": 2,
      "descTextMapHash": 691044220,
      "acceptCond": [
        {
          "type": "QUEST_COND_STATE_EQUAL",
          "param": [1104405, 3],
          "param_str": ""
        }
      ],
      "finishCond": [
        {
          "type": "QUEST_CONTENT_ADD_QUEST_PROGRESS",
          "param": [1104412, 0],
          "param_str": "",
          "count": 2
        }
      ],
      "failCond": [
        {
          "param": [],
          "param_str": ""
        }
      ],
      "guide": {
        "type": "QUEST_GUIDE_LOCATION",
        "param": ["Q1104402Mark", "30"],
        "guideScene": 3,
        "guideStyle": "QUEST_GUIDE_STYLE_TARGET"
      },
      "isRewind": true,
      "finishExec": [
        {
          "type": "QUEST_EXEC_ADD_QUEST_PROGRESS",
          "param": ["1104413", "1"],
          "param_str": ""
        }
      ],
      "failExec": [
        {
          "param": [],
          "param_str": ""
        }
      ],
      "beginExec": [
        {
          "param": [],
          "param_str": ""
        }
      ],
      "exclusiveNpcList": [1018, 158701],
      "exclusiveNpcPriority": 1010
    },
    {
      "subId": 1104413,
      "mainId": 11044,
      "order": 15,
      "descTextMapHash": 3440824684,
      "showType": "QUEST_HIDDEN",
      "acceptCond": [
        {
          "type": "QUEST_COND_STATE_EQUAL",
          "param": [1104405, 3],
          "param_str": ""
        }
      ],
      "finishCond": [
        {
          "type": "QUEST_CONTENT_ADD_QUEST_PROGRESS",
          "param": [1104413, 0],
          "param_str": "",
          "count": 1
        }
      ],
      "failCond": [
        {
          "param": [],
          "param_str": ""
        }
      ],
      "guide": {},
      "isRewind": true,
      "finishExec": [
        {
          "param": [],
          "param_str": ""
        }
      ],
      "failExec": [
        {
          "param": [],
          "param_str": ""
        }
      ],
      "beginExec": [
        {
          "param": [],
          "param_str": ""
        }
      ],
      "exclusiveNpcList": [1018, 158701],
      "exclusiveNpcPriority": 1010
    },
    {
      "subId": 1104414,
      "mainId": 11044,
      "order": 8,
      "descTextMapHash": 567150020,
      "showType": "QUEST_HIDDEN",
      "acceptCond": [
        {
          "type": "QUEST_COND_STATE_EQUAL",
          "param": [1104401, 3],
          "param_str": ""
        }
      ],
      "finishCond": [
        {
          "type": "QUEST_CONTENT_FINISH_ITEM_GIVING",
          "param": [1104414, 0],
          "param_str": ""
        }
      ],
      "failCond": [
        {
          "param": [],
          "param_str": ""
        }
      ],
      "guide": {},
      "finishExec": [
        {
          "param": [],
          "param_str": ""
        }
      ],
      "failExec": [
        {
          "param": [],
          "param_str": ""
        }
      ],
      "beginExec": [
        {
          "param": [],
          "param_str": ""
        }
      ],
      "exclusiveNpcList": [1018, 158701],
      "exclusiveNpcPriority": 1010
    },
    {
      "subId": 1104415,
      "mainId": 11044,
      "order": 9,
      "descTextMapHash": 3569195956,
      "showType": "QUEST_HIDDEN",
      "acceptCondComb": "LOGIC_AND",
      "acceptCond": [
        {
          "type": "QUEST_COND_STATE_EQUAL",
          "param": [1104414, 3],
          "param_str": ""
        },
        {
          "type": "QUEST_COND_ITEM_GIVING_FINISHED",
          "param": [1104414, 110441402],
          "param_str": ""
        }
      ],
      "finishCond": [
        {
          "type": "QUEST_CONTENT_COMPLETE_TALK",
          "param": [1104415, 0],
          "param_str": ""
        }
      ],
      "failCond": [
        {
          "param": [],
          "param_str": ""
        }
      ],
      "guide": {},
      "finishExec": [
        {
          "param": [],
          "param_str": ""
        }
      ],
      "failExec": [
        {
          "param": [],
          "param_str": ""
        }
      ],
      "beginExec": [
        {
          "param": [],
          "param_str": ""
        }
      ],
      "exclusiveNpcList": [1018, 158701],
      "exclusiveNpcPriority": 1010
    },
    {
      "subId": 1104416,
      "mainId": 11044,
      "order": 10,
      "descTextMapHash": 862527716,
      "showType": "QUEST_HIDDEN",
      "acceptCondComb": "LOGIC_AND",
      "acceptCond": [
        {
          "type": "QUEST_COND_STATE_EQUAL",
          "param": [1104414, 3],
          "param_str": ""
        },
        {
          "type": "QUEST_COND_ITEM_GIVING_FINISHED",
          "param": [1104414, 110441401],
          "param_str": ""
        }
      ],
      "finishCond": [
        {
          "type": "QUEST_CONTENT_COMPLETE_TALK",
          "param": [1104405, 0],
          "param_str": ""
        }
      ],
      "failCond": [
        {
          "param": [],
          "param_str": ""
        }
      ],
      "guide": {},
      "finishExec": [
        {
          "param": [],
          "param_str": ""
        }
      ],
      "failExec": [
        {
          "param": [],
          "param_str": ""
        }
      ],
      "beginExec": [
        {
          "param": [],
          "param_str": ""
        }
      ],
      "exclusiveNpcList": [1018, 158701],
      "exclusiveNpcPriority": 1010
    }
  ],
  "talks": [
    {
      "id": 1104401,
      "beginWay": "TALK_BEGIN_MANUAL",
      "activeMode": "PLAY_MODE_SINGLE",
      "beginCond": [
        {
          "type": "QUEST_COND_STATE_EQUAL",
          "param": ["1104401", "2"],
          "param_str": ""
        }
      ],
      "initDialog": 110440141,
      "npcId": [1018],
      "performCfg": "QuestDialogue/LQ/Albedo1_11044/Q1104401",
      "questId": 11044,
      "prePerformCfg": "",
      "lockGameTime": true
    },
    {
      "id": 1104403,
      "beginWay": "TALK_BEGIN_MANUAL",
      "activeMode": "PLAY_MODE_SINGLE",
      "beginCond": [
        {
          "type": "QUEST_COND_STATE_EQUAL",
          "param": ["1104403", "2"],
          "param_str": ""
        }
      ],
      "initDialog": 110440320,
      "npcId": [1018],
      "performCfg": "QuestDialogue/LQ/Albedo1_11044/Q1104403",
      "questId": 11044,
      "prePerformCfg": "",
      "lockGameTime": true
    },
    {
      "id": 1104405,
      "beginWay": "TALK_BEGIN_AUTO",
      "activeMode": "PLAY_MODE_SINGLE",
      "beginCond": [
        {
          "type": "QUEST_COND_STATE_EQUAL",
          "param": ["1104416", "2"],
          "param_str": ""
        }
      ],
      "initDialog": 110440501,
      "npcId": [1018],
      "performCfg": "QuestDialogue/LQ/Albedo1_11044/Q1104405",
      "questId": 11044,
      "prePerformCfg": "",
      "lockGameTime": true
    },
    {
      "id": 1104406,
      "beginWay": "TALK_BEGIN_MANUAL",
      "activeMode": "PLAY_MODE_SINGLE",
      "beginCond": [
        {
          "type": "QUEST_COND_STATE_EQUAL",
          "param": ["1104406", "2"],
          "param_str": ""
        }
      ],
      "initDialog": 110440601,
      "npcId": [2003035],
      "performCfg": "",
      "questId": 11044,
      "prePerformCfg": "",
      "lockGameTime": true
    },
    {
      "id": 1104407,
      "beginWay": "TALK_BEGIN_MANUAL",
      "activeMode": "PLAY_MODE_SINGLE",
      "beginCond": [
        {
          "type": "QUEST_COND_STATE_EQUAL",
          "param": ["1104407", "2"],
          "param_str": ""
        }
      ],
      "initDialog": 110440701,
      "npcId": [2003036],
      "performCfg": "",
      "questId": 11044,
      "prePerformCfg": "",
      "lockGameTime": true
    },
    {
      "id": 1104408,
      "beginWay": "TALK_BEGIN_MANUAL",
      "activeMode": "PLAY_MODE_SINGLE",
      "beginCond": [
        {
          "type": "QUEST_COND_STATE_EQUAL",
          "param": ["1104408", "2"],
          "param_str": ""
        }
      ],
      "initDialog": 110440801,
      "npcId": [2003037],
      "performCfg": "",
      "questId": 11044,
      "prePerformCfg": "",
      "lockGameTime": true
    },
    {
      "id": 1104413,
      "beginWay": "TALK_BEGIN_MANUAL",
      "activeMode": "PLAY_MODE_SINGLE",
      "beginCond": [
        {
          "type": "QUEST_COND_STATE_EQUAL",
          "param": ["1104413", "2"],
          "param_str": ""
        }
      ],
      "initDialog": 110441301,
      "npcId": [1018],
      "performCfg": "QuestDialogue/LQ/Albedo1_11044/Q1104413",
      "questId": 11044,
      "prePerformCfg": "",
      "lockGameTime": true
    },
    {
      "id": 1104414,
      "beginWay": "TALK_BEGIN_MANUAL",
      "activeMode": "PLAY_MODE_SINGLE",
      "beginCondComb": "LOGIC_AND",
      "beginCond": [
        {
          "type": "QUEST_COND_STATE_EQUAL",
          "param": ["1104405", "2"],
          "param_str": ""
        },
        {
          "type": "QUEST_COND_ITEM_GIVING_ACTIVED",
          "param": ["1104414", "0"],
          "param_str": ""
        },
        {
          "type": "QUEST_COND_STATE_NOT_EQUAL",
          "param": ["1104414", "3"],
          "param_str": ""
        }
      ],
      "initDialog": 110440531,
      "npcId": [1018],
      "performCfg": "",
      "questId": 11044,
      "prePerformCfg": "",
      "lockGameTime": true
    },
    {
      "id": 1104415,
      "beginWay": "TALK_BEGIN_AUTO",
      "activeMode": "PLAY_MODE_SINGLE",
      "beginCond": [
        {
          "type": "QUEST_COND_STATE_EQUAL",
          "param": ["1104415", "2"],
          "param_str": ""
        }
      ],
      "initDialog": 110440500,
      "npcId": [1018],
      "performCfg": "QuestDialogue/LQ/Albedo1_11044/Q1104415",
      "questId": 11044,
      "prePerformCfg": "",
      "lockGameTime": true
    }
  ]
}
