{
  "id": 11043,
  "type": "LQ",
  "series": 2017,
  "titleTextMapHash": 934758791,
  "descTextMapHash": 331957294,
  "luaPath": "Actor/Quest/LQ11043",
  "suggestTrackMainQuestList": [11045],
  "rewardIdList": [111043],
  "chapterId": 2017,
  "subQuests": [
    {
      "subId": 1104301,
      "mainId": 11043,
      "order": 1,
      "isMpBlock": true,
      "descTextMapHash": 2008878596,
      "acceptCond": [
        {
          "type": "QUEST_COND_STATE_EQUAL",
          "param": [1104403, 3],
          "param_str": ""
        }
      ],
      "finishCond": [
        {
          "type": "QUEST_CONTENT_COMPLETE_TALK",
          "param": [1104301, 0],
          "param_str": ""
        }
      ],
      "failCond": [
        {
          "param": [],
          "param_str": ""
        }
      ],
      "guide": {
        "type": "QUEST_GUIDE_LOCATION",
        "param": ["Q11043Albedo1"],
        "guideScene": 3,
        "guideStyle": "QUEST_GUIDE_STYLE_POINT"
      },
      "isRewind": true,
      "finishExec": [
        {
          "param": [],
          "param_str": ""
        }
      ],
      "failExec": [
        {
          "param": [],
          "param_str": ""
        }
      ],
      "beginExec": [
        {
          "type": "QUEST_EXEC_REGISTER_DYNAMIC_GROUP",
          "param": ["3", "133002935"],
          "param_str": ""
        }
      ],
      "exclusiveNpcList": [1018, 158701],
      "exclusiveNpcPriority": 1010
    },
    {
      "subId": 1104302,
      "mainId": 11043,
      "order": 3,
      "isMpBlock": true,
      "descTextMapHash": 4169370516,
      "acceptCond": [
        {
          "type": "QUEST_COND_STATE_EQUAL",
          "param": [1104301, 3],
          "param_str": ""
        }
      ],
      "finishCond": [
        {
          "type": "QUEST_CONTENT_LUA_NOTIFY",
          "param": [0, 0],
          "param_str": "1331059031",
          "count": 1
        }
      ],
      "failCond": [
        {
          "type": "QUEST_CONTENT_LUA_NOTIFY",
          "param": [0, 0],
          "param_str": "1331059032",
          "count": 1
        }
      ],
      "guide": {
        "type": "QUEST_GUIDE_LOCATION",
        "param": ["Q11043Albedo2", "15"],
        "guideScene": 3,
        "guideStyle": "QUEST_GUIDE_STYLE_POINT"
      },
      "finishExec": [
        {
          "type": "QUEST_EXEC_UNREGISTER_DYNAMIC_GROUP",
          "param": ["133002935", "0"],
          "param_str": ""
        }
      ],
      "failExec": [
        {
          "param": [],
          "param_str": ""
        }
      ],
      "beginExec": [
        {
          "param": [],
          "param_str": ""
        }
      ],
      "exclusiveNpcList": [1018, 158701],
      "exclusiveNpcPriority": 1010
    },
    {
      "subId": 1104303,
      "mainId": 11043,
      "order": 5,
      "descTextMapHash": 4184219276,
      "acceptCond": [
        {
          "type": "QUEST_COND_STATE_EQUAL",
          "param": [1104302, 3],
          "param_str": ""
        }
      ],
      "finishCond": [
        {
          "type": "QUEST_CONTENT_COMPLETE_TALK",
          "param": [1104303, 0],
          "param_str": ""
        }
      ],
      "failCond": [
        {
          "param": [],
          "param_str": ""
        }
      ],
      "guide": {
        "type": "QUEST_GUIDE_NPC",
        "param": ["1018"],
        "guideScene": 3,
        "guideStyle": "QUEST_GUIDE_STYLE_TARGET"
      },
      "finishParent": true,
      "isRewind": true,
      "finishExec": [
        {
          "type": "QUEST_EXEC_NOTIFY_GROUP_LUA",
          "param": ["3", "133002929"],
          "param_str": ""
        }
      ],
      "failExec": [
        {
          "param": [],
          "param_str": ""
        }
      ],
      "beginExec": [
        {
          "type": "QUEST_EXEC_UNREGISTER_DYNAMIC_GROUP",
          "param": ["133105903", "0"],
          "param_str": ""
        },
        {
          "type": "QUEST_EXEC_REGISTER_DYNAMIC_GROUP",
          "param": ["3", "133002936"],
          "param_str": ""
        }
      ],
      "exclusiveNpcList": [1018, 158701],
      "exclusiveNpcPriority": 1010
    },
    {
      "subId": 1104304,
      "mainId": 11043,
      "order": 4,
      "descTextMapHash": 2481265108,
      "acceptCond": [
        {
          "type": "QUEST_COND_STATE_EQUAL",
          "param": [1104302, 4],
          "param_str": ""
        }
      ],
      "finishCond": [
        {
          "type": "QUEST_CONTENT_COMPLETE_TALK",
          "param": [1104304, 0],
          "param_str": ""
        }
      ],
      "failCond": [
        {
          "param": [],
          "param_str": ""
        }
      ],
      "guide": {
        "type": "QUEST_GUIDE_NPC",
        "param": ["1018"],
        "guideScene": 3,
        "guideStyle": "QUEST_GUIDE_STYLE_TARGET"
      },
      "isRewind": true,
      "finishExec": [
        {
          "type": "QUEST_EXEC_ROLLBACK_QUEST",
          "param": ["1104305", "0"],
          "param_str": ""
        },
        {
          "type": "QUEST_EXEC_UNREGISTER_DYNAMIC_GROUP",
          "param": ["133002935", "0"],
          "param_str": ""
        }
      ],
      "failExec": [
        {
          "param": [],
          "param_str": ""
        }
      ],
      "beginExec": [
        {
          "type": "QUEST_EXEC_UNREGISTER_DYNAMIC_GROUP",
          "param": ["133105903", "0"],
          "param_str": ""
        },
        {
          "type": "QUEST_EXEC_REGISTER_DYNAMIC_GROUP",
          "param": ["3", "133002935"],
          "param_str": ""
        }
      ],
      "exclusiveNpcList": [1018, 158701],
      "exclusiveNpcPriority": 1010
    },
    {
      "subId": 1104305,
      "mainId": 11043,
      "order": 2,
      "descTextMapHash": 2677370716,
      "showType": "QUEST_HIDDEN",
      "acceptCond": [
        {
          "type": "QUEST_COND_STATE_EQUAL",
          "param": [1104301, 3],
          "param_str": ""
        }
      ],
      "finishCond": [
        {
          "type": "QUEST_CONTENT_FINISH_PLOT",
          "param": [1104305, 0],
          "param_str": ""
        }
      ],
      "failCond": [
        {
          "param": [],
          "param_str": ""
        }
      ],
      "guide": {},
      "isRewind": true,
      "finishExec": [
        {
          "type": "QUEST_EXEC_NOTIFY_GROUP_LUA",
          "param": ["3", "133105903"],
          "param_str": ""
        }
      ],
      "failExec": [
        {
          "param": [],
          "param_str": ""
        }
      ],
      "beginExec": [
        {
          "type": "QUEST_EXEC_REGISTER_DYNAMIC_GROUP",
          "param": ["3", "133105903"],
          "param_str": ""
        }
      ],
      "exclusiveNpcList": [1018, 158701],
      "exclusiveNpcPriority": 1010
    }
  ],
  "talks": [
    {
      "id": 1104301,
      "beginWay": "TALK_BEGIN_MANUAL",
      "activeMode": "PLAY_MODE_SINGLE",
      "beginCond": [
        {
          "type": "QUEST_COND_STATE_EQUAL",
          "param": ["1104301", "2"],
          "param_str": ""
        }
      ],
      "initDialog": 110430101,
      "npcId": [1018],
      "performCfg": "QuestDialogue/LQ/Albedo1_11043/Q1104301",
      "questId": 11043,
      "prePerformCfg": "",
      "lockGameTime": true
    },
    {
      "id": 1104303,
      "beginWay": "TALK_BEGIN_MANUAL",
      "activeMode": "PLAY_MODE_SINGLE",
      "beginCond": [
        {
          "type": "QUEST_COND_STATE_EQUAL",
          "param": ["1104303", "2"],
          "param_str": ""
        }
      ],
      "initDialog": 110430301,
      "npcId": [1018],
      "performCfg": "QuestDialogue/LQ/Albedo1_11043/Q1104303",
      "questId": 11043,
      "prePerformCfg": "",
      "lockGameTime": true
    },
    {
      "id": 1104304,
      "beginWay": "TALK_BEGIN_MANUAL",
      "activeMode": "PLAY_MODE_SINGLE",
      "beginCond": [
        {
          "type": "QUEST_COND_STATE_EQUAL",
          "param": ["1104304", "2"],
          "param_str": ""
        }
      ],
      "initDialog": 110430108,
      "npcId": [1018],
      "performCfg": "QuestDialogue/LQ/Albedo1_11043/Q1104304",
      "questId": 11043,
      "prePerformCfg": "",
      "lockGameTime": true
    }
  ]
}
