{
  "id": 11040,
  "type": "LQ",
  "series": 2017,
  "titleTextMapHash": 2006835359,
  "descTextMapHash": 3860383334,
  "luaPath": "Actor/Quest/LQ11040",
  "suggestTrackMainQuestList": [11041],
  "rewardIdList": [111040],
  "chapterId": 2017,
  "subQuests": [
    {
      "subId": 1104001,
      "mainId": 11040,
      "order": 1,
      "descTextMapHash": 929764140,
      "acceptCondComb": "LOGIC_AND",
      "acceptCond": [
        {
          "type": "QUEST_COND_QUEST_GLOBAL_VAR_EQUAL",
          "param": [10002, 1],
          "param_str": ""
        },
        {
          "type": "QUEST_COND_PERSONAL_LINE_UNLOCK",
          "param": [9, 0],
          "param_str": ""
        }
      ],
      "finishCond": [
        {
          "type": "QUEST_CONTENT_FINISH_PLOT",
          "param": [1104001, 0],
          "param_str": ""
        }
      ],
      "failCond": [
        {
          "param": [],
          "param_str": ""
        }
      ],
      "guide": {
        "type": "QUEST_GUIDE_LOCATION",
        "param": ["Q11040Shatang", "15"],
        "guideScene": 3
      },
      "isRewind": true,
      "finishExec": [
        {
          "param": [],
          "param_str": ""
        }
      ],
      "failExec": [
        {
          "param": [],
          "param_str": ""
        }
      ],
      "beginExec": [
        {
          "param": [],
          "param_str": ""
        }
      ],
      "exclusiveNpcList": [1019, 1587],
      "exclusiveNpcPriority": 1010
    },
    {
      "subId": 1104002,
      "mainId": 11040,
      "order": 2,
      "descTextMapHash": 2140458292,
      "acceptCond": [
        {
          "type": "QUEST_COND_STATE_EQUAL",
          "param": [1104001, 3],
          "param_str": ""
        }
      ],
      "finishCond": [
        {
          "type": "QUEST_CONTENT_COMPLETE_TALK",
          "param": [1104002, 0],
          "param_str": ""
        }
      ],
      "failCond": [
        {
          "param": [],
          "param_str": ""
        }
      ],
      "guide": {
        "type": "QUEST_GUIDE_NPC",
        "param": ["1019"],
        "guideScene": 3,
        "guideStyle": "QUEST_GUIDE_STYLE_START",
        "guideLayer": "QUEST_GUIDE_LAYER_SCENE"
      },
      "isRewind": true,
      "finishExec": [
        {
          "param": [],
          "param_str": ""
        }
      ],
      "failExec": [
        {
          "param": [],
          "param_str": ""
        }
      ],
      "beginExec": [
        {
          "param": [],
          "param_str": ""
        }
      ],
      "exclusiveNpcList": [1019, 1587],
      "exclusiveNpcPriority": 1010
    },
    {
      "subId": 1104003,
      "mainId": 11040,
      "order": 3,
      "descTextMapHash": 582235108,
      "acceptCond": [
        {
          "type": "QUEST_COND_STATE_EQUAL",
          "param": [1104002, 3],
          "param_str": ""
        }
      ],
      "finishCond": [
        {
          "type": "QUEST_CONTENT_FINISH_PLOT",
          "param": [1104003, 0],
          "param_str": ""
        }
      ],
      "failCond": [
        {
          "param": [],
          "param_str": ""
        }
      ],
      "guide": {
        "type": "QUEST_GUIDE_LOCATION",
        "param": ["Q11040BBR", "25"],
        "guideScene": 3
      },
      "isRewind": true,
      "finishExec": [
        {
          "param": [],
          "param_str": ""
        }
      ],
      "failExec": [
        {
          "param": [],
          "param_str": ""
        }
      ],
      "beginExec": [
        {
          "param": [],
          "param_str": ""
        }
      ],
      "exclusiveNpcList": [1019, 1587, 1020],
      "exclusiveNpcPriority": 1010
    },
    {
      "subId": 1104004,
      "mainId": 11040,
      "order": 4,
      "descTextMapHash": 2405628244,
      "acceptCond": [
        {
          "type": "QUEST_COND_STATE_EQUAL",
          "param": [1104003, 3],
          "param_str": ""
        }
      ],
      "finishCond": [
        {
          "type": "QUEST_CONTENT_COMPLETE_TALK",
          "param": [1104004, 0],
          "param_str": ""
        }
      ],
      "failCond": [
        {
          "param": [],
          "param_str": ""
        }
      ],
      "guide": {
        "type": "QUEST_GUIDE_NPC",
        "param": ["1008"],
        "guideScene": 3,
        "guideStyle": "QUEST_GUIDE_STYLE_START",
        "guideLayer": "QUEST_GUIDE_LAYER_SCENE"
      },
      "finishParent": true,
      "finishExec": [
        {
          "param": [],
          "param_str": ""
        }
      ],
      "failExec": [
        {
          "param": [],
          "param_str": ""
        }
      ],
      "beginExec": [
        {
          "param": [],
          "param_str": ""
        }
      ],
      "exclusiveNpcList": [1020],
      "exclusiveNpcPriority": 1010
    }
  ],
  "talks": [
    {
      "id": 1104002,
      "beginWay": "TALK_BEGIN_MANUAL",
      "activeMode": "PLAY_MODE_SINGLE",
      "beginCondComb": "LOGIC_A_AND_ETCOR",
      "beginCond": [
        {
          "type": "QUEST_COND_STATE_EQUAL",
          "param": ["1104002", "2"],
          "param_str": ""
        },
        {
          "type": "QUEST_COND_STATE_EQUAL",
          "param": ["7066501", "0"],
          "param_str": ""
        },
        {
          "type": "QUEST_COND_STATE_NOT_EQUAL",
          "param": ["7066501", "3"],
          "param_str": ""
        }
      ],
      "initDialog": 110400201,
      "npcId": [1019],
      "performCfg": "QuestDialogue/LQ/Albedo1_11040/Q1104002",
      "questId": 11040,
      "prePerformCfg": "",
      "lockGameTime": true,
      "finishExec": [
        {
          "type": "TALK_EXEC_SAVE_TALK_ID",
          "param": ["1104002", "0"],
          "param_str": ""
        }
      ]
    },
    {
      "id": 1104003,
      "beginWay": "TALK_BEGIN_MANUAL",
      "activeMode": "PLAY_MODE_SINGLE",
      "beginCondComb": "LOGIC_AND",
      "beginCond": [
        {
          "type": "QUEST_COND_STATE_EQUAL",
          "param": ["1104002", "3"],
          "param_str": ""
        },
        {
          "type": "QUEST_COND_STATE_EQUAL",
          "param": ["1104003", "2"],
          "param_str": ""
        }
      ],
      "initDialog": 110400301,
      "npcId": [1019],
      "performCfg": "QuestDialogue/LQ/Albedo1_11040/Q1104003",
      "questId": 11040,
      "prePerformCfg": "",
      "lockGameTime": true
    },
    {
      "id": 1104004,
      "beginWay": "TALK_BEGIN_MANUAL",
      "activeMode": "PLAY_MODE_SINGLE",
      "beginCond": [
        {
          "type": "QUEST_COND_STATE_EQUAL",
          "param": ["1104004", "2"],
          "param_str": ""
        }
      ],
      "initDialog": 110400401,
      "npcId": [1020],
      "performCfg": "QuestDialogue/LQ/Albedo1_11040/Q1104004",
      "questId": 11040,
      "prePerformCfg": "",
      "lockGameTime": true
    },
    {
      "id": 1104005,
      "beginWay": "TALK_BEGIN_MANUAL",
      "activeMode": "PLAY_MODE_SINGLE",
      "beginCondComb": "LOGIC_AND",
      "beginCond": [
        {
          "type": "QUEST_COND_STATE_EQUAL",
          "param": ["1104002", "2"],
          "param_str": ""
        },
        {
          "type": "QUEST_COND_STATE_EQUAL",
          "param": ["7066501", "3"],
          "param_str": ""
        }
      ],
      "initDialog": 110400501,
      "npcId": [1019],
      "performCfg": "QuestDialogue/LQ/Albedo1_11040/Q1104005",
      "questId": 11040,
      "prePerformCfg": "",
      "lockGameTime": true,
      "finishExec": [
        {
          "type": "TALK_EXEC_SAVE_TALK_ID",
          "param": ["1104005", "0"],
          "param_str": ""
        }
      ]
    }
  ]
}
