{
  "id": 11101,
  "type": "LQ",
  "series": 2011,
  "titleTextMapHash": 2157134057,
  "descTextMapHash": 3587301319,
  "luaPath": "Actor/Quest/LQ11101",
  "suggestTrackMainQuestList": [11102],
  "rewardIdList": [111101],
  "chapterId": 2011,
  "subQuests": [
    {
      "subId": 1110101,
      "mainId": 11101,
      "order": 1,
      "descTextMapHash": 4225047526,
      "acceptCond": [
        {
          "type": "QUEST_COND_STATE_EQUAL",
          "param": [1110008, 3],
          "param_str": ""
        }
      ],
      "finishCond": [
        {
          "type": "QUEST_CONTENT_FINISH_PLOT",
          "param": [1110101, 0],
          "param_str": ""
        }
      ],
      "failCond": [
        {
          "param": [],
          "param_str": ""
        }
      ],
      "guide": {
        "type": "QUEST_GUIDE_NPC",
        "param": ["1625"],
        "guideScene": 3,
        "guideStyle": "QUEST_GUIDE_STYLE_TARGET",
        "guideLayer": "QUEST_GUIDE_LAYER_SCENE"
      },
      "isRewind": true,
      "finishExec": [
        {
          "param": [],
          "param_str": ""
        }
      ],
      "failExec": [
        {
          "param": [],
          "param_str": ""
        }
      ],
      "beginExec": [
        {
          "param": [],
          "param_str": ""
        }
      ],
      "exclusiveNpcList": [10202, 1625]
    },
    {
      "subId": 1110108,
      "mainId": 11101,
      "order": 2,
      "descTextMapHash": 931865990,
      "showType": "QUEST_HIDDEN",
      "acceptCond": [
        {
          "type": "QUEST_COND_STATE_EQUAL",
          "param": [1110101, 3],
          "param_str": ""
        }
      ],
      "finishCond": [
        {
          "type": "QUEST_CONTENT_COMPLETE_TALK",
          "param": [1110101, 0],
          "param_str": ""
        }
      ],
      "failCond": [
        {
          "param": [],
          "param_str": ""
        }
      ],
      "guide": {
        "type": "QUEST_GUIDE_NPC",
        "param": ["1625"],
        "guideScene": 3,
        "guideStyle": "QUEST_GUIDE_STYLE_TARGET",
        "guideLayer": "QUEST_GUIDE_LAYER_SCENE"
      },
      "finishExec": [
        {
          "param": [],
          "param_str": ""
        }
      ],
      "failExec": [
        {
          "param": [],
          "param_str": ""
        }
      ],
      "beginExec": [
        {
          "param": [],
          "param_str": ""
        }
      ],
      "exclusiveNpcList": [10202, 1625]
    },
    {
      "subId": 1110102,
      "mainId": 11101,
      "order": 3,
      "descTextMapHash": 702718726,
      "acceptCond": [
        {
          "type": "QUEST_COND_STATE_EQUAL",
          "param": [1110108, 3],
          "param_str": ""
        }
      ],
      "finishCond": [
        {
          "type": "QUEST_CONTENT_COMPLETE_TALK",
          "param": [1110102, 0],
          "param_str": ""
        }
      ],
      "failCond": [
        {
          "param": [],
          "param_str": ""
        }
      ],
      "guide": {
        "type": "QUEST_GUIDE_NPC",
        "param": ["1625"],
        "guideScene": 3,
        "guideStyle": "QUEST_GUIDE_STYLE_TARGET",
        "guideLayer": "QUEST_GUIDE_LAYER_SCENE"
      },
      "isRewind": true,
      "finishExec": [
        {
          "param": [],
          "param_str": ""
        }
      ],
      "failExec": [
        {
          "param": [],
          "param_str": ""
        }
      ],
      "beginExec": [
        {
          "param": [],
          "param_str": ""
        }
      ],
      "exclusiveNpcList": [10202, 1625]
    },
    {
      "subId": 1110103,
      "mainId": 11101,
      "order": 4,
      "isMpBlock": true,
      "descTextMapHash": 1955327798,
      "acceptCond": [
        {
          "type": "QUEST_COND_STATE_EQUAL",
          "param": [1110102, 3],
          "param_str": ""
        }
      ],
      "finishCond": [
        {
          "type": "QUEST_CONTENT_OBTAIN_ITEM",
          "param": [100426, 0],
          "param_str": "",
          "count": 1
        }
      ],
      "failCond": [
        {
          "param": [],
          "param_str": ""
        }
      ],
      "guide": {
        "type": "QUEST_GUIDE_LOCATION",
        "param": ["Q1110102Cheat", "20"],
        "guideScene": 3,
        "guideStyle": "QUEST_GUIDE_STYLE_TARGET",
        "guideLayer": "QUEST_GUIDE_LAYER_SCENE"
      },
      "isRewind": true,
      "finishExec": [
        {
          "param": [],
          "param_str": ""
        }
      ],
      "failExec": [
        {
          "param": [],
          "param_str": ""
        }
      ],
      "beginExec": [
        {
          "type": "QUEST_EXEC_REFRESH_GROUP_SUITE",
          "param": ["3", "133107078,2"],
          "param_str": ""
        }
      ],
      "exclusiveNpcList": [10202, 1625]
    },
    {
      "subId": 1110104,
      "mainId": 11101,
      "order": 5,
      "isMpBlock": true,
      "descTextMapHash": 2916374702,
      "showType": "QUEST_HIDDEN",
      "acceptCond": [
        {
          "type": "QUEST_COND_STATE_EQUAL",
          "param": [1110103, 3],
          "param_str": ""
        }
      ],
      "finishCond": [
        {
          "type": "QUEST_CONTENT_COMPLETE_TALK",
          "param": [1110114, 0],
          "param_str": ""
        }
      ],
      "failCond": [
        {
          "param": [],
          "param_str": ""
        }
      ],
      "guide": {},
      "isRewind": true,
      "finishExec": [
        {
          "param": [],
          "param_str": ""
        }
      ],
      "failExec": [
        {
          "param": [],
          "param_str": ""
        }
      ],
      "beginExec": [
        {
          "param": [],
          "param_str": ""
        }
      ]
    },
    {
      "subId": 1110105,
      "mainId": 11101,
      "order": 6,
      "descTextMapHash": 3971625150,
      "acceptCond": [
        {
          "type": "QUEST_COND_STATE_EQUAL",
          "param": [1110104, 3],
          "param_str": ""
        }
      ],
      "finishCond": [
        {
          "type": "QUEST_CONTENT_COMPLETE_TALK",
          "param": [1110105, 0],
          "param_str": ""
        }
      ],
      "failCond": [
        {
          "param": [],
          "param_str": ""
        }
      ],
      "guide": {
        "type": "QUEST_GUIDE_NPC",
        "param": ["10202"],
        "guideScene": 3,
        "guideStyle": "QUEST_GUIDE_STYLE_TARGET",
        "guideLayer": "QUEST_GUIDE_LAYER_SCENE"
      },
      "isRewind": true,
      "finishExec": [
        {
          "type": "QUEST_EXEC_REFRESH_GROUP_SUITE",
          "param": ["3", "133107078,1"],
          "param_str": ""
        }
      ],
      "failExec": [
        {
          "param": [],
          "param_str": ""
        }
      ],
      "beginExec": [
        {
          "type": "QUEST_EXEC_REFRESH_GROUP_SUITE",
          "param": ["3", "133104212,2"],
          "param_str": ""
        }
      ],
      "exclusiveNpcList": [10202]
    },
    {
      "subId": 1110106,
      "mainId": 11101,
      "order": 7,
      "isMpBlock": true,
      "descTextMapHash": 2982356774,
      "acceptCond": [
        {
          "type": "QUEST_COND_STATE_EQUAL",
          "param": [1110105, 3],
          "param_str": ""
        }
      ],
      "finishCond": [
        {
          "type": "QUEST_CONTENT_CLEAR_GROUP_MONSTER",
          "param": [133104912, 0],
          "param_str": ""
        }
      ],
      "failCondComb": "LOGIC_OR",
      "failCond": [
        {
          "type": "QUEST_CONTENT_NOT_FINISH_PLOT",
          "param": [1110006, 0],
          "param_str": ""
        },
        {
          "type": "QUEST_CONTENT_TEAM_DEAD",
          "param": [0, 0],
          "param_str": ""
        }
      ],
      "guide": {
        "type": "QUEST_GUIDE_LOCATION",
        "param": ["Q1110105Qiuqiu2", "20"],
        "guideScene": 3,
        "guideStyle": "QUEST_GUIDE_STYLE_TARGET",
        "guideLayer": "QUEST_GUIDE_LAYER_SCENE"
      },
      "isRewind": true,
      "finishExec": [
        {
          "type": "QUEST_EXEC_REFRESH_GROUP_SUITE",
          "param": ["3", "133104912,1"],
          "param_str": ""
        }
      ],
      "failExec": [
        {
          "type": "QUEST_EXEC_REFRESH_GROUP_SUITE",
          "param": ["3", "133104912,1"],
          "param_str": ""
        },
        {
          "type": "QUEST_EXEC_ROLLBACK_QUEST",
          "param": ["1110105", "0"],
          "param_str": ""
        }
      ],
      "beginExec": [
        {
          "type": "QUEST_EXEC_REFRESH_GROUP_SUITE",
          "param": ["3", "133104912,2"],
          "param_str": ""
        }
      ],
      "exclusiveNpcList": [10202]
    },
    {
      "subId": 1110107,
      "mainId": 11101,
      "order": 8,
      "descTextMapHash": 4076165910,
      "acceptCond": [
        {
          "type": "QUEST_COND_STATE_EQUAL",
          "param": [1110106, 3],
          "param_str": ""
        }
      ],
      "finishCond": [
        {
          "type": "QUEST_CONTENT_COMPLETE_TALK",
          "param": [1110107, 0],
          "param_str": ""
        }
      ],
      "failCond": [
        {
          "param": [],
          "param_str": ""
        }
      ],
      "guide": {
        "type": "QUEST_GUIDE_NPC",
        "param": ["10202"],
        "guideScene": 3,
        "guideStyle": "QUEST_GUIDE_STYLE_TARGET",
        "guideLayer": "QUEST_GUIDE_LAYER_SCENE"
      },
      "finishParent": true,
      "isRewind": true,
      "finishExec": [
        {
          "param": [],
          "param_str": ""
        }
      ],
      "failExec": [
        {
          "param": [],
          "param_str": ""
        }
      ],
      "beginExec": [
        {
          "param": [],
          "param_str": ""
        }
      ],
      "exclusiveNpcList": [10202]
    }
  ],
  "talks": [
    {
      "id": 1110101,
      "beginWay": "TALK_BEGIN_MANUAL",
      "activeMode": "PLAY_MODE_SINGLE",
      "beginCond": [
        {
          "type": "QUEST_COND_STATE_EQUAL",
          "param": ["1110108", "2"],
          "param_str": ""
        }
      ],
      "priority": 5,
      "initDialog": 111010201,
      "npcId": [10202],
      "performCfg": "QuestDialogue/LQ/Xiao1_11101/Q1110101",
      "heroTalk": "TALK_HERO_MAIN",
      "questId": 11101,
      "prePerformCfg": ""
    },
    {
      "id": 1110102,
      "beginWay": "TALK_BEGIN_MANUAL",
      "activeMode": "PLAY_MODE_SINGLE",
      "beginCond": [
        {
          "type": "QUEST_COND_STATE_EQUAL",
          "param": ["1110102", "2"],
          "param_str": ""
        }
      ],
      "priority": 5,
      "initDialog": 111010222,
      "npcId": [1625],
      "performCfg": "QuestDialogue/LQ/Xiao1_11101/Q1110102",
      "heroTalk": "TALK_HERO_MAIN",
      "questId": 11101,
      "prePerformCfg": ""
    },
    {
      "id": 1110104,
      "beginWay": "TALK_BEGIN_MANUAL",
      "activeMode": "PLAY_MODE_SINGLE",
      "beginCond": [
        {
          "type": "QUEST_COND_STATE_EQUAL",
          "param": ["1110104", "2"],
          "param_str": ""
        }
      ],
      "priority": 5,
      "nextTalks": [1110110],
      "initDialog": 111010301,
      "npcId": [1005],
      "performCfg": "QuestDialogue/LQ/Xiao1_11101/Q1110104",
      "heroTalk": "TALK_HERO_MAIN",
      "questId": 11101,
      "prePerformCfg": ""
    },
    {
      "id": 1110110,
      "activeMode": "PLAY_MODE_SINGLE",
      "beginCondComb": "LOGIC_AND",
      "beginCond": [
        {
          "type": "QUEST_COND_STATE_EQUAL",
          "param": ["1110104", "2"],
          "param_str": ""
        }
      ],
      "priority": 3,
      "nextTalks": [1110111, 1110112, 1110113, 1110114],
      "initDialog": 111011001,
      "npcId": [1005],
      "performCfg": "QuestDialogue/LQ/Xiao1_11101/Q1110110",
      "heroTalk": "TALK_HERO_MAIN",
      "questId": 11101,
      "prePerformCfg": ""
    },
    {
      "id": 1110111,
      "activeMode": "PLAY_MODE_SINGLE",
      "beginCondComb": "LOGIC_AND",
      "beginCond": [
        {
          "type": "QUEST_COND_STATE_EQUAL",
          "param": ["1110104", "2"],
          "param_str": ""
        },
        {
          "type": "QUEST_COND_QUEST_VAR_EQUAL",
          "param": ["0", "0", "11101"],
          "param_str": ""
        }
      ],
      "priority": 3,
      "nextTalks": [1110112, 1110113, 1110114],
      "initDialog": 111011101,
      "npcId": [1005],
      "performCfg": "QuestDialogue/LQ/Xiao1_11101/Q1110111",
      "heroTalk": "TALK_HERO_MAIN",
      "questId": 11101,
      "prePerformCfg": ""
    },
    {
      "id": 1110112,
      "activeMode": "PLAY_MODE_SINGLE",
      "beginCondComb": "LOGIC_AND",
      "beginCond": [
        {
          "type": "QUEST_COND_STATE_EQUAL",
          "param": ["1110104", "2"],
          "param_str": ""
        },
        {
          "type": "QUEST_COND_QUEST_VAR_EQUAL",
          "param": ["1", "0", "11101"],
          "param_str": ""
        }
      ],
      "priority": 3,
      "nextTalks": [1110111, 1110113, 1110114],
      "initDialog": 111011201,
      "npcId": [1005],
      "performCfg": "QuestDialogue/LQ/Xiao1_11101/Q1110112",
      "heroTalk": "TALK_HERO_MAIN",
      "questId": 11101,
      "prePerformCfg": ""
    },
    {
      "id": 1110113,
      "activeMode": "PLAY_MODE_SINGLE",
      "beginCondComb": "LOGIC_AND",
      "beginCond": [
        {
          "type": "QUEST_COND_STATE_EQUAL",
          "param": ["1110104", "2"],
          "param_str": ""
        },
        {
          "type": "QUEST_COND_QUEST_VAR_EQUAL",
          "param": ["2", "0", "11101"],
          "param_str": ""
        }
      ],
      "priority": 3,
      "nextTalks": [1110111, 1110112, 1110114],
      "initDialog": 111011301,
      "npcId": [1005],
      "performCfg": "QuestDialogue/LQ/Xiao1_11101/Q1110113",
      "heroTalk": "TALK_HERO_MAIN",
      "questId": 11101,
      "prePerformCfg": ""
    },
    {
      "id": 1110114,
      "activeMode": "PLAY_MODE_SINGLE",
      "beginCondComb": "LOGIC_AND",
      "beginCond": [
        {
          "type": "QUEST_COND_STATE_EQUAL",
          "param": ["1110104", "2"],
          "param_str": ""
        },
        {
          "type": "QUEST_COND_QUEST_VAR_EQUAL",
          "param": ["3", "1", "11101"],
          "param_str": ""
        }
      ],
      "priority": 3,
      "initDialog": 111011401,
      "npcId": [1005],
      "performCfg": "QuestDialogue/LQ/Xiao1_11101/Q1110114",
      "heroTalk": "TALK_HERO_MAIN",
      "questId": 11101,
      "prePerformCfg": ""
    },
    {
      "id": 1110105,
      "beginWay": "TALK_BEGIN_MANUAL",
      "activeMode": "PLAY_MODE_SINGLE",
      "beginCond": [
        {
          "type": "QUEST_COND_STATE_EQUAL",
          "param": ["1110105", "2"],
          "param_str": ""
        }
      ],
      "priority": 5,
      "initDialog": 111010501,
      "npcId": [10202],
      "performCfg": "QuestDialogue/LQ/Xiao1_11101/Q1110105",
      "heroTalk": "TALK_HERO_MAIN",
      "questId": 11101,
      "prePerformCfg": ""
    },
    {
      "id": 1110107,
      "beginWay": "TALK_BEGIN_MANUAL",
      "activeMode": "PLAY_MODE_SINGLE",
      "beginCond": [
        {
          "type": "QUEST_COND_STATE_EQUAL",
          "param": ["1110107", "2"],
          "param_str": ""
        }
      ],
      "priority": 5,
      "initDialog": 111010701,
      "npcId": [10202],
      "performCfg": "QuestDialogue/LQ/Xiao1_11101/Q1110107",
      "heroTalk": "TALK_HERO_MAIN",
      "questId": 11101,
      "prePerformCfg": ""
    },
    {
      "id": 1110120,
      "beginWay": "TALK_BEGIN_MANUAL",
      "activeMode": "PLAY_MODE_SINGLE",
      "beginCond": [
        {
          "type": "QUEST_COND_STATE_EQUAL",
          "param": ["1110101", "2"],
          "param_str": ""
        }
      ],
      "priority": 5,
      "initDialog": 111002001,
      "npcId": [10217],
      "performCfg": "QuestDialogue/LQ/Xiao1_11101/Q1110120",
      "heroTalk": "TALK_HERO_MAIN",
      "questId": 11101,
      "prePerformCfg": ""
    },
    {
      "id": 1110121,
      "beginWay": "TALK_BEGIN_MANUAL",
      "activeMode": "PLAY_MODE_SINGLE",
      "beginCond": [
        {
          "type": "QUEST_COND_STATE_EQUAL",
          "param": ["1110101", "2"],
          "param_str": ""
        }
      ],
      "priority": 5,
      "initDialog": 111002101,
      "npcId": [10219],
      "performCfg": "QuestDialogue/LQ/Xiao1_11101/Q1110121",
      "heroTalk": "TALK_HERO_MAIN",
      "questId": 11101,
      "prePerformCfg": ""
    },
    {
      "id": 1110122,
      "beginWay": "TALK_BEGIN_MANUAL",
      "activeMode": "PLAY_MODE_SINGLE",
      "beginCond": [
        {
          "type": "QUEST_COND_STATE_EQUAL",
          "param": ["1110101", "2"],
          "param_str": ""
        }
      ],
      "priority": 5,
      "initDialog": 111002201,
      "npcId": [10218],
      "performCfg": "QuestDialogue/LQ/Xiao1_11101/Q1110122",
      "heroTalk": "TALK_HERO_MAIN",
      "questId": 11101,
      "prePerformCfg": ""
    },
    {
      "id": 1110123,
      "beginWay": "TALK_BEGIN_MANUAL",
      "activeMode": "PLAY_MODE_SINGLE",
      "beginCond": [
        {
          "type": "QUEST_COND_STATE_EQUAL",
          "param": ["1110101", "2"],
          "param_str": ""
        }
      ],
      "priority": 5,
      "initDialog": 111012301,
      "npcId": [10202],
      "performCfg": "QuestDialogue/LQ/Xiao1_11101/Q1110123",
      "heroTalk": "TALK_HERO_MAIN",
      "questId": 11101,
      "prePerformCfg": ""
    }
  ]
}
