{
  "id": 11102,
  "type": "LQ",
  "series": 2011,
  "titleTextMapHash": 2780964201,
  "descTextMapHash": 50916927,
  "luaPath": "Actor/Quest/LQ11102",
  "suggestTrackMainQuestList": [11103],
  "rewardIdList": [111102],
  "chapterId": 2011,
  "subQuests": [
    {
      "subId": 1110201,
      "mainId": 11102,
      "order": 1,
      "descTextMapHash": 3113870806,
      "acceptCond": [
        {
          "type": "QUEST_COND_STATE_EQUAL",
          "param": [1110107, 3],
          "param_str": ""
        }
      ],
      "finishCond": [
        {
          "type": "QUEST_CONTENT_FINISH_PLOT",
          "param": [1110201, 0],
          "param_str": ""
        }
      ],
      "failCond": [
        {
          "param": [],
          "param_str": ""
        }
      ],
      "guide": {
        "type": "QUEST_GUIDE_LOCATION",
        "param": ["Q1110202Xiao", "40"],
        "guideScene": 3,
        "guideStyle": "QUEST_GUIDE_STYLE_TARGET",
        "guideLayer": "QUEST_GUIDE_LAYER_SCENE"
      },
      "isRewind": true,
      "finishExec": [
        {
          "param": [],
          "param_str": ""
        }
      ],
      "failExec": [
        {
          "param": [],
          "param_str": ""
        }
      ],
      "beginExec": [
        {
          "type": "QUEST_EXEC_REFRESH_GROUP_SUITE",
          "param": ["3", "133104918,2"],
          "param_str": ""
        },
        {
          "type": "QUEST_EXEC_REFRESH_GROUP_SUITE",
          "param": ["3", "133104141,2"],
          "param_str": ""
        }
      ],
      "exclusiveNpcList": [10204]
    },
    {
      "subId": 1110202,
      "mainId": 11102,
      "order": 2,
      "descTextMapHash": 1089783694,
      "acceptCond": [
        {
          "type": "QUEST_COND_STATE_EQUAL",
          "param": [1110201, 3],
          "param_str": ""
        }
      ],
      "finishCond": [
        {
          "type": "QUEST_CONTENT_COMPLETE_TALK",
          "param": [1110202, 0],
          "param_str": ""
        }
      ],
      "failCond": [
        {
          "param": [],
          "param_str": ""
        }
      ],
      "guide": {
        "type": "QUEST_GUIDE_NPC",
        "param": ["10204"],
        "guideScene": 3,
        "guideStyle": "QUEST_GUIDE_STYLE_TARGET",
        "guideLayer": "QUEST_GUIDE_LAYER_SCENE"
      },
      "isRewind": true,
      "finishExec": [
        {
          "param": [],
          "param_str": ""
        }
      ],
      "failExec": [
        {
          "param": [],
          "param_str": ""
        }
      ],
      "beginExec": [
        {
          "type": "QUEST_EXEC_REFRESH_GROUP_SUITE",
          "param": ["3", "133104577,2"],
          "param_str": ""
        }
      ],
      "exclusiveNpcList": [10204]
    },
    {
      "subId": 1110203,
      "mainId": 11102,
      "order": 3,
      "descTextMapHash": 3694156310,
      "acceptCond": [
        {
          "type": "QUEST_COND_STATE_EQUAL",
          "param": [1110202, 3],
          "param_str": ""
        }
      ],
      "finishCond": [
        {
          "type": "QUEST_CONTENT_ENTER_DUNGEON",
          "param": [1102, 173],
          "param_str": ""
        }
      ],
      "failCond": [
        {
          "param": [],
          "param_str": ""
        }
      ],
      "guide": {
        "type": "QUEST_GUIDE_LOCATION",
        "param": ["Q1110203Guild"],
        "guideScene": 3,
        "guideStyle": "QUEST_GUIDE_STYLE_POINT",
        "guideLayer": "QUEST_GUIDE_LAYER_SCENE"
      },
      "isRewind": true,
      "finishExec": [
        {
          "type": "QUEST_EXEC_GRANT_TRIAL_AVATAR",
          "param": ["16", "0"],
          "param_str": ""
        }
      ],
      "failExec": [
        {
          "param": [],
          "param_str": ""
        }
      ],
      "beginExec": [
        {
          "type": "QUEST_EXEC_UNLOCK_POINT",
          "param": ["3", "173"],
          "param_str": ""
        }
      ],
      "exclusiveNpcList": [10204]
    },
    {
      "subId": 1110204,
      "mainId": 11102,
      "order": 4,
      "isMpBlock": true,
      "descTextMapHash": 2650302766,
      "showType": "QUEST_HIDDEN",
      "acceptCond": [
        {
          "type": "QUEST_COND_STATE_EQUAL",
          "param": [1110203, 3],
          "param_str": ""
        }
      ],
      "finishCond": [
        {
          "type": "QUEST_CONTENT_COMPLETE_TALK",
          "param": [1110204, 0],
          "param_str": ""
        }
      ],
      "failCondComb": "LOGIC_OR",
      "failCond": [
        {
          "type": "QUEST_CONTENT_FAIL_DUNGEON",
          "param": [1102, 0],
          "param_str": ""
        },
        {
          "type": "QUEST_CONTENT_ENTER_MY_WORLD",
          "param": [3, 0],
          "param_str": ""
        }
      ],
      "guide": {},
      "isRewind": true,
      "finishExec": [
        {
          "type": "QUEST_EXEC_NOTIFY_GROUP_LUA",
          "param": ["1032", "201032001"],
          "param_str": ""
        },
        {
          "type": "QUEST_EXEC_LOCK_AVATAR_TEAM",
          "param": ["10000026", "0"],
          "param_str": ""
        }
      ],
      "failExec": [
        {
          "type": "QUEST_EXEC_ROLLBACK_QUEST",
          "param": ["1110203", "0"],
          "param_str": ""
        },
        {
          "type": "QUEST_EXEC_UNLOCK_AVATAR_TEAM",
          "param": [0, 0],
          "param_str": ""
        },
        {
          "type": "QUEST_EXEC_REMOVE_TRIAL_AVATAR",
          "param": ["16", "0"],
          "param_str": ""
        }
      ],
      "beginExec": [
        {
          "type": "QUEST_EXEC_REFRESH_GROUP_SUITE",
          "param": ["3", "133104918,1"],
          "param_str": ""
        }
      ],
      "exclusiveNpcList": [10204],
      "trialAvatarList": [16]
    },
    {
      "subId": 1110207,
      "mainId": 11102,
      "order": 5,
      "isMpBlock": true,
      "descTextMapHash": 1103913782,
      "showType": "QUEST_HIDDEN",
      "acceptCond": [
        {
          "type": "QUEST_COND_STATE_EQUAL",
          "param": [1110204, 3],
          "param_str": ""
        }
      ],
      "finishCond": [
        {
          "type": "QUEST_CONTENT_LUA_NOTIFY",
          "param": [0, 0],
          "param_str": "1110207",
          "count": 1
        }
      ],
      "failCondComb": "LOGIC_OR",
      "failCond": [
        {
          "type": "QUEST_CONTENT_FAIL_DUNGEON",
          "param": [1102, 0],
          "param_str": ""
        },
        {
          "type": "QUEST_CONTENT_ENTER_MY_WORLD",
          "param": [3, 0],
          "param_str": ""
        }
      ],
      "guide": {},
      "isRewind": true,
      "finishExec": [
        {
          "param": [],
          "param_str": ""
        }
      ],
      "failExec": [
        {
          "type": "QUEST_EXEC_ROLLBACK_QUEST",
          "param": ["1110203", "0"],
          "param_str": ""
        },
        {
          "type": "QUEST_EXEC_UNLOCK_AVATAR_TEAM",
          "param": [0, 0],
          "param_str": ""
        },
        {
          "type": "QUEST_EXEC_REMOVE_TRIAL_AVATAR",
          "param": ["16", "0"],
          "param_str": ""
        }
      ],
      "beginExec": [
        {
          "param": [],
          "param_str": ""
        }
      ],
      "exclusiveNpcList": [10204],
      "trialAvatarList": [16]
    },
    {
      "subId": 1110206,
      "mainId": 11102,
      "order": 6,
      "isMpBlock": true,
      "descTextMapHash": 1003122318,
      "acceptCond": [
        {
          "type": "QUEST_COND_STATE_EQUAL",
          "param": [1110207, 3],
          "param_str": ""
        }
      ],
      "finishCond": [
        {
          "type": "QUEST_CONTENT_LUA_NOTIFY",
          "param": [0, 0],
          "param_str": "1110206",
          "count": 1
        }
      ],
      "failCondComb": "LOGIC_OR",
      "failCond": [
        {
          "type": "QUEST_CONTENT_FAIL_DUNGEON",
          "param": [1102, 0],
          "param_str": ""
        },
        {
          "type": "QUEST_CONTENT_ENTER_MY_WORLD",
          "param": [3, 0],
          "param_str": ""
        }
      ],
      "guide": {},
      "isRewind": true,
      "finishExec": [
        {
          "param": [],
          "param_str": ""
        }
      ],
      "failExec": [
        {
          "type": "QUEST_EXEC_ROLLBACK_QUEST",
          "param": ["1110203", "0"],
          "param_str": ""
        },
        {
          "type": "QUEST_EXEC_UNLOCK_AVATAR_TEAM",
          "param": [0, 0],
          "param_str": ""
        },
        {
          "type": "QUEST_EXEC_REMOVE_TRIAL_AVATAR",
          "param": ["16", "0"],
          "param_str": ""
        }
      ],
      "beginExec": [
        {
          "type": "QUEST_EXEC_LOCK_AVATAR_TEAM",
          "param": ["10000026", "0"],
          "param_str": ""
        }
      ],
      "exclusiveNpcList": [10204],
      "trialAvatarList": [16]
    },
    {
      "subId": 1110205,
      "mainId": 11102,
      "order": 7,
      "isMpBlock": true,
      "descTextMapHash": 752727406,
      "showType": "QUEST_HIDDEN",
      "acceptCond": [
        {
          "type": "QUEST_COND_STATE_EQUAL",
          "param": [1110206, 3],
          "param_str": ""
        }
      ],
      "finishCond": [
        {
          "type": "QUEST_CONTENT_COMPLETE_TALK",
          "param": [1110206, 0],
          "param_str": ""
        }
      ],
      "failCondComb": "LOGIC_OR",
      "failCond": [
        {
          "type": "QUEST_CONTENT_FAIL_DUNGEON",
          "param": [1102, 0],
          "param_str": ""
        },
        {
          "type": "QUEST_CONTENT_ENTER_MY_WORLD",
          "param": [3, 0],
          "param_str": ""
        }
      ],
      "guide": {},
      "finishParent": true,
      "isRewind": true,
      "finishExec": [
        {
          "type": "QUEST_EXEC_UNLOCK_AVATAR_TEAM",
          "param": [0, 0],
          "param_str": ""
        },
        {
          "type": "QUEST_EXEC_LOCK_POINT",
          "param": ["3", "173"],
          "param_str": ""
        },
        {
          "type": "QUEST_EXEC_NOTIFY_GROUP_LUA",
          "param": ["1032", "201032007"],
          "param_str": ""
        }
      ],
      "failExec": [
        {
          "type": "QUEST_EXEC_ROLLBACK_QUEST",
          "param": ["1110203", "0"],
          "param_str": ""
        },
        {
          "type": "QUEST_EXEC_UNLOCK_AVATAR_TEAM",
          "param": [0, 0],
          "param_str": ""
        },
        {
          "type": "QUEST_EXEC_REMOVE_TRIAL_AVATAR",
          "param": ["16", "0"],
          "param_str": ""
        }
      ],
      "beginExec": [
        {
          "type": "QUEST_EXEC_REFRESH_GROUP_SUITE",
          "param": ["3", "133104577,1"],
          "param_str": ""
        }
      ],
      "exclusiveNpcList": [10204]
    }
  ],
  "talks": [
    {
      "id": 1110202,
      "beginWay": "TALK_BEGIN_AUTO",
      "activeMode": "PLAY_MODE_SINGLE",
      "beginCond": [
        {
          "type": "QUEST_COND_STATE_EQUAL",
          "param": ["1110202", "2"],
          "param_str": ""
        }
      ],
      "priority": 5,
      "initDialog": 111020201,
      "npcId": [10204],
      "performCfg": "QuestDialogue/LQ/Xiao1_11102/Q1110202",
      "heroTalk": "TALK_HERO_MAIN",
      "questId": 11102,
      "prePerformCfg": ""
    },
    {
      "id": 1110204,
      "beginWay": "TALK_BEGIN_MANUAL",
      "activeMode": "PLAY_MODE_SINGLE",
      "beginCond": [
        {
          "type": "QUEST_COND_STATE_EQUAL",
          "param": ["1110204", "2"],
          "param_str": ""
        }
      ],
      "priority": 5,
      "initDialog": 111020401,
      "npcId": [1005],
      "performCfg": "QuestDialogue/LQ/Xiao1_11102/Q1110204",
      "heroTalk": "TALK_HERO_MAIN",
      "questId": 11102,
      "prePerformCfg": ""
    },
    {
      "id": 1110206,
      "beginWay": "TALK_BEGIN_MANUAL",
      "activeMode": "PLAY_MODE_SINGLE",
      "beginCond": [
        {
          "type": "QUEST_COND_STATE_EQUAL",
          "param": ["1110205", "2"],
          "param_str": ""
        }
      ],
      "priority": 5,
      "initDialog": 111020601,
      "npcId": [1005],
      "performCfg": "QuestDialogue/LQ/Xiao1_11102/Q1110206",
      "heroTalk": "TALK_HERO_MAIN",
      "questId": 11102,
      "prePerformCfg": ""
    },
    {
      "id": 1110220,
      "beginWay": "TALK_BEGIN_MANUAL",
      "activeMode": "PLAY_MODE_SINGLE",
      "beginCond": [
        {
          "type": "QUEST_COND_STATE_EQUAL",
          "param": ["1110201", "2"],
          "param_str": ""
        }
      ],
      "priority": 5,
      "initDialog": 111022001,
      "npcId": [10217],
      "performCfg": "QuestDialogue/LQ/Xiao1_11102/Q1110220",
      "heroTalk": "TALK_HERO_MAIN",
      "questId": 11102,
      "prePerformCfg": ""
    },
    {
      "id": 1110221,
      "beginWay": "TALK_BEGIN_MANUAL",
      "activeMode": "PLAY_MODE_SINGLE",
      "beginCond": [
        {
          "type": "QUEST_COND_STATE_EQUAL",
          "param": ["1110201", "2"],
          "param_str": ""
        }
      ],
      "priority": 5,
      "initDialog": 111022101,
      "npcId": [10219],
      "performCfg": "QuestDialogue/LQ/Xiao1_11102/Q1110221",
      "heroTalk": "TALK_HERO_MAIN",
      "questId": 11102,
      "prePerformCfg": ""
    },
    {
      "id": 1110222,
      "beginWay": "TALK_BEGIN_MANUAL",
      "activeMode": "PLAY_MODE_SINGLE",
      "beginCond": [
        {
          "type": "QUEST_COND_STATE_EQUAL",
          "param": ["1110201", "2"],
          "param_str": ""
        }
      ],
      "priority": 5,
      "initDialog": 111022201,
      "npcId": [10218],
      "performCfg": "QuestDialogue/LQ/Xiao1_11102/Q1110222",
      "heroTalk": "TALK_HERO_MAIN",
      "questId": 11102,
      "prePerformCfg": ""
    },
    {
      "id": 1110223,
      "beginWay": "TALK_BEGIN_MANUAL",
      "activeMode": "PLAY_MODE_SINGLE",
      "beginCond": [
        {
          "type": "QUEST_COND_STATE_EQUAL",
          "param": ["1110201", "2"],
          "param_str": ""
        }
      ],
      "priority": 5,
      "initDialog": 111022301,
      "npcId": [10202],
      "performCfg": "QuestDialogue/LQ/Xiao1_11102/Q1110223",
      "heroTalk": "TALK_HERO_MAIN",
      "questId": 11102,
      "prePerformCfg": ""
    },
    {
      "id": 1110224,
      "beginWay": "TALK_BEGIN_MANUAL",
      "activeMode": "PLAY_MODE_SINGLE",
      "beginCond": [
        {
          "type": "QUEST_COND_STATE_EQUAL",
          "param": ["1110203", "2"],
          "param_str": ""
        }
      ],
      "priority": 5,
      "initDialog": 111022401,
      "npcId": [10204],
      "performCfg": "QuestDialogue/LQ/Xiao1_11102/Q1110224",
      "heroTalk": "TALK_HERO_MAIN",
      "questId": 11102,
      "prePerformCfg": ""
    }
  ]
}
