{
  "id": 11114,
  "type": "LQ",
  "series": 11110,
  "titleTextMapHash": 3045015799,
  "descTextMapHash": 1489272806,
  "luaPath": "Actor/Quest/LQ11114",
  "showType": "QUEST_HIDDEN",
  "chapterId": 2018,
  "subQuests": [
    {
      "subId": 1111401,
      "mainId": 11114,
      "order": 1,
      "descTextMapHash": 1754590172,
      "showType": "QUEST_HIDDEN",
      "acceptCond": [
        {
          "type": "QUEST_COND_STATE_EQUAL",
          "param": [1111307, 3],
          "param_str": ""
        }
      ],
      "finishCond": [
        {
          "type": "QUEST_CONTENT_FINISH_PLOT",
          "param": [1111401, 0],
          "param_str": ""
        }
      ],
      "failCond": [
        {
          "param": [],
          "param_str": ""
        }
      ],
      "guide": {},
      "showGuide": "QUEST_GUIDE_ITEM_DISABLE",
      "finishParent": true,
      "isRewind": true,
      "finishExec": [
        {
          "param": [],
          "param_str": ""
        }
      ],
      "failExec": [
        {
          "param": [],
          "param_str": ""
        }
      ],
      "beginExec": [
        {
          "param": [],
          "param_str": ""
        }
      ]
    }
  ],
  "talks": [
    {
      "id": 1111401,
      "beginWay": "TALK_BEGIN_MANUAL",
      "activeMode": "PLAY_MODE_SINGLE",
      "beginCond": [
        {
          "type": "QUEST_COND_STATE_EQUAL",
          "param": ["1111307", "3"],
          "param_str": ""
        }
      ],
      "priority": 5,
      "initDialog": 111130901,
      "npcId": [10343],
      "performCfg": "QuestDialogue/LQ/Hutao1_11113/Q1111309",
      "heroTalk": "TALK_HERO_MAIN",
      "questId": 11114,
      "prePerformCfg": ""
    }
  ]
}
