{
  "id": 11113,
  "type": "LQ",
  "series": 11110,
  "titleTextMapHash": 2948106151,
  "descTextMapHash": 130085654,
  "luaPath": "Actor/Quest/LQ11113",
  "rewardIdList": [111113],
  "chapterId": 2018,
  "subQuests": [
    {
      "subId": 1111301,
      "mainId": 11113,
      "order": 1,
      "descTextMapHash": 33502956,
      "acceptCond": [
        {
          "type": "QUEST_COND_STATE_EQUAL",
          "param": [1111208, 3],
          "param_str": ""
        }
      ],
      "finishCond": [
        {
          "type": "QUEST_CONTENT_COMPLETE_TALK",
          "param": [1111301, 0],
          "param_str": ""
        }
      ],
      "failCond": [
        {
          "param": [],
          "param_str": ""
        }
      ],
      "guide": {
        "type": "QUEST_GUIDE_NPC",
        "param": ["1021"],
        "guideScene": 3,
        "guideStyle": "QUEST_GUIDE_STYLE_TARGET",
        "guideLayer": "QUEST_GUIDE_LAYER_SCENE"
      },
      "isRewind": true,
      "finishExec": [
        {
          "param": [],
          "param_str": ""
        }
      ],
      "failExec": [
        {
          "param": [],
          "param_str": ""
        }
      ],
      "beginExec": [
        {
          "type": "QUEST_EXEC_REGISTER_DYNAMIC_GROUP",
          "param": ["3", "133102927"],
          "param_str": ""
        }
      ],
      "exclusiveNpcList": [1021, 10343, 10344, 10346, 10347, 10348],
      "exclusiveNpcPriority": 1100
    },
    {
      "subId": 1111302,
      "mainId": 11113,
      "order": 2,
      "isMpBlock": true,
      "descTextMapHash": 2789731572,
      "acceptCond": [
        {
          "type": "QUEST_COND_STATE_EQUAL",
          "param": [1111301, 3],
          "param_str": ""
        }
      ],
      "finishCond": [
        {
          "type": "QUEST_CONTENT_ENTER_DUNGEON",
          "param": [1110, 229],
          "param_str": ""
        }
      ],
      "failCond": [
        {
          "param": [],
          "param_str": ""
        }
      ],
      "guide": {
        "type": "QUEST_GUIDE_LOCATION",
        "param": ["Q11113_Dicheng_Pos"],
        "guideScene": 3,
        "guideStyle": "QUEST_GUIDE_STYLE_POINT",
        "guideLayer": "QUEST_GUIDE_LAYER_SCENE"
      },
      "isRewind": true,
      "finishExec": [
        {
          "type": "QUEST_EXEC_UNREGISTER_DYNAMIC_GROUP",
          "param": ["133102912", "0"],
          "param_str": ""
        },
        {
          "type": "QUEST_EXEC_UNREGISTER_DYNAMIC_GROUP",
          "param": ["133102927", "0"],
          "param_str": ""
        },
        {
          "type": "QUEST_EXEC_GRANT_TRIAL_AVATAR",
          "param": ["24", "0"],
          "param_str": ""
        }
      ],
      "failExec": [
        {
          "param": [],
          "param_str": ""
        }
      ],
      "beginExec": [
        {
          "type": "QUEST_EXEC_UNLOCK_POINT",
          "param": ["3", "229"],
          "param_str": ""
        },
        {
          "type": "QUEST_EXEC_REGISTER_DYNAMIC_GROUP",
          "param": ["3", "133102912"],
          "param_str": ""
        },
        {
          "type": "QUEST_EXEC_REGISTER_DYNAMIC_GROUP",
          "param": ["3", "133102927"],
          "param_str": ""
        }
      ],
      "exclusiveNpcList": [1021, 10343, 10344],
      "exclusiveNpcPriority": 1100
    },
    {
      "subId": 1111303,
      "mainId": 11113,
      "order": 5,
      "isMpBlock": true,
      "descTextMapHash": 1975218748,
      "acceptCond": [
        {
          "type": "QUEST_COND_STATE_EQUAL",
          "param": [1111308, 3],
          "param_str": ""
        }
      ],
      "finishCond": [
        {
          "type": "QUEST_CONTENT_LUA_NOTIFY",
          "param": [0, 0],
          "param_str": "10595001",
          "count": 1
        }
      ],
      "failCondComb": "LOGIC_OR",
      "failCond": [
        {
          "type": "QUEST_CONTENT_FAIL_DUNGEON",
          "param": [1110, 0],
          "param_str": ""
        },
        {
          "type": "QUEST_CONTENT_ENTER_MY_WORLD",
          "param": [3, 0],
          "param_str": ""
        }
      ],
      "guide": {},
      "isRewind": true,
      "finishExec": [
        {
          "param": [],
          "param_str": ""
        }
      ],
      "failExec": [
        {
          "type": "QUEST_EXEC_ROLLBACK_QUEST",
          "param": ["1111302", "0"],
          "param_str": ""
        },
        {
          "type": "QUEST_EXEC_REMOVE_TRIAL_AVATAR",
          "param": ["24", "0"],
          "param_str": ""
        }
      ],
      "beginExec": [
        {
          "type": "QUEST_EXEC_NOTIFY_GROUP_LUA",
          "param": ["1059", "201059012"],
          "param_str": ""
        }
      ],
      "exclusiveNpcList": [1021, 10343, 10344],
      "exclusiveNpcPriority": 1100,
      "trialAvatarList": [24]
    },
    {
      "subId": 1111304,
      "mainId": 11113,
      "order": 6,
      "isMpBlock": true,
      "descTextMapHash": 3649108372,
      "acceptCond": [
        {
          "type": "QUEST_COND_STATE_EQUAL",
          "param": [1111303, 3],
          "param_str": ""
        }
      ],
      "finishCond": [
        {
          "type": "QUEST_CONTENT_COMPLETE_TALK",
          "param": [1111304, 0],
          "param_str": ""
        }
      ],
      "failCondComb": "LOGIC_OR",
      "failCond": [
        {
          "type": "QUEST_CONTENT_FAIL_DUNGEON",
          "param": [1110, 0],
          "param_str": ""
        },
        {
          "type": "QUEST_CONTENT_ENTER_MY_WORLD",
          "param": [3, 0],
          "param_str": ""
        }
      ],
      "guide": {
        "type": "QUEST_GUIDE_NPC",
        "param": ["10349"],
        "guideScene": 1059,
        "guideStyle": "QUEST_GUIDE_STYLE_TARGET",
        "guideLayer": "QUEST_GUIDE_LAYER_SCENE"
      },
      "isRewind": true,
      "finishExec": [
        {
          "type": "QUEST_EXEC_DEL_ALL_SPECIFIC_PACK_ITEM",
          "param": ["100683,100685,100682", "0"],
          "param_str": ""
        },
        {
          "type": "QUEST_EXEC_REMOVE_TRIAL_AVATAR",
          "param": ["24", "0"],
          "param_str": ""
        }
      ],
      "failExec": [
        {
          "type": "QUEST_EXEC_ROLLBACK_QUEST",
          "param": ["1111302", "0"],
          "param_str": ""
        },
        {
          "type": "QUEST_EXEC_REMOVE_TRIAL_AVATAR",
          "param": ["24", "0"],
          "param_str": ""
        }
      ],
      "beginExec": [
        {
          "param": [],
          "param_str": ""
        }
      ],
      "exclusiveNpcList": [1021, 10343, 10344],
      "exclusiveNpcPriority": 1100,
      "trialAvatarList": [24]
    },
    {
      "subId": 1111305,
      "mainId": 11113,
      "order": 7,
      "isMpBlock": true,
      "descTextMapHash": 2191666100,
      "acceptCond": [
        {
          "type": "QUEST_COND_STATE_EQUAL",
          "param": [1111304, 3],
          "param_str": ""
        }
      ],
      "finishCond": [
        {
          "type": "QUEST_CONTENT_COMPLETE_TALK",
          "param": [1111305, 0],
          "param_str": ""
        }
      ],
      "failCondComb": "LOGIC_OR",
      "failCond": [
        {
          "type": "QUEST_CONTENT_FAIL_DUNGEON",
          "param": [1110, 0],
          "param_str": ""
        },
        {
          "type": "QUEST_CONTENT_ENTER_MY_WORLD",
          "param": [3, 0],
          "param_str": ""
        }
      ],
      "guide": {
        "type": "QUEST_GUIDE_NPC",
        "param": ["1021"],
        "guideScene": 1059,
        "guideStyle": "QUEST_GUIDE_STYLE_TARGET",
        "guideLayer": "QUEST_GUIDE_LAYER_SCENE"
      },
      "isRewind": true,
      "finishExec": [
        {
          "type": "QUEST_EXEC_LOCK_POINT",
          "param": ["3", "229"],
          "param_str": ""
        },
        {
          "type": "QUEST_EXEC_REFRESH_GROUP_SUITE",
          "param": ["1059", "201059006,2"],
          "param_str": ""
        }
      ],
      "failExec": [
        {
          "type": "QUEST_EXEC_ROLLBACK_QUEST",
          "param": ["1111302", "0"],
          "param_str": ""
        },
        {
          "type": "QUEST_EXEC_REFRESH_GROUP_SUITE",
          "param": ["1059", "201059006,2"],
          "param_str": ""
        }
      ],
      "beginExec": [
        {
          "type": "QUEST_EXEC_REFRESH_GROUP_SUITE",
          "param": ["1059", "201059006,1"],
          "param_str": ""
        }
      ],
      "exclusiveNpcList": [1021, 10343, 10344],
      "exclusiveNpcPriority": 1100
    },
    {
      "subId": 1111306,
      "mainId": 11113,
      "order": 3,
      "isMpBlock": true,
      "descTextMapHash": 2069643580,
      "showType": "QUEST_HIDDEN",
      "acceptCond": [
        {
          "type": "QUEST_COND_STATE_EQUAL",
          "param": [1111302, 3],
          "param_str": ""
        }
      ],
      "finishCond": [
        {
          "type": "QUEST_CONTENT_FINISH_PLOT",
          "param": [1111306, 0],
          "param_str": ""
        }
      ],
      "failCondComb": "LOGIC_OR",
      "failCond": [
        {
          "type": "QUEST_CONTENT_FAIL_DUNGEON",
          "param": [1110, 0],
          "param_str": ""
        },
        {
          "type": "QUEST_CONTENT_ENTER_MY_WORLD",
          "param": [3, 0],
          "param_str": ""
        }
      ],
      "guide": {},
      "isRewind": true,
      "finishExec": [
        {
          "type": "QUEST_EXEC_NOTIFY_GROUP_LUA",
          "param": ["1059", "201059001"],
          "param_str": ""
        }
      ],
      "failExec": [
        {
          "type": "QUEST_EXEC_ROLLBACK_QUEST",
          "param": ["1111302", "0"],
          "param_str": ""
        },
        {
          "type": "QUEST_EXEC_REMOVE_TRIAL_AVATAR",
          "param": ["24", "0"],
          "param_str": ""
        }
      ],
      "beginExec": [
        {
          "param": [],
          "param_str": ""
        }
      ],
      "exclusiveNpcList": [1021, 10343, 10344],
      "exclusiveNpcPriority": 1100,
      "trialAvatarList": [24]
    },
    {
      "subId": 1111307,
      "mainId": 11113,
      "order": 8,
      "descTextMapHash": 3371736628,
      "acceptCond": [
        {
          "type": "QUEST_COND_STATE_EQUAL",
          "param": [1111305, 3],
          "param_str": ""
        }
      ],
      "finishCond": [
        {
          "type": "QUEST_CONTENT_COMPLETE_TALK",
          "param": [1111307, 0],
          "param_str": ""
        }
      ],
      "failCond": [
        {
          "param": [],
          "param_str": ""
        }
      ],
      "guide": {
        "type": "QUEST_GUIDE_LOCATION",
        "param": ["Q11110_Player_1_Pos"],
        "guideScene": 3,
        "guideStyle": "QUEST_GUIDE_STYLE_POINT",
        "guideLayer": "QUEST_GUIDE_LAYER_SCENE"
      },
      "finishParent": true,
      "isRewind": true,
      "finishExec": [
        {
          "type": "QUEST_EXEC_UNREGISTER_DYNAMIC_GROUP",
          "param": ["133102927", "0"],
          "param_str": ""
        }
      ],
      "failExec": [
        {
          "param": [],
          "param_str": ""
        }
      ],
      "beginExec": [
        {
          "type": "QUEST_EXEC_REGISTER_DYNAMIC_GROUP",
          "param": ["3", "133102927"],
          "param_str": ""
        }
      ],
      "exclusiveNpcList": [1021, 10343, 10344],
      "exclusiveNpcPriority": 1100
    },
    {
      "subId": 1111308,
      "mainId": 11113,
      "order": 4,
      "isMpBlock": true,
      "descTextMapHash": 2222642492,
      "showType": "QUEST_HIDDEN",
      "acceptCond": [
        {
          "type": "QUEST_COND_STATE_EQUAL",
          "param": [1111306, 3],
          "param_str": ""
        }
      ],
      "finishCond": [
        {
          "type": "QUEST_CONTENT_FINISH_PLOT",
          "param": [1111308, 0],
          "param_str": ""
        }
      ],
      "failCondComb": "LOGIC_OR",
      "failCond": [
        {
          "type": "QUEST_CONTENT_FAIL_DUNGEON",
          "param": [1110, 0],
          "param_str": ""
        },
        {
          "type": "QUEST_CONTENT_ENTER_MY_WORLD",
          "param": [3, 0],
          "param_str": ""
        }
      ],
      "guide": {},
      "isRewind": true,
      "finishExec": [
        {
          "type": "QUEST_EXEC_NOTIFY_GROUP_LUA",
          "param": ["1059", "201059002"],
          "param_str": ""
        }
      ],
      "failExec": [
        {
          "type": "QUEST_EXEC_ROLLBACK_QUEST",
          "param": ["1111302", "0"],
          "param_str": ""
        },
        {
          "type": "QUEST_EXEC_REMOVE_TRIAL_AVATAR",
          "param": ["24", "0"],
          "param_str": ""
        }
      ],
      "beginExec": [
        {
          "param": [],
          "param_str": ""
        }
      ],
      "exclusiveNpcList": [1021, 10343, 10344],
      "exclusiveNpcPriority": 1100,
      "trialAvatarList": [24]
    }
  ],
  "talks": [
    {
      "id": 1111301,
      "beginWay": "TALK_BEGIN_AUTO",
      "activeMode": "PLAY_MODE_SINGLE",
      "beginCond": [
        {
          "type": "QUEST_COND_STATE_EQUAL",
          "param": ["1111301", "2"],
          "param_str": ""
        }
      ],
      "priority": 5,
      "initDialog": 111130101,
      "npcId": [1021],
      "performCfg": "QuestDialogue/LQ/Hutao1_11113/Q1111301",
      "heroTalk": "TALK_HERO_MAIN",
      "questId": 11113,
      "prePerformCfg": ""
    },
    {
      "id": 1111302,
      "beginWay": "TALK_BEGIN_MANUAL",
      "activeMode": "PLAY_MODE_SINGLE",
      "beginCondComb": "LOGIC_AND",
      "beginCond": [
        {
          "type": "QUEST_COND_STATE_EQUAL",
          "param": ["1111301", "2"],
          "param_str": ""
        }
      ],
      "priority": 5,
      "initDialog": 111122301,
      "npcId": [10346, 10347, 10348],
      "performCfg": "QuestDialogue/LQ/Hutao1_11112/Q1111223",
      "heroTalk": "TALK_HERO_MAIN",
      "questId": 11113,
      "prePerformCfg": ""
    },
    {
      "id": 1111304,
      "beginWay": "TALK_BEGIN_AUTO",
      "activeMode": "PLAY_MODE_SINGLE",
      "beginCond": [
        {
          "type": "QUEST_COND_STATE_EQUAL",
          "param": ["1111304", "2"],
          "param_str": ""
        }
      ],
      "priority": 5,
      "initDialog": 111130401,
      "npcId": [10349, 10350, 10351, 10352, 10353],
      "performCfg": "QuestDialogue/LQ/Hutao1_11113/Q1111304",
      "heroTalk": "TALK_HERO_MAIN",
      "questId": 11113,
      "prePerformCfg": ""
    },
    {
      "id": 1111305,
      "beginWay": "TALK_BEGIN_MANUAL",
      "activeMode": "PLAY_MODE_SINGLE",
      "beginCond": [
        {
          "type": "QUEST_COND_STATE_EQUAL",
          "param": ["1111305", "2"],
          "param_str": ""
        }
      ],
      "priority": 5,
      "initDialog": 111130501,
      "npcId": [1021],
      "performCfg": "QuestDialogue/LQ/Hutao1_11113/Q1111305",
      "heroTalk": "TALK_HERO_MAIN",
      "questId": 11113,
      "prePerformCfg": ""
    },
    {
      "id": 1111306,
      "beginWay": "TALK_BEGIN_MANUAL",
      "activeMode": "PLAY_MODE_SINGLE",
      "beginCond": [
        {
          "type": "QUEST_COND_STATE_EQUAL",
          "param": ["1111303", "2"],
          "param_str": ""
        }
      ],
      "priority": 5,
      "initDialog": 111130601,
      "npcId": [10366],
      "performCfg": "QuestDialogue/LQ/Hutao1_11113/Q1111306",
      "heroTalk": "TALK_HERO_MAIN",
      "questId": 11113,
      "prePerformCfg": ""
    },
    {
      "id": 1111307,
      "beginWay": "TALK_BEGIN_MANUAL",
      "activeMode": "PLAY_MODE_SINGLE",
      "beginCondComb": "LOGIC_AND",
      "beginCond": [
        {
          "type": "QUEST_COND_STATE_EQUAL",
          "param": ["1111307", "2"],
          "param_str": ""
        }
      ],
      "priority": 5,
      "initDialog": 111130701,
      "npcId": [10366],
      "performCfg": "QuestDialogue/LQ/Hutao1_11113/Q1111307",
      "heroTalk": "TALK_HERO_MAIN",
      "questId": 11113,
      "prePerformCfg": ""
    },
    {
      "id": 1111308,
      "beginWay": "TALK_BEGIN_MANUAL",
      "activeMode": "PLAY_MODE_SINGLE",
      "beginCondComb": "LOGIC_OR",
      "beginCond": [
        {
          "type": "QUEST_COND_STATE_EQUAL",
          "param": ["1111305", "2"],
          "param_str": ""
        },
        {
          "type": "QUEST_COND_STATE_EQUAL",
          "param": ["1111306", "2"],
          "param_str": ""
        }
      ],
      "priority": 5,
      "initDialog": 111130801,
      "npcId": [10343, 10344],
      "performCfg": "QuestDialogue/LQ/Hutao1_11113/Q1111308",
      "heroTalk": "TALK_HERO_MAIN",
      "questId": 11113,
      "prePerformCfg": ""
    },
    {
      "id": 1111310,
      "beginWay": "TALK_BEGIN_MANUAL",
      "activeMode": "PLAY_MODE_SINGLE",
      "beginCondComb": "LOGIC_OR",
      "beginCond": [
        {
          "type": "QUEST_COND_STATE_EQUAL",
          "param": ["1111304", "2"],
          "param_str": ""
        },
        {
          "type": "QUEST_COND_STATE_EQUAL",
          "param": ["1111305", "2"],
          "param_str": ""
        },
        {
          "type": "QUEST_COND_STATE_EQUAL",
          "param": ["1111307", "2"],
          "param_str": ""
        }
      ],
      "priority": 5,
      "initDialog": 111131001,
      "npcId": [10359],
      "performCfg": "QuestDialogue/LQ/Hutao1_11113/Q1111310",
      "heroTalk": "TALK_HERO_MAIN",
      "questId": 11113,
      "prePerformCfg": ""
    },
    {
      "id": 1111311,
      "beginWay": "TALK_BEGIN_MANUAL",
      "activeMode": "PLAY_MODE_SINGLE",
      "beginCondComb": "LOGIC_OR",
      "beginCond": [
        {
          "type": "QUEST_COND_STATE_EQUAL",
          "param": ["1111304", "2"],
          "param_str": ""
        },
        {
          "type": "QUEST_COND_STATE_EQUAL",
          "param": ["1111305", "2"],
          "param_str": ""
        },
        {
          "type": "QUEST_COND_STATE_EQUAL",
          "param": ["1111307", "2"],
          "param_str": ""
        }
      ],
      "priority": 5,
      "initDialog": 111131101,
      "npcId": [10362],
      "performCfg": "QuestDialogue/LQ/Hutao1_11113/Q1111311",
      "heroTalk": "TALK_HERO_MAIN",
      "questId": 11113,
      "prePerformCfg": ""
    },
    {
      "id": 1111312,
      "beginWay": "TALK_BEGIN_MANUAL",
      "activeMode": "PLAY_MODE_SINGLE",
      "beginCondComb": "LOGIC_OR",
      "beginCond": [
        {
          "type": "QUEST_COND_STATE_EQUAL",
          "param": ["1111304", "2"],
          "param_str": ""
        },
        {
          "type": "QUEST_COND_STATE_EQUAL",
          "param": ["1111305", "2"],
          "param_str": ""
        },
        {
          "type": "QUEST_COND_STATE_EQUAL",
          "param": ["1111307", "2"],
          "param_str": ""
        }
      ],
      "priority": 5,
      "initDialog": 111131201,
      "npcId": [10363, 10364],
      "performCfg": "QuestDialogue/LQ/Hutao1_11113/Q1111312",
      "heroTalk": "TALK_HERO_MAIN",
      "questId": 11113,
      "prePerformCfg": ""
    }
  ]
}
