{
  "id": 11112,
  "type": "LQ",
  "series": 11110,
  "titleTextMapHash": 479755927,
  "descTextMapHash": 283170078,
  "luaPath": "Actor/Quest/LQ11112",
  "suggestTrackMainQuestList": [11113],
  "rewardIdList": [111112],
  "chapterId": 2018,
  "subQuests": [
    {
      "subId": 1111201,
      "mainId": 11112,
      "order": 1,
      "descTextMapHash": 395893252,
      "acceptCond": [
        {
          "type": "QUEST_COND_STATE_EQUAL",
          "param": [1111105, 3],
          "param_str": ""
        }
      ],
      "finishCond": [
        {
          "type": "QUEST_CONTENT_COMPLETE_TALK",
          "param": [1111201, 0],
          "param_str": ""
        }
      ],
      "failCond": [
        {
          "param": [],
          "param_str": ""
        }
      ],
      "guide": {
        "type": "QUEST_GUIDE_LOCATION",
        "param": ["Q11112_Wangsheng_Pos"],
        "guideScene": 3,
        "guideStyle": "QUEST_GUIDE_STYLE_POINT",
        "guideLayer": "QUEST_GUIDE_LAYER_SCENE"
      },
      "isRewind": true,
      "finishExec": [
        {
          "param": [],
          "param_str": ""
        }
      ],
      "failExec": [
        {
          "param": [],
          "param_str": ""
        }
      ],
      "beginExec": [
        {
          "param": [],
          "param_str": ""
        }
      ],
      "exclusiveNpcList": [1021, 10343, 10344, 2084],
      "exclusiveNpcPriority": 1100,
      "exclusivePlaceList": [40014]
    },
    {
      "subId": 1111202,
      "mainId": 11112,
      "order": 2,
      "descTextMapHash": 2093503420,
      "acceptCond": [
        {
          "type": "QUEST_COND_STATE_EQUAL",
          "param": [1111201, 3],
          "param_str": ""
        }
      ],
      "finishCond": [
        {
          "type": "QUEST_CONTENT_COMPLETE_TALK",
          "param": [1111202, 0],
          "param_str": ""
        }
      ],
      "failCond": [
        {
          "param": [],
          "param_str": ""
        }
      ],
      "guide": {
        "type": "QUEST_GUIDE_NPC",
        "param": ["10346"],
        "guideScene": 3,
        "guideStyle": "QUEST_GUIDE_STYLE_TARGET",
        "guideLayer": "QUEST_GUIDE_LAYER_SCENE"
      },
      "isRewind": true,
      "finishExec": [
        {
          "param": [],
          "param_str": ""
        }
      ],
      "failExec": [
        {
          "param": [],
          "param_str": ""
        }
      ],
      "beginExec": [
        {
          "param": [],
          "param_str": ""
        }
      ],
      "exclusiveNpcList": [10346, 2084],
      "exclusiveNpcPriority": 1100,
      "exclusivePlaceList": [40014]
    },
    {
      "subId": 1111203,
      "mainId": 11112,
      "order": 4,
      "descTextMapHash": 1517823996,
      "acceptCond": [
        {
          "type": "QUEST_COND_STATE_EQUAL",
          "param": [1111222, 3],
          "param_str": ""
        }
      ],
      "finishCond": [
        {
          "type": "QUEST_CONTENT_COMPLETE_TALK",
          "param": [1111203, 0],
          "param_str": ""
        }
      ],
      "failCond": [
        {
          "param": [],
          "param_str": ""
        }
      ],
      "guide": {
        "type": "QUEST_GUIDE_NPC",
        "param": ["10346"],
        "guideScene": 3,
        "guideStyle": "QUEST_GUIDE_STYLE_TARGET",
        "guideLayer": "QUEST_GUIDE_LAYER_SCENE"
      },
      "isRewind": true,
      "finishExec": [
        {
          "param": [],
          "param_str": ""
        }
      ],
      "failExec": [
        {
          "param": [],
          "param_str": ""
        }
      ],
      "beginExec": [
        {
          "param": [],
          "param_str": ""
        }
      ],
      "exclusiveNpcList": [10346],
      "exclusiveNpcPriority": 1100
    },
    {
      "subId": 1111204,
      "mainId": 11112,
      "order": 5,
      "descTextMapHash": 3065622100,
      "acceptCond": [
        {
          "type": "QUEST_COND_STATE_EQUAL",
          "param": [1111203, 3],
          "param_str": ""
        }
      ],
      "finishCond": [
        {
          "type": "QUEST_CONTENT_COMPLETE_TALK",
          "param": [1111204, 0],
          "param_str": ""
        }
      ],
      "failCond": [
        {
          "param": [],
          "param_str": ""
        }
      ],
      "guide": {
        "type": "QUEST_GUIDE_NPC",
        "param": ["10347"],
        "guideScene": 3,
        "guideStyle": "QUEST_GUIDE_STYLE_TARGET",
        "guideLayer": "QUEST_GUIDE_LAYER_SCENE"
      },
      "isRewind": true,
      "finishExec": [
        {
          "param": [],
          "param_str": ""
        }
      ],
      "failExec": [
        {
          "param": [],
          "param_str": ""
        }
      ],
      "beginExec": [
        {
          "param": [],
          "param_str": ""
        }
      ],
      "exclusiveNpcList": [10347],
      "exclusiveNpcPriority": 1100
    },
    {
      "subId": 1111205,
      "mainId": 11112,
      "order": 6,
      "descTextMapHash": 4247734508,
      "acceptCond": [
        {
          "type": "QUEST_COND_STATE_EQUAL",
          "param": [1111204, 3],
          "param_str": ""
        }
      ],
      "finishCond": [
        {
          "type": "QUEST_CONTENT_COMPLETE_TALK",
          "param": [1111205, 0],
          "param_str": ""
        }
      ],
      "failCond": [
        {
          "param": [],
          "param_str": ""
        }
      ],
      "guide": {
        "type": "QUEST_GUIDE_LOCATION",
        "param": ["Q11112_Final_Pos"],
        "guideScene": 3,
        "guideStyle": "QUEST_GUIDE_STYLE_POINT",
        "guideLayer": "QUEST_GUIDE_LAYER_SCENE"
      },
      "isRewind": true,
      "finishExec": [
        {
          "param": [],
          "param_str": ""
        }
      ],
      "failExec": [
        {
          "param": [],
          "param_str": ""
        }
      ],
      "beginExec": [
        {
          "param": [],
          "param_str": ""
        }
      ],
      "exclusiveNpcList": [10346, 10347, 10348],
      "exclusiveNpcPriority": 1100
    },
    {
      "subId": 1111206,
      "mainId": 11112,
      "order": 8,
      "descTextMapHash": 496310924,
      "acceptCond": [
        {
          "type": "QUEST_COND_STATE_EQUAL",
          "param": [1111225, 3],
          "param_str": ""
        }
      ],
      "finishCond": [
        {
          "type": "QUEST_CONTENT_INTERACT_GADGET",
          "param": [70710260, 0],
          "param_str": "",
          "count": 1
        }
      ],
      "failCond": [
        {
          "param": [],
          "param_str": ""
        }
      ],
      "guide": {
        "type": "QUEST_GUIDE_LOCATION",
        "param": ["Q11112_Search_Pos", "20"],
        "guideScene": 3,
        "guideStyle": "QUEST_GUIDE_STYLE_TARGET",
        "guideLayer": "QUEST_GUIDE_LAYER_SCENE"
      },
      "isRewind": true,
      "finishExec": [
        {
          "type": "QUEST_EXEC_ADD_QUEST_PROGRESS",
          "param": ["1111224", "1"],
          "param_str": ""
        }
      ],
      "failExec": [
        {
          "param": [],
          "param_str": ""
        }
      ],
      "beginExec": [
        {
          "type": "QUEST_EXEC_REGISTER_DYNAMIC_GROUP",
          "param": ["3", "133107142"],
          "param_str": ""
        }
      ],
      "exclusiveNpcList": [10346, 10347, 10348, 2006],
      "exclusiveNpcPriority": 1100
    },
    {
      "subId": 1111208,
      "mainId": 11112,
      "order": 12,
      "descTextMapHash": 1047295156,
      "acceptCond": [
        {
          "type": "QUEST_COND_STATE_EQUAL",
          "param": [1111224, 3],
          "param_str": ""
        }
      ],
      "finishCond": [
        {
          "type": "QUEST_CONTENT_COMPLETE_TALK",
          "param": [1111208, 0],
          "param_str": ""
        }
      ],
      "failCond": [
        {
          "param": [],
          "param_str": ""
        }
      ],
      "guide": {
        "type": "QUEST_GUIDE_LOCATION",
        "param": ["Q11112_Final_Pos"],
        "guideScene": 3,
        "guideStyle": "QUEST_GUIDE_STYLE_POINT",
        "guideLayer": "QUEST_GUIDE_LAYER_SCENE"
      },
      "finishParent": true,
      "isRewind": true,
      "finishExec": [
        {
          "type": "QUEST_EXEC_DEL_ALL_SPECIFIC_PACK_ITEM",
          "param": ["100684", "0"],
          "param_str": ""
        }
      ],
      "failExec": [
        {
          "param": [],
          "param_str": ""
        }
      ],
      "beginExec": [
        {
          "param": [],
          "param_str": ""
        }
      ],
      "exclusiveNpcList": [10346, 10347, 10348],
      "exclusiveNpcPriority": 1100
    },
    {
      "subId": 1111209,
      "mainId": 11112,
      "order": 9,
      "descTextMapHash": 2304237276,
      "showType": "QUEST_HIDDEN",
      "acceptCond": [
        {
          "type": "QUEST_COND_STATE_EQUAL",
          "param": [1111225, 3],
          "param_str": ""
        }
      ],
      "finishCond": [
        {
          "type": "QUEST_CONTENT_INTERACT_GADGET",
          "param": [70710259, 0],
          "param_str": "",
          "count": 1
        }
      ],
      "failCond": [
        {
          "type": "QUEST_CONTENT_ADD_QUEST_PROGRESS",
          "param": [1111224, 0],
          "param_str": "",
          "count": 1
        }
      ],
      "guide": {},
      "finishExec": [
        {
          "param": [],
          "param_str": ""
        }
      ],
      "failExec": [
        {
          "param": [],
          "param_str": ""
        }
      ],
      "beginExec": [
        {
          "param": [],
          "param_str": ""
        }
      ],
      "exclusiveNpcList": [10346, 10347, 10348, 2006],
      "exclusiveNpcPriority": 1100
    },
    {
      "subId": 1111222,
      "mainId": 11112,
      "order": 3,
      "isMpBlock": true,
      "descTextMapHash": 2449377836,
      "acceptCond": [
        {
          "type": "QUEST_COND_STATE_EQUAL",
          "param": [1111202, 3],
          "param_str": ""
        }
      ],
      "finishCond": [
        {
          "type": "QUEST_CONTENT_FINISH_ITEM_GIVING",
          "param": [1111202, 0],
          "param_str": ""
        }
      ],
      "failCond": [
        {
          "param": [],
          "param_str": ""
        }
      ],
      "guide": {
        "type": "QUEST_GUIDE_NPC",
        "param": ["10346"],
        "guideScene": 3,
        "guideStyle": "QUEST_GUIDE_STYLE_TARGET",
        "guideLayer": "QUEST_GUIDE_LAYER_SCENE"
      },
      "isRewind": true,
      "finishExec": [
        {
          "param": [],
          "param_str": ""
        }
      ],
      "failExec": [
        {
          "param": [],
          "param_str": ""
        }
      ],
      "beginExec": [
        {
          "type": "QUEST_EXEC_ACTIVE_ITEM_GIVING",
          "param": ["1111202", "0"],
          "param_str": ""
        }
      ],
      "exclusiveNpcList": [10346],
      "exclusiveNpcPriority": 1100
    },
    {
      "subId": 1111223,
      "mainId": 11112,
      "order": 10,
      "descTextMapHash": 702814908,
      "showType": "QUEST_HIDDEN",
      "acceptCond": [
        {
          "type": "QUEST_COND_STATE_EQUAL",
          "param": [1111225, 3],
          "param_str": ""
        }
      ],
      "finishCond": [
        {
          "type": "QUEST_CONTENT_INTERACT_GADGET",
          "param": [70710261, 0],
          "param_str": "",
          "count": 1
        }
      ],
      "failCond": [
        {
          "type": "QUEST_CONTENT_ADD_QUEST_PROGRESS",
          "param": [1111224, 0],
          "param_str": "",
          "count": 1
        }
      ],
      "guide": {},
      "finishExec": [
        {
          "param": [],
          "param_str": ""
        }
      ],
      "failExec": [
        {
          "param": [],
          "param_str": ""
        }
      ],
      "beginExec": [
        {
          "param": [],
          "param_str": ""
        }
      ],
      "exclusiveNpcList": [10346, 10347, 10348, 2006],
      "exclusiveNpcPriority": 1100
    },
    {
      "subId": 1111224,
      "mainId": 11112,
      "order": 11,
      "descTextMapHash": 2241220052,
      "showType": "QUEST_HIDDEN",
      "acceptCond": [
        {
          "type": "QUEST_COND_STATE_EQUAL",
          "param": [1111225, 3],
          "param_str": ""
        }
      ],
      "finishCond": [
        {
          "type": "QUEST_CONTENT_ADD_QUEST_PROGRESS",
          "param": [1111224, 0],
          "param_str": "",
          "count": 1
        }
      ],
      "failCond": [
        {
          "param": [],
          "param_str": ""
        }
      ],
      "guide": {
        "type": "QUEST_GUIDE_LOCATION",
        "param": ["Q11112_Search_Pos", "20"],
        "guideScene": 3,
        "guideStyle": "QUEST_GUIDE_STYLE_TARGET",
        "guideLayer": "QUEST_GUIDE_LAYER_SCENE"
      },
      "finishExec": [
        {
          "type": "QUEST_EXEC_UNREGISTER_DYNAMIC_GROUP",
          "param": ["133107142", "0"],
          "param_str": ""
        }
      ],
      "failExec": [
        {
          "param": [],
          "param_str": ""
        }
      ],
      "beginExec": [
        {
          "param": [],
          "param_str": ""
        }
      ],
      "exclusiveNpcList": [10346, 10347, 10348, 2006],
      "exclusiveNpcPriority": 1100
    },
    {
      "subId": 1111225,
      "mainId": 11112,
      "order": 7,
      "descTextMapHash": 1127721092,
      "acceptCond": [
        {
          "type": "QUEST_COND_STATE_EQUAL",
          "param": [1111205, 3],
          "param_str": ""
        }
      ],
      "finishCond": [
        {
          "type": "QUEST_CONTENT_COMPLETE_TALK",
          "param": [1111225, 0],
          "param_str": ""
        }
      ],
      "failCond": [
        {
          "param": [],
          "param_str": ""
        }
      ],
      "guide": {
        "type": "QUEST_GUIDE_NPC",
        "param": ["2006"],
        "guideScene": 3,
        "guideStyle": "QUEST_GUIDE_STYLE_TARGET",
        "guideLayer": "QUEST_GUIDE_LAYER_SCENE"
      },
      "isRewind": true,
      "finishExec": [
        {
          "param": [],
          "param_str": ""
        }
      ],
      "failExec": [
        {
          "param": [],
          "param_str": ""
        }
      ],
      "beginExec": [
        {
          "param": [],
          "param_str": ""
        }
      ],
      "exclusiveNpcList": [10346, 10347, 10348, 2006],
      "exclusiveNpcPriority": 1100
    }
  ],
  "talks": [
    {
      "id": 1111201,
      "beginWay": "TALK_BEGIN_AUTO",
      "activeMode": "PLAY_MODE_SINGLE",
      "beginCond": [
        {
          "type": "QUEST_COND_STATE_EQUAL",
          "param": ["1111201", "2"],
          "param_str": ""
        }
      ],
      "priority": 5,
      "initDialog": 111120101,
      "npcId": [10366],
      "performCfg": "QuestDialogue/LQ/Hutao1_11112/Q1111201",
      "heroTalk": "TALK_HERO_MAIN",
      "questId": 11112,
      "prePerformCfg": ""
    },
    {
      "id": 1111202,
      "beginWay": "TALK_BEGIN_MANUAL",
      "activeMode": "PLAY_MODE_SINGLE",
      "beginCondComb": "LOGIC_AND",
      "beginCond": [
        {
          "type": "QUEST_COND_STATE_EQUAL",
          "param": ["1111202", "2"],
          "param_str": ""
        }
      ],
      "priority": 5,
      "initDialog": 111120201,
      "npcId": [10346],
      "performCfg": "QuestDialogue/LQ/Hutao1_11112/Q1111202",
      "heroTalk": "TALK_HERO_MAIN",
      "questId": 11112,
      "prePerformCfg": ""
    },
    {
      "id": 1111203,
      "beginWay": "TALK_BEGIN_AUTO",
      "activeMode": "PLAY_MODE_SINGLE",
      "beginCond": [
        {
          "type": "QUEST_COND_STATE_EQUAL",
          "param": ["1111203", "2"],
          "param_str": ""
        }
      ],
      "priority": 5,
      "initDialog": 111120301,
      "npcId": [10346],
      "performCfg": "QuestDialogue/LQ/Hutao1_11112/Q1111203",
      "heroTalk": "TALK_HERO_MAIN",
      "questId": 11112,
      "prePerformCfg": ""
    },
    {
      "id": 1111204,
      "beginWay": "TALK_BEGIN_MANUAL",
      "activeMode": "PLAY_MODE_SINGLE",
      "beginCond": [
        {
          "type": "QUEST_COND_STATE_EQUAL",
          "param": ["1111204", "2"],
          "param_str": ""
        }
      ],
      "priority": 5,
      "initDialog": 111120401,
      "npcId": [10347],
      "performCfg": "QuestDialogue/LQ/Hutao1_11112/Q1111204",
      "heroTalk": "TALK_HERO_MAIN",
      "questId": 11112,
      "prePerformCfg": ""
    },
    {
      "id": 1111205,
      "beginWay": "TALK_BEGIN_AUTO",
      "activeMode": "PLAY_MODE_SINGLE",
      "beginCond": [
        {
          "type": "QUEST_COND_STATE_EQUAL",
          "param": ["1111205", "2"],
          "param_str": ""
        }
      ],
      "priority": 5,
      "initDialog": 111120501,
      "npcId": [10348],
      "performCfg": "QuestDialogue/LQ/Hutao1_11112/Q1111205",
      "heroTalk": "TALK_HERO_MAIN",
      "questId": 11112,
      "prePerformCfg": ""
    },
    {
      "id": 1111208,
      "beginWay": "TALK_BEGIN_AUTO",
      "activeMode": "PLAY_MODE_SINGLE",
      "beginCond": [
        {
          "type": "QUEST_COND_STATE_EQUAL",
          "param": ["1111208", "2"],
          "param_str": ""
        }
      ],
      "priority": 5,
      "initDialog": 111120801,
      "npcId": [10348],
      "performCfg": "QuestDialogue/LQ/Hutao1_11112/Q1111208",
      "heroTalk": "TALK_HERO_MAIN",
      "questId": 11112,
      "prePerformCfg": ""
    },
    {
      "id": 1111222,
      "beginWay": "TALK_BEGIN_MANUAL",
      "activeMode": "PLAY_MODE_SINGLE",
      "beginCondComb": "LOGIC_AND",
      "beginCond": [
        {
          "type": "QUEST_COND_ITEM_GIVING_ACTIVED",
          "param": ["1111202", "0"],
          "param_str": ""
        },
        {
          "type": "QUEST_COND_STATE_EQUAL",
          "param": ["1111222", "2"],
          "param_str": ""
        }
      ],
      "priority": 5,
      "initDialog": 111122201,
      "npcId": [10346],
      "performCfg": "QuestDialogue/LQ/Hutao1_11112/Q1111222",
      "heroTalk": "TALK_HERO_MAIN",
      "questId": 11112,
      "prePerformCfg": ""
    },
    {
      "id": 1111223,
      "beginWay": "TALK_BEGIN_MANUAL",
      "activeMode": "PLAY_MODE_SINGLE",
      "beginCondComb": "LOGIC_OR",
      "beginCond": [
        {
          "type": "QUEST_COND_STATE_EQUAL",
          "param": ["1111225", "2"],
          "param_str": ""
        },
        {
          "type": "QUEST_COND_STATE_EQUAL",
          "param": ["1111206", "2"],
          "param_str": ""
        },
        {
          "type": "QUEST_COND_STATE_EQUAL",
          "param": ["1111209", "2"],
          "param_str": ""
        },
        {
          "type": "QUEST_COND_STATE_EQUAL",
          "param": ["1111223", "2"],
          "param_str": ""
        },
        {
          "type": "QUEST_COND_STATE_EQUAL",
          "param": ["1111224", "2"],
          "param_str": ""
        }
      ],
      "priority": 5,
      "initDialog": 111122301,
      "npcId": [10346, 10347, 10348],
      "performCfg": "QuestDialogue/LQ/Hutao1_11112/Q1111223",
      "heroTalk": "TALK_HERO_MAIN",
      "questId": 11112,
      "prePerformCfg": ""
    },
    {
      "id": 1111225,
      "beginWay": "TALK_BEGIN_MANUAL",
      "activeMode": "PLAY_MODE_SINGLE",
      "beginCondComb": "LOGIC_AND",
      "beginCond": [
        {
          "type": "QUEST_COND_STATE_EQUAL",
          "param": ["1111225", "2"],
          "param_str": ""
        }
      ],
      "priority": 5,
      "initDialog": 111122501,
      "npcId": [2006],
      "performCfg": "QuestDialogue/LQ/Hutao1_11112/Q1111225",
      "heroTalk": "TALK_HERO_MAIN",
      "questId": 11112,
      "prePerformCfg": ""
    },
    {
      "id": 1111226,
      "beginWay": "TALK_BEGIN_MANUAL",
      "activeMode": "PLAY_MODE_SINGLE",
      "beginCondComb": "LOGIC_OR",
      "beginCond": [
        {
          "type": "QUEST_COND_STATE_EQUAL",
          "param": ["1111206", "2"],
          "param_str": ""
        },
        {
          "type": "QUEST_COND_STATE_EQUAL",
          "param": ["1111209", "2"],
          "param_str": ""
        },
        {
          "type": "QUEST_COND_STATE_EQUAL",
          "param": ["1111223", "2"],
          "param_str": ""
        },
        {
          "type": "QUEST_COND_STATE_EQUAL",
          "param": ["1111224", "2"],
          "param_str": ""
        }
      ],
      "priority": 5,
      "initDialog": 111122503,
      "npcId": [2006],
      "performCfg": "QuestDialogue/LQ/Hutao1_11112/Q1111226",
      "heroTalk": "TALK_HERO_MAIN",
      "questId": 11112,
      "prePerformCfg": ""
    }
  ]
}
