{
  "id": 11122,
  "type": "LQ",
  "series": 1112,
  "titleTextMapHash": 3766367927,
  "descTextMapHash": 1913457918,
  "luaPath": "Actor/Quest/LQ11122",
  "suggestTrackMainQuestList": [11123],
  "rewardIdList": [111122],
  "chapterId": 2020,
  "subQuests": [
    {
      "subId": 1112201,
      "mainId": 11122,
      "order": 1,
      "descTextMapHash": 1842245588,
      "acceptCond": [
        {
          "type": "QUEST_COND_STATE_EQUAL",
          "param": [1112108, 3],
          "param_str": ""
        }
      ],
      "finishCond": [
        {
          "type": "QUEST_CONTENT_COMPLETE_TALK",
          "param": [1112201, 0],
          "param_str": ""
        }
      ],
      "failCond": [
        {
          "param": [],
          "param_str": ""
        }
      ],
      "guide": {
        "type": "QUEST_GUIDE_LOCATION",
        "param": ["Q11122_Look_Pos"],
        "guideScene": 3,
        "guideStyle": "QUEST_GUIDE_STYLE_POINT",
        "guideLayer": "QUEST_GUIDE_LAYER_SCENE"
      },
      "isRewind": true,
      "finishExec": [
        {
          "type": "QUEST_EXEC_UNREGISTER_DYNAMIC_GROUP",
          "param": ["133106913", "0"],
          "param_str": ""
        }
      ],
      "failExec": [
        {
          "param": [],
          "param_str": ""
        }
      ],
      "beginExec": [
        {
          "type": "QUEST_EXEC_REGISTER_DYNAMIC_GROUP",
          "param": ["3", "133106408"],
          "param_str": ""
        },
        {
          "type": "QUEST_EXEC_REGISTER_DYNAMIC_GROUP",
          "param": ["3", "133106910"],
          "param_str": ""
        },
        {
          "type": "QUEST_EXEC_REGISTER_DYNAMIC_GROUP",
          "param": ["3", "133106913"],
          "param_str": ""
        }
      ],
      "exclusiveNpcList": [10232, 1628, 10408, 10424],
      "exclusiveNpcPriority": 1100
    },
    {
      "subId": 1112202,
      "mainId": 11122,
      "order": 2,
      "descTextMapHash": 3319825692,
      "acceptCond": [
        {
          "type": "QUEST_COND_STATE_EQUAL",
          "param": [1112201, 3],
          "param_str": ""
        }
      ],
      "finishCond": [
        {
          "type": "QUEST_CONTENT_COMPLETE_TALK",
          "param": [1112202, 0],
          "param_str": ""
        }
      ],
      "failCond": [
        {
          "param": [],
          "param_str": ""
        }
      ],
      "guide": {
        "type": "QUEST_GUIDE_LOCATION",
        "param": ["Q11122_Search_1_Pos", "20"],
        "guideScene": 3,
        "guideStyle": "QUEST_GUIDE_STYLE_TARGET",
        "guideLayer": "QUEST_GUIDE_LAYER_SCENE"
      },
      "isRewind": true,
      "finishExec": [
        {
          "type": "QUEST_EXEC_UNREGISTER_DYNAMIC_GROUP",
          "param": ["133106408", "0"],
          "param_str": ""
        }
      ],
      "failExec": [
        {
          "param": [],
          "param_str": ""
        }
      ],
      "beginExec": [
        {
          "type": "QUEST_EXEC_REGISTER_DYNAMIC_GROUP",
          "param": ["3", "133106408"],
          "param_str": ""
        },
        {
          "type": "QUEST_EXEC_REGISTER_DYNAMIC_GROUP",
          "param": ["3", "133106910"],
          "param_str": ""
        },
        {
          "type": "QUEST_EXEC_REGISTER_DYNAMIC_GROUP",
          "param": ["3", "133106911"],
          "param_str": ""
        }
      ],
      "exclusiveNpcList": [10232, 10376, 10408],
      "exclusiveNpcPriority": 1100
    },
    {
      "subId": 1112203,
      "mainId": 11122,
      "order": 3,
      "descTextMapHash": 3689700492,
      "acceptCond": [
        {
          "type": "QUEST_COND_STATE_EQUAL",
          "param": [1112202, 3],
          "param_str": ""
        }
      ],
      "finishCond": [
        {
          "type": "QUEST_CONTENT_FINISH_PLOT",
          "param": [1112203, 0],
          "param_str": ""
        }
      ],
      "failCond": [
        {
          "param": [],
          "param_str": ""
        }
      ],
      "guide": {
        "type": "QUEST_GUIDE_LOCATION",
        "param": ["Q11122_Search_2_Pos", "SELECT_NPC_NONE"],
        "guideScene": 3,
        "guideStyle": "QUEST_GUIDE_STYLE_POINT",
        "guideLayer": "QUEST_GUIDE_LAYER_SCENE"
      },
      "isRewind": true,
      "finishExec": [
        {
          "param": [],
          "param_str": ""
        }
      ],
      "failExec": [
        {
          "param": [],
          "param_str": ""
        }
      ],
      "beginExec": [
        {
          "type": "QUEST_EXEC_REGISTER_DYNAMIC_GROUP",
          "param": ["3", "133106910"],
          "param_str": ""
        },
        {
          "type": "QUEST_EXEC_REGISTER_DYNAMIC_GROUP",
          "param": ["3", "133106911"],
          "param_str": ""
        }
      ]
    },
    {
      "subId": 1112204,
      "mainId": 11122,
      "order": 6,
      "subIdSet": 1,
      "descTextMapHash": 1896974420,
      "acceptCond": [
        {
          "type": "QUEST_COND_STATE_EQUAL",
          "param": [1112203, 3],
          "param_str": ""
        }
      ],
      "finishCond": [
        {
          "type": "QUEST_CONTENT_COMPLETE_TALK",
          "param": [1112204, 0],
          "param_str": ""
        }
      ],
      "failCond": [
        {
          "param": [],
          "param_str": ""
        }
      ],
      "guide": {
        "type": "QUEST_GUIDE_LOCATION",
        "param": ["Q11122_Villager3_Pos", "25"],
        "guideScene": 3,
        "guideStyle": "QUEST_GUIDE_STYLE_TARGET",
        "guideLayer": "QUEST_GUIDE_LAYER_SCENE"
      },
      "isRewind": true,
      "finishExec": [
        {
          "type": "QUEST_EXEC_UNREGISTER_DYNAMIC_GROUP",
          "param": ["133106910", "0"],
          "param_str": ""
        }
      ],
      "failExec": [
        {
          "param": [],
          "param_str": ""
        }
      ],
      "beginExec": [
        {
          "type": "QUEST_EXEC_REGISTER_DYNAMIC_GROUP",
          "param": ["3", "133106910"],
          "param_str": ""
        },
        {
          "type": "QUEST_EXEC_REGISTER_DYNAMIC_GROUP",
          "param": ["3", "133106911"],
          "param_str": ""
        }
      ],
      "exclusiveNpcList": [10232, 10376, 10379, 10380, 10381],
      "exclusiveNpcPriority": 1100
    },
    {
      "subId": 1112205,
      "mainId": 11122,
      "order": 7,
      "descTextMapHash": 3147494684,
      "acceptCond": [
        {
          "type": "QUEST_COND_STATE_EQUAL",
          "param": [1112204, 3],
          "param_str": ""
        }
      ],
      "finishCond": [
        {
          "type": "QUEST_CONTENT_FINISH_PLOT",
          "param": [1112205, 0],
          "param_str": ""
        }
      ],
      "failCond": [
        {
          "param": [],
          "param_str": ""
        }
      ],
      "guide": {
        "type": "QUEST_GUIDE_LOCATION",
        "param": ["Q11122_Search_3_Pos", "30"],
        "guideScene": 3,
        "guideStyle": "QUEST_GUIDE_STYLE_TARGET",
        "guideLayer": "QUEST_GUIDE_LAYER_SCENE"
      },
      "isRewind": true,
      "finishExec": [
        {
          "param": [],
          "param_str": ""
        }
      ],
      "failExec": [
        {
          "param": [],
          "param_str": ""
        }
      ],
      "beginExec": [
        {
          "type": "QUEST_EXEC_REGISTER_DYNAMIC_GROUP",
          "param": ["3", "133106911"],
          "param_str": ""
        }
      ],
      "exclusiveNpcList": [10379, 10380, 10381],
      "exclusiveNpcPriority": 1100
    },
    {
      "subId": 1112206,
      "mainId": 11122,
      "order": 8,
      "descTextMapHash": 2469483484,
      "acceptCond": [
        {
          "type": "QUEST_COND_STATE_EQUAL",
          "param": [1112205, 3],
          "param_str": ""
        }
      ],
      "finishCond": [
        {
          "type": "QUEST_CONTENT_LUA_NOTIFY",
          "param": [0, 0],
          "param_str": "133103921",
          "count": 1
        }
      ],
      "failCond": [
        {
          "param": [],
          "param_str": ""
        }
      ],
      "guide": {
        "type": "QUEST_GUIDE_LOCATION",
        "param": ["Q11122_NPC_Search_Fin_Pos", "30"],
        "guideScene": 3,
        "guideStyle": "QUEST_GUIDE_STYLE_TARGET",
        "guideLayer": "QUEST_GUIDE_LAYER_SCENE"
      },
      "finishExec": [
        {
          "type": "QUEST_EXEC_UNREGISTER_DYNAMIC_GROUP",
          "param": ["133106911", "0"],
          "param_str": ""
        }
      ],
      "failExec": [
        {
          "param": [],
          "param_str": ""
        }
      ],
      "beginExec": [
        {
          "type": "QUEST_EXEC_REGISTER_DYNAMIC_GROUP",
          "param": ["3", "133103921"],
          "param_str": ""
        },
        {
          "type": "QUEST_EXEC_REGISTER_DYNAMIC_GROUP",
          "param": ["3", "133106911"],
          "param_str": ""
        }
      ],
      "exclusiveNpcList": [10232, 10376, 10395],
      "exclusiveNpcPriority": 1100
    },
    {
      "subId": 1112207,
      "mainId": 11122,
      "order": 9,
      "descTextMapHash": 2014266148,
      "acceptCond": [
        {
          "type": "QUEST_COND_STATE_EQUAL",
          "param": [1112206, 3],
          "param_str": ""
        }
      ],
      "finishCond": [
        {
          "type": "QUEST_CONTENT_COMPLETE_TALK",
          "param": [1112207, 0],
          "param_str": ""
        }
      ],
      "failCond": [
        {
          "param": [],
          "param_str": ""
        }
      ],
      "guide": {
        "type": "QUEST_GUIDE_NPC",
        "param": ["10395", "SELECT_NPC_NONE"],
        "guideScene": 3,
        "guideStyle": "QUEST_GUIDE_STYLE_TARGET",
        "guideLayer": "QUEST_GUIDE_LAYER_SCENE"
      },
      "isRewind": true,
      "finishExec": [
        {
          "type": "QUEST_EXEC_UNREGISTER_DYNAMIC_GROUP",
          "param": ["133103921", "0"],
          "param_str": ""
        }
      ],
      "failExec": [
        {
          "param": [],
          "param_str": ""
        }
      ],
      "beginExec": [
        {
          "type": "QUEST_EXEC_REGISTER_DYNAMIC_GROUP",
          "param": ["3", "133103924"],
          "param_str": ""
        }
      ],
      "exclusiveNpcList": [10232, 10376, 10395],
      "exclusiveNpcPriority": 1100
    },
    {
      "subId": 1112208,
      "mainId": 11122,
      "order": 11,
      "descTextMapHash": 3386795284,
      "acceptCond": [
        {
          "type": "QUEST_COND_STATE_EQUAL",
          "param": [1112207, 3],
          "param_str": ""
        }
      ],
      "finishCond": [
        {
          "type": "QUEST_CONTENT_COMPLETE_TALK",
          "param": [1112208, 0],
          "param_str": ""
        }
      ],
      "failCond": [
        {
          "param": [],
          "param_str": ""
        }
      ],
      "guide": {
        "type": "QUEST_GUIDE_LOCATION",
        "param": ["Q11122_Miner_Pos", "40"],
        "guideScene": 3,
        "guideStyle": "QUEST_GUIDE_STYLE_TARGET",
        "guideLayer": "QUEST_GUIDE_LAYER_SCENE"
      },
      "isRewind": true,
      "finishExec": [
        {
          "param": [],
          "param_str": ""
        }
      ],
      "failExec": [
        {
          "param": [],
          "param_str": ""
        }
      ],
      "beginExec": [
        {
          "type": "QUEST_EXEC_REGISTER_DYNAMIC_GROUP",
          "param": ["3", "133103923"],
          "param_str": ""
        }
      ],
      "exclusiveNpcList": [10382, 10424, 10232, 10376],
      "exclusiveNpcPriority": 1100
    },
    {
      "subId": 1112209,
      "mainId": 11122,
      "order": 12,
      "descTextMapHash": 3672939068,
      "acceptCond": [
        {
          "type": "QUEST_COND_STATE_EQUAL",
          "param": [1112208, 3],
          "param_str": ""
        }
      ],
      "finishCond": [
        {
          "type": "QUEST_CONTENT_COMPLETE_TALK",
          "param": [1112209, 0],
          "param_str": ""
        }
      ],
      "failCond": [
        {
          "param": [],
          "param_str": ""
        }
      ],
      "guide": {
        "type": "QUEST_GUIDE_LOCATION",
        "param": ["Q11122_Campsite_Pos", "SELECT_NPC_NONE"],
        "guideScene": 3,
        "guideStyle": "QUEST_GUIDE_STYLE_POINT",
        "guideLayer": "QUEST_GUIDE_LAYER_SCENE"
      },
      "finishParent": true,
      "isRewind": true,
      "finishExec": [
        {
          "param": [],
          "param_str": ""
        }
      ],
      "failExec": [
        {
          "param": [],
          "param_str": ""
        }
      ],
      "beginExec": [
        {
          "type": "QUEST_EXEC_REGISTER_DYNAMIC_GROUP",
          "param": ["3", "133103923"],
          "param_str": ""
        }
      ],
      "exclusiveNpcList": [10232, 10376, 10382, 10408],
      "exclusiveNpcPriority": 1100
    },
    {
      "subId": 1112210,
      "mainId": 11122,
      "order": 4,
      "subIdSet": 1,
      "descTextMapHash": 857707804,
      "acceptCond": [
        {
          "type": "QUEST_COND_STATE_EQUAL",
          "param": [1112203, 3],
          "param_str": ""
        }
      ],
      "finishCondComb": "LOGIC_OR",
      "finishCond": [
        {
          "type": "QUEST_CONTENT_COMPLETE_TALK",
          "param": [1112204, 0],
          "param_str": ""
        },
        {
          "type": "QUEST_CONTENT_COMPLETE_TALK",
          "param": [1112241, 0],
          "param_str": ""
        }
      ],
      "failCond": [
        {
          "param": [],
          "param_str": ""
        }
      ],
      "guide": {
        "type": "QUEST_GUIDE_LOCATION",
        "param": ["Q11122_Villager1_Pos", "25"],
        "guideScene": 3,
        "guideStyle": "QUEST_GUIDE_STYLE_TARGET",
        "guideLayer": "QUEST_GUIDE_LAYER_SCENE"
      },
      "isRewind": true,
      "finishExec": [
        {
          "type": "QUEST_EXEC_UNREGISTER_DYNAMIC_GROUP",
          "param": ["133106910", "0"],
          "param_str": ""
        }
      ],
      "failExec": [
        {
          "param": [],
          "param_str": ""
        }
      ],
      "beginExec": [
        {
          "type": "QUEST_EXEC_REGISTER_DYNAMIC_GROUP",
          "param": ["3", "133106910"],
          "param_str": ""
        },
        {
          "type": "QUEST_EXEC_REGISTER_DYNAMIC_GROUP",
          "param": ["3", "133106911"],
          "param_str": ""
        }
      ],
      "exclusiveNpcList": [10379, 10380, 10381, 10232, 10376],
      "exclusiveNpcPriority": 1100
    },
    {
      "subId": 1112211,
      "mainId": 11122,
      "order": 5,
      "subIdSet": 1,
      "descTextMapHash": 2207739220,
      "acceptCond": [
        {
          "type": "QUEST_COND_STATE_EQUAL",
          "param": [1112203, 3],
          "param_str": ""
        }
      ],
      "finishCondComb": "LOGIC_OR",
      "finishCond": [
        {
          "type": "QUEST_CONTENT_COMPLETE_TALK",
          "param": [1112204, 0],
          "param_str": ""
        },
        {
          "type": "QUEST_CONTENT_COMPLETE_TALK",
          "param": [1112242, 0],
          "param_str": ""
        }
      ],
      "failCond": [
        {
          "param": [],
          "param_str": ""
        }
      ],
      "guide": {
        "type": "QUEST_GUIDE_LOCATION",
        "param": ["Q11122_Villager2_Pos", "25"],
        "guideScene": 3,
        "guideStyle": "QUEST_GUIDE_STYLE_TARGET",
        "guideLayer": "QUEST_GUIDE_LAYER_SCENE"
      },
      "isRewind": true,
      "finishExec": [
        {
          "type": "QUEST_EXEC_UNREGISTER_DYNAMIC_GROUP",
          "param": ["133106910", "0"],
          "param_str": ""
        }
      ],
      "failExec": [
        {
          "param": [],
          "param_str": ""
        }
      ],
      "beginExec": [
        {
          "type": "QUEST_EXEC_REGISTER_DYNAMIC_GROUP",
          "param": ["3", "133106910"],
          "param_str": ""
        },
        {
          "type": "QUEST_EXEC_REGISTER_DYNAMIC_GROUP",
          "param": ["3", "133106911"],
          "param_str": ""
        }
      ],
      "exclusiveNpcList": [10379, 10380, 10381, 10232, 10376],
      "exclusiveNpcPriority": 1100
    },
    {
      "subId": 1112212,
      "mainId": 11122,
      "order": 10,
      "descTextMapHash": 3394260044,
      "showType": "QUEST_HIDDEN",
      "acceptCond": [
        {
          "type": "QUEST_COND_STATE_EQUAL",
          "param": [1112207, 3],
          "param_str": ""
        }
      ],
      "finishCond": [
        {
          "type": "QUEST_CONTENT_FINISH_PLOT",
          "param": [1112212, 0],
          "param_str": ""
        }
      ],
      "failCond": [
        {
          "param": [],
          "param_str": ""
        }
      ],
      "guide": {
        "type": "QUEST_GUIDE_LOCATION",
        "param": ["Q11122_Miner_Pos", "30"],
        "guideScene": 3,
        "guideStyle": "QUEST_GUIDE_STYLE_TARGET",
        "guideLayer": "QUEST_GUIDE_LAYER_SCENE"
      },
      "isRewind": true,
      "finishExec": [
        {
          "type": "QUEST_EXEC_UNREGISTER_DYNAMIC_GROUP",
          "param": ["133103924", "0"],
          "param_str": ""
        }
      ],
      "failExec": [
        {
          "param": [],
          "param_str": ""
        }
      ],
      "beginExec": [
        {
          "type": "QUEST_EXEC_REGISTER_DYNAMIC_GROUP",
          "param": ["3", "133103924"],
          "param_str": ""
        }
      ],
      "exclusiveNpcList": [10382, 10424],
      "exclusiveNpcPriority": 1100
    }
  ],
  "talks": [
    {
      "id": 1112201,
      "beginWay": "TALK_BEGIN_AUTO",
      "activeMode": "PLAY_MODE_SINGLE",
      "beginCond": [
        {
          "type": "QUEST_COND_STATE_EQUAL",
          "param": ["1112201", "2"],
          "param_str": ""
        }
      ],
      "priority": 5,
      "initDialog": 111229901,
      "npcId": [10408],
      "performCfg": "QuestDialogue/LQ/Zhongli2_11122/Q1112201",
      "heroTalk": "TALK_HERO_MAIN",
      "questId": 11122,
      "prePerformCfg": ""
    },
    {
      "id": 1112202,
      "beginWay": "TALK_BEGIN_AUTO",
      "activeMode": "PLAY_MODE_SINGLE",
      "beginCond": [
        {
          "type": "QUEST_COND_STATE_EQUAL",
          "param": ["1112202", "2"],
          "param_str": ""
        }
      ],
      "priority": 5,
      "initDialog": 111220201,
      "npcId": [10408],
      "performCfg": "QuestDialogue/LQ/Zhongli2_11122/Q1112202",
      "heroTalk": "TALK_HERO_MAIN",
      "questId": 11122,
      "prePerformCfg": ""
    },
    {
      "id": 1112204,
      "beginWay": "TALK_BEGIN_MANUAL",
      "activeMode": "PLAY_MODE_SINGLE",
      "beginCond": [
        {
          "type": "QUEST_COND_STATE_EQUAL",
          "param": ["1112204", "2"],
          "param_str": ""
        }
      ],
      "priority": 5,
      "initDialog": 111220401,
      "npcId": [10381],
      "performCfg": "QuestDialogue/LQ/Zhongli2_11122/Q1112204",
      "heroTalk": "TALK_HERO_MAIN",
      "questId": 11122,
      "prePerformCfg": ""
    },
    {
      "id": 1112207,
      "beginWay": "TALK_BEGIN_MANUAL",
      "activeMode": "PLAY_MODE_SINGLE",
      "beginCond": [
        {
          "type": "QUEST_COND_STATE_EQUAL",
          "param": ["1112207", "2"],
          "param_str": ""
        }
      ],
      "priority": 5,
      "initDialog": 111220701,
      "npcId": [10395],
      "performCfg": "QuestDialogue/LQ/Zhongli2_11122/Q1112207",
      "heroTalk": "TALK_HERO_MAIN",
      "questId": 11122,
      "prePerformCfg": ""
    },
    {
      "id": 1112208,
      "beginWay": "TALK_BEGIN_AUTO",
      "activeMode": "PLAY_MODE_SINGLE",
      "beginCond": [
        {
          "type": "QUEST_COND_STATE_EQUAL",
          "param": ["1112208", "2"],
          "param_str": ""
        }
      ],
      "priority": 5,
      "initDialog": 111220802,
      "npcId": [10382],
      "performCfg": "QuestDialogue/LQ/Zhongli2_11122/Q1112208",
      "heroTalk": "TALK_HERO_MAIN",
      "questId": 11122,
      "prePerformCfg": ""
    },
    {
      "id": 1112209,
      "beginWay": "TALK_BEGIN_AUTO",
      "activeMode": "PLAY_MODE_SINGLE",
      "beginCond": [
        {
          "type": "QUEST_COND_STATE_EQUAL",
          "param": ["1112209", "2"],
          "param_str": ""
        }
      ],
      "priority": 5,
      "initDialog": 111220901,
      "npcId": [10408],
      "performCfg": "QuestDialogue/LQ/Zhongli2_11122/Q1112209",
      "heroTalk": "TALK_HERO_MAIN",
      "questId": 11122,
      "prePerformCfg": ""
    },
    {
      "id": 1112210,
      "beginWay": "TALK_BEGIN_MANUAL",
      "activeMode": "PLAY_MODE_SINGLE",
      "beginCondComb": "LOGIC_OR",
      "beginCond": [
        {
          "type": "QUEST_COND_STATE_EQUAL",
          "param": ["11122012", "2"],
          "param_str": ""
        },
        {
          "type": "QUEST_COND_STATE_EQUAL",
          "param": ["1112208", "2"],
          "param_str": ""
        }
      ],
      "priority": 5,
      "initDialog": 111221001,
      "npcId": [10424],
      "performCfg": "QuestDialogue/LQ/Zhongli2_11122/Q1112210",
      "heroTalk": "TALK_HERO_MAIN",
      "questId": 11122,
      "prePerformCfg": ""
    },
    {
      "id": 1112211,
      "beginWay": "TALK_BEGIN_MANUAL",
      "activeMode": "PLAY_MODE_SINGLE",
      "beginCond": [
        {
          "type": "QUEST_COND_STATE_EQUAL",
          "param": ["1112201", "2"],
          "param_str": ""
        }
      ],
      "priority": 5,
      "initDialog": 111211001,
      "npcId": [10424],
      "performCfg": "QuestDialogue/LQ/Zhongli2_11121/Q1112110",
      "heroTalk": "TALK_HERO_MAIN",
      "questId": 11122,
      "prePerformCfg": ""
    },
    {
      "id": 1112241,
      "beginWay": "TALK_BEGIN_MANUAL",
      "activeMode": "PLAY_MODE_SINGLE",
      "beginCond": [
        {
          "type": "QUEST_COND_STATE_EQUAL",
          "param": ["1112210", "2"],
          "param_str": ""
        }
      ],
      "priority": 5,
      "initDialog": 111224101,
      "npcId": [10379],
      "performCfg": "QuestDialogue/LQ/Zhongli2_11122/Q1112241",
      "heroTalk": "TALK_HERO_MAIN",
      "questId": 11122,
      "prePerformCfg": ""
    },
    {
      "id": 1112242,
      "beginWay": "TALK_BEGIN_MANUAL",
      "activeMode": "PLAY_MODE_SINGLE",
      "beginCond": [
        {
          "type": "QUEST_COND_STATE_EQUAL",
          "param": ["1112211", "2"],
          "param_str": ""
        }
      ],
      "priority": 5,
      "initDialog": 111224201,
      "npcId": [10380],
      "performCfg": "QuestDialogue/LQ/Zhongli2_11122/Q1112242",
      "heroTalk": "TALK_HERO_MAIN",
      "questId": 11122,
      "prePerformCfg": ""
    },
    {
      "id": 1112251,
      "beginWay": "TALK_BEGIN_MANUAL",
      "activeMode": "PLAY_MODE_SINGLE",
      "beginCondComb": "LOGIC_A_AND_ETCOR",
      "beginCond": [
        {
          "type": "QUEST_COND_STATE_EQUAL",
          "param": ["1112210", "3"],
          "param_str": ""
        },
        {
          "type": "QUEST_COND_STATE_EQUAL",
          "param": ["1112204", "2"],
          "param_str": ""
        },
        {
          "type": "QUEST_COND_STATE_EQUAL",
          "param": ["1112205", "2"],
          "param_str": ""
        },
        {
          "type": "QUEST_COND_STATE_EQUAL",
          "param": ["1112211", "2"],
          "param_str": ""
        }
      ],
      "priority": 5,
      "initDialog": 111225101,
      "npcId": [10379],
      "performCfg": "QuestDialogue/LQ/Zhongli2_11122/Q1112251",
      "heroTalk": "TALK_HERO_MAIN",
      "questId": 11122,
      "prePerformCfg": ""
    },
    {
      "id": 1112252,
      "beginWay": "TALK_BEGIN_MANUAL",
      "activeMode": "PLAY_MODE_SINGLE",
      "beginCondComb": "LOGIC_A_AND_ETCOR",
      "beginCond": [
        {
          "type": "QUEST_COND_STATE_EQUAL",
          "param": ["1112211", "3"],
          "param_str": ""
        },
        {
          "type": "QUEST_COND_STATE_EQUAL",
          "param": ["1112210", "2"],
          "param_str": ""
        },
        {
          "type": "QUEST_COND_STATE_EQUAL",
          "param": ["1112204", "2"],
          "param_str": ""
        },
        {
          "type": "QUEST_COND_STATE_EQUAL",
          "param": ["1112205", "2"],
          "param_str": ""
        }
      ],
      "priority": 5,
      "initDialog": 111225201,
      "npcId": [10380],
      "performCfg": "QuestDialogue/LQ/Zhongli2_11122/Q1112252",
      "heroTalk": "TALK_HERO_MAIN",
      "questId": 11122,
      "prePerformCfg": ""
    },
    {
      "id": 1112253,
      "beginWay": "TALK_BEGIN_MANUAL",
      "activeMode": "PLAY_MODE_SINGLE",
      "beginCond": [
        {
          "type": "QUEST_COND_STATE_EQUAL",
          "param": ["1112205", "2"],
          "param_str": ""
        }
      ],
      "priority": 5,
      "initDialog": 111225301,
      "npcId": [10381],
      "performCfg": "QuestDialogue/LQ/Zhongli2_11122/Q1112253",
      "heroTalk": "TALK_HERO_MAIN",
      "questId": 11122,
      "prePerformCfg": ""
    }
  ]
}
