{
  "id": 11120,
  "type": "LQ",
  "series": 1112,
  "titleTextMapHash": 4006784975,
  "descTextMapHash": 538970182,
  "luaPath": "Actor/Quest/LQ11120",
  "suggestTrackMainQuestList": [11121],
  "rewardIdList": [111120],
  "chapterId": 2020,
  "subQuests": [
    {
      "subId": 1112001,
      "mainId": 11120,
      "order": 1,
      "descTextMapHash": 2665792236,
      "acceptCondComb": "LOGIC_AND",
      "acceptCond": [
        {
          "type": "QUEST_COND_PERSONAL_LINE_UNLOCK",
          "param": [12, 0],
          "param_str": ""
        },
        {
          "type": "QUEST_COND_PLAYER_LEVEL_EQUAL_GREATER",
          "param": [40, 0],
          "param_str": ""
        },
        {
          "type": "QUEST_COND_STATE_EQUAL",
          "param": [1102402, 3],
          "param_str": ""
        },
        {
          "type": "QUEST_COND_STATE_EQUAL",
          "param": [800311, 3],
          "param_str": ""
        }
      ],
      "finishCond": [
        {
          "type": "QUEST_CONTENT_COMPLETE_TALK",
          "param": [1112001, 0],
          "param_str": ""
        }
      ],
      "failCond": [
        {
          "param": [],
          "param_str": ""
        }
      ],
      "guide": {
        "type": "QUEST_GUIDE_NPC",
        "param": ["2078", "SELECT_NPC_NONE"],
        "guideScene": 3,
        "guideStyle": "QUEST_GUIDE_STYLE_START",
        "guideLayer": "QUEST_GUIDE_LAYER_UI"
      },
      "isRewind": true,
      "finishExec": [
        {
          "param": [],
          "param_str": ""
        }
      ],
      "failExec": [
        {
          "param": [],
          "param_str": ""
        }
      ],
      "beginExec": [
        {
          "param": [],
          "param_str": ""
        }
      ],
      "exclusiveNpcList": [2078],
      "exclusiveNpcPriority": 1100
    },
    {
      "subId": 1112002,
      "mainId": 11120,
      "order": 3,
      "descTextMapHash": 2826386548,
      "acceptCond": [
        {
          "type": "QUEST_COND_STATE_EQUAL",
          "param": [1112005, 3],
          "param_str": ""
        }
      ],
      "finishCond": [
        {
          "type": "QUEST_CONTENT_COMPLETE_TALK",
          "param": [1112002, 0],
          "param_str": ""
        }
      ],
      "failCond": [
        {
          "param": [],
          "param_str": ""
        }
      ],
      "guide": {
        "type": "QUEST_GUIDE_NPC",
        "param": ["10377", "SELECT_NPC_NONE"],
        "guideScene": 3,
        "guideStyle": "QUEST_GUIDE_STYLE_TARGET",
        "guideLayer": "QUEST_GUIDE_LAYER_SCENE"
      },
      "isRewind": true,
      "finishExec": [
        {
          "param": [],
          "param_str": ""
        }
      ],
      "failExec": [
        {
          "param": [],
          "param_str": ""
        }
      ],
      "beginExec": [
        {
          "param": [],
          "param_str": ""
        }
      ],
      "exclusiveNpcList": [10377],
      "exclusiveNpcPriority": 1100
    },
    {
      "subId": 1112003,
      "mainId": 11120,
      "order": 4,
      "descTextMapHash": 2548921308,
      "acceptCond": [
        {
          "type": "QUEST_COND_STATE_EQUAL",
          "param": [1112002, 3],
          "param_str": ""
        }
      ],
      "finishCond": [
        {
          "type": "QUEST_CONTENT_COMPLETE_TALK",
          "param": [1112003, 0],
          "param_str": ""
        }
      ],
      "failCond": [
        {
          "param": [],
          "param_str": ""
        }
      ],
      "guide": {
        "type": "QUEST_GUIDE_LOCATION",
        "param": ["Q11120_Zhongli_Pos", "30"],
        "guideScene": 3,
        "guideStyle": "QUEST_GUIDE_STYLE_TARGET",
        "guideLayer": "QUEST_GUIDE_LAYER_SCENE"
      },
      "isRewind": true,
      "finishExec": [
        {
          "param": [],
          "param_str": ""
        }
      ],
      "failExec": [
        {
          "param": [],
          "param_str": ""
        }
      ],
      "beginExec": [
        {
          "param": [],
          "param_str": ""
        }
      ],
      "exclusiveNpcList": [10377, 10232, 2148],
      "exclusiveNpcPriority": 1100
    },
    {
      "subId": 1112004,
      "mainId": 11120,
      "order": 5,
      "descTextMapHash": 1797315452,
      "acceptCond": [
        {
          "type": "QUEST_COND_STATE_EQUAL",
          "param": [1112003, 3],
          "param_str": ""
        }
      ],
      "finishCond": [
        {
          "type": "QUEST_CONTENT_COMPLETE_TALK",
          "param": [1112004, 0],
          "param_str": ""
        }
      ],
      "failCond": [
        {
          "param": [],
          "param_str": ""
        }
      ],
      "guide": {
        "type": "QUEST_GUIDE_NPC",
        "param": ["10377", "SELECT_NPC_NONE"],
        "guideScene": 3,
        "guideStyle": "QUEST_GUIDE_STYLE_TARGET",
        "guideLayer": "QUEST_GUIDE_LAYER_SCENE"
      },
      "finishParent": true,
      "isRewind": true,
      "finishExec": [
        {
          "param": [],
          "param_str": ""
        }
      ],
      "failExec": [
        {
          "param": [],
          "param_str": ""
        }
      ],
      "beginExec": [
        {
          "param": [],
          "param_str": ""
        }
      ],
      "exclusiveNpcList": [10232, 10376, 10377],
      "exclusiveNpcPriority": 1100
    },
    {
      "subId": 1112005,
      "mainId": 11120,
      "order": 2,
      "descTextMapHash": 919918732,
      "acceptCond": [
        {
          "type": "QUEST_COND_STATE_EQUAL",
          "param": [1112001, 3],
          "param_str": ""
        }
      ],
      "finishCond": [
        {
          "type": "QUEST_CONTENT_FINISH_PLOT",
          "param": [1112005, 0],
          "param_str": ""
        }
      ],
      "failCond": [
        {
          "param": [],
          "param_str": ""
        }
      ],
      "guide": {
        "type": "QUEST_GUIDE_LOCATION",
        "param": ["Q11120_Player_Boss2_Pos", "25"],
        "guideScene": 3,
        "guideStyle": "QUEST_GUIDE_STYLE_TARGET",
        "guideLayer": "QUEST_GUIDE_LAYER_SCENE"
      },
      "isRewind": true,
      "finishExec": [
        {
          "param": [],
          "param_str": ""
        }
      ],
      "failExec": [
        {
          "param": [],
          "param_str": ""
        }
      ],
      "beginExec": [
        {
          "param": [],
          "param_str": ""
        }
      ],
      "exclusiveNpcList": [10377],
      "exclusiveNpcPriority": 1100
    }
  ],
  "talks": [
    {
      "id": 1112001,
      "beginWay": "TALK_BEGIN_MANUAL",
      "activeMode": "PLAY_MODE_SINGLE",
      "beginCond": [
        {
          "type": "QUEST_COND_STATE_EQUAL",
          "param": ["1112001", "2"],
          "param_str": ""
        }
      ],
      "priority": 5,
      "initDialog": 111200101,
      "npcId": [2078],
      "performCfg": "QuestDialogue/LQ/Zhongli2_11120/Q1112001",
      "heroTalk": "TALK_HERO_MAIN",
      "questId": 11120,
      "prePerformCfg": ""
    },
    {
      "id": 1112002,
      "beginWay": "TALK_BEGIN_MANUAL",
      "activeMode": "PLAY_MODE_SINGLE",
      "beginCond": [
        {
          "type": "QUEST_COND_STATE_EQUAL",
          "param": ["1112002", "2"],
          "param_str": ""
        }
      ],
      "priority": 5,
      "initDialog": 111200201,
      "npcId": [10377],
      "performCfg": "QuestDialogue/LQ/Zhongli2_11120/Q1112002",
      "heroTalk": "TALK_HERO_MAIN",
      "questId": 11120,
      "prePerformCfg": ""
    },
    {
      "id": 1112003,
      "beginWay": "TALK_BEGIN_AUTO",
      "activeMode": "PLAY_MODE_SINGLE",
      "beginCond": [
        {
          "type": "QUEST_COND_STATE_EQUAL",
          "param": ["1112003", "2"],
          "param_str": ""
        }
      ],
      "priority": 5,
      "initDialog": 111200301,
      "npcId": [10232],
      "performCfg": "QuestDialogue/LQ/Zhongli2_11120/Q1112003",
      "heroTalk": "TALK_HERO_MAIN",
      "questId": 11120,
      "prePerformCfg": ""
    },
    {
      "id": 1112004,
      "beginWay": "TALK_BEGIN_AUTO",
      "activeMode": "PLAY_MODE_SINGLE",
      "beginCond": [
        {
          "type": "QUEST_COND_STATE_EQUAL",
          "param": ["1112004", "2"],
          "param_str": ""
        }
      ],
      "priority": 5,
      "initDialog": 111200401,
      "npcId": [10377],
      "performCfg": "QuestDialogue/LQ/Zhongli2_11120/Q1112004",
      "heroTalk": "TALK_HERO_MAIN",
      "questId": 11120,
      "prePerformCfg": ""
    },
    {
      "id": 1112022,
      "beginWay": "TALK_BEGIN_MANUAL",
      "activeMode": "PLAY_MODE_SINGLE",
      "beginCond": [
        {
          "type": "QUEST_COND_STATE_EQUAL",
          "param": ["1112003", "2"],
          "param_str": ""
        }
      ],
      "priority": 5,
      "initDialog": 111202201,
      "npcId": [10377],
      "performCfg": "QuestDialogue/LQ/Zhongli2_11120/Q1112022",
      "heroTalk": "TALK_HERO_MAIN",
      "questId": 11120,
      "prePerformCfg": ""
    }
  ]
}
