{
  "id": 11201,
  "type": "LQ",
  "titleTextMapHash": 2301632167,
  "descTextMapHash": 2708591918,
  "luaPath": "Actor/Quest/LQ11201",
  "suggestTrackMainQuestList": [11202],
  "rewardIdList": [111201],
  "chapterId": 2015,
  "subQuests": [
    {
      "subId": 1120100,
      "mainId": 11201,
      "order": 1,
      "descTextMapHash": 603907844,
      "acceptCond": [
        {
          "type": "QUEST_COND_STATE_EQUAL",
          "param": [1120014, 3],
          "param_str": ""
        }
      ],
      "finishCond": [
        {
          "type": "QUEST_CONTENT_GAME_TIME_TICK",
          "param": [1, 0],
          "param_str": "6,24"
        }
      ],
      "failCond": [
        {
          "param": [],
          "param_str": ""
        }
      ],
      "guide": {
        "type": "QUEST_GUIDE_NPC",
        "param": ["2103"],
        "guideScene": 3,
        "guideStyle": "QUEST_GUIDE_STYLE_TARGET",
        "guideLayer": "QUEST_GUIDE_LAYER_SCENE"
      },
      "isRewind": true,
      "finishExec": [
        {
          "param": [],
          "param_str": ""
        }
      ],
      "failExec": [
        {
          "param": [],
          "param_str": ""
        }
      ],
      "beginExec": [
        {
          "type": "QUEST_EXEC_REFRESH_GROUP_SUITE",
          "param": ["3", "133101904,3"],
          "param_str": ""
        },
        {
          "type": "QUEST_EXEC_REGISTER_DYNAMIC_GROUP",
          "param": ["3", "133101207"],
          "param_str": ""
        }
      ],
      "exclusiveNpcList": [10233, 2103]
    },
    {
      "subId": 1120101,
      "mainId": 11201,
      "order": 2,
      "descTextMapHash": 1168565236,
      "acceptCond": [
        {
          "type": "QUEST_COND_STATE_EQUAL",
          "param": [1120100, 3],
          "param_str": ""
        }
      ],
      "finishCond": [
        {
          "type": "QUEST_CONTENT_COMPLETE_TALK",
          "param": [1120101, 0],
          "param_str": ""
        }
      ],
      "failCond": [
        {
          "param": [],
          "param_str": ""
        }
      ],
      "guide": {
        "type": "QUEST_GUIDE_NPC",
        "param": ["2103"],
        "guideScene": 3,
        "guideStyle": "QUEST_GUIDE_STYLE_TARGET",
        "guideLayer": "QUEST_GUIDE_LAYER_SCENE"
      },
      "isRewind": true,
      "finishExec": [
        {
          "param": [],
          "param_str": ""
        }
      ],
      "failExec": [
        {
          "param": [],
          "param_str": ""
        }
      ],
      "beginExec": [
        {
          "param": [],
          "param_str": ""
        }
      ],
      "exclusiveNpcList": [2027, 2028, 10233, 2068, 2103]
    },
    {
      "subId": 1120102,
      "mainId": 11201,
      "order": 3,
      "descTextMapHash": 575021092,
      "acceptCond": [
        {
          "type": "QUEST_COND_STATE_EQUAL",
          "param": [1120101, 3],
          "param_str": ""
        }
      ],
      "finishCond": [
        {
          "type": "QUEST_CONTENT_COMPLETE_TALK",
          "param": [1120102, 0],
          "param_str": ""
        }
      ],
      "failCond": [
        {
          "param": [],
          "param_str": ""
        }
      ],
      "guide": {
        "type": "QUEST_GUIDE_NPC",
        "param": ["10233"],
        "guideScene": 3,
        "guideStyle": "QUEST_GUIDE_STYLE_TARGET",
        "guideLayer": "QUEST_GUIDE_LAYER_SCENE"
      },
      "isRewind": true,
      "finishExec": [
        {
          "param": [],
          "param_str": ""
        }
      ],
      "failExec": [
        {
          "param": [],
          "param_str": ""
        }
      ],
      "beginExec": [
        {
          "param": [],
          "param_str": ""
        }
      ],
      "exclusiveNpcList": [10233]
    },
    {
      "subId": 1120103,
      "mainId": 11201,
      "order": 8,
      "descTextMapHash": 1518717156,
      "acceptCond": [
        {
          "type": "QUEST_COND_STATE_EQUAL",
          "param": [1120126, 3],
          "param_str": ""
        }
      ],
      "finishCond": [
        {
          "type": "QUEST_CONTENT_FINISH_PLOT",
          "param": [1120103, 0],
          "param_str": ""
        }
      ],
      "failCond": [
        {
          "type": "QUEST_CONTENT_ANY_MANUAL_TRANSPORT",
          "param": [0, 0],
          "param_str": ""
        }
      ],
      "guide": {
        "type": "QUEST_GUIDE_NPC",
        "param": ["10233"],
        "guideScene": 3,
        "guideStyle": "QUEST_GUIDE_STYLE_TARGET",
        "guideLayer": "QUEST_GUIDE_LAYER_SCENE"
      },
      "isRewind": true,
      "finishExec": [
        {
          "param": [],
          "param_str": ""
        }
      ],
      "failExec": [
        {
          "type": "QUEST_EXEC_ROLLBACK_QUEST",
          "param": ["1120102", "0"],
          "param_str": ""
        }
      ],
      "beginExec": [
        {
          "param": [],
          "param_str": ""
        }
      ],
      "exclusiveNpcList": [10233]
    },
    {
      "subId": 1120104,
      "mainId": 11201,
      "order": 9,
      "descTextMapHash": 3904158892,
      "acceptCond": [
        {
          "type": "QUEST_COND_STATE_EQUAL",
          "param": [1120103, 3],
          "param_str": ""
        }
      ],
      "finishCond": [
        {
          "type": "QUEST_CONTENT_COMPLETE_TALK",
          "param": [1120104, 0],
          "param_str": ""
        }
      ],
      "failCond": [
        {
          "type": "QUEST_CONTENT_ANY_MANUAL_TRANSPORT",
          "param": [0, 0],
          "param_str": ""
        }
      ],
      "guide": {
        "type": "QUEST_GUIDE_NPC",
        "param": ["10233"],
        "guideScene": 3,
        "guideStyle": "QUEST_GUIDE_STYLE_TARGET",
        "guideLayer": "QUEST_GUIDE_LAYER_SCENE"
      },
      "isRewind": true,
      "finishExec": [
        {
          "param": [],
          "param_str": ""
        }
      ],
      "failExec": [
        {
          "type": "QUEST_EXEC_ROLLBACK_QUEST",
          "param": ["1120103", "0"],
          "param_str": ""
        }
      ],
      "beginExec": [
        {
          "type": "QUEST_EXEC_REFRESH_GROUP_SUITE",
          "param": ["3", "133101207,2"],
          "param_str": ""
        }
      ],
      "exclusiveNpcList": [10233]
    },
    {
      "subId": 1120105,
      "mainId": 11201,
      "order": 11,
      "descTextMapHash": 3893426892,
      "acceptCond": [
        {
          "type": "QUEST_COND_STATE_EQUAL",
          "param": [1120117, 3],
          "param_str": ""
        }
      ],
      "finishCond": [
        {
          "type": "QUEST_CONTENT_LUA_NOTIFY",
          "param": [0, 0],
          "param_str": "133101207",
          "count": 1
        }
      ],
      "failCond": [
        {
          "param": [],
          "param_str": ""
        }
      ],
      "guide": {},
      "finishExec": [
        {
          "param": [],
          "param_str": ""
        }
      ],
      "failExec": [
        {
          "param": [],
          "param_str": ""
        }
      ],
      "beginExec": [
        {
          "param": [],
          "param_str": ""
        }
      ],
      "exclusiveNpcList": [10233]
    },
    {
      "subId": 1120106,
      "mainId": 11201,
      "order": 12,
      "descTextMapHash": 2193217652,
      "acceptCond": [
        {
          "type": "QUEST_COND_STATE_EQUAL",
          "param": [1120105, 3],
          "param_str": ""
        }
      ],
      "finishCond": [
        {
          "type": "QUEST_CONTENT_FINISH_PLOT",
          "param": [1120106, 0],
          "param_str": ""
        }
      ],
      "failCond": [
        {
          "type": "QUEST_CONTENT_ANY_MANUAL_TRANSPORT",
          "param": [0, 0],
          "param_str": ""
        }
      ],
      "guide": {
        "type": "QUEST_GUIDE_NPC",
        "param": ["10233"],
        "guideScene": 3,
        "guideStyle": "QUEST_GUIDE_STYLE_TARGET",
        "guideLayer": "QUEST_GUIDE_LAYER_SCENE"
      },
      "isRewind": true,
      "finishExec": [
        {
          "param": [],
          "param_str": ""
        }
      ],
      "failExec": [
        {
          "type": "QUEST_EXEC_ROLLBACK_QUEST",
          "param": ["1120116", "0"],
          "param_str": ""
        }
      ],
      "beginExec": [
        {
          "param": [],
          "param_str": ""
        }
      ],
      "exclusiveNpcList": [10233]
    },
    {
      "subId": 1120107,
      "mainId": 11201,
      "order": 13,
      "descTextMapHash": 4251429700,
      "showType": "QUEST_HIDDEN",
      "acceptCond": [
        {
          "type": "QUEST_COND_STATE_EQUAL",
          "param": [1120105, 3],
          "param_str": ""
        }
      ],
      "finishCond": [
        {
          "type": "QUEST_CONTENT_OBTAIN_ITEM",
          "param": [100556, 0],
          "param_str": "",
          "count": 3
        }
      ],
      "failCond": [
        {
          "param": [],
          "param_str": ""
        }
      ],
      "guide": {
        "type": "QUEST_GUIDE_NPC",
        "param": ["10233"],
        "guideScene": 3,
        "guideStyle": "QUEST_GUIDE_STYLE_TARGET",
        "guideLayer": "QUEST_GUIDE_LAYER_SCENE"
      },
      "finishExec": [
        {
          "param": [],
          "param_str": ""
        }
      ],
      "failExec": [
        {
          "param": [],
          "param_str": ""
        }
      ],
      "beginExec": [
        {
          "param": [],
          "param_str": ""
        }
      ]
    },
    {
      "subId": 1120108,
      "mainId": 11201,
      "order": 15,
      "descTextMapHash": 3167391052,
      "acceptCondComb": "LOGIC_AND",
      "acceptCond": [
        {
          "type": "QUEST_COND_STATE_EQUAL",
          "param": [1120114, 3],
          "param_str": ""
        },
        {
          "type": "QUEST_COND_STATE_EQUAL",
          "param": [1120107, 3],
          "param_str": ""
        }
      ],
      "finishCond": [
        {
          "type": "QUEST_CONTENT_COMPLETE_TALK",
          "param": [1120108, 0],
          "param_str": ""
        }
      ],
      "failCond": [
        {
          "param": [],
          "param_str": ""
        }
      ],
      "guide": {
        "type": "QUEST_GUIDE_NPC",
        "param": ["10233"],
        "guideScene": 3,
        "guideStyle": "QUEST_GUIDE_STYLE_TARGET",
        "guideLayer": "QUEST_GUIDE_LAYER_SCENE"
      },
      "isRewind": true,
      "finishExec": [
        {
          "type": "QUEST_EXEC_REFRESH_GROUP_SUITE",
          "param": ["3", "133101208,2"],
          "param_str": ""
        },
        {
          "type": "QUEST_EXEC_DEL_PACK_ITEM",
          "param": ["100556", "3"],
          "param_str": ""
        }
      ],
      "failExec": [
        {
          "param": [],
          "param_str": ""
        }
      ],
      "beginExec": [
        {
          "param": [],
          "param_str": ""
        }
      ],
      "exclusiveNpcList": [10233]
    },
    {
      "subId": 1120109,
      "mainId": 11201,
      "order": 16,
      "descTextMapHash": 311912540,
      "acceptCond": [
        {
          "type": "QUEST_COND_STATE_EQUAL",
          "param": [1120108, 3],
          "param_str": ""
        }
      ],
      "finishCond": [
        {
          "type": "QUEST_CONTENT_FINISH_PLOT",
          "param": [1120109, 0],
          "param_str": ""
        }
      ],
      "failCond": [
        {
          "type": "QUEST_CONTENT_ANY_MANUAL_TRANSPORT",
          "param": [0, 0],
          "param_str": ""
        }
      ],
      "guide": {
        "type": "QUEST_GUIDE_NPC",
        "param": ["10233"],
        "guideScene": 3,
        "guideStyle": "QUEST_GUIDE_STYLE_TARGET",
        "guideLayer": "QUEST_GUIDE_LAYER_SCENE"
      },
      "finishExec": [
        {
          "param": [],
          "param_str": ""
        }
      ],
      "failExec": [
        {
          "type": "QUEST_EXEC_ROLLBACK_QUEST",
          "param": ["1120118", "0"],
          "param_str": ""
        }
      ],
      "beginExec": [
        {
          "type": "QUEST_EXEC_UNLOCK_POINT",
          "param": ["3", "198"],
          "param_str": ""
        }
      ],
      "exclusiveNpcList": [10233]
    },
    {
      "subId": 1120110,
      "mainId": 11201,
      "order": 19,
      "descTextMapHash": 1849294284,
      "banType": "",
      "acceptCond": [
        {
          "type": "QUEST_COND_STATE_EQUAL",
          "param": [1120115, 3],
          "param_str": ""
        }
      ],
      "finishCond": [
        {
          "type": "QUEST_CONTENT_COMPLETE_TALK",
          "param": [1120110, 0],
          "param_str": ""
        }
      ],
      "failCondComb": "LOGIC_OR",
      "failCond": [
        {
          "type": "QUEST_CONTENT_FAIL_DUNGEON",
          "param": [1012, 0],
          "param_str": ""
        },
        {
          "type": "QUEST_CONTENT_ENTER_MY_WORLD",
          "param": [3, 0],
          "param_str": ""
        }
      ],
      "guide": {},
      "isRewind": true,
      "finishExec": [
        {
          "param": [],
          "param_str": ""
        }
      ],
      "failExec": [
        {
          "type": "QUEST_EXEC_ROLLBACK_QUEST",
          "param": ["1120116", "0"],
          "param_str": ""
        }
      ],
      "beginExec": [
        {
          "param": [],
          "param_str": ""
        }
      ],
      "exclusiveNpcList": [10233]
    },
    {
      "subId": 1120111,
      "mainId": 11201,
      "order": 23,
      "descTextMapHash": 1960403876,
      "banType": "",
      "acceptCond": [
        {
          "type": "QUEST_COND_STATE_EQUAL",
          "param": [1120120, 3],
          "param_str": ""
        }
      ],
      "finishCond": [
        {
          "type": "QUEST_CONTENT_COMPLETE_TALK",
          "param": [1120111, 0],
          "param_str": ""
        }
      ],
      "failCondComb": "LOGIC_OR",
      "failCond": [
        {
          "type": "QUEST_CONTENT_FAIL_DUNGEON",
          "param": [1012, 0],
          "param_str": ""
        },
        {
          "type": "QUEST_CONTENT_ENTER_MY_WORLD",
          "param": [3, 0],
          "param_str": ""
        }
      ],
      "guide": {},
      "isRewind": true,
      "finishExec": [
        {
          "type": "QUEST_EXEC_REMOVE_TRIAL_AVATAR",
          "param": ["20", "0"],
          "param_str": ""
        }
      ],
      "failExec": [
        {
          "type": "QUEST_EXEC_ROLLBACK_QUEST",
          "param": ["1120116", "0"],
          "param_str": ""
        }
      ],
      "beginExec": [
        {
          "param": [],
          "param_str": ""
        }
      ],
      "exclusiveNpcList": [10233],
      "trialAvatarList": [20]
    },
    {
      "subId": 1120112,
      "mainId": 11201,
      "order": 24,
      "descTextMapHash": 5925996,
      "acceptCond": [
        {
          "type": "QUEST_COND_STATE_EQUAL",
          "param": [1120111, 3],
          "param_str": ""
        }
      ],
      "finishCond": [
        {
          "type": "QUEST_CONTENT_ENTER_MY_WORLD",
          "param": [3, 0],
          "param_str": ""
        }
      ],
      "failCond": [
        {
          "param": [],
          "param_str": ""
        }
      ],
      "guide": {},
      "isRewind": true,
      "finishExec": [
        {
          "type": "QUEST_EXEC_REFRESH_GROUP_SUITE",
          "param": ["3", "133101215,1"],
          "param_str": ""
        }
      ],
      "failExec": [
        {
          "param": [],
          "param_str": ""
        }
      ],
      "beginExec": [
        {
          "type": "QUEST_EXEC_REFRESH_GROUP_SUITE",
          "param": ["3", "133101206,3"],
          "param_str": ""
        }
      ],
      "exclusiveNpcList": [10233]
    },
    {
      "subId": 1120113,
      "mainId": 11201,
      "order": 25,
      "descTextMapHash": 2558238028,
      "acceptCond": [
        {
          "type": "QUEST_COND_STATE_EQUAL",
          "param": [1120112, 3],
          "param_str": ""
        }
      ],
      "finishCond": [
        {
          "type": "QUEST_CONTENT_COMPLETE_TALK",
          "param": [1120113, 0],
          "param_str": ""
        }
      ],
      "failCond": [
        {
          "param": [],
          "param_str": ""
        }
      ],
      "guide": {
        "type": "QUEST_GUIDE_NPC",
        "param": ["10233"],
        "guideScene": 3,
        "guideStyle": "QUEST_GUIDE_STYLE_TARGET",
        "guideLayer": "QUEST_GUIDE_LAYER_SCENE"
      },
      "finishParent": true,
      "isRewind": true,
      "finishExec": [
        {
          "param": [],
          "param_str": ""
        }
      ],
      "failExec": [
        {
          "param": [],
          "param_str": ""
        }
      ],
      "beginExec": [
        {
          "type": "QUEST_EXEC_UNREGISTER_DYNAMIC_GROUP",
          "param": ["133101207", "0"],
          "param_str": ""
        },
        {
          "type": "QUEST_EXEC_UNREGISTER_DYNAMIC_GROUP",
          "param": ["133101904", "0"],
          "param_str": ""
        }
      ],
      "exclusiveNpcList": [10233]
    },
    {
      "subId": 1120114,
      "mainId": 11201,
      "order": 14,
      "descTextMapHash": 663013812,
      "acceptCond": [
        {
          "type": "QUEST_COND_STATE_EQUAL",
          "param": [1120106, 3],
          "param_str": ""
        }
      ],
      "finishCondComb": "LOGIC_OR",
      "finishCond": [
        {
          "type": "QUEST_CONTENT_COMPLETE_TALK",
          "param": [1120114, 0],
          "param_str": ""
        },
        {
          "type": "QUEST_CONTENT_COMPLETE_TALK",
          "param": [1120116, 0],
          "param_str": ""
        }
      ],
      "failCond": [
        {
          "param": [],
          "param_str": ""
        }
      ],
      "guide": {
        "type": "QUEST_GUIDE_NPC",
        "param": ["10233"],
        "guideScene": 3,
        "guideStyle": "QUEST_GUIDE_STYLE_TARGET",
        "guideLayer": "QUEST_GUIDE_LAYER_SCENE"
      },
      "isRewind": true,
      "finishExec": [
        {
          "param": [],
          "param_str": ""
        }
      ],
      "failExec": [
        {
          "param": [],
          "param_str": ""
        }
      ],
      "beginExec": [
        {
          "param": [],
          "param_str": ""
        }
      ],
      "exclusiveNpcList": [10233]
    },
    {
      "subId": 1120115,
      "mainId": 11201,
      "order": 18,
      "descTextMapHash": 3060242828,
      "banType": "",
      "acceptCond": [
        {
          "type": "QUEST_COND_STATE_EQUAL",
          "param": [1120116, 3],
          "param_str": ""
        }
      ],
      "finishCond": [
        {
          "type": "QUEST_CONTENT_COMPLETE_TALK",
          "param": [1120115, 0],
          "param_str": ""
        }
      ],
      "failCondComb": "LOGIC_OR",
      "failCond": [
        {
          "type": "QUEST_CONTENT_FAIL_DUNGEON",
          "param": [1012, 0],
          "param_str": ""
        },
        {
          "type": "QUEST_CONTENT_ENTER_MY_WORLD",
          "param": [3, 0],
          "param_str": ""
        }
      ],
      "guide": {
        "type": "QUEST_GUIDE_NPC",
        "param": ["10233"],
        "guideScene": 3,
        "guideStyle": "QUEST_GUIDE_STYLE_TARGET",
        "guideLayer": "QUEST_GUIDE_LAYER_SCENE"
      },
      "isRewind": true,
      "finishExec": [
        {
          "param": [],
          "param_str": ""
        }
      ],
      "failExec": [
        {
          "type": "QUEST_EXEC_ROLLBACK_QUEST",
          "param": ["1120116", "0"],
          "param_str": ""
        }
      ],
      "beginExec": [
        {
          "param": [],
          "param_str": ""
        }
      ],
      "exclusiveNpcList": [10233]
    },
    {
      "subId": 1120116,
      "mainId": 11201,
      "order": 17,
      "descTextMapHash": 3037068676,
      "acceptCond": [
        {
          "type": "QUEST_COND_STATE_EQUAL",
          "param": [1120109, 3],
          "param_str": ""
        }
      ],
      "finishCond": [
        {
          "type": "QUEST_CONTENT_ENTER_DUNGEON",
          "param": [1012, 198],
          "param_str": ""
        }
      ],
      "failCond": [
        {
          "param": [],
          "param_str": ""
        }
      ],
      "guide": {
        "type": "QUEST_GUIDE_LOCATION",
        "param": ["Q11201Dungeon"],
        "guideScene": 3,
        "guideStyle": "QUEST_GUIDE_STYLE_TARGET",
        "guideLayer": "QUEST_GUIDE_LAYER_SCENE"
      },
      "isRewind": true,
      "finishExec": [
        {
          "param": [],
          "param_str": ""
        }
      ],
      "failExec": [
        {
          "param": [],
          "param_str": ""
        }
      ],
      "beginExec": [
        {
          "type": "QUEST_EXEC_REFRESH_GROUP_SUITE",
          "param": ["3", "133101215,2"],
          "param_str": ""
        }
      ],
      "exclusiveNpcList": [10233]
    },
    {
      "subId": 1120117,
      "mainId": 11201,
      "order": 10,
      "descTextMapHash": 3604062388,
      "acceptCond": [
        {
          "type": "QUEST_COND_STATE_EQUAL",
          "param": [1120104, 3],
          "param_str": ""
        }
      ],
      "finishCond": [
        {
          "type": "QUEST_CONTENT_FINISH_PLOT",
          "param": [1120117, 0],
          "param_str": ""
        }
      ],
      "failCond": [
        {
          "type": "QUEST_CONTENT_ANY_MANUAL_TRANSPORT",
          "param": [0, 0],
          "param_str": ""
        }
      ],
      "guide": {
        "type": "QUEST_GUIDE_NPC",
        "param": ["10233"],
        "guideScene": 3,
        "guideStyle": "QUEST_GUIDE_STYLE_TARGET",
        "guideLayer": "QUEST_GUIDE_LAYER_SCENE"
      },
      "finishExec": [
        {
          "param": [],
          "param_str": ""
        }
      ],
      "failExec": [
        {
          "type": "QUEST_EXEC_ROLLBACK_QUEST",
          "param": ["1120103", "0"],
          "param_str": ""
        }
      ],
      "beginExec": [
        {
          "param": [],
          "param_str": ""
        }
      ],
      "exclusiveNpcList": [10233]
    },
    {
      "subId": 1120118,
      "mainId": 11201,
      "order": 21,
      "descTextMapHash": 1997869036,
      "banType": "",
      "acceptCond": [
        {
          "type": "QUEST_COND_STATE_EQUAL",
          "param": [1120119, 3],
          "param_str": ""
        }
      ],
      "finishCond": [
        {
          "type": "QUEST_CONTENT_COMPLETE_TALK",
          "param": [1120118, 0],
          "param_str": ""
        }
      ],
      "failCondComb": "LOGIC_OR",
      "failCond": [
        {
          "type": "QUEST_CONTENT_FAIL_DUNGEON",
          "param": [1012, 0],
          "param_str": ""
        },
        {
          "type": "QUEST_CONTENT_ENTER_MY_WORLD",
          "param": [3, 0],
          "param_str": ""
        }
      ],
      "guide": {},
      "isRewind": true,
      "finishExec": [
        {
          "type": "QUEST_EXEC_NOTIFY_GROUP_LUA",
          "param": ["20102", "220102002"],
          "param_str": ""
        }
      ],
      "failExec": [
        {
          "type": "QUEST_EXEC_ROLLBACK_QUEST",
          "param": ["1120116", "0"],
          "param_str": ""
        }
      ],
      "beginExec": [
        {
          "param": [],
          "param_str": ""
        }
      ],
      "exclusiveNpcList": [10233]
    },
    {
      "subId": 1120119,
      "mainId": 11201,
      "order": 20,
      "descTextMapHash": 2426481444,
      "banType": "",
      "acceptCond": [
        {
          "type": "QUEST_COND_STATE_EQUAL",
          "param": [1120110, 3],
          "param_str": ""
        }
      ],
      "finishCond": [
        {
          "type": "QUEST_CONTENT_LUA_NOTIFY",
          "param": [0, 0],
          "param_str": "220102002",
          "count": 1
        }
      ],
      "failCondComb": "LOGIC_OR",
      "failCond": [
        {
          "type": "QUEST_CONTENT_FAIL_DUNGEON",
          "param": [1012, 0],
          "param_str": ""
        },
        {
          "type": "QUEST_CONTENT_ENTER_MY_WORLD",
          "param": [3, 0],
          "param_str": ""
        }
      ],
      "guide": {},
      "isRewind": true,
      "finishExec": [
        {
          "param": [],
          "param_str": ""
        }
      ],
      "failExec": [
        {
          "type": "QUEST_EXEC_ROLLBACK_QUEST",
          "param": ["1120116", "0"],
          "param_str": ""
        }
      ],
      "beginExec": [
        {
          "param": [],
          "param_str": ""
        }
      ],
      "exclusiveNpcList": [10233]
    },
    {
      "subId": 1120120,
      "mainId": 11201,
      "order": 22,
      "descTextMapHash": 1971363108,
      "banType": "",
      "acceptCond": [
        {
          "type": "QUEST_COND_STATE_EQUAL",
          "param": [1120118, 3],
          "param_str": ""
        }
      ],
      "finishCond": [
        {
          "type": "QUEST_CONTENT_LUA_NOTIFY",
          "param": [0, 0],
          "param_str": "220102007",
          "count": 1
        }
      ],
      "failCondComb": "LOGIC_OR",
      "failCond": [
        {
          "type": "QUEST_CONTENT_FAIL_DUNGEON",
          "param": [1012, 0],
          "param_str": ""
        },
        {
          "type": "QUEST_CONTENT_ENTER_MY_WORLD",
          "param": [3, 0],
          "param_str": ""
        }
      ],
      "guide": {},
      "isRewind": true,
      "finishExec": [
        {
          "param": [],
          "param_str": ""
        }
      ],
      "failExec": [
        {
          "type": "QUEST_EXEC_ROLLBACK_QUEST",
          "param": ["1120116", "0"],
          "param_str": ""
        }
      ],
      "beginExec": [
        {
          "type": "QUEST_EXEC_GRANT_TRIAL_AVATAR",
          "param": ["20", "0"],
          "param_str": ""
        }
      ],
      "exclusiveNpcList": [10233],
      "trialAvatarList": [20]
    },
    {
      "subId": 1120121,
      "mainId": 11201,
      "order": 26,
      "descTextMapHash": 4002625828,
      "showType": "QUEST_HIDDEN",
      "acceptCond": [
        {
          "type": "QUEST_COND_STATE_EQUAL",
          "param": [1120112, 3],
          "param_str": ""
        }
      ],
      "finishCond": [
        {
          "type": "QUEST_CONTENT_FINISH_PLOT",
          "param": [1120121, 0],
          "param_str": ""
        }
      ],
      "failCond": [
        {
          "param": [],
          "param_str": ""
        }
      ],
      "guide": {},
      "finishExec": [
        {
          "type": "QUEST_EXEC_REFRESH_GROUP_SUITE",
          "param": ["3", "133101206,1"],
          "param_str": ""
        }
      ],
      "failExec": [
        {
          "param": [],
          "param_str": ""
        }
      ],
      "beginExec": [
        {
          "param": [],
          "param_str": ""
        }
      ]
    },
    {
      "subId": 1120123,
      "mainId": 11201,
      "order": 4,
      "descTextMapHash": 90095956,
      "acceptCond": [
        {
          "type": "QUEST_COND_STATE_EQUAL",
          "param": [1120102, 3],
          "param_str": ""
        }
      ],
      "finishCond": [
        {
          "type": "QUEST_CONTENT_FINISH_PLOT",
          "param": [1120123, 0],
          "param_str": ""
        }
      ],
      "failCondComb": "LOGIC_OR",
      "failCond": [
        {
          "type": "QUEST_CONTENT_NOT_FINISH_PLOT",
          "param": [1120123, 0],
          "param_str": ""
        },
        {
          "type": "QUEST_CONTENT_ANY_MANUAL_TRANSPORT",
          "param": [0, 0],
          "param_str": ""
        }
      ],
      "guide": {
        "type": "QUEST_GUIDE_NPC",
        "param": ["10233"],
        "guideScene": 3,
        "guideStyle": "QUEST_GUIDE_STYLE_TARGET",
        "guideLayer": "QUEST_GUIDE_LAYER_SCENE"
      },
      "finishExec": [
        {
          "param": [],
          "param_str": ""
        }
      ],
      "failExec": [
        {
          "type": "QUEST_EXEC_ROLLBACK_QUEST",
          "param": ["1120102", "0"],
          "param_str": ""
        }
      ],
      "beginExec": [
        {
          "param": [],
          "param_str": ""
        }
      ],
      "exclusiveNpcList": [10233]
    },
    {
      "subId": 1120124,
      "mainId": 11201,
      "order": 5,
      "descTextMapHash": 1622170420,
      "showType": "QUEST_HIDDEN",
      "acceptCondComb": "LOGIC_AND",
      "acceptCond": [
        {
          "type": "QUEST_COND_STATE_EQUAL",
          "param": [1120123, 3],
          "param_str": ""
        },
        {
          "type": "QUEST_COND_STATE_NOT_EQUAL",
          "param": [1120008, 3],
          "param_str": ""
        }
      ],
      "finishCondComb": "LOGIC_OR",
      "finishCond": [
        {
          "type": "QUEST_CONTENT_FINISH_PLOT",
          "param": [1120124, 0],
          "param_str": ""
        },
        {
          "type": "QUEST_CONTENT_COMPLETE_TALK",
          "param": [1120124, 0],
          "param_str": ""
        }
      ],
      "failCond": [
        {
          "param": [],
          "param_str": ""
        }
      ],
      "guide": {
        "type": "QUEST_GUIDE_NPC",
        "param": ["10233"]
      },
      "isRewind": true,
      "finishExec": [
        {
          "type": "QUEST_EXEC_REFRESH_GROUP_SUITE",
          "param": ["3", "133103909,3"],
          "param_str": ""
        }
      ],
      "failExec": [
        {
          "param": [],
          "param_str": ""
        }
      ],
      "beginExec": [
        {
          "param": [],
          "param_str": ""
        }
      ]
    },
    {
      "subId": 1120125,
      "mainId": 11201,
      "order": 6,
      "descTextMapHash": 1586695948,
      "showType": "QUEST_HIDDEN",
      "acceptCondComb": "LOGIC_AND",
      "acceptCond": [
        {
          "type": "QUEST_COND_STATE_EQUAL",
          "param": [1120123, 3],
          "param_str": ""
        },
        {
          "type": "QUEST_COND_STATE_EQUAL",
          "param": [1120008, 3],
          "param_str": ""
        }
      ],
      "finishCondComb": "LOGIC_OR",
      "finishCond": [
        {
          "type": "QUEST_CONTENT_FINISH_PLOT",
          "param": [1120125, 0],
          "param_str": ""
        },
        {
          "type": "QUEST_CONTENT_COMPLETE_TALK",
          "param": [1120125, 0],
          "param_str": ""
        }
      ],
      "failCond": [
        {
          "param": [],
          "param_str": ""
        }
      ],
      "guide": {
        "type": "QUEST_GUIDE_NPC",
        "param": ["10233"]
      },
      "isRewind": true,
      "finishExec": [
        {
          "param": [],
          "param_str": ""
        }
      ],
      "failExec": [
        {
          "param": [],
          "param_str": ""
        }
      ],
      "beginExec": [
        {
          "param": [],
          "param_str": ""
        }
      ]
    },
    {
      "subId": 1120126,
      "mainId": 11201,
      "order": 7,
      "descTextMapHash": 4018836516,
      "showType": "QUEST_HIDDEN",
      "acceptCond": [
        {
          "type": "QUEST_COND_STATE_EQUAL",
          "param": [1120123, 3],
          "param_str": ""
        }
      ],
      "finishCondComb": "LOGIC_OR",
      "finishCond": [
        {
          "type": "QUEST_CONTENT_COMPLETE_TALK",
          "param": [1120124, 0],
          "param_str": ""
        },
        {
          "type": "QUEST_CONTENT_COMPLETE_TALK",
          "param": [1120125, 0],
          "param_str": ""
        }
      ],
      "failCond": [
        {
          "param": [],
          "param_str": ""
        }
      ],
      "guide": {
        "type": "QUEST_GUIDE_NPC",
        "param": ["10233"]
      },
      "isRewind": true,
      "finishExec": [
        {
          "param": [],
          "param_str": ""
        }
      ],
      "failExec": [
        {
          "param": [],
          "param_str": ""
        }
      ],
      "beginExec": [
        {
          "param": [],
          "param_str": ""
        }
      ]
    }
  ],
  "talks": [
    {
      "id": 1120099,
      "beginWay": "TALK_BEGIN_MANUAL",
      "activeMode": "PLAY_MODE_SINGLE",
      "beginCond": [
        {
          "type": "QUEST_COND_STATE_EQUAL",
          "param": ["1120100", "2"],
          "param_str": ""
        }
      ],
      "initDialog": 112009901,
      "npcId": [2103],
      "performCfg": "",
      "questId": 11201,
      "prePerformCfg": ""
    },
    {
      "id": 1120101,
      "beginWay": "TALK_BEGIN_AUTO",
      "activeMode": "PLAY_MODE_SINGLE",
      "beginCond": [
        {
          "type": "QUEST_COND_STATE_EQUAL",
          "param": ["1120101", "2"],
          "param_str": ""
        }
      ],
      "initDialog": 112010101,
      "npcId": [2103],
      "performCfg": "QuestDialogue/LQ/Qiqi1_11201/Q1120101",
      "questId": 11201,
      "prePerformCfg": ""
    },
    {
      "id": 1120102,
      "beginWay": "TALK_BEGIN_AUTO",
      "activeMode": "PLAY_MODE_SINGLE",
      "beginCond": [
        {
          "type": "QUEST_COND_STATE_EQUAL",
          "param": ["1120102", "2"],
          "param_str": ""
        }
      ],
      "initDialog": 112010201,
      "npcId": [10233],
      "performCfg": "QuestDialogue/LQ/Qiqi1_11201/Q1120102",
      "questId": 11201,
      "prePerformCfg": ""
    },
    {
      "id": 1120104,
      "beginWay": "TALK_BEGIN_MANUAL",
      "activeMode": "PLAY_MODE_SINGLE",
      "beginCond": [
        {
          "type": "QUEST_COND_STATE_EQUAL",
          "param": ["1120104", "2"],
          "param_str": ""
        }
      ],
      "initDialog": 112010401,
      "npcId": [10233],
      "performCfg": "QuestDialogue/LQ/Qiqi1_11201/Q1120104",
      "questId": 11201,
      "prePerformCfg": ""
    },
    {
      "id": 1120108,
      "beginWay": "TALK_BEGIN_MANUAL",
      "activeMode": "PLAY_MODE_SINGLE",
      "beginCond": [
        {
          "type": "QUEST_COND_STATE_EQUAL",
          "param": ["1120108", "2"],
          "param_str": ""
        }
      ],
      "initDialog": 112010801,
      "npcId": [10233],
      "performCfg": "QuestDialogue/LQ/Qiqi1_11201/Q1120108",
      "questId": 11201,
      "prePerformCfg": ""
    },
    {
      "id": 1120110,
      "beginWay": "TALK_BEGIN_AUTO",
      "activeMode": "PLAY_MODE_SINGLE",
      "beginCond": [
        {
          "type": "QUEST_COND_STATE_EQUAL",
          "param": ["1120110", "2"],
          "param_str": ""
        }
      ],
      "initDialog": 112011001,
      "npcId": [10233],
      "performCfg": "QuestDialogue/LQ/Qiqi1_11201/Q1120110",
      "questId": 11201,
      "prePerformCfg": ""
    },
    {
      "id": 1120111,
      "beginWay": "TALK_BEGIN_MANUAL",
      "activeMode": "PLAY_MODE_SINGLE",
      "beginCond": [
        {
          "type": "QUEST_COND_STATE_EQUAL",
          "param": ["1120111", "2"],
          "param_str": ""
        }
      ],
      "initDialog": 112011101,
      "npcId": [10233],
      "performCfg": "QuestDialogue/LQ/Qiqi1_11201/Q1120111",
      "questId": 11201,
      "prePerformCfg": ""
    },
    {
      "id": 1120113,
      "beginWay": "TALK_BEGIN_AUTO",
      "activeMode": "PLAY_MODE_SINGLE",
      "beginCond": [
        {
          "type": "QUEST_COND_STATE_EQUAL",
          "param": ["1120113", "2"],
          "param_str": ""
        }
      ],
      "initDialog": 112011301,
      "npcId": [10233],
      "performCfg": "QuestDialogue/LQ/Qiqi1_11201/Q1120113",
      "questId": 11201,
      "prePerformCfg": ""
    },
    {
      "id": 1120114,
      "beginWay": "TALK_BEGIN_AUTO",
      "activeMode": "PLAY_MODE_SINGLE",
      "beginCondComb": "LOGIC_AND",
      "beginCond": [
        {
          "type": "QUEST_COND_STATE_EQUAL",
          "param": ["1120114", "2"],
          "param_str": ""
        },
        {
          "type": "QUEST_COND_STATE_EQUAL",
          "param": ["1120107", "2"],
          "param_str": ""
        }
      ],
      "initDialog": 112011401,
      "npcId": [10233],
      "performCfg": "QuestDialogue/LQ/Qiqi1_11201/Q1120114",
      "questId": 11201,
      "prePerformCfg": ""
    },
    {
      "id": 1120115,
      "beginWay": "TALK_BEGIN_MANUAL",
      "activeMode": "PLAY_MODE_SINGLE",
      "beginCond": [
        {
          "type": "QUEST_COND_STATE_EQUAL",
          "param": ["1120115", "2"],
          "param_str": ""
        }
      ],
      "initDialog": 112011501,
      "npcId": [10233],
      "performCfg": "QuestDialogue/LQ/Qiqi1_11201/Q1120115",
      "questId": 11201,
      "prePerformCfg": ""
    },
    {
      "id": 1120116,
      "beginWay": "TALK_BEGIN_MANUAL",
      "activeMode": "PLAY_MODE_SINGLE",
      "beginCondComb": "LOGIC_AND",
      "beginCond": [
        {
          "type": "QUEST_COND_STATE_EQUAL",
          "param": ["1120114", "2"],
          "param_str": ""
        },
        {
          "type": "QUEST_COND_STATE_EQUAL",
          "param": ["1120107", "3"],
          "param_str": ""
        }
      ],
      "initDialog": 112011601,
      "npcId": [10233],
      "performCfg": "QuestDialogue/LQ/Qiqi1_11201/Q1120116",
      "questId": 11201,
      "prePerformCfg": ""
    },
    {
      "id": 1120118,
      "beginWay": "TALK_BEGIN_MANUAL",
      "activeMode": "PLAY_MODE_SINGLE",
      "beginCond": [
        {
          "type": "QUEST_COND_STATE_EQUAL",
          "param": ["1120118", "2"],
          "param_str": ""
        }
      ],
      "initDialog": 112011801,
      "npcId": [10233],
      "performCfg": "QuestDialogue/LQ/Qiqi1_11201/Q1120118",
      "questId": 11201,
      "prePerformCfg": ""
    },
    {
      "id": 1120124,
      "beginWay": "TALK_BEGIN_MANUAL",
      "activeMode": "PLAY_MODE_SINGLE",
      "beginCond": [
        {
          "type": "QUEST_COND_STATE_EQUAL",
          "param": ["1120124", "2"],
          "param_str": ""
        }
      ],
      "initDialog": 112012401,
      "npcId": [10233],
      "performCfg": "QuestDialogue/LQ/Qiqi1_11201/Q1120124",
      "questId": 11201,
      "prePerformCfg": ""
    },
    {
      "id": 1120125,
      "beginWay": "TALK_BEGIN_MANUAL",
      "activeMode": "PLAY_MODE_SINGLE",
      "beginCond": [
        {
          "type": "QUEST_COND_STATE_EQUAL",
          "param": ["1120125", "2"],
          "param_str": ""
        }
      ],
      "initDialog": 112012501,
      "npcId": [10233],
      "performCfg": "QuestDialogue/LQ/Qiqi1_11201/Q1120124",
      "questId": 11201,
      "prePerformCfg": ""
    },
    {
      "id": 1120193,
      "beginWay": "TALK_BEGIN_MANUAL",
      "activeMode": "PLAY_MODE_SINGLE",
      "beginCond": [
        {
          "type": "QUEST_COND_STATE_EQUAL",
          "param": ["1120120", "2"],
          "param_str": ""
        }
      ],
      "initDialog": 112019301,
      "npcId": [10233],
      "performCfg": "",
      "questId": 11201,
      "prePerformCfg": ""
    },
    {
      "id": 1120198,
      "beginWay": "TALK_BEGIN_MANUAL",
      "activeMode": "PLAY_MODE_SINGLE",
      "beginCond": [
        {
          "type": "QUEST_COND_STATE_EQUAL",
          "param": ["1120107", "2"],
          "param_str": ""
        }
      ],
      "initDialog": 112019801,
      "npcId": [10233],
      "performCfg": "",
      "questId": 11201,
      "prePerformCfg": ""
    },
    {
      "id": 1120199,
      "beginWay": "TALK_BEGIN_MANUAL",
      "activeMode": "PLAY_MODE_SINGLE",
      "beginCondComb": "LOGIC_AND",
      "beginCond": [
        {
          "type": "QUEST_COND_QUEST_NOT_RECEIVE",
          "param": ["1120201", "1"],
          "param_str": ""
        },
        {
          "type": "QUEST_COND_STATE_EQUAL",
          "param": ["1120101", "3"],
          "param_str": ""
        }
      ],
      "initDialog": 112019901,
      "npcId": [2103],
      "performCfg": "",
      "questId": 11201,
      "prePerformCfg": ""
    }
  ]
}
