{
  "id": 12004,
  "type": "LQ",
  "series": 2022,
  "titleTextMapHash": 2282054967,
  "descTextMapHash": 3422030606,
  "luaPath": "Actor/Quest/LQ12004",
  "suggestTrackMainQuestList": [12005],
  "rewardIdList": [112004],
  "chapterId": 2022,
  "subQuests": [
    {
      "subId": 1200401,
      "mainId": 12004,
      "order": 1,
      "isMpBlock": true,
      "descTextMapHash": 1607071180,
      "banType": "",
      "acceptCond": [
        {
          "type": "QUEST_COND_STATE_EQUAL",
          "param": [200711, 3],
          "param_str": ""
        }
      ],
      "finishCond": [
        {
          "type": "QUEST_CONTENT_ENTER_MY_WORLD",
          "param": [3, 0],
          "param_str": ""
        }
      ],
      "failCond": [
        {
          "param": [],
          "param_str": ""
        }
      ],
      "guide": {
        "type": "QUEST_GUIDE_LOCATION",
        "autoGuide": "QUEST_GUIDE_AUTO_ENABLE",
        "param": ["Q1200401Ayaka"],
        "guideScene": 3,
        "guideStyle": "QUEST_GUIDE_STYLE_POINT",
        "guideLayer": "QUEST_GUIDE_LAYER_SCENE"
      },
      "isRewind": true,
      "finishExec": [
        {
          "param": [],
          "param_str": ""
        }
      ],
      "failExec": [
        {
          "param": [],
          "param_str": ""
        }
      ],
      "beginExec": [
        {
          "param": [],
          "param_str": ""
        }
      ],
      "exclusiveNpcList": [1013],
      "exclusiveNpcPriority": 1100
    },
    {
      "subId": 1200402,
      "mainId": 12004,
      "order": 3,
      "descTextMapHash": 2252050468,
      "acceptCond": [
        {
          "type": "QUEST_COND_STATE_EQUAL",
          "param": [1200403, 3],
          "param_str": ""
        }
      ],
      "finishCond": [
        {
          "type": "QUEST_CONTENT_COMPLETE_TALK",
          "param": [1200401, 0],
          "param_str": ""
        }
      ],
      "failCond": [
        {
          "param": [],
          "param_str": ""
        }
      ],
      "guide": {
        "type": "QUEST_GUIDE_LOCATION",
        "autoGuide": "QUEST_GUIDE_AUTO_ENABLE",
        "param": ["Q1200401Ayaka"],
        "guideScene": 3,
        "guideStyle": "QUEST_GUIDE_STYLE_POINT",
        "guideLayer": "QUEST_GUIDE_LAYER_SCENE"
      },
      "finishParent": true,
      "finishExec": [
        {
          "param": [],
          "param_str": ""
        }
      ],
      "failExec": [
        {
          "param": [],
          "param_str": ""
        }
      ],
      "beginExec": [
        {
          "param": [],
          "param_str": ""
        }
      ],
      "exclusiveNpcList": [1013],
      "exclusiveNpcPriority": 1100
    },
    {
      "subId": 1200403,
      "mainId": 12004,
      "order": 2,
      "descTextMapHash": 4233116420,
      "acceptCond": [
        {
          "type": "QUEST_COND_STATE_EQUAL",
          "param": [1200401, 3],
          "param_str": ""
        }
      ],
      "finishCond": [
        {
          "type": "QUEST_CONTENT_FINISH_PLOT",
          "param": [1200403, 0],
          "param_str": ""
        }
      ],
      "failCond": [
        {
          "param": [],
          "param_str": ""
        }
      ],
      "guide": {
        "type": "QUEST_GUIDE_LOCATION",
        "autoGuide": "QUEST_GUIDE_AUTO_ENABLE",
        "param": ["Q1200401Ayaka"],
        "guideScene": 3,
        "guideStyle": "QUEST_GUIDE_STYLE_POINT",
        "guideLayer": "QUEST_GUIDE_LAYER_SCENE"
      },
      "isRewind": true,
      "finishExec": [
        {
          "param": [],
          "param_str": ""
        }
      ],
      "failExec": [
        {
          "param": [],
          "param_str": ""
        }
      ],
      "beginExec": [
        {
          "param": [],
          "param_str": ""
        }
      ],
      "exclusiveNpcList": [1013],
      "exclusiveNpcPriority": 1100
    }
  ],
  "talks": [
    {
      "id": 1200401,
      "beginWay": "TALK_BEGIN_MANUAL",
      "activeMode": "PLAY_MODE_SINGLE",
      "beginCond": [
        {
          "type": "QUEST_COND_STATE_EQUAL",
          "param": ["1200402", "2"],
          "param_str": ""
        }
      ],
      "priority": 5,
      "initDialog": 120040101,
      "npcId": [1013],
      "performCfg": "QuestDialogue/LQ/Ayaka1_12004/Q1200401",
      "heroTalk": "TALK_HERO_MAIN",
      "questId": 12004,
      "prePerformCfg": ""
    }
  ]
}
