{
  "id": 12001,
  "type": "LQ",
  "series": 2008,
  "titleTextMapHash": 2589305489,
  "descTextMapHash": 3001135671,
  "luaPath": "Actor/Quest/LQ12001",
  "suggestTrackMainQuestList": [12002],
  "rewardIdList": [112001],
  "chapterId": 2008,
  "subQuests": [
    {
      "subId": 1200101,
      "mainId": 12001,
      "order": 1,
      "descTextMapHash": 1809406480,
      "acceptCond": [
        {
          "type": "QUEST_COND_STATE_EQUAL",
          "param": [1200010, 3],
          "param_str": ""
        }
      ],
      "finishCond": [
        {
          "type": "QUEST_CONTENT_FINISH_PLOT",
          "param": [1200101, 0],
          "param_str": ""
        }
      ],
      "failCond": [
        {
          "param": [],
          "param_str": ""
        }
      ],
      "guide": {
        "type": "QUEST_GUIDE_NPC",
        "param": ["2073"],
        "guideScene": 3,
        "guideStyle": "QUEST_GUIDE_STYLE_TARGET"
      },
      "isRewind": true,
      "finishExec": [
        {
          "param": [],
          "param_str": ""
        }
      ],
      "failExec": [
        {
          "param": [],
          "param_str": ""
        }
      ],
      "beginExec": [
        {
          "param": [],
          "param_str": ""
        }
      ],
      "exclusiveNpcList": [10045]
    },
    {
      "subId": 1200103,
      "mainId": 12001,
      "order": 2,
      "descTextMapHash": 1683815464,
      "acceptCond": [
        {
          "type": "QUEST_COND_STATE_EQUAL",
          "param": [1200101, 3],
          "param_str": ""
        }
      ],
      "finishCond": [
        {
          "type": "QUEST_CONTENT_COMPLETE_TALK",
          "param": [1200103, 0],
          "param_str": ""
        }
      ],
      "failCond": [
        {
          "param": [],
          "param_str": ""
        }
      ],
      "guide": {
        "type": "QUEST_GUIDE_NPC",
        "param": ["2073"],
        "guideScene": 3,
        "guideStyle": "QUEST_GUIDE_STYLE_TARGET"
      },
      "isRewind": true,
      "finishExec": [
        {
          "param": [],
          "param_str": ""
        }
      ],
      "failExec": [
        {
          "param": [],
          "param_str": ""
        }
      ],
      "beginExec": [
        {
          "param": [],
          "param_str": ""
        }
      ],
      "exclusiveNpcList": [10045, 2073]
    },
    {
      "subId": 1200106,
      "mainId": 12001,
      "order": 3,
      "descTextMapHash": 1007006432,
      "acceptCond": [
        {
          "type": "QUEST_COND_STATE_EQUAL",
          "param": [1200103, 3],
          "param_str": ""
        }
      ],
      "finishCond": [
        {
          "type": "QUEST_CONTENT_FINISH_PLOT",
          "param": [1200106, 0],
          "param_str": ""
        }
      ],
      "failCond": [
        {
          "param": [],
          "param_str": ""
        }
      ],
      "guide": {
        "type": "QUEST_GUIDE_NPC",
        "param": ["162601"],
        "guideScene": 3,
        "guideStyle": "QUEST_GUIDE_STYLE_TARGET"
      },
      "isRewind": true,
      "finishExec": [
        {
          "param": [],
          "param_str": ""
        }
      ],
      "failExec": [
        {
          "param": [],
          "param_str": ""
        }
      ],
      "beginExec": [
        {
          "param": [],
          "param_str": ""
        }
      ],
      "exclusiveNpcList": [1626]
    },
    {
      "subId": 1200107,
      "mainId": 12001,
      "order": 4,
      "descTextMapHash": 3179935616,
      "showType": "QUEST_HIDDEN",
      "acceptCond": [
        {
          "type": "QUEST_COND_STATE_EQUAL",
          "param": [1200106, 3],
          "param_str": ""
        }
      ],
      "finishCond": [
        {
          "type": "QUEST_CONTENT_COMPLETE_TALK",
          "param": [1200107, 0],
          "param_str": ""
        }
      ],
      "failCond": [
        {
          "param": [],
          "param_str": ""
        }
      ],
      "guide": {
        "type": "QUEST_GUIDE_NPC",
        "param": ["162601"],
        "guideScene": 3,
        "guideStyle": "QUEST_GUIDE_STYLE_TARGET"
      },
      "finishExec": [
        {
          "param": [],
          "param_str": ""
        }
      ],
      "failExec": [
        {
          "param": [],
          "param_str": ""
        }
      ],
      "beginExec": [
        {
          "param": [],
          "param_str": ""
        }
      ]
    },
    {
      "subId": 1200108,
      "mainId": 12001,
      "order": 5,
      "descTextMapHash": 116092168,
      "acceptCond": [
        {
          "type": "QUEST_COND_STATE_EQUAL",
          "param": [1200107, 3],
          "param_str": ""
        }
      ],
      "finishCond": [
        {
          "type": "QUEST_CONTENT_COMPLETE_TALK",
          "param": [1200108, 0],
          "param_str": ""
        }
      ],
      "failCond": [
        {
          "param": [],
          "param_str": ""
        }
      ],
      "guide": {
        "type": "QUEST_GUIDE_NPC",
        "param": ["10045"],
        "guideScene": 3,
        "guideStyle": "QUEST_GUIDE_STYLE_TARGET"
      },
      "finishParent": true,
      "isRewind": true,
      "finishExec": [
        {
          "param": [],
          "param_str": ""
        }
      ],
      "failExec": [
        {
          "param": [],
          "param_str": ""
        }
      ],
      "beginExec": [
        {
          "param": [],
          "param_str": ""
        }
      ],
      "exclusiveNpcList": [10045]
    }
  ],
  "talks": [
    {
      "id": 1200102,
      "beginWay": "TALK_BEGIN_AUTO",
      "activeMode": "PLAY_MODE_SINGLE",
      "beginCond": [
        {
          "type": "QUEST_COND_STATE_EQUAL",
          "param": ["1200102", "2"],
          "param_str": ""
        }
      ],
      "priority": 5,
      "initDialog": 120010201,
      "npcId": [1005],
      "performCfg": "",
      "questId": 12001,
      "prePerformCfg": ""
    },
    {
      "id": 1200103,
      "beginWay": "TALK_BEGIN_MANUAL",
      "activeMode": "PLAY_MODE_SINGLE",
      "beginCond": [
        {
          "type": "QUEST_COND_STATE_EQUAL",
          "param": ["1200103", "2"],
          "param_str": ""
        }
      ],
      "priority": 5,
      "initDialog": 120010301,
      "npcId": [2073],
      "performCfg": "QuestDialogue/LQ/Xingqiu1_12001/Q1200103",
      "questId": 12001,
      "prePerformCfg": ""
    },
    {
      "id": 1200107,
      "beginWay": "TALK_BEGIN_AUTO",
      "activeMode": "PLAY_MODE_SINGLE",
      "beginCond": [
        {
          "type": "QUEST_COND_STATE_EQUAL",
          "param": ["1200107", "2"],
          "param_str": ""
        }
      ],
      "priority": 5,
      "initDialog": 120010701,
      "npcId": [162601],
      "performCfg": "QuestDialogue/LQ/Xingqiu1_12001/Q1200107",
      "questId": 12001,
      "prePerformCfg": ""
    },
    {
      "id": 1200108,
      "beginWay": "TALK_BEGIN_MANUAL",
      "activeMode": "PLAY_MODE_SINGLE",
      "beginCond": [
        {
          "type": "QUEST_COND_STATE_EQUAL",
          "param": ["1200108", "2"],
          "param_str": ""
        }
      ],
      "priority": 5,
      "initDialog": 120010801,
      "npcId": [10045],
      "performCfg": "QuestDialogue/LQ/Xingqiu1_12001/Q1200108",
      "questId": 12001,
      "prePerformCfg": ""
    },
    {
      "id": 1200013,
      "beginWay": "TALK_BEGIN_MANUAL",
      "activeMode": "PLAY_MODE_SINGLE",
      "beginCond": [
        {
          "type": "QUEST_COND_STATE_EQUAL",
          "param": ["1200101", "2"],
          "param_str": ""
        }
      ],
      "priority": 3,
      "initDialog": 610045201,
      "npcId": [10045],
      "performCfg": "",
      "heroTalk": "TALK_HERO_MAIN",
      "questId": 12001,
      "prePerformCfg": ""
    },
    {
      "id": 1200015,
      "beginWay": "TALK_BEGIN_MANUAL",
      "activeMode": "PLAY_MODE_SINGLE",
      "beginCond": [
        {
          "type": "QUEST_COND_STATE_EQUAL",
          "param": ["1200103", "2"],
          "param_str": ""
        }
      ],
      "priority": 3,
      "initDialog": 610045201,
      "npcId": [10045],
      "performCfg": "",
      "heroTalk": "TALK_HERO_MAIN",
      "questId": 12001,
      "prePerformCfg": ""
    },
    {
      "id": 1200018,
      "beginWay": "TALK_BEGIN_MANUAL",
      "activeMode": "PLAY_MODE_SINGLE",
      "beginCond": [
        {
          "type": "QUEST_COND_STATE_EQUAL",
          "param": ["1200106", "2"],
          "param_str": ""
        }
      ],
      "priority": 3,
      "initDialog": 610045201,
      "npcId": [10045],
      "performCfg": "",
      "heroTalk": "TALK_HERO_MAIN",
      "questId": 12001,
      "prePerformCfg": ""
    },
    {
      "id": 1200019,
      "beginWay": "TALK_BEGIN_MANUAL",
      "activeMode": "PLAY_MODE_SINGLE",
      "beginCond": [
        {
          "type": "QUEST_COND_STATE_EQUAL",
          "param": ["1200107", "2"],
          "param_str": ""
        }
      ],
      "priority": 3,
      "initDialog": 610045201,
      "npcId": [10045],
      "performCfg": "",
      "heroTalk": "TALK_HERO_MAIN",
      "questId": 12001,
      "prePerformCfg": ""
    },
    {
      "id": 1200043,
      "beginWay": "TALK_BEGIN_MANUAL",
      "activeMode": "PLAY_MODE_SINGLE",
      "beginCond": [
        {
          "type": "QUEST_COND_STATE_EQUAL",
          "param": ["1200106", "2"],
          "param_str": ""
        }
      ],
      "priority": 5,
      "initDialog": 120004301,
      "npcId": [2073],
      "performCfg": "",
      "heroTalk": "TALK_HERO_MAIN",
      "questId": 12001,
      "prePerformCfg": ""
    }
  ]
}
