{
  "id": 12008,
  "type": "LQ",
  "series": 2022,
  "titleTextMapHash": 2383310551,
  "descTextMapHash": 4062101902,
  "luaPath": "Actor/Quest/LQ12008",
  "rewardIdList": [112008],
  "chapterId": 2022,
  "subQuests": [
    {
      "subId": 1200801,
      "mainId": 12008,
      "order": 1,
      "descTextMapHash": 3694762852,
      "acceptCond": [
        {
          "type": "QUEST_COND_STATE_EQUAL",
          "param": [1200707, 3],
          "param_str": ""
        }
      ],
      "finishCond": [
        {
          "type": "QUEST_CONTENT_FINISH_PLOT",
          "param": [1200801, 0],
          "param_str": ""
        }
      ],
      "failCond": [
        {
          "param": [],
          "param_str": ""
        }
      ],
      "guide": {
        "type": "QUEST_GUIDE_LOCATION",
        "autoGuide": "QUEST_GUIDE_AUTO_ENABLE",
        "param": ["Q1200801AyakaMask"],
        "guideScene": 3,
        "guideStyle": "QUEST_GUIDE_STYLE_POINT",
        "guideLayer": "QUEST_GUIDE_LAYER_SCENE"
      },
      "isRewind": true,
      "finishExec": [
        {
          "param": [],
          "param_str": ""
        }
      ],
      "failExec": [
        {
          "param": [],
          "param_str": ""
        }
      ],
      "beginExec": [
        {
          "type": "QUEST_EXEC_REFRESH_GROUP_SUITE",
          "param": ["3", "133209041,1"],
          "param_str": ""
        },
        {
          "type": "QUEST_EXEC_SET_QUEST_VAR",
          "param": ["1", "0"],
          "param_str": ""
        },
        {
          "type": "QUEST_EXEC_REFRESH_GROUP_SUITE",
          "param": ["3", "133209056,2"],
          "param_str": ""
        }
      ],
      "exclusiveNpcList": [
        1013, 3171, 3172, 12038, 12039, 12111, 12112, 12113, 12114, 12115,
        12116, 3149, 3150
      ],
      "exclusiveNpcPriority": 1100,
      "exclusivePlaceList": [320901]
    },
    {
      "subId": 1200802,
      "mainId": 12008,
      "order": 2,
      "isMpBlock": true,
      "descTextMapHash": 1345365988,
      "acceptCond": [
        {
          "type": "QUEST_COND_STATE_EQUAL",
          "param": [1200801, 3],
          "param_str": ""
        }
      ],
      "finishCond": [
        {
          "type": "QUEST_CONTENT_COMPLETE_TALK",
          "param": [1200801, 0],
          "param_str": ""
        }
      ],
      "failCond": [
        {
          "param": [],
          "param_str": ""
        }
      ],
      "guide": {
        "type": "QUEST_GUIDE_NPC",
        "autoGuide": "QUEST_GUIDE_AUTO_ENABLE",
        "param": ["1013", "SELECT_NPC_NONE"],
        "guideScene": 3,
        "guideStyle": "QUEST_GUIDE_STYLE_TARGET",
        "guideLayer": "QUEST_GUIDE_LAYER_SCENE"
      },
      "finishExec": [
        {
          "type": "QUEST_EXEC_LOCK_AVATAR_TEAM",
          "param": ["10000005", "0"],
          "param_str": ""
        },
        {
          "type": "QUEST_EXEC_SET_IS_GAME_TIME_LOCKED",
          "param": ["1", "0"],
          "param_str": ""
        }
      ],
      "failExec": [
        {
          "param": [],
          "param_str": ""
        }
      ],
      "beginExec": [
        {
          "param": [],
          "param_str": ""
        }
      ],
      "exclusiveNpcList": [
        1013, 3171, 3172, 12038, 12039, 12111, 12112, 12113, 12114, 12115,
        12116, 3149, 3150
      ],
      "exclusiveNpcPriority": 1100,
      "exclusivePlaceList": [320901]
    },
    {
      "subId": 1200803,
      "mainId": 12008,
      "order": 10,
      "isMpBlock": true,
      "descTextMapHash": 751453460,
      "acceptCond": [
        {
          "type": "QUEST_COND_STATE_EQUAL",
          "param": [1200812, 3],
          "param_str": ""
        }
      ],
      "finishCond": [
        {
          "type": "QUEST_CONTENT_COMPLETE_TALK",
          "param": [1200802, 0],
          "param_str": ""
        }
      ],
      "failCond": [
        {
          "param": [],
          "param_str": ""
        }
      ],
      "guide": {
        "type": "QUEST_GUIDE_NPC",
        "autoGuide": "QUEST_GUIDE_AUTO_ENABLE",
        "param": ["1013", "SELECT_NPC_NONE"],
        "guideScene": 3,
        "guideStyle": "QUEST_GUIDE_STYLE_TARGET",
        "guideLayer": "QUEST_GUIDE_LAYER_SCENE"
      },
      "isRewind": true,
      "finishExec": [
        {
          "type": "QUEST_EXEC_REFRESH_GROUP_SUITE",
          "param": ["3", "133209056,1"],
          "param_str": ""
        },
        {
          "type": "QUEST_EXEC_SET_IS_GAME_TIME_LOCKED",
          "param": ["0", "0"],
          "param_str": ""
        }
      ],
      "failExec": [
        {
          "param": [],
          "param_str": ""
        }
      ],
      "beginExec": [
        {
          "type": "QUEST_EXEC_REFRESH_GROUP_SUITE",
          "param": ["3", "133209041,1"],
          "param_str": ""
        }
      ],
      "exclusiveNpcList": [
        1013, 3171, 3172, 12038, 12039, 12111, 12112, 12113, 12114, 12115,
        12116, 3149, 3150
      ],
      "exclusiveNpcPriority": 1100,
      "exclusivePlaceList": [320901]
    },
    {
      "subId": 1200804,
      "mainId": 12008,
      "order": 12,
      "isMpBlock": true,
      "descTextMapHash": 3133616668,
      "acceptCond": [
        {
          "type": "QUEST_COND_STATE_EQUAL",
          "param": [1200803, 3],
          "param_str": ""
        }
      ],
      "finishCondComb": "LOGIC_OR",
      "finishCond": [
        {
          "type": "QUEST_CONTENT_COMPLETE_TALK",
          "param": [1200803, 0],
          "param_str": ""
        },
        {
          "type": "QUEST_CONTENT_COMPLETE_TALK",
          "param": [1200817, 0],
          "param_str": ""
        }
      ],
      "failCond": [
        {
          "param": [],
          "param_str": ""
        }
      ],
      "guide": {
        "type": "QUEST_GUIDE_NPC",
        "autoGuide": "QUEST_GUIDE_AUTO_ENABLE",
        "param": ["1013", "SELECT_NPC_NONE"],
        "guideScene": 3,
        "guideStyle": "QUEST_GUIDE_STYLE_TARGET",
        "guideLayer": "QUEST_GUIDE_LAYER_SCENE"
      },
      "finishParent": true,
      "isRewind": true,
      "finishExec": [
        {
          "type": "QUEST_EXEC_UNLOCK_AVATAR_TEAM",
          "param": [0, 0],
          "param_str": ""
        },
        {
          "type": "QUEST_EXEC_SET_IS_GAME_TIME_LOCKED",
          "param": ["0", "0"],
          "param_str": ""
        },
        {
          "type": "QUEST_EXEC_SET_QUEST_GLOBAL_VAR",
          "param": ["12008", "1"],
          "param_str": ""
        },
        {
          "type": "QUEST_EXEC_ADD_QUEST_PROGRESS",
          "param": ["200807", "1"],
          "param_str": ""
        },
        {
          "type": "QUEST_EXEC_UNREGISTER_DYNAMIC_GROUP",
          "param": ["133220569", "1"],
          "param_str": ""
        }
      ],
      "failExec": [
        {
          "param": [],
          "param_str": ""
        }
      ],
      "beginExec": [
        {
          "type": "QUEST_EXEC_REGISTER_DYNAMIC_GROUP",
          "param": ["3", "133220569"],
          "param_str": ""
        },
        {
          "type": "QUEST_EXEC_LOCK_AVATAR_TEAM",
          "param": ["10000005", "0"],
          "param_str": ""
        }
      ],
      "exclusiveNpcList": [
        1013, 3171, 3172, 12038, 12039, 12111, 12112, 12113, 12114, 12115,
        12116, 3149, 3150
      ],
      "exclusiveNpcPriority": 1100,
      "exclusivePlaceList": [320901]
    },
    {
      "subId": 1200805,
      "mainId": 12008,
      "order": 92,
      "descTextMapHash": 303870740,
      "acceptCond": [
        {
          "type": "QUEST_COND_STATE_EQUAL",
          "param": [99902, 3],
          "param_str": ""
        }
      ],
      "finishCond": [
        {
          "type": "QUEST_CONTENT_COMPLETE_TALK",
          "param": [1200804, 0],
          "param_str": ""
        }
      ],
      "failCond": [
        {
          "param": [],
          "param_str": ""
        }
      ],
      "guide": {
        "type": "QUEST_GUIDE_NPC",
        "autoGuide": "QUEST_GUIDE_AUTO_ENABLE",
        "param": ["1013", "SELECT_NPC_NONE"],
        "guideScene": 3,
        "guideStyle": "QUEST_GUIDE_STYLE_TARGET",
        "guideLayer": "QUEST_GUIDE_LAYER_SCENE"
      },
      "finishExec": [
        {
          "type": "QUEST_EXEC_UNLOCK_AVATAR_TEAM",
          "param": [0, 0],
          "param_str": ""
        },
        {
          "type": "QUEST_EXEC_SET_IS_GAME_TIME_LOCKED",
          "param": ["0", "0"],
          "param_str": ""
        },
        {
          "type": "QUEST_EXEC_SET_QUEST_GLOBAL_VAR",
          "param": ["12008", "1"],
          "param_str": ""
        },
        {
          "type": "QUEST_EXEC_ADD_QUEST_PROGRESS",
          "param": ["200807", "1"],
          "param_str": ""
        }
      ],
      "failExec": [
        {
          "param": [],
          "param_str": ""
        }
      ],
      "beginExec": [
        {
          "param": [],
          "param_str": ""
        }
      ]
    },
    {
      "subId": 1200806,
      "mainId": 12008,
      "order": 4,
      "isMpBlock": true,
      "descTextMapHash": 285501556,
      "acceptCond": [
        {
          "type": "QUEST_COND_STATE_EQUAL",
          "param": [1200809, 3],
          "param_str": ""
        }
      ],
      "finishCond": [
        {
          "type": "QUEST_CONTENT_COMPLETE_TALK",
          "param": [1200805, 0],
          "param_str": ""
        }
      ],
      "failCond": [
        {
          "param": [],
          "param_str": ""
        }
      ],
      "guide": {
        "type": "QUEST_GUIDE_NPC",
        "autoGuide": "QUEST_GUIDE_AUTO_ENABLE",
        "param": ["1013", "SELECT_NPC_NONE"],
        "guideScene": 3,
        "guideStyle": "QUEST_GUIDE_STYLE_TARGET",
        "guideLayer": "QUEST_GUIDE_LAYER_SCENE"
      },
      "isRewind": true,
      "finishExec": [
        {
          "type": "QUEST_EXEC_RANDOM_QUEST_VAR",
          "param": ["1", "1", "4"],
          "param_str": ""
        }
      ],
      "failExec": [
        {
          "param": [],
          "param_str": ""
        }
      ],
      "beginExec": [
        {
          "param": [],
          "param_str": ""
        }
      ],
      "exclusiveNpcList": [
        1013, 3171, 3172, 12038, 12039, 12111, 12112, 12113, 12114, 12115,
        12116, 3149, 3150
      ],
      "exclusiveNpcPriority": 1100,
      "exclusivePlaceList": [320901]
    },
    {
      "subId": 1200807,
      "mainId": 12008,
      "order": 6,
      "isMpBlock": true,
      "descTextMapHash": 2674709236,
      "acceptCond": [
        {
          "type": "QUEST_COND_STATE_EQUAL",
          "param": [1200810, 3],
          "param_str": ""
        }
      ],
      "finishCond": [
        {
          "type": "QUEST_CONTENT_COMPLETE_TALK",
          "param": [1200815, 0],
          "param_str": ""
        }
      ],
      "failCond": [
        {
          "param": [],
          "param_str": ""
        }
      ],
      "guide": {
        "type": "QUEST_GUIDE_NPC",
        "autoGuide": "QUEST_GUIDE_AUTO_ENABLE",
        "param": ["1013", "SELECT_NPC_NONE"],
        "guideScene": 3,
        "guideStyle": "QUEST_GUIDE_STYLE_TARGET",
        "guideLayer": "QUEST_GUIDE_LAYER_SCENE"
      },
      "isRewind": true,
      "finishExec": [
        {
          "param": [],
          "param_str": ""
        }
      ],
      "failExec": [
        {
          "param": [],
          "param_str": ""
        }
      ],
      "beginExec": [
        {
          "param": [],
          "param_str": ""
        }
      ],
      "exclusiveNpcList": [
        1013, 3171, 3172, 12038, 12039, 12111, 12112, 12113, 12114, 12115,
        12116, 3149, 3150
      ],
      "exclusiveNpcPriority": 1100,
      "exclusivePlaceList": [320901]
    },
    {
      "subId": 1200808,
      "mainId": 12008,
      "order": 8,
      "isMpBlock": true,
      "descTextMapHash": 2364475692,
      "acceptCond": [
        {
          "type": "QUEST_COND_STATE_EQUAL",
          "param": [1200811, 3],
          "param_str": ""
        }
      ],
      "finishCond": [
        {
          "type": "QUEST_CONTENT_COMPLETE_TALK",
          "param": [1200807, 0],
          "param_str": ""
        }
      ],
      "failCond": [
        {
          "param": [],
          "param_str": ""
        }
      ],
      "guide": {
        "type": "QUEST_GUIDE_NPC",
        "autoGuide": "QUEST_GUIDE_AUTO_ENABLE",
        "param": ["1013", "SELECT_NPC_NONE"],
        "guideScene": 3,
        "guideStyle": "QUEST_GUIDE_STYLE_TARGET",
        "guideLayer": "QUEST_GUIDE_LAYER_SCENE"
      },
      "isRewind": true,
      "finishExec": [
        {
          "param": [],
          "param_str": ""
        }
      ],
      "failExec": [
        {
          "param": [],
          "param_str": ""
        }
      ],
      "beginExec": [
        {
          "param": [],
          "param_str": ""
        }
      ],
      "exclusiveNpcList": [
        1013, 3171, 3172, 12038, 12039, 12111, 12112, 12113, 12114, 12115,
        12116, 3149, 3150
      ],
      "exclusiveNpcPriority": 1100,
      "exclusivePlaceList": [320901]
    },
    {
      "subId": 1200809,
      "mainId": 12008,
      "order": 3,
      "isMpBlock": true,
      "descTextMapHash": 1667785788,
      "acceptCond": [
        {
          "type": "QUEST_COND_STATE_EQUAL",
          "param": [1200802, 3],
          "param_str": ""
        }
      ],
      "finishCond": [
        {
          "type": "QUEST_CONTENT_FINISH_PLOT",
          "param": [1200809, 0],
          "param_str": ""
        }
      ],
      "failCond": [
        {
          "param": [],
          "param_str": ""
        }
      ],
      "guide": {
        "type": "QUEST_GUIDE_NPC",
        "autoGuide": "QUEST_GUIDE_AUTO_ENABLE",
        "param": ["1013", "SELECT_NPC_NONE"],
        "guideScene": 3,
        "guideStyle": "QUEST_GUIDE_STYLE_TARGET",
        "guideLayer": "QUEST_GUIDE_LAYER_SCENE"
      },
      "finishExec": [
        {
          "param": [],
          "param_str": ""
        }
      ],
      "failExec": [
        {
          "param": [],
          "param_str": ""
        }
      ],
      "beginExec": [
        {
          "param": [],
          "param_str": ""
        }
      ],
      "exclusiveNpcList": [
        1013, 3171, 3172, 12038, 12039, 12111, 12112, 12113, 12114, 12115,
        12116, 3149, 3150
      ],
      "exclusiveNpcPriority": 1100,
      "exclusivePlaceList": [320901]
    },
    {
      "subId": 1200810,
      "mainId": 12008,
      "order": 5,
      "isMpBlock": true,
      "descTextMapHash": 792606612,
      "acceptCond": [
        {
          "type": "QUEST_COND_STATE_EQUAL",
          "param": [1200806, 3],
          "param_str": ""
        }
      ],
      "finishCond": [
        {
          "type": "QUEST_CONTENT_FINISH_PLOT",
          "param": [1200810, 0],
          "param_str": ""
        }
      ],
      "failCond": [
        {
          "param": [],
          "param_str": ""
        }
      ],
      "guide": {
        "type": "QUEST_GUIDE_NPC",
        "autoGuide": "QUEST_GUIDE_AUTO_ENABLE",
        "param": ["1013", "SELECT_NPC_NONE"],
        "guideScene": 3,
        "guideStyle": "QUEST_GUIDE_STYLE_TARGET",
        "guideLayer": "QUEST_GUIDE_LAYER_SCENE"
      },
      "finishExec": [
        {
          "param": [],
          "param_str": ""
        }
      ],
      "failExec": [
        {
          "param": [],
          "param_str": ""
        }
      ],
      "beginExec": [
        {
          "param": [],
          "param_str": ""
        }
      ],
      "exclusiveNpcList": [
        1013, 3171, 3172, 12038, 12039, 12111, 12112, 12113, 12114, 12115,
        12116, 3149, 3150
      ],
      "exclusiveNpcPriority": 1100,
      "exclusivePlaceList": [320901]
    },
    {
      "subId": 1200811,
      "mainId": 12008,
      "order": 7,
      "isMpBlock": true,
      "descTextMapHash": 1989593332,
      "acceptCond": [
        {
          "type": "QUEST_COND_STATE_EQUAL",
          "param": [1200807, 3],
          "param_str": ""
        }
      ],
      "finishCond": [
        {
          "type": "QUEST_CONTENT_FINISH_PLOT",
          "param": [1200811, 0],
          "param_str": ""
        }
      ],
      "failCond": [
        {
          "param": [],
          "param_str": ""
        }
      ],
      "guide": {
        "type": "QUEST_GUIDE_NPC",
        "autoGuide": "QUEST_GUIDE_AUTO_ENABLE",
        "param": ["1013", "SELECT_NPC_NONE"],
        "guideScene": 3,
        "guideStyle": "QUEST_GUIDE_STYLE_TARGET",
        "guideLayer": "QUEST_GUIDE_LAYER_SCENE"
      },
      "finishExec": [
        {
          "param": [],
          "param_str": ""
        }
      ],
      "failExec": [
        {
          "param": [],
          "param_str": ""
        }
      ],
      "beginExec": [
        {
          "param": [],
          "param_str": ""
        }
      ],
      "exclusiveNpcList": [
        1013, 3171, 3172, 12038, 12039, 12111, 12112, 12113, 12114, 12115,
        12116, 3149, 3150
      ],
      "exclusiveNpcPriority": 1100,
      "exclusivePlaceList": [320901]
    },
    {
      "subId": 1200812,
      "mainId": 12008,
      "order": 9,
      "isMpBlock": true,
      "descTextMapHash": 1224520540,
      "acceptCond": [
        {
          "type": "QUEST_COND_STATE_EQUAL",
          "param": [1200808, 3],
          "param_str": ""
        }
      ],
      "finishCond": [
        {
          "type": "QUEST_CONTENT_FINISH_PLOT",
          "param": [1200812, 0],
          "param_str": ""
        }
      ],
      "failCond": [
        {
          "param": [],
          "param_str": ""
        }
      ],
      "guide": {
        "type": "QUEST_GUIDE_NPC",
        "autoGuide": "QUEST_GUIDE_AUTO_ENABLE",
        "param": ["1013", "SELECT_NPC_NONE"],
        "guideScene": 3,
        "guideStyle": "QUEST_GUIDE_STYLE_TARGET",
        "guideLayer": "QUEST_GUIDE_LAYER_SCENE"
      },
      "finishExec": [
        {
          "param": [],
          "param_str": ""
        }
      ],
      "failExec": [
        {
          "param": [],
          "param_str": ""
        }
      ],
      "beginExec": [
        {
          "param": [],
          "param_str": ""
        }
      ],
      "exclusiveNpcList": [
        1013, 3171, 3172, 12038, 12039, 12111, 12112, 12113, 12114, 12115,
        12116, 3149, 3150
      ],
      "exclusiveNpcPriority": 1100,
      "exclusivePlaceList": [320901]
    },
    {
      "subId": 1200813,
      "mainId": 12008,
      "order": 13,
      "descTextMapHash": 2876154676,
      "showType": "QUEST_HIDDEN",
      "acceptCondComb": "LOGIC_AND",
      "acceptCond": [
        {
          "type": "QUEST_COND_STATE_EQUAL",
          "param": [1200810, 3],
          "param_str": ""
        },
        {
          "type": "QUEST_COND_QUEST_VAR_EQUAL",
          "param": [1, 1],
          "param_str": ""
        }
      ],
      "finishCond": [
        {
          "type": "QUEST_CONTENT_COMPLETE_TALK",
          "param": [1200812, 0],
          "param_str": ""
        }
      ],
      "failCondComb": "LOGIC_OR",
      "failCond": [
        {
          "type": "QUEST_CONTENT_COMPLETE_TALK",
          "param": [1200813, 0],
          "param_str": ""
        },
        {
          "type": "QUEST_CONTENT_COMPLETE_TALK",
          "param": [1200814, 0],
          "param_str": ""
        }
      ],
      "guide": {},
      "showGuide": "QUEST_GUIDE_ITEM_DISABLE",
      "failParentShow": "QUEST_HIDDEN",
      "finishExec": [
        {
          "param": [],
          "param_str": ""
        }
      ],
      "failExec": [
        {
          "param": [],
          "param_str": ""
        }
      ],
      "beginExec": [
        {
          "param": [],
          "param_str": ""
        }
      ]
    },
    {
      "subId": 1200814,
      "mainId": 12008,
      "order": 14,
      "descTextMapHash": 1062585412,
      "showType": "QUEST_HIDDEN",
      "acceptCondComb": "LOGIC_AND",
      "acceptCond": [
        {
          "type": "QUEST_COND_STATE_EQUAL",
          "param": [1200810, 3],
          "param_str": ""
        },
        {
          "type": "QUEST_COND_QUEST_VAR_EQUAL",
          "param": [1, 2],
          "param_str": ""
        }
      ],
      "finishCond": [
        {
          "type": "QUEST_CONTENT_COMPLETE_TALK",
          "param": [1200813, 0],
          "param_str": ""
        }
      ],
      "failCondComb": "LOGIC_OR",
      "failCond": [
        {
          "type": "QUEST_CONTENT_COMPLETE_TALK",
          "param": [1200812, 0],
          "param_str": ""
        },
        {
          "type": "QUEST_CONTENT_COMPLETE_TALK",
          "param": [1200814, 0],
          "param_str": ""
        }
      ],
      "guide": {},
      "showGuide": "QUEST_GUIDE_ITEM_DISABLE",
      "failParentShow": "QUEST_HIDDEN",
      "finishExec": [
        {
          "param": [],
          "param_str": ""
        }
      ],
      "failExec": [
        {
          "param": [],
          "param_str": ""
        }
      ],
      "beginExec": [
        {
          "param": [],
          "param_str": ""
        }
      ]
    },
    {
      "subId": 1200815,
      "mainId": 12008,
      "order": 15,
      "descTextMapHash": 1155185884,
      "showType": "QUEST_HIDDEN",
      "acceptCondComb": "LOGIC_AND",
      "acceptCond": [
        {
          "type": "QUEST_COND_STATE_EQUAL",
          "param": [1200810, 3],
          "param_str": ""
        },
        {
          "type": "QUEST_COND_QUEST_VAR_EQUAL",
          "param": [1, 3],
          "param_str": ""
        }
      ],
      "finishCond": [
        {
          "type": "QUEST_CONTENT_COMPLETE_TALK",
          "param": [1200814, 0],
          "param_str": ""
        }
      ],
      "failCondComb": "LOGIC_OR",
      "failCond": [
        {
          "type": "QUEST_CONTENT_COMPLETE_TALK",
          "param": [1200812, 0],
          "param_str": ""
        },
        {
          "type": "QUEST_CONTENT_COMPLETE_TALK",
          "param": [1200813, 0],
          "param_str": ""
        }
      ],
      "guide": {},
      "showGuide": "QUEST_GUIDE_ITEM_DISABLE",
      "failParentShow": "QUEST_HIDDEN",
      "finishExec": [
        {
          "param": [],
          "param_str": ""
        }
      ],
      "failExec": [
        {
          "param": [],
          "param_str": ""
        }
      ],
      "beginExec": [
        {
          "param": [],
          "param_str": ""
        }
      ]
    },
    {
      "subId": 1200816,
      "mainId": 12008,
      "order": 11,
      "descTextMapHash": 3586769724,
      "showType": "QUEST_HIDDEN",
      "acceptCond": [
        {
          "type": "QUEST_COND_STATE_EQUAL",
          "param": [1200802, 3],
          "param_str": ""
        }
      ],
      "finishCond": [
        {
          "type": "QUEST_CONTENT_COMPLETE_TALK",
          "param": [1200802, 0],
          "param_str": ""
        }
      ],
      "failCondComb": "LOGIC_OR",
      "failCond": [
        {
          "type": "QUEST_CONTENT_NOT_FINISH_PLOT",
          "param": [1200816, 0],
          "param_str": ""
        }
      ],
      "guide": {},
      "showGuide": "QUEST_GUIDE_ITEM_DISABLE",
      "failParentShow": "QUEST_HIDDEN",
      "finishExec": [
        {
          "param": [],
          "param_str": ""
        }
      ],
      "failExec": [
        {
          "type": "QUEST_EXEC_UNLOCK_AVATAR_TEAM",
          "param": [0, 0],
          "param_str": ""
        },
        {
          "type": "QUEST_EXEC_SET_IS_GAME_TIME_LOCKED",
          "param": ["0", "0"],
          "param_str": ""
        },
        {
          "type": "QUEST_EXEC_ROLLBACK_QUEST",
          "param": ["1200801", "0"],
          "param_str": ""
        }
      ],
      "beginExec": [
        {
          "type": "QUEST_EXEC_SET_GAME_TIME",
          "param": ["20", "0"],
          "param_str": ""
        },
        {
          "type": "QUEST_EXEC_LOCK_AVATAR_TEAM",
          "param": ["10000005", "0"],
          "param_str": ""
        },
        {
          "type": "QUEST_EXEC_SET_IS_GAME_TIME_LOCKED",
          "param": ["1", "0"],
          "param_str": ""
        }
      ]
    },
    {
      "subId": 1200817,
      "mainId": 12008,
      "order": 17,
      "descTextMapHash": 2086274180,
      "showType": "QUEST_HIDDEN",
      "acceptCond": [
        {
          "type": "QUEST_COND_STATE_EQUAL",
          "param": [1200801, 3],
          "param_str": ""
        }
      ],
      "finishCond": [
        {
          "type": "QUEST_CONTENT_FINISH_PLOT",
          "param": [1200817, 0],
          "param_str": ""
        }
      ],
      "failCond": [
        {
          "type": "QUEST_CONTENT_COMPLETE_TALK",
          "param": [1200801, 0],
          "param_str": ""
        }
      ],
      "guide": {},
      "showGuide": "QUEST_GUIDE_ITEM_DISABLE",
      "failParentShow": "QUEST_HIDDEN",
      "finishExec": [
        {
          "type": "QUEST_EXEC_SET_GAME_TIME",
          "param": ["20", "0"],
          "param_str": ""
        }
      ],
      "failExec": [
        {
          "param": [],
          "param_str": ""
        }
      ],
      "beginExec": [
        {
          "param": [],
          "param_str": ""
        }
      ]
    },
    {
      "subId": 1200818,
      "mainId": 12008,
      "order": 18,
      "descTextMapHash": 1260308660,
      "showType": "QUEST_HIDDEN",
      "acceptCond": [
        {
          "type": "QUEST_COND_STATE_EQUAL",
          "param": [1200812, 3],
          "param_str": ""
        }
      ],
      "finishCond": [
        {
          "type": "QUEST_CONTENT_FINISH_PLOT",
          "param": [1200818, 0],
          "param_str": ""
        }
      ],
      "failCond": [
        {
          "type": "QUEST_CONTENT_COMPLETE_TALK",
          "param": [1200802, 0],
          "param_str": ""
        }
      ],
      "guide": {},
      "showGuide": "QUEST_GUIDE_ITEM_DISABLE",
      "failParentShow": "QUEST_HIDDEN",
      "finishExec": [
        {
          "type": "QUEST_EXEC_REFRESH_GROUP_SUITE",
          "param": ["3", "133209041,2"],
          "param_str": ""
        }
      ],
      "failExec": [
        {
          "param": [],
          "param_str": ""
        }
      ],
      "beginExec": [
        {
          "param": [],
          "param_str": ""
        }
      ]
    },
    {
      "subId": 1200819,
      "mainId": 12008,
      "order": 19,
      "descTextMapHash": 18425724,
      "showType": "QUEST_HIDDEN",
      "acceptCond": [
        {
          "type": "QUEST_COND_STATE_EQUAL",
          "param": [1200803, 3],
          "param_str": ""
        }
      ],
      "finishCond": [
        {
          "type": "QUEST_CONTENT_FINISH_PLOT",
          "param": [1200819, 0],
          "param_str": ""
        }
      ],
      "failCondComb": "LOGIC_OR",
      "failCond": [
        {
          "type": "QUEST_CONTENT_COMPLETE_TALK",
          "param": [1200803, 0],
          "param_str": ""
        },
        {
          "type": "QUEST_CONTENT_COMPLETE_TALK",
          "param": [1200817, 0],
          "param_str": ""
        }
      ],
      "guide": {},
      "showGuide": "QUEST_GUIDE_ITEM_DISABLE",
      "failParentShow": "QUEST_HIDDEN",
      "finishExec": [
        {
          "type": "QUEST_EXEC_SET_GAME_TIME",
          "param": ["20", "0"],
          "param_str": ""
        }
      ],
      "failExec": [
        {
          "param": [],
          "param_str": ""
        }
      ],
      "beginExec": [
        {
          "param": [],
          "param_str": ""
        }
      ]
    }
  ],
  "talks": [
    {
      "id": 1200801,
      "beginWay": "TALK_BEGIN_MANUAL",
      "activeMode": "PLAY_MODE_SINGLE",
      "beginCond": [
        {
          "type": "QUEST_COND_STATE_EQUAL",
          "param": ["1200802", "2"],
          "param_str": ""
        }
      ],
      "priority": 5,
      "initDialog": 120080101,
      "npcId": [1013],
      "performCfg": "QuestDialogue/LQ/Ayaka1_12008/Q1200801",
      "heroTalk": "TALK_HERO_MAIN",
      "questId": 12008,
      "prePerformCfg": ""
    },
    {
      "id": 1200802,
      "beginWay": "TALK_BEGIN_AUTO",
      "activeMode": "PLAY_MODE_SINGLE",
      "beginCond": [
        {
          "type": "QUEST_COND_STATE_EQUAL",
          "param": ["1200803", "2"],
          "param_str": ""
        }
      ],
      "priority": 5,
      "initDialog": 120080201,
      "npcId": [1013],
      "performCfg": "QuestDialogue/LQ/Ayaka1_12008/Q1200802",
      "heroTalk": "TALK_HERO_MAIN",
      "questId": 12008,
      "prePerformCfg": ""
    },
    {
      "id": 1200803,
      "beginWay": "TALK_BEGIN_MANUAL",
      "activeMode": "PLAY_MODE_SINGLE",
      "beginCondComb": "LOGIC_AND",
      "beginCond": [
        {
          "type": "QUEST_COND_STATE_EQUAL",
          "param": ["1200804", "2"],
          "param_str": ""
        },
        {
          "type": "QUEST_COND_PLAYER_CHOOSE_MALE",
          "param": ["0", "0"],
          "param_str": ""
        }
      ],
      "priority": 5,
      "initDialog": 120080301,
      "npcId": [1013],
      "performCfg": "QuestDialogue/LQ/Ayaka1_12008/Q1200803",
      "heroTalk": "TALK_HERO_MAIN",
      "questId": 12008,
      "prePerformCfg": "",
      "lockGameTime": true
    },
    {
      "id": 1200804,
      "beginWay": "TALK_BEGIN_MANUAL",
      "activeMode": "PLAY_MODE_SINGLE",
      "beginCond": [
        {
          "type": "QUEST_COND_STATE_EQUAL",
          "param": ["1200805", "2"],
          "param_str": ""
        }
      ],
      "priority": 5,
      "initDialog": 120080401,
      "npcId": [1013],
      "performCfg": "",
      "heroTalk": "TALK_HERO_MAIN",
      "questId": 12008,
      "prePerformCfg": ""
    },
    {
      "id": 1200805,
      "beginWay": "TALK_BEGIN_AUTO",
      "activeMode": "PLAY_MODE_SINGLE",
      "beginCond": [
        {
          "type": "QUEST_COND_STATE_EQUAL",
          "param": ["1200806", "2"],
          "param_str": ""
        }
      ],
      "priority": 5,
      "initDialog": 120080501,
      "npcId": [1013],
      "performCfg": "QuestDialogue/LQ/Ayaka1_12008/Q1200805",
      "heroTalk": "TALK_HERO_MAIN",
      "questId": 12008,
      "prePerformCfg": ""
    },
    {
      "id": 1200806,
      "beginWay": "TALK_BEGIN_MANUAL",
      "activeMode": "PLAY_MODE_SINGLE",
      "beginCond": [
        {
          "type": "QUEST_COND_STATE_EQUAL",
          "param": ["1200807", "2"],
          "param_str": ""
        }
      ],
      "priority": 5,
      "nextTalks": [1200816],
      "initDialog": 120080601,
      "npcId": [1013],
      "performCfg": "QuestDialogue/LQ/Ayaka1_12008/Q1200806",
      "heroTalk": "TALK_HERO_MAIN",
      "questId": 12008,
      "prePerformCfg": ""
    },
    {
      "id": 1200807,
      "beginWay": "TALK_BEGIN_AUTO",
      "activeMode": "PLAY_MODE_SINGLE",
      "beginCond": [
        {
          "type": "QUEST_COND_STATE_EQUAL",
          "param": ["1200808", "2"],
          "param_str": ""
        }
      ],
      "priority": 5,
      "initDialog": 120080701,
      "npcId": [1013],
      "performCfg": "QuestDialogue/LQ/Ayaka1_12008/Q1200807",
      "heroTalk": "TALK_HERO_MAIN",
      "questId": 12008,
      "prePerformCfg": ""
    },
    {
      "id": 1200808,
      "beginWay": "TALK_BEGIN_MANUAL",
      "activeMode": "PLAY_MODE_SINGLE",
      "beginCondComb": "LOGIC_OR",
      "beginCond": [
        {
          "type": "QUEST_COND_STATE_EQUAL",
          "param": ["1200807", "2"],
          "param_str": ""
        },
        {
          "type": "QUEST_COND_STATE_EQUAL",
          "param": ["1200808", "2"],
          "param_str": ""
        },
        {
          "type": "QUEST_COND_STATE_EQUAL",
          "param": ["1200803", "2"],
          "param_str": ""
        },
        {
          "type": "QUEST_COND_STATE_EQUAL",
          "param": ["1200810", "2"],
          "param_str": ""
        },
        {
          "type": "QUEST_COND_STATE_EQUAL",
          "param": ["1200811", "2"],
          "param_str": ""
        },
        {
          "type": "QUEST_COND_STATE_EQUAL",
          "param": ["1200812", "2"],
          "param_str": ""
        }
      ],
      "priority": 5,
      "initDialog": 120080801,
      "npcId": [3171],
      "performCfg": "QuestDialogue/LQ/Ayaka1_12008/Q1200808",
      "heroTalk": "TALK_HERO_MAIN",
      "questId": 12008,
      "prePerformCfg": "",
      "lowPriority": true
    },
    {
      "id": 1200809,
      "beginWay": "TALK_BEGIN_MANUAL",
      "activeMode": "PLAY_MODE_SINGLE",
      "beginCondComb": "LOGIC_OR",
      "beginCond": [
        {
          "type": "QUEST_COND_STATE_EQUAL",
          "param": ["1200808", "2"],
          "param_str": ""
        },
        {
          "type": "QUEST_COND_STATE_EQUAL",
          "param": ["1200803", "2"],
          "param_str": ""
        },
        {
          "type": "QUEST_COND_STATE_EQUAL",
          "param": ["1200811", "2"],
          "param_str": ""
        },
        {
          "type": "QUEST_COND_STATE_EQUAL",
          "param": ["1200812", "2"],
          "param_str": ""
        }
      ],
      "priority": 5,
      "initDialog": 120080901,
      "npcId": [12038],
      "performCfg": "QuestDialogue/LQ/Ayaka1_12008/Q1200809",
      "heroTalk": "TALK_HERO_MAIN",
      "questId": 12008,
      "prePerformCfg": "",
      "lowPriority": true
    },
    {
      "id": 1200810,
      "beginWay": "TALK_BEGIN_MANUAL",
      "activeMode": "PLAY_MODE_SINGLE",
      "beginCondComb": "LOGIC_OR",
      "beginCond": [
        {
          "type": "QUEST_COND_STATE_EQUAL",
          "param": ["1200803", "2"],
          "param_str": ""
        },
        {
          "type": "QUEST_COND_STATE_EQUAL",
          "param": ["1200812", "2"],
          "param_str": ""
        }
      ],
      "priority": 5,
      "initDialog": 120081001,
      "npcId": [3172],
      "performCfg": "QuestDialogue/LQ/Ayaka1_12008/Q1200810",
      "heroTalk": "TALK_HERO_MAIN",
      "questId": 12008,
      "prePerformCfg": "",
      "lowPriority": true
    },
    {
      "id": 1200811,
      "beginWay": "TALK_BEGIN_MANUAL",
      "activeMode": "PLAY_MODE_SINGLE",
      "beginCondComb": "LOGIC_OR",
      "beginCond": [
        {
          "type": "QUEST_COND_STATE_EQUAL",
          "param": ["1200804", "2"],
          "param_str": ""
        },
        {
          "type": "QUEST_COND_STATE_EQUAL",
          "param": ["1200805", "2"],
          "param_str": ""
        }
      ],
      "priority": 5,
      "initDialog": 120081101,
      "npcId": [12039],
      "performCfg": "",
      "heroTalk": "TALK_HERO_MAIN",
      "questId": 12008,
      "prePerformCfg": "",
      "lowPriority": true
    },
    {
      "id": 1200812,
      "activeMode": "PLAY_MODE_SINGLE",
      "beginCond": [
        {
          "type": "QUEST_COND_STATE_EQUAL",
          "param": ["1200813", "2"],
          "param_str": ""
        }
      ],
      "priority": 5,
      "nextTalks": [1200815],
      "initDialog": 120081201,
      "npcId": [1013],
      "performCfg": "QuestDialogue/LQ/Ayaka1_12008/Q1200812",
      "heroTalk": "TALK_HERO_MAIN",
      "questId": 12008,
      "prePerformCfg": ""
    },
    {
      "id": 1200813,
      "activeMode": "PLAY_MODE_SINGLE",
      "beginCond": [
        {
          "type": "QUEST_COND_STATE_EQUAL",
          "param": ["1200814", "2"],
          "param_str": ""
        }
      ],
      "priority": 5,
      "nextTalks": [1200815],
      "initDialog": 120081301,
      "npcId": [1013],
      "performCfg": "QuestDialogue/LQ/Ayaka1_12008/Q1200813",
      "heroTalk": "TALK_HERO_MAIN",
      "questId": 12008,
      "prePerformCfg": ""
    },
    {
      "id": 1200814,
      "activeMode": "PLAY_MODE_SINGLE",
      "beginCond": [
        {
          "type": "QUEST_COND_STATE_EQUAL",
          "param": ["1200815", "2"],
          "param_str": ""
        }
      ],
      "priority": 5,
      "nextTalks": [1200815],
      "initDialog": 120081401,
      "npcId": [1013],
      "performCfg": "QuestDialogue/LQ/Ayaka1_12008/Q1200814",
      "heroTalk": "TALK_HERO_MAIN",
      "questId": 12008,
      "prePerformCfg": ""
    },
    {
      "id": 1200815,
      "activeMode": "PLAY_MODE_SINGLE",
      "beginCond": [
        {
          "type": "QUEST_COND_STATE_EQUAL",
          "param": ["1200807", "2"],
          "param_str": ""
        }
      ],
      "priority": 5,
      "initDialog": 120081501,
      "npcId": [1013],
      "performCfg": "QuestDialogue/LQ/Ayaka1_12008/Q1200815",
      "heroTalk": "TALK_HERO_MAIN",
      "questId": 12008,
      "prePerformCfg": ""
    },
    {
      "id": 1200816,
      "activeMode": "PLAY_MODE_SINGLE",
      "beginCond": [
        {
          "type": "QUEST_COND_STATE_EQUAL",
          "param": ["1200807", "2"],
          "param_str": ""
        }
      ],
      "priority": 5,
      "nextTalks": [1200812, 1200813, 1200814],
      "initDialog": 120081601,
      "npcId": [1013],
      "performCfg": "QuestDialogue/LQ/Ayaka1_12008/Q1200816",
      "heroTalk": "TALK_HERO_MAIN",
      "questId": 12008,
      "prePerformCfg": ""
    },
    {
      "id": 1200817,
      "beginWay": "TALK_BEGIN_MANUAL",
      "activeMode": "PLAY_MODE_SINGLE",
      "beginCondComb": "LOGIC_AND",
      "beginCond": [
        {
          "type": "QUEST_COND_STATE_EQUAL",
          "param": ["1200804", "2"],
          "param_str": ""
        },
        {
          "type": "QUEST_COND_PLAYER_CHOOSE_MALE",
          "param": ["1", "0"],
          "param_str": ""
        }
      ],
      "priority": 5,
      "initDialog": 120081701,
      "npcId": [1013],
      "performCfg": "QuestDialogue/LQ/Ayaka1_12008/Q1200817",
      "heroTalk": "TALK_HERO_MAIN",
      "questId": 12008,
      "prePerformCfg": "",
      "lockGameTime": true
    }
  ]
}
