{
  "id": 12019,
  "type": "LQ",
  "series": 2023,
  "titleTextMapHash": 147981751,
  "descTextMapHash": 1116930782,
  "luaPath": "Actor/Quest/LQ12019",
  "showType": "QUEST_HIDDEN",
  "chapterId": 2023,
  "subQuests": [
    {
      "subId": 1201901,
      "mainId": 12019,
      "order": 1,
      "descTextMapHash": 2041503260,
      "showType": "QUEST_HIDDEN",
      "acceptCond": [
        {
          "type": "QUEST_COND_STATE_EQUAL",
          "param": [1201812, 3],
          "param_str": ""
        }
      ],
      "finishCond": [
        {
          "type": "QUEST_CONTENT_FINISH_PLOT",
          "param": [1201901, 0],
          "param_str": ""
        }
      ],
      "failCond": [
        {
          "param": [],
          "param_str": ""
        }
      ],
      "guide": {},
      "showGuide": "QUEST_GUIDE_ITEM_DISABLE",
      "finishParent": true,
      "finishExec": [
        {
          "param": [],
          "param_str": ""
        }
      ],
      "failExec": [
        {
          "param": [],
          "param_str": ""
        }
      ],
      "beginExec": [
        {
          "param": [],
          "param_str": ""
        }
      ]
    }
  ],
  "talks": [
    {
      "id": 1201901,
      "beginWay": "TALK_BEGIN_MANUAL",
      "beginCond": [
        {
          "type": "QUEST_COND_STATE_EQUAL",
          "param": ["1201901", "2"],
          "param_str": ""
        }
      ],
      "priority": 5,
      "initDialog": 120190101,
      "npcId": [1034],
      "performCfg": "QuestDialogue/LQ/Shougun1_12019/Q1201901",
      "heroTalk": "TALK_HERO_MAIN",
      "questId": 12019,
      "prePerformCfg": ""
    }
  ]
}
