{
  "id": 12013,
  "type": "LQ",
  "series": 1201,
  "titleTextMapHash": 3118424423,
  "descTextMapHash": 3574757910,
  "luaPath": "Actor/Quest/LQ12013",
  "rewardIdList": [112013],
  "chapterId": 2021,
  "subQuests": [
    {
      "subId": 1201301,
      "mainId": 12013,
      "order": 2,
      "descTextMapHash": 2614101956,
      "acceptCond": [
        {
          "type": "QUEST_COND_STATE_EQUAL",
          "param": [1201310, 3],
          "param_str": ""
        }
      ],
      "finishCond": [
        {
          "type": "QUEST_CONTENT_COMPLETE_TALK",
          "param": [1201301, 0],
          "param_str": ""
        }
      ],
      "failCond": [
        {
          "param": [],
          "param_str": ""
        }
      ],
      "guide": {
        "type": "QUEST_GUIDE_LOCATION",
        "param": ["Q12013_Yoimiya_Childrens_Pos"],
        "guideScene": 3,
        "guideStyle": "QUEST_GUIDE_STYLE_POINT",
        "guideLayer": "QUEST_GUIDE_LAYER_SCENE"
      },
      "isRewind": true,
      "finishExec": [
        {
          "param": [],
          "param_str": ""
        }
      ],
      "failExec": [
        {
          "param": [],
          "param_str": ""
        }
      ],
      "beginExec": [
        {
          "param": [],
          "param_str": ""
        }
      ],
      "exclusiveNpcList": [
        12027, 12028, 12029, 1035, 3035, 12052, 3036, 3037, 3066, 12030, 3094
      ],
      "exclusiveNpcPriority": 1100,
      "exclusivePlaceList": [322001]
    },
    {
      "subId": 1201302,
      "mainId": 12013,
      "order": 4,
      "descTextMapHash": 1700078252,
      "acceptCond": [
        {
          "type": "QUEST_COND_STATE_EQUAL",
          "param": [1201311, 3],
          "param_str": ""
        }
      ],
      "finishCond": [
        {
          "type": "QUEST_CONTENT_COMPLETE_TALK",
          "param": [1201302, 0],
          "param_str": ""
        }
      ],
      "failCond": [
        {
          "param": [],
          "param_str": ""
        }
      ],
      "guide": {
        "type": "QUEST_GUIDE_NPC",
        "param": ["12031"],
        "guideScene": 3,
        "guideStyle": "QUEST_GUIDE_STYLE_TARGET",
        "guideLayer": "QUEST_GUIDE_LAYER_SCENE"
      },
      "isRewind": true,
      "finishExec": [
        {
          "type": "QUEST_EXEC_GRANT_TRIAL_AVATAR",
          "param": ["28", "0"],
          "param_str": ""
        }
      ],
      "failExec": [
        {
          "param": [],
          "param_str": ""
        }
      ],
      "beginExec": [
        {
          "type": "QUEST_EXEC_REGISTER_DYNAMIC_GROUP_ONLY",
          "param": ["133220191", "0"],
          "param_str": ""
        },
        {
          "type": "QUEST_EXEC_REGISTER_DYNAMIC_GROUP",
          "param": ["3", "133220510"],
          "param_str": ""
        },
        {
          "type": "QUEST_EXEC_UNREGISTER_DYNAMIC_GROUP",
          "param": ["133209002", "0"],
          "param_str": ""
        }
      ],
      "exclusiveNpcList": [
        12031, 12032, 1035, 3035, 12052, 12033, 3036, 3037, 3066, 12030, 3094
      ],
      "exclusiveNpcPriority": 1100
    },
    {
      "subId": 1201303,
      "mainId": 12013,
      "order": 5,
      "isMpBlock": true,
      "descTextMapHash": 808329356,
      "acceptCond": [
        {
          "type": "QUEST_COND_STATE_EQUAL",
          "param": [1201302, 3],
          "param_str": ""
        }
      ],
      "finishCond": [
        {
          "type": "QUEST_CONTENT_LUA_NOTIFY",
          "param": [0, 0],
          "param_str": "133209002",
          "count": 1
        }
      ],
      "failCondComb": "LOGIC_OR",
      "failCond": [
        {
          "type": "QUEST_CONTENT_NOT_FINISH_PLOT",
          "param": [1201303, 0],
          "param_str": ""
        },
        {
          "type": "QUEST_CONTENT_ANY_MANUAL_TRANSPORT",
          "param": [0, 0],
          "param_str": ""
        },
        {
          "type": "QUEST_CONTENT_TEAM_DEAD",
          "param": [0, 0],
          "param_str": ""
        }
      ],
      "guide": {
        "type": "QUEST_GUIDE_LOCATION",
        "param": ["Q12013_Battle1_Pos", "40"],
        "guideScene": 3,
        "guideStyle": "QUEST_GUIDE_STYLE_TARGET",
        "guideLayer": "QUEST_GUIDE_LAYER_SCENE"
      },
      "finishExec": [
        {
          "type": "QUEST_EXEC_UNREGISTER_DYNAMIC_GROUP",
          "param": ["133209002", "0"],
          "param_str": ""
        },
        {
          "type": "QUEST_EXEC_REMOVE_TRIAL_AVATAR",
          "param": ["28", "0"],
          "param_str": ""
        }
      ],
      "failExec": [
        {
          "type": "QUEST_EXEC_ROLLBACK_QUEST",
          "param": ["1201311", "0"],
          "param_str": ""
        },
        {
          "type": "QUEST_EXEC_UNREGISTER_DYNAMIC_GROUP",
          "param": ["133209002", "0"],
          "param_str": ""
        },
        {
          "type": "QUEST_EXEC_REMOVE_TRIAL_AVATAR",
          "param": ["28", "0"],
          "param_str": ""
        }
      ],
      "beginExec": [
        {
          "type": "QUEST_EXEC_REGISTER_DYNAMIC_GROUP",
          "param": ["3", "133209002"],
          "param_str": ""
        },
        {
          "type": "QUEST_EXEC_REGISTER_DYNAMIC_GROUP_ONLY",
          "param": ["133220191", "0"],
          "param_str": ""
        },
        {
          "type": "QUEST_EXEC_REGISTER_DYNAMIC_GROUP",
          "param": ["3", "133220510"],
          "param_str": ""
        }
      ],
      "exclusiveNpcList": [12031, 1035, 12030, 3094],
      "exclusiveNpcPriority": 1100,
      "trialAvatarList": [28]
    },
    {
      "subId": 1201304,
      "mainId": 12013,
      "order": 6,
      "descTextMapHash": 2566213748,
      "acceptCond": [
        {
          "type": "QUEST_COND_STATE_EQUAL",
          "param": [1201303, 3],
          "param_str": ""
        }
      ],
      "finishCond": [
        {
          "type": "QUEST_CONTENT_COMPLETE_TALK",
          "param": [1201303, 0],
          "param_str": ""
        }
      ],
      "failCond": [
        {
          "param": [],
          "param_str": ""
        }
      ],
      "guide": {
        "type": "QUEST_GUIDE_NPC",
        "param": ["12031", "SELECT_NPC_NONE"],
        "guideScene": 3,
        "guideStyle": "QUEST_GUIDE_STYLE_TARGET",
        "guideLayer": "QUEST_GUIDE_LAYER_SCENE"
      },
      "isRewind": true,
      "finishExec": [
        {
          "type": "QUEST_EXEC_UNREGISTER_DYNAMIC_GROUP",
          "param": ["133220191", "1"],
          "param_str": ""
        },
        {
          "type": "QUEST_EXEC_UNREGISTER_DYNAMIC_GROUP",
          "param": ["133220510", "1"],
          "param_str": ""
        }
      ],
      "failExec": [
        {
          "param": [],
          "param_str": ""
        }
      ],
      "beginExec": [
        {
          "type": "QUEST_EXEC_REGISTER_DYNAMIC_GROUP_ONLY",
          "param": ["133220191", "0"],
          "param_str": ""
        },
        {
          "type": "QUEST_EXEC_REGISTER_DYNAMIC_GROUP",
          "param": ["3", "133220510"],
          "param_str": ""
        }
      ],
      "exclusiveNpcList": [12031, 1035, 12030, 3094],
      "exclusiveNpcPriority": 1100
    },
    {
      "subId": 1201305,
      "mainId": 12013,
      "order": 7,
      "descTextMapHash": 2262874876,
      "acceptCond": [
        {
          "type": "QUEST_COND_STATE_EQUAL",
          "param": [1201304, 3],
          "param_str": ""
        }
      ],
      "finishCond": [
        {
          "type": "QUEST_CONTENT_COMPLETE_TALK",
          "param": [1201305, 0],
          "param_str": ""
        }
      ],
      "failCond": [
        {
          "param": [],
          "param_str": ""
        }
      ],
      "guide": {
        "type": "QUEST_GUIDE_LOCATION",
        "param": ["Q12013_Battle2_Pos", "35"],
        "guideScene": 3,
        "guideStyle": "QUEST_GUIDE_STYLE_TARGET",
        "guideLayer": "QUEST_GUIDE_LAYER_SCENE"
      },
      "isRewind": true,
      "finishExec": [
        {
          "type": "QUEST_EXEC_GRANT_TRIAL_AVATAR",
          "param": ["28", "0"],
          "param_str": ""
        },
        {
          "type": "QUEST_EXEC_UNREGISTER_DYNAMIC_GROUP",
          "param": ["133220386", "0"],
          "param_str": ""
        }
      ],
      "failExec": [
        {
          "param": [],
          "param_str": ""
        }
      ],
      "beginExec": [
        {
          "type": "QUEST_EXEC_REGISTER_DYNAMIC_GROUP",
          "param": ["3", "133220386"],
          "param_str": ""
        },
        {
          "type": "QUEST_EXEC_REGISTER_DYNAMIC_GROUP",
          "param": ["3", "133220561"],
          "param_str": ""
        },
        {
          "type": "QUEST_EXEC_UNREGISTER_DYNAMIC_GROUP",
          "param": ["133209003", "0"],
          "param_str": ""
        }
      ],
      "exclusiveNpcList": [12031, 12025, 12026, 1035, 12030, 3094],
      "exclusiveNpcPriority": 1100,
      "exclusivePlaceList": [320902]
    },
    {
      "subId": 1201306,
      "mainId": 12013,
      "order": 8,
      "isMpBlock": true,
      "descTextMapHash": 3230859980,
      "acceptCond": [
        {
          "type": "QUEST_COND_STATE_EQUAL",
          "param": [1201305, 3],
          "param_str": ""
        }
      ],
      "finishCond": [
        {
          "type": "QUEST_CONTENT_LUA_NOTIFY",
          "param": [0, 0],
          "param_str": "133209003",
          "count": 1
        }
      ],
      "failCondComb": "LOGIC_OR",
      "failCond": [
        {
          "type": "QUEST_CONTENT_NOT_FINISH_PLOT",
          "param": [1201306, 0],
          "param_str": ""
        },
        {
          "type": "QUEST_CONTENT_TEAM_DEAD",
          "param": [0, 0],
          "param_str": ""
        },
        {
          "type": "QUEST_CONTENT_ANY_MANUAL_TRANSPORT",
          "param": [0, 0],
          "param_str": ""
        }
      ],
      "guide": {
        "type": "QUEST_GUIDE_LOCATION",
        "param": ["Q12013_Battle2_Pos", "35"],
        "guideScene": 3,
        "guideStyle": "QUEST_GUIDE_STYLE_TARGET",
        "guideLayer": "QUEST_GUIDE_LAYER_SCENE"
      },
      "finishExec": [
        {
          "type": "QUEST_EXEC_UNREGISTER_DYNAMIC_GROUP",
          "param": ["133209003", "0"],
          "param_str": ""
        },
        {
          "type": "QUEST_EXEC_REMOVE_TRIAL_AVATAR",
          "param": ["28", "0"],
          "param_str": ""
        }
      ],
      "failExec": [
        {
          "type": "QUEST_EXEC_ROLLBACK_QUEST",
          "param": ["1201305", "0"],
          "param_str": ""
        },
        {
          "type": "QUEST_EXEC_UNREGISTER_DYNAMIC_GROUP",
          "param": ["133209003", "0"],
          "param_str": ""
        },
        {
          "type": "QUEST_EXEC_REMOVE_TRIAL_AVATAR",
          "param": ["28", "0"],
          "param_str": ""
        }
      ],
      "beginExec": [
        {
          "type": "QUEST_EXEC_REGISTER_DYNAMIC_GROUP",
          "param": ["3", "133209003"],
          "param_str": ""
        },
        {
          "type": "QUEST_EXEC_NOTIFY_GROUP_LUA",
          "param": ["3", "133209003"],
          "param_str": ""
        },
        {
          "type": "QUEST_EXEC_REGISTER_DYNAMIC_GROUP",
          "param": ["3", "133220561"],
          "param_str": ""
        }
      ],
      "exclusiveNpcList": [12031, 12025, 12026, 1035, 12030, 3094],
      "exclusiveNpcPriority": 1100,
      "trialAvatarList": [28],
      "exclusivePlaceList": [320902]
    },
    {
      "subId": 1201307,
      "mainId": 12013,
      "order": 9,
      "descTextMapHash": 2150907716,
      "acceptCond": [
        {
          "type": "QUEST_COND_STATE_EQUAL",
          "param": [1201306, 3],
          "param_str": ""
        }
      ],
      "finishCond": [
        {
          "type": "QUEST_CONTENT_COMPLETE_TALK",
          "param": [1201307, 0],
          "param_str": ""
        }
      ],
      "failCond": [
        {
          "param": [],
          "param_str": ""
        }
      ],
      "guide": {
        "type": "QUEST_GUIDE_NPC",
        "param": ["12026", "SELECT_NPC_NONE"],
        "guideScene": 3,
        "guideStyle": "QUEST_GUIDE_STYLE_TARGET",
        "guideLayer": "QUEST_GUIDE_LAYER_SCENE"
      },
      "isRewind": true,
      "finishExec": [
        {
          "type": "QUEST_EXEC_UNREGISTER_DYNAMIC_GROUP",
          "param": ["133220561", "1"],
          "param_str": ""
        }
      ],
      "failExec": [
        {
          "param": [],
          "param_str": ""
        }
      ],
      "beginExec": [
        {
          "type": "QUEST_EXEC_REGISTER_DYNAMIC_GROUP",
          "param": ["3", "133220561"],
          "param_str": ""
        }
      ],
      "exclusiveNpcList": [12031, 12025, 12026, 1035, 12030, 3094],
      "exclusiveNpcPriority": 1100,
      "exclusivePlaceList": [320902]
    },
    {
      "subId": 1201308,
      "mainId": 12013,
      "order": 10,
      "descTextMapHash": 1448148308,
      "acceptCond": [
        {
          "type": "QUEST_COND_STATE_EQUAL",
          "param": [1201307, 3],
          "param_str": ""
        }
      ],
      "finishCond": [
        {
          "type": "QUEST_CONTENT_FINISH_PLOT",
          "param": [1201308, 0],
          "param_str": ""
        }
      ],
      "failCond": [
        {
          "param": [],
          "param_str": ""
        }
      ],
      "guide": {
        "type": "QUEST_GUIDE_LOCATION",
        "param": ["Q12013_Finial_Pos"],
        "guideScene": 3,
        "guideStyle": "QUEST_GUIDE_STYLE_POINT",
        "guideLayer": "QUEST_GUIDE_LAYER_SCENE"
      },
      "isRewind": true,
      "finishExec": [
        {
          "type": "QUEST_EXEC_SET_GAME_TIME",
          "param": ["22", "0"],
          "param_str": ""
        }
      ],
      "failExec": [
        {
          "param": [],
          "param_str": ""
        }
      ],
      "beginExec": [
        {
          "param": [],
          "param_str": ""
        }
      ],
      "exclusiveNpcList": [1035, 12030, 3094],
      "exclusiveNpcPriority": 1100,
      "exclusivePlaceList": [320901]
    },
    {
      "subId": 1201309,
      "mainId": 12013,
      "order": 12,
      "descTextMapHash": 3352259500,
      "acceptCond": [
        {
          "type": "QUEST_COND_STATE_EQUAL",
          "param": [1201312, 3],
          "param_str": ""
        }
      ],
      "finishCond": [
        {
          "type": "QUEST_CONTENT_COMPLETE_TALK",
          "param": [1201308, 0],
          "param_str": ""
        }
      ],
      "failCond": [
        {
          "param": [],
          "param_str": ""
        }
      ],
      "guide": {
        "type": "QUEST_GUIDE_NPC",
        "param": ["1035", "SELECT_NPC_NONE"],
        "guideScene": 3,
        "guideStyle": "QUEST_GUIDE_STYLE_FINISH",
        "guideLayer": "QUEST_GUIDE_LAYER_SCENE"
      },
      "finishParent": true,
      "isRewind": true,
      "finishExec": [
        {
          "type": "QUEST_EXEC_SET_QUEST_GLOBAL_VAR",
          "param": ["12013", "1"],
          "param_str": ""
        },
        {
          "type": "QUEST_EXEC_ADD_QUEST_PROGRESS",
          "param": ["200807", "1"],
          "param_str": ""
        }
      ],
      "failExec": [
        {
          "param": [],
          "param_str": ""
        }
      ],
      "beginExec": [
        {
          "param": [],
          "param_str": ""
        }
      ],
      "exclusiveNpcList": [1035, 12030, 3094],
      "exclusiveNpcPriority": 1100,
      "exclusivePlaceList": [320901]
    },
    {
      "subId": 1201310,
      "mainId": 12013,
      "order": 1,
      "descTextMapHash": 4195049284,
      "acceptCond": [
        {
          "type": "QUEST_COND_STATE_EQUAL",
          "param": [1201206, 3],
          "param_str": ""
        }
      ],
      "finishCond": [
        {
          "type": "QUEST_CONTENT_FINISH_PLOT",
          "param": [1201310, 0],
          "param_str": ""
        }
      ],
      "failCond": [
        {
          "param": [],
          "param_str": ""
        }
      ],
      "guide": {
        "type": "QUEST_GUIDE_LOCATION",
        "param": ["Q12013_Yoimiya_Childrens_Pos", "40"],
        "guideScene": 3,
        "guideStyle": "QUEST_GUIDE_STYLE_TARGET",
        "guideLayer": "QUEST_GUIDE_LAYER_SCENE"
      },
      "isRewind": true,
      "finishExec": [
        {
          "param": [],
          "param_str": ""
        }
      ],
      "failExec": [
        {
          "param": [],
          "param_str": ""
        }
      ],
      "beginExec": [
        {
          "param": [],
          "param_str": ""
        }
      ],
      "exclusiveNpcList": [
        12027, 12028, 12029, 1035, 3035, 12052, 3036, 3037, 3066, 12030, 3094
      ],
      "exclusiveNpcPriority": 1100,
      "exclusivePlaceList": [322001]
    },
    {
      "subId": 1201311,
      "mainId": 12013,
      "order": 3,
      "descTextMapHash": 2159835948,
      "acceptCond": [
        {
          "type": "QUEST_COND_STATE_EQUAL",
          "param": [1201301, 3],
          "param_str": ""
        }
      ],
      "finishCond": [
        {
          "type": "QUEST_CONTENT_FINISH_PLOT",
          "param": [1201311, 0],
          "param_str": ""
        }
      ],
      "failCond": [
        {
          "param": [],
          "param_str": ""
        }
      ],
      "guide": {
        "type": "QUEST_GUIDE_LOCATION",
        "param": ["Q12013_Battle1_Pos", "40"],
        "guideScene": 3,
        "guideStyle": "QUEST_GUIDE_STYLE_TARGET",
        "guideLayer": "QUEST_GUIDE_LAYER_SCENE"
      },
      "isRewind": true,
      "finishExec": [
        {
          "param": [],
          "param_str": ""
        }
      ],
      "failExec": [
        {
          "param": [],
          "param_str": ""
        }
      ],
      "beginExec": [
        {
          "type": "QUEST_EXEC_REGISTER_DYNAMIC_GROUP",
          "param": ["3", "133220191"],
          "param_str": ""
        },
        {
          "type": "QUEST_EXEC_REGISTER_DYNAMIC_GROUP",
          "param": ["3", "133220510"],
          "param_str": ""
        }
      ],
      "exclusiveNpcList": [
        12031, 12032, 1035, 3035, 12052, 12033, 3036, 3037, 3066, 12030, 3094
      ],
      "exclusiveNpcPriority": 1100,
      "exclusivePlaceList": [322001]
    },
    {
      "subId": 1201312,
      "mainId": 12013,
      "order": 11,
      "isMpBlock": true,
      "descTextMapHash": 2678135508,
      "showType": "QUEST_HIDDEN",
      "acceptCond": [
        {
          "type": "QUEST_COND_STATE_EQUAL",
          "param": [1201308, 3],
          "param_str": ""
        }
      ],
      "finishCond": [
        {
          "type": "QUEST_CONTENT_FINISH_PLOT",
          "param": [1201312, 0],
          "param_str": ""
        }
      ],
      "failCond": [
        {
          "param": [],
          "param_str": ""
        }
      ],
      "guide": {},
      "finishExec": [
        {
          "param": [],
          "param_str": ""
        }
      ],
      "failExec": [
        {
          "param": [],
          "param_str": ""
        }
      ],
      "beginExec": [
        {
          "param": [],
          "param_str": ""
        }
      ],
      "exclusiveNpcList": [1035, 12030, 3094],
      "exclusiveNpcPriority": 1100,
      "exclusivePlaceList": [320901]
    }
  ],
  "talks": [
    {
      "id": 1201301,
      "beginWay": "TALK_BEGIN_AUTO",
      "activeMode": "PLAY_MODE_SINGLE",
      "beginCond": [
        {
          "type": "QUEST_COND_STATE_EQUAL",
          "param": ["1201301", "2"],
          "param_str": ""
        }
      ],
      "priority": 5,
      "initDialog": 120130101,
      "npcId": [12027],
      "performCfg": "QuestDialogue/LQ/Yoimiya_12013/Q1201301",
      "heroTalk": "TALK_HERO_MAIN",
      "questId": 12013,
      "prePerformCfg": "",
      "enableCameraDisplacement": true
    },
    {
      "id": 1201302,
      "beginWay": "TALK_BEGIN_AUTO",
      "activeMode": "PLAY_MODE_SINGLE",
      "beginCond": [
        {
          "type": "QUEST_COND_STATE_EQUAL",
          "param": ["1201302", "2"],
          "param_str": ""
        }
      ],
      "priority": 5,
      "initDialog": 120130201,
      "npcId": [12031],
      "performCfg": "QuestDialogue/LQ/Yoimiya_12013/Q1201302",
      "heroTalk": "TALK_HERO_MAIN",
      "questId": 12013,
      "prePerformCfg": "",
      "enableCameraDisplacement": true
    },
    {
      "id": 1201303,
      "beginWay": "TALK_BEGIN_AUTO",
      "activeMode": "PLAY_MODE_SINGLE",
      "beginCond": [
        {
          "type": "QUEST_COND_STATE_EQUAL",
          "param": ["1201304", "2"],
          "param_str": ""
        }
      ],
      "priority": 5,
      "initDialog": 120130301,
      "npcId": [12031],
      "performCfg": "QuestDialogue/LQ/Yoimiya_12013/Q1201303",
      "heroTalk": "TALK_HERO_MAIN",
      "questId": 12013,
      "prePerformCfg": "",
      "enableCameraDisplacement": true
    },
    {
      "id": 1201305,
      "beginWay": "TALK_BEGIN_AUTO",
      "activeMode": "PLAY_MODE_SINGLE",
      "beginCond": [
        {
          "type": "QUEST_COND_STATE_EQUAL",
          "param": ["1201305", "2"],
          "param_str": ""
        }
      ],
      "priority": 5,
      "initDialog": 120130501,
      "npcId": [12026],
      "performCfg": "QuestDialogue/LQ/Yoimiya_12013/Q1201305",
      "heroTalk": "TALK_HERO_MAIN",
      "questId": 12013,
      "prePerformCfg": ""
    },
    {
      "id": 1201307,
      "beginWay": "TALK_BEGIN_AUTO",
      "activeMode": "PLAY_MODE_SINGLE",
      "beginCond": [
        {
          "type": "QUEST_COND_STATE_EQUAL",
          "param": ["1201307", "2"],
          "param_str": ""
        }
      ],
      "priority": 5,
      "initDialog": 120130701,
      "npcId": [12026],
      "performCfg": "QuestDialogue/LQ/Yoimiya_12013/Q1201307",
      "heroTalk": "TALK_HERO_MAIN",
      "questId": 12013,
      "prePerformCfg": ""
    },
    {
      "id": 1201308,
      "beginWay": "TALK_BEGIN_AUTO",
      "activeMode": "PLAY_MODE_SINGLE",
      "beginCond": [
        {
          "type": "QUEST_COND_STATE_EQUAL",
          "param": ["1201309", "2"],
          "param_str": ""
        }
      ],
      "priority": 5,
      "initDialog": 120130801,
      "npcId": [1035],
      "performCfg": "QuestDialogue/LQ/Yoimiya_12013/Q1201308",
      "heroTalk": "TALK_HERO_MAIN",
      "questId": 12013,
      "prePerformCfg": "",
      "lockGameTime": true
    },
    {
      "id": 1201309,
      "beginWay": "TALK_BEGIN_MANUAL",
      "activeMode": "PLAY_MODE_SINGLE",
      "beginCondComb": "LOGIC_OR",
      "beginCond": [
        {
          "type": "QUEST_COND_STATE_EQUAL",
          "param": ["1201301", "2"],
          "param_str": ""
        },
        {
          "type": "QUEST_COND_STATE_EQUAL",
          "param": ["1201310", "2"],
          "param_str": ""
        },
        {
          "type": "QUEST_COND_STATE_EQUAL",
          "param": ["1201302", "2"],
          "param_str": ""
        },
        {
          "type": "QUEST_COND_STATE_EQUAL",
          "param": ["1201311", "2"],
          "param_str": ""
        }
      ],
      "priority": 5,
      "initDialog": 120130901,
      "npcId": [3035],
      "performCfg": "QuestDialogue/LQ/Yoimiya_12013/Q1201309",
      "heroTalk": "TALK_HERO_MAIN",
      "questId": 12013,
      "prePerformCfg": ""
    },
    {
      "id": 1201310,
      "beginWay": "TALK_BEGIN_MANUAL",
      "activeMode": "PLAY_MODE_SINGLE",
      "beginCondComb": "LOGIC_OR",
      "beginCond": [
        {
          "type": "QUEST_COND_STATE_EQUAL",
          "param": ["1201301", "2"],
          "param_str": ""
        },
        {
          "type": "QUEST_COND_STATE_EQUAL",
          "param": ["1201310", "2"],
          "param_str": ""
        },
        {
          "type": "QUEST_COND_STATE_EQUAL",
          "param": ["1201302", "2"],
          "param_str": ""
        },
        {
          "type": "QUEST_COND_STATE_EQUAL",
          "param": ["1201311", "2"],
          "param_str": ""
        }
      ],
      "priority": 5,
      "initDialog": 120131001,
      "npcId": [12052],
      "performCfg": "QuestDialogue/LQ/Yoimiya_12013/Q1201310",
      "heroTalk": "TALK_HERO_MAIN",
      "questId": 12013,
      "prePerformCfg": ""
    },
    {
      "id": 1201311,
      "beginWay": "TALK_BEGIN_MANUAL",
      "activeMode": "PLAY_MODE_SINGLE",
      "beginCondComb": "LOGIC_OR",
      "beginCond": [
        {
          "type": "QUEST_COND_STATE_EQUAL",
          "param": ["1201310", "2"],
          "param_str": ""
        },
        {
          "type": "QUEST_COND_STATE_EQUAL",
          "param": ["1201301", "2"],
          "param_str": ""
        },
        {
          "type": "QUEST_COND_STATE_EQUAL",
          "param": ["1201311", "2"],
          "param_str": ""
        },
        {
          "type": "QUEST_COND_STATE_EQUAL",
          "param": ["1201302", "2"],
          "param_str": ""
        },
        {
          "type": "QUEST_COND_STATE_EQUAL",
          "param": ["1201303", "2"],
          "param_str": ""
        },
        {
          "type": "QUEST_COND_STATE_EQUAL",
          "param": ["1201304", "2"],
          "param_str": ""
        }
      ],
      "priority": 5,
      "initDialog": 120120901,
      "npcId": [3094, 12030],
      "performCfg": "QuestDialogue/LQ/Yoimiya_12012/Q1201209",
      "heroTalk": "TALK_HERO_MAIN",
      "questId": 12013,
      "prePerformCfg": ""
    },
    {
      "id": 1201312,
      "beginWay": "TALK_BEGIN_MANUAL",
      "activeMode": "PLAY_MODE_SINGLE",
      "beginCondComb": "LOGIC_OR",
      "beginCond": [
        {
          "type": "QUEST_COND_STATE_EQUAL",
          "param": ["1201305", "2"],
          "param_str": ""
        },
        {
          "type": "QUEST_COND_STATE_EQUAL",
          "param": ["1201306", "2"],
          "param_str": ""
        },
        {
          "type": "QUEST_COND_STATE_EQUAL",
          "param": ["1201307", "2"],
          "param_str": ""
        },
        {
          "type": "QUEST_COND_STATE_EQUAL",
          "param": ["1201308", "2"],
          "param_str": ""
        },
        {
          "type": "QUEST_COND_STATE_EQUAL",
          "param": ["1201312", "2"],
          "param_str": ""
        },
        {
          "type": "QUEST_COND_STATE_EQUAL",
          "param": ["1201309", "2"],
          "param_str": ""
        }
      ],
      "priority": 5,
      "initDialog": 120120901,
      "npcId": [3094, 12030],
      "performCfg": "QuestDialogue/LQ/Yoimiya_12012/Q1201209",
      "heroTalk": "TALK_HERO_MAIN",
      "questId": 12013,
      "prePerformCfg": ""
    }
  ]
}
