{
  "id": 12015,
  "type": "LQ",
  "series": 2023,
  "titleTextMapHash": 2747718847,
  "descTextMapHash": 2324095366,
  "luaPath": "Actor/Quest/LQ12015",
  "suggestTrackMainQuestList": [12016],
  "rewardIdList": [112015],
  "chapterId": 2023,
  "subQuests": [
    {
      "subId": 1201501,
      "mainId": 12015,
      "order": 1,
      "descTextMapHash": 2370043812,
      "acceptCondComb": "LOGIC_AND",
      "acceptCond": [
        {
          "type": "QUEST_COND_QUEST_GLOBAL_VAR_EQUAL",
          "param": [10014, 1],
          "param_str": ""
        },
        {
          "type": "QUEST_COND_PERSONAL_LINE_UNLOCK",
          "param": [14, 0],
          "param_str": ""
        },
        {
          "type": "QUEST_COND_PLAYER_LEVEL_EQUAL_GREATER",
          "param": [40, 0],
          "param_str": ""
        }
      ],
      "finishCond": [
        {
          "type": "QUEST_CONTENT_FINISH_PLOT",
          "param": [1201501, 0],
          "param_str": ""
        }
      ],
      "failCond": [
        {
          "param": [],
          "param_str": ""
        }
      ],
      "guide": {
        "type": "QUEST_GUIDE_NPC",
        "autoGuide": "QUEST_GUIDE_AUTO_ENABLE",
        "param": ["3054"],
        "guideScene": 3,
        "guideStyle": "QUEST_GUIDE_STYLE_TARGET",
        "guideLayer": "QUEST_GUIDE_LAYER_SCENE"
      },
      "isRewind": true,
      "finishExec": [
        {
          "param": [],
          "param_str": ""
        }
      ],
      "failExec": [
        {
          "param": [],
          "param_str": ""
        }
      ],
      "beginExec": [
        {
          "type": "QUEST_EXEC_SET_QUEST_GLOBAL_VAR",
          "param": ["1201501", "1"],
          "param_str": ""
        }
      ],
      "exclusiveNpcList": [3054, 1033, 12077],
      "exclusiveNpcPriority": 1100
    },
    {
      "subId": 1201502,
      "mainId": 12015,
      "order": 2,
      "descTextMapHash": 1288245444,
      "acceptCond": [
        {
          "type": "QUEST_COND_STATE_EQUAL",
          "param": [1201501, 3],
          "param_str": ""
        }
      ],
      "finishCond": [
        {
          "type": "QUEST_CONTENT_COMPLETE_TALK",
          "param": [1201502, 0],
          "param_str": ""
        }
      ],
      "failCond": [
        {
          "param": [],
          "param_str": ""
        }
      ],
      "guide": {
        "type": "QUEST_GUIDE_NPC",
        "autoGuide": "QUEST_GUIDE_AUTO_ENABLE",
        "param": ["3054"],
        "guideScene": 3,
        "guideStyle": "QUEST_GUIDE_STYLE_TARGET",
        "guideLayer": "QUEST_GUIDE_LAYER_SCENE"
      },
      "isRewind": true,
      "finishExec": [
        {
          "param": [],
          "param_str": ""
        }
      ],
      "failExec": [
        {
          "param": [],
          "param_str": ""
        }
      ],
      "beginExec": [
        {
          "param": [],
          "param_str": ""
        }
      ],
      "exclusiveNpcList": [3054, 1033, 12077],
      "exclusiveNpcPriority": 1100
    },
    {
      "subId": 1201503,
      "mainId": 12015,
      "order": 3,
      "descTextMapHash": 4212476812,
      "acceptCond": [
        {
          "type": "QUEST_COND_STATE_EQUAL",
          "param": [1201502, 3],
          "param_str": ""
        }
      ],
      "finishCond": [
        {
          "type": "QUEST_CONTENT_FINISH_PLOT",
          "param": [1201503, 0],
          "param_str": ""
        }
      ],
      "failCond": [
        {
          "param": [],
          "param_str": ""
        }
      ],
      "guide": {
        "type": "QUEST_GUIDE_LOCATION",
        "autoGuide": "QUEST_GUIDE_AUTO_ENABLE",
        "param": ["Q12015Shenshe1"],
        "guideScene": 3,
        "guideStyle": "QUEST_GUIDE_STYLE_POINT",
        "guideLayer": "QUEST_GUIDE_LAYER_SCENE"
      },
      "isRewind": true,
      "finishExec": [
        {
          "param": [],
          "param_str": ""
        }
      ],
      "failExec": [
        {
          "param": [],
          "param_str": ""
        }
      ],
      "beginExec": [
        {
          "param": [],
          "param_str": ""
        }
      ],
      "exclusiveNpcList": [3054, 1033, 12077, 3105],
      "exclusiveNpcPriority": 1100
    },
    {
      "subId": 1201504,
      "mainId": 12015,
      "order": 4,
      "descTextMapHash": 3076021188,
      "acceptCond": [
        {
          "type": "QUEST_COND_STATE_EQUAL",
          "param": [1201503, 3],
          "param_str": ""
        }
      ],
      "finishCondComb": "LOGIC_OR",
      "finishCond": [
        {
          "type": "QUEST_CONTENT_COMPLETE_TALK",
          "param": [1201504, 0],
          "param_str": ""
        },
        {
          "type": "QUEST_CONTENT_FINISH_PLOT",
          "param": [1201504, 0],
          "param_str": ""
        }
      ],
      "failCond": [
        {
          "param": [],
          "param_str": ""
        }
      ],
      "guide": {
        "type": "QUEST_GUIDE_LOCATION",
        "autoGuide": "QUEST_GUIDE_AUTO_ENABLE",
        "param": ["Q12015InagiHotomi1", "35"],
        "guideScene": 3,
        "guideLayer": "QUEST_GUIDE_LAYER_SCENE"
      },
      "isRewind": true,
      "finishExec": [
        {
          "param": [],
          "param_str": ""
        }
      ],
      "failExec": [
        {
          "param": [],
          "param_str": ""
        }
      ],
      "beginExec": [
        {
          "param": [],
          "param_str": ""
        }
      ],
      "exclusiveNpcList": [3054, 3105, 1034],
      "exclusiveNpcPriority": 1100
    },
    {
      "subId": 1201505,
      "mainId": 12015,
      "order": 5,
      "descTextMapHash": 4152841972,
      "acceptCond": [
        {
          "type": "QUEST_COND_STATE_EQUAL",
          "param": [1201504, 3],
          "param_str": ""
        }
      ],
      "finishCond": [
        {
          "type": "QUEST_CONTENT_COMPLETE_TALK",
          "param": [1201505, 0],
          "param_str": ""
        }
      ],
      "failCond": [
        {
          "param": [],
          "param_str": ""
        }
      ],
      "guide": {
        "type": "QUEST_GUIDE_NPC",
        "autoGuide": "QUEST_GUIDE_AUTO_ENABLE",
        "param": ["1034"],
        "guideScene": 3,
        "guideStyle": "QUEST_GUIDE_STYLE_TARGET",
        "guideLayer": "QUEST_GUIDE_LAYER_SCENE"
      },
      "isRewind": true,
      "finishExec": [
        {
          "param": [],
          "param_str": ""
        }
      ],
      "failExec": [
        {
          "param": [],
          "param_str": ""
        }
      ],
      "beginExec": [
        {
          "param": [],
          "param_str": ""
        }
      ],
      "exclusiveNpcList": [3054, 1034],
      "exclusiveNpcPriority": 1100
    },
    {
      "subId": 1201506,
      "mainId": 12015,
      "order": 6,
      "descTextMapHash": 1619761540,
      "acceptCond": [
        {
          "type": "QUEST_COND_STATE_EQUAL",
          "param": [1201505, 3],
          "param_str": ""
        }
      ],
      "finishCond": [
        {
          "type": "QUEST_CONTENT_FINISH_PLOT",
          "param": [1201506, 0],
          "param_str": ""
        }
      ],
      "failCond": [
        {
          "param": [],
          "param_str": ""
        }
      ],
      "guide": {
        "type": "QUEST_GUIDE_LOCATION",
        "autoGuide": "QUEST_GUIDE_AUTO_ENABLE",
        "param": ["Q12015Shouwei2", "20"],
        "guideScene": 3,
        "guideLayer": "QUEST_GUIDE_LAYER_SCENE"
      },
      "isRewind": true,
      "finishExec": [
        {
          "param": [],
          "param_str": ""
        }
      ],
      "failExec": [
        {
          "param": [],
          "param_str": ""
        }
      ],
      "beginExec": [
        {
          "param": [],
          "param_str": ""
        }
      ],
      "exclusiveNpcList": [3054, 1034, 3064],
      "exclusiveNpcPriority": 1100
    },
    {
      "subId": 1201507,
      "mainId": 12015,
      "order": 7,
      "descTextMapHash": 3761212988,
      "acceptCond": [
        {
          "type": "QUEST_COND_STATE_EQUAL",
          "param": [1201506, 3],
          "param_str": ""
        }
      ],
      "finishCond": [
        {
          "type": "QUEST_CONTENT_COMPLETE_TALK",
          "param": [1201507, 0],
          "param_str": ""
        }
      ],
      "failCond": [
        {
          "param": [],
          "param_str": ""
        }
      ],
      "guide": {
        "type": "QUEST_GUIDE_NPC",
        "autoGuide": "QUEST_GUIDE_AUTO_ENABLE",
        "param": ["3064"],
        "guideScene": 3,
        "guideStyle": "QUEST_GUIDE_STYLE_TARGET",
        "guideLayer": "QUEST_GUIDE_LAYER_SCENE"
      },
      "isRewind": true,
      "finishExec": [
        {
          "param": [],
          "param_str": ""
        }
      ],
      "failExec": [
        {
          "param": [],
          "param_str": ""
        }
      ],
      "beginExec": [
        {
          "param": [],
          "param_str": ""
        }
      ],
      "exclusiveNpcList": [3054, 3064],
      "exclusiveNpcPriority": 1100
    },
    {
      "subId": 1201508,
      "mainId": 12015,
      "order": 8,
      "descTextMapHash": 3395613732,
      "acceptCond": [
        {
          "type": "QUEST_COND_STATE_EQUAL",
          "param": [1201507, 3],
          "param_str": ""
        }
      ],
      "finishCond": [
        {
          "type": "QUEST_CONTENT_COMPLETE_TALK",
          "param": [1201508, 0],
          "param_str": ""
        }
      ],
      "failCond": [
        {
          "param": [],
          "param_str": ""
        }
      ],
      "guide": {
        "type": "QUEST_GUIDE_NPC",
        "autoGuide": "QUEST_GUIDE_AUTO_ENABLE",
        "param": ["1036"],
        "guideScene": 1063,
        "guideStyle": "QUEST_GUIDE_STYLE_TARGET",
        "guideLayer": "QUEST_GUIDE_LAYER_SCENE"
      },
      "isRewind": true,
      "finishExec": [
        {
          "param": [],
          "param_str": ""
        }
      ],
      "failExec": [
        {
          "param": [],
          "param_str": ""
        }
      ],
      "beginExec": [
        {
          "type": "QUEST_EXEC_UNLOCK_POINT",
          "param": ["3", "345"],
          "param_str": ""
        }
      ],
      "exclusiveNpcList": [3054, 3064, 1036],
      "exclusiveNpcPriority": 1100
    },
    {
      "subId": 1201509,
      "mainId": 12015,
      "order": 9,
      "descTextMapHash": 3261668836,
      "acceptCond": [
        {
          "type": "QUEST_COND_STATE_EQUAL",
          "param": [1201508, 3],
          "param_str": ""
        }
      ],
      "finishCond": [
        {
          "type": "QUEST_CONTENT_ENTER_DUNGEON",
          "param": [1121, 348],
          "param_str": ""
        }
      ],
      "failCond": [
        {
          "param": [],
          "param_str": ""
        }
      ],
      "guide": {},
      "showGuide": "QUEST_GUIDE_ITEM_DISABLE",
      "isRewind": true,
      "finishExec": [
        {
          "param": [],
          "param_str": ""
        }
      ],
      "failExec": [
        {
          "param": [],
          "param_str": ""
        }
      ],
      "beginExec": [
        {
          "param": [],
          "param_str": ""
        }
      ],
      "exclusiveNpcList": [3054, 1036, 12076],
      "exclusiveNpcPriority": 1100
    },
    {
      "subId": 1201510,
      "mainId": 12015,
      "order": 10,
      "descTextMapHash": 967060436,
      "banType": "BAN_GROUP_TRANSPORT_ONLY",
      "acceptCond": [
        {
          "type": "QUEST_COND_STATE_EQUAL",
          "param": [1201509, 3],
          "param_str": ""
        }
      ],
      "finishCond": [
        {
          "type": "QUEST_CONTENT_COMPLETE_TALK",
          "param": [1201509, 0],
          "param_str": ""
        }
      ],
      "failCondComb": "LOGIC_OR",
      "failCond": [
        {
          "type": "QUEST_CONTENT_FAIL_DUNGEON",
          "param": [1121, 0],
          "param_str": ""
        },
        {
          "type": "QUEST_CONTENT_ENTER_MY_WORLD",
          "param": [3, 0],
          "param_str": ""
        }
      ],
      "guide": {
        "type": "QUEST_GUIDE_NPC",
        "autoGuide": "QUEST_GUIDE_AUTO_ENABLE",
        "param": ["12076"],
        "guideScene": 20116,
        "guideStyle": "QUEST_GUIDE_STYLE_TARGET",
        "guideLayer": "QUEST_GUIDE_LAYER_SCENE"
      },
      "isRewind": true,
      "finishExec": [
        {
          "type": "QUEST_EXEC_LOCK_POINT",
          "param": ["3", "345"],
          "param_str": ""
        }
      ],
      "failExec": [
        {
          "type": "QUEST_EXEC_ROLLBACK_QUEST",
          "param": ["1201508", "0"],
          "param_str": ""
        }
      ],
      "beginExec": [
        {
          "param": [],
          "param_str": ""
        }
      ],
      "exclusiveNpcList": [12076],
      "exclusiveNpcPriority": 1100
    },
    {
      "subId": 1201511,
      "mainId": 12015,
      "order": 11,
      "descTextMapHash": 2636878804,
      "showType": "QUEST_HIDDEN",
      "acceptCond": [
        {
          "type": "QUEST_COND_STATE_EQUAL",
          "param": [1201507, 3],
          "param_str": ""
        }
      ],
      "finishCond": [
        {
          "type": "QUEST_CONTENT_FINISH_PLOT",
          "param": [1201511, 0],
          "param_str": ""
        }
      ],
      "failCond": [
        {
          "param": [],
          "param_str": ""
        }
      ],
      "guide": {},
      "showGuide": "QUEST_GUIDE_ITEM_DISABLE",
      "finishExec": [
        {
          "param": [],
          "param_str": ""
        }
      ],
      "failExec": [
        {
          "param": [],
          "param_str": ""
        }
      ],
      "beginExec": [
        {
          "param": [],
          "param_str": ""
        }
      ]
    },
    {
      "subId": 1201512,
      "mainId": 12015,
      "order": 12,
      "descTextMapHash": 3912486708,
      "showType": "QUEST_HIDDEN",
      "acceptCond": [
        {
          "type": "QUEST_COND_STATE_EQUAL",
          "param": [1201511, 3],
          "param_str": ""
        }
      ],
      "finishCond": [
        {
          "type": "QUEST_CONTENT_COMPLETE_TALK",
          "param": [1201508, 0],
          "param_str": ""
        }
      ],
      "failCond": [
        {
          "param": [],
          "param_str": ""
        }
      ],
      "guide": {},
      "showGuide": "QUEST_GUIDE_ITEM_DISABLE",
      "finishExec": [
        {
          "param": [],
          "param_str": ""
        }
      ],
      "failExec": [
        {
          "param": [],
          "param_str": ""
        }
      ],
      "beginExec": [
        {
          "param": [],
          "param_str": ""
        }
      ]
    },
    {
      "subId": 1201513,
      "mainId": 12015,
      "order": 13,
      "descTextMapHash": 2843106676,
      "showType": "QUEST_HIDDEN",
      "acceptCond": [
        {
          "type": "QUEST_COND_STATE_EQUAL",
          "param": [1201510, 3],
          "param_str": ""
        }
      ],
      "finishCondComb": "LOGIC_OR",
      "finishCond": [
        {
          "type": "QUEST_CONTENT_FINISH_PLOT",
          "param": [1201513, 0],
          "param_str": ""
        },
        {
          "type": "QUEST_CONTENT_ENTER_MY_WORLD",
          "param": [3, 0],
          "param_str": ""
        }
      ],
      "failCond": [
        {
          "param": [],
          "param_str": ""
        }
      ],
      "guide": {},
      "finishParent": true,
      "isRewind": true,
      "finishExec": [
        {
          "param": [],
          "param_str": ""
        }
      ],
      "failExec": [
        {
          "param": [],
          "param_str": ""
        }
      ],
      "beginExec": [
        {
          "param": [],
          "param_str": ""
        }
      ]
    }
  ],
  "talks": [
    {
      "id": 1201502,
      "beginWay": "TALK_BEGIN_MANUAL",
      "activeMode": "PLAY_MODE_SINGLE",
      "beginCond": [
        {
          "type": "QUEST_COND_STATE_EQUAL",
          "param": ["1201502", "2"],
          "param_str": ""
        }
      ],
      "priority": 5,
      "initDialog": 120150201,
      "npcId": [1033, 3054, 12077],
      "performCfg": "QuestDialogue/LQ/Shougun1_12015/Q1201502",
      "heroTalk": "TALK_HERO_MAIN",
      "questId": 12015,
      "prePerformCfg": ""
    },
    {
      "id": 1201504,
      "beginWay": "TALK_BEGIN_MANUAL",
      "activeMode": "PLAY_MODE_SINGLE",
      "beginCond": [
        {
          "type": "QUEST_COND_STATE_EQUAL",
          "param": ["1201504", "2"],
          "param_str": ""
        }
      ],
      "priority": 5,
      "initDialog": 120150401,
      "npcId": [3105],
      "performCfg": "QuestDialogue/LQ/Shougun1_12015/Q1201504",
      "heroTalk": "TALK_HERO_MAIN",
      "questId": 12015,
      "prePerformCfg": ""
    },
    {
      "id": 1201505,
      "beginWay": "TALK_BEGIN_MANUAL",
      "activeMode": "PLAY_MODE_SINGLE",
      "beginCond": [
        {
          "type": "QUEST_COND_STATE_EQUAL",
          "param": ["1201505", "2"],
          "param_str": ""
        }
      ],
      "priority": 5,
      "initDialog": 120150501,
      "npcId": [1034],
      "performCfg": "QuestDialogue/LQ/Shougun1_12015/Q1201505",
      "heroTalk": "TALK_HERO_MAIN",
      "questId": 12015,
      "prePerformCfg": ""
    },
    {
      "id": 1201507,
      "beginWay": "TALK_BEGIN_MANUAL",
      "activeMode": "PLAY_MODE_SINGLE",
      "beginCond": [
        {
          "type": "QUEST_COND_STATE_EQUAL",
          "param": ["1201507", "2"],
          "param_str": ""
        }
      ],
      "priority": 5,
      "initDialog": 120150701,
      "npcId": [3064],
      "performCfg": "QuestDialogue/LQ/Shougun1_12015/Q1201507",
      "heroTalk": "TALK_HERO_MAIN",
      "questId": 12015,
      "prePerformCfg": ""
    },
    {
      "id": 1201508,
      "beginWay": "TALK_BEGIN_MANUAL",
      "activeMode": "PLAY_MODE_SINGLE",
      "beginCond": [
        {
          "type": "QUEST_COND_STATE_EQUAL",
          "param": ["1201508", "2"],
          "param_str": ""
        }
      ],
      "priority": 5,
      "initDialog": 120150802,
      "npcId": [1036],
      "performCfg": "QuestDialogue/LQ/Shougun1_12015/Q1201508",
      "heroTalk": "TALK_HERO_MAIN",
      "questId": 12015,
      "prePerformCfg": ""
    },
    {
      "id": 1201509,
      "beginWay": "TALK_BEGIN_AUTO",
      "activeMode": "PLAY_MODE_SINGLE",
      "beginCond": [
        {
          "type": "QUEST_COND_STATE_EQUAL",
          "param": ["1201510", "2"],
          "param_str": ""
        }
      ],
      "priority": 5,
      "initDialog": 120150901,
      "npcId": [12076],
      "performCfg": "QuestDialogue/LQ/Shougun1_12015/Q1201509",
      "heroTalk": "TALK_HERO_MAIN",
      "questId": 12015,
      "prePerformCfg": ""
    },
    {
      "id": 1201551,
      "beginWay": "TALK_BEGIN_MANUAL",
      "beginCond": [
        {
          "type": "QUEST_COND_STATE_EQUAL",
          "param": ["1201503", "2"],
          "param_str": ""
        }
      ],
      "priority": 5,
      "initDialog": 120155101,
      "npcId": [1033, 12077],
      "performCfg": "QuestDialogue/LQ/Shougun1_12015/Q1201551",
      "questId": 12015,
      "prePerformCfg": ""
    },
    {
      "id": 1201552,
      "beginWay": "TALK_BEGIN_MANUAL",
      "beginCond": [
        {
          "type": "QUEST_COND_STATE_EQUAL",
          "param": ["1201506", "2"],
          "param_str": ""
        }
      ],
      "priority": 5,
      "initDialog": 120155201,
      "npcId": [1034],
      "performCfg": "QuestDialogue/LQ/Shougun1_12015/Q1201552",
      "questId": 12015,
      "prePerformCfg": ""
    },
    {
      "id": 1201553,
      "beginWay": "TALK_BEGIN_MANUAL",
      "beginCond": [
        {
          "type": "QUEST_COND_STATE_EQUAL",
          "param": ["1201508", "2"],
          "param_str": ""
        }
      ],
      "priority": 5,
      "initDialog": 120155301,
      "npcId": [3064],
      "performCfg": "QuestDialogue/LQ/Shougun1_12015/Q1201553",
      "questId": 12015,
      "prePerformCfg": ""
    }
  ]
}
