{
  "id": 12017,
  "type": "LQ",
  "series": 2023,
  "titleTextMapHash": 124585167,
  "descTextMapHash": 1603576566,
  "luaPath": "Actor/Quest/LQ12017",
  "suggestTrackMainQuestList": [12018],
  "rewardIdList": [112017],
  "chapterId": 2023,
  "subQuests": [
    {
      "subId": 1201701,
      "mainId": 12017,
      "order": 1,
      "descTextMapHash": 3101549764,
      "acceptCond": [
        {
          "type": "QUEST_COND_STATE_EQUAL",
          "param": [1201614, 3],
          "param_str": ""
        }
      ],
      "finishCond": [
        {
          "type": "QUEST_CONTENT_FINISH_PLOT",
          "param": [1201701, 0],
          "param_str": ""
        }
      ],
      "failCond": [
        {
          "param": [],
          "param_str": ""
        }
      ],
      "guide": {
        "type": "QUEST_GUIDE_LOCATION",
        "autoGuide": "QUEST_GUIDE_AUTO_ENABLE",
        "param": ["Q12017ShougunYing1"],
        "guideScene": 3,
        "guideStyle": "QUEST_GUIDE_STYLE_POINT",
        "guideLayer": "QUEST_GUIDE_LAYER_SCENE"
      },
      "isRewind": true,
      "finishExec": [
        {
          "param": [],
          "param_str": ""
        }
      ],
      "failExec": [
        {
          "param": [],
          "param_str": ""
        }
      ],
      "beginExec": [
        {
          "param": [],
          "param_str": ""
        }
      ],
      "exclusiveNpcList": [12076, 3054],
      "exclusiveNpcPriority": 1100
    },
    {
      "subId": 1201702,
      "mainId": 12017,
      "order": 2,
      "descTextMapHash": 2414696012,
      "acceptCond": [
        {
          "type": "QUEST_COND_STATE_EQUAL",
          "param": [1201701, 3],
          "param_str": ""
        }
      ],
      "finishCond": [
        {
          "type": "QUEST_CONTENT_COMPLETE_TALK",
          "param": [1201702, 0],
          "param_str": ""
        }
      ],
      "failCond": [
        {
          "param": [],
          "param_str": ""
        }
      ],
      "guide": {
        "type": "QUEST_GUIDE_NPC",
        "autoGuide": "QUEST_GUIDE_AUTO_ENABLE",
        "param": ["12076"],
        "guideScene": 3,
        "guideStyle": "QUEST_GUIDE_STYLE_TARGET",
        "guideLayer": "QUEST_GUIDE_LAYER_SCENE"
      },
      "finishExec": [
        {
          "param": [],
          "param_str": ""
        }
      ],
      "failExec": [
        {
          "param": [],
          "param_str": ""
        }
      ],
      "beginExec": [
        {
          "param": [],
          "param_str": ""
        }
      ],
      "exclusiveNpcList": [12076, 3054],
      "exclusiveNpcPriority": 1100
    },
    {
      "subId": 1201704,
      "mainId": 12017,
      "order": 3,
      "descTextMapHash": 3070609796,
      "acceptCond": [
        {
          "type": "QUEST_COND_STATE_EQUAL",
          "param": [1201702, 3],
          "param_str": ""
        }
      ],
      "finishCondComb": "LOGIC_OR",
      "finishCond": [
        {
          "type": "QUEST_CONTENT_FINISH_PLOT",
          "param": [1201704, 0],
          "param_str": ""
        }
      ],
      "failCond": [
        {
          "param": [],
          "param_str": ""
        }
      ],
      "guide": {
        "type": "QUEST_GUIDE_LOCATION",
        "autoGuide": "QUEST_GUIDE_AUTO_ENABLE",
        "param": ["Q12017Watch1"],
        "guideScene": 3,
        "guideStyle": "QUEST_GUIDE_STYLE_POINT",
        "guideLayer": "QUEST_GUIDE_LAYER_SCENE"
      },
      "finishExec": [
        {
          "param": [],
          "param_str": ""
        }
      ],
      "failExec": [
        {
          "param": [],
          "param_str": ""
        }
      ],
      "beginExec": [
        {
          "param": [],
          "param_str": ""
        }
      ],
      "exclusiveNpcList": [12076, 3054, 12130],
      "exclusiveNpcPriority": 1100
    },
    {
      "subId": 1201705,
      "mainId": 12017,
      "order": 4,
      "descTextMapHash": 4048881468,
      "acceptCond": [
        {
          "type": "QUEST_COND_STATE_EQUAL",
          "param": [1201704, 3],
          "param_str": ""
        }
      ],
      "finishCondComb": "LOGIC_OR",
      "finishCond": [
        {
          "type": "QUEST_CONTENT_COMPLETE_TALK",
          "param": [1201705, 0],
          "param_str": ""
        }
      ],
      "failCond": [
        {
          "param": [],
          "param_str": ""
        }
      ],
      "guide": {
        "type": "QUEST_GUIDE_NPC",
        "autoGuide": "QUEST_GUIDE_AUTO_ENABLE",
        "param": ["12076"],
        "guideScene": 3,
        "guideStyle": "QUEST_GUIDE_STYLE_POINT",
        "guideLayer": "QUEST_GUIDE_LAYER_SCENE"
      },
      "isRewind": true,
      "finishExec": [
        {
          "param": [],
          "param_str": ""
        }
      ],
      "failExec": [
        {
          "param": [],
          "param_str": ""
        }
      ],
      "beginExec": [
        {
          "param": [],
          "param_str": ""
        }
      ],
      "exclusiveNpcList": [12076, 3054, 3032, 3033],
      "exclusiveNpcPriority": 1100
    },
    {
      "subId": 1201706,
      "mainId": 12017,
      "order": 5,
      "descTextMapHash": 897343732,
      "acceptCond": [
        {
          "type": "QUEST_COND_STATE_EQUAL",
          "param": [1201705, 3],
          "param_str": ""
        }
      ],
      "finishCondComb": "LOGIC_OR",
      "finishCond": [
        {
          "type": "QUEST_CONTENT_FINISH_PLOT",
          "param": [1201706, 0],
          "param_str": ""
        }
      ],
      "failCond": [
        {
          "param": [],
          "param_str": ""
        }
      ],
      "guide": {
        "type": "QUEST_GUIDE_LOCATION",
        "autoGuide": "QUEST_GUIDE_AUTO_ENABLE",
        "param": ["Q12017Yiping1", "15"],
        "guideScene": 3,
        "guideLayer": "QUEST_GUIDE_LAYER_SCENE"
      },
      "isRewind": true,
      "finishExec": [
        {
          "param": [],
          "param_str": ""
        }
      ],
      "failExec": [
        {
          "param": [],
          "param_str": ""
        }
      ],
      "beginExec": [
        {
          "param": [],
          "param_str": ""
        }
      ],
      "exclusiveNpcList": [12076, 12077, 3054, 3032, 3033],
      "exclusiveNpcPriority": 1100
    },
    {
      "subId": 1201707,
      "mainId": 12017,
      "order": 6,
      "descTextMapHash": 1615947948,
      "acceptCond": [
        {
          "type": "QUEST_COND_STATE_EQUAL",
          "param": [1201706, 3],
          "param_str": ""
        }
      ],
      "finishCondComb": "LOGIC_OR",
      "finishCond": [
        {
          "type": "QUEST_CONTENT_COMPLETE_TALK",
          "param": [1201707, 0],
          "param_str": ""
        }
      ],
      "failCond": [
        {
          "param": [],
          "param_str": ""
        }
      ],
      "guide": {
        "type": "QUEST_GUIDE_NPC",
        "autoGuide": "QUEST_GUIDE_AUTO_ENABLE",
        "param": ["12077"],
        "guideScene": 3,
        "guideStyle": "QUEST_GUIDE_STYLE_POINT",
        "guideLayer": "QUEST_GUIDE_LAYER_SCENE"
      },
      "finishParent": true,
      "isRewind": true,
      "finishExec": [
        {
          "param": [],
          "param_str": ""
        }
      ],
      "failExec": [
        {
          "param": [],
          "param_str": ""
        }
      ],
      "beginExec": [
        {
          "param": [],
          "param_str": ""
        }
      ],
      "exclusiveNpcList": [12076, 12077, 3054, 3032, 3033],
      "exclusiveNpcPriority": 1100
    }
  ],
  "talks": [
    {
      "id": 1201702,
      "beginWay": "TALK_BEGIN_MANUAL",
      "activeMode": "PLAY_MODE_SINGLE",
      "beginCond": [
        {
          "type": "QUEST_COND_STATE_EQUAL",
          "param": ["1201702", "2"],
          "param_str": ""
        }
      ],
      "priority": 5,
      "initDialog": 120170201,
      "npcId": [12076],
      "performCfg": "QuestDialogue/LQ/Shougun1_12017/Q1201702",
      "heroTalk": "TALK_HERO_MAIN",
      "questId": 12017,
      "prePerformCfg": ""
    },
    {
      "id": 1201704,
      "beginWay": "TALK_BEGIN_MANUAL",
      "activeMode": "PLAY_MODE_SINGLE",
      "beginCond": [
        {
          "type": "QUEST_COND_STATE_EQUAL",
          "param": ["1201704", "2"],
          "param_str": ""
        }
      ],
      "priority": 5,
      "initDialog": 120170401,
      "npcId": [12076],
      "performCfg": "QuestDialogue/LQ/Shougun1_12017/Q1201704",
      "heroTalk": "TALK_HERO_MAIN",
      "questId": 12017,
      "prePerformCfg": ""
    },
    {
      "id": 1201705,
      "beginWay": "TALK_BEGIN_MANUAL",
      "activeMode": "PLAY_MODE_SINGLE",
      "beginCond": [
        {
          "type": "QUEST_COND_STATE_EQUAL",
          "param": ["1201705", "2"],
          "param_str": ""
        }
      ],
      "priority": 5,
      "initDialog": 120170501,
      "npcId": [12076],
      "performCfg": "QuestDialogue/LQ/Shougun1_12017/Q1201705",
      "heroTalk": "TALK_HERO_MAIN",
      "questId": 12017,
      "prePerformCfg": ""
    },
    {
      "id": 1201707,
      "beginWay": "TALK_BEGIN_MANUAL",
      "activeMode": "PLAY_MODE_SINGLE",
      "beginCond": [
        {
          "type": "QUEST_COND_STATE_EQUAL",
          "param": ["1201707", "2"],
          "param_str": ""
        }
      ],
      "priority": 5,
      "initDialog": 120170701,
      "npcId": [12077],
      "performCfg": "QuestDialogue/LQ/Shougun1_12017/Q1201707",
      "heroTalk": "TALK_HERO_MAIN",
      "questId": 12017,
      "prePerformCfg": ""
    },
    {
      "id": 1201751,
      "beginWay": "TALK_BEGIN_MANUAL",
      "activeMode": "PLAY_MODE_SINGLE",
      "beginCond": [
        {
          "type": "QUEST_COND_STATE_EQUAL",
          "param": ["1201704", "2"],
          "param_str": ""
        }
      ],
      "priority": 5,
      "npcId": [12130],
      "performCfg": "QuestDialogue/LQ/Shougun1_12017/Q1201751",
      "questId": 12017,
      "prePerformCfg": ""
    }
  ]
}
