{
  "id": 12010,
  "type": "LQ",
  "series": 1201,
  "titleTextMapHash": 3568747175,
  "descTextMapHash": 1617623030,
  "luaPath": "Actor/Quest/LQ12010",
  "suggestTrackMainQuestList": [12011],
  "rewardIdList": [112010],
  "chapterId": 2021,
  "subQuests": [
    {
      "subId": 1201001,
      "mainId": 12010,
      "order": 1,
      "descTextMapHash": 2079794060,
      "acceptCond": [
        {
          "type": "QUEST_COND_STATE_EQUAL",
          "param": [200711, 3],
          "param_str": ""
        }
      ],
      "finishCond": [
        {
          "type": "QUEST_CONTENT_COMPLETE_TALK",
          "param": [1201001, 0],
          "param_str": ""
        }
      ],
      "failCond": [
        {
          "param": [],
          "param_str": ""
        }
      ],
      "guide": {
        "type": "QUEST_GUIDE_LOCATION",
        "param": ["Q12010_Beach_1_Pos", "15"],
        "guideScene": 3,
        "guideStyle": "QUEST_GUIDE_STYLE_TARGET",
        "guideLayer": "QUEST_GUIDE_LAYER_SCENE"
      },
      "isRewind": true,
      "finishExec": [
        {
          "param": [],
          "param_str": ""
        }
      ],
      "failExec": [
        {
          "param": [],
          "param_str": ""
        }
      ],
      "beginExec": [
        {
          "param": [],
          "param_str": ""
        }
      ],
      "exclusiveNpcList": [12027, 12028, 12029],
      "exclusiveNpcPriority": 1100
    },
    {
      "subId": 1201002,
      "mainId": 12010,
      "order": 2,
      "descTextMapHash": 1294205908,
      "acceptCond": [
        {
          "type": "QUEST_COND_STATE_EQUAL",
          "param": [1201001, 3],
          "param_str": ""
        }
      ],
      "finishCond": [
        {
          "type": "QUEST_CONTENT_COMPLETE_TALK",
          "param": [1201002, 0],
          "param_str": ""
        }
      ],
      "failCond": [
        {
          "param": [],
          "param_str": ""
        }
      ],
      "guide": {
        "type": "QUEST_GUIDE_LOCATION",
        "param": ["Q12010_Childrens_2_Beach_2_Pos", "20"],
        "guideScene": 3,
        "guideStyle": "QUEST_GUIDE_STYLE_TARGET",
        "guideLayer": "QUEST_GUIDE_LAYER_SCENE"
      },
      "isRewind": true,
      "finishExec": [
        {
          "type": "QUEST_EXEC_UNREGISTER_DYNAMIC_GROUP",
          "param": ["133220561", "1"],
          "param_str": ""
        }
      ],
      "failExec": [
        {
          "param": [],
          "param_str": ""
        }
      ],
      "beginExec": [
        {
          "type": "QUEST_EXEC_REGISTER_DYNAMIC_GROUP",
          "param": ["3", "133220561"],
          "param_str": ""
        }
      ],
      "exclusiveNpcList": [12027, 12028, 12029, 1035],
      "exclusiveNpcPriority": 1100,
      "exclusivePlaceList": [320902]
    },
    {
      "subId": 1201003,
      "mainId": 12010,
      "order": 3,
      "descTextMapHash": 1566564260,
      "acceptCond": [
        {
          "type": "QUEST_COND_STATE_EQUAL",
          "param": [1201002, 3],
          "param_str": ""
        }
      ],
      "finishCond": [
        {
          "type": "QUEST_CONTENT_COMPLETE_TALK",
          "param": [1201003, 0],
          "param_str": ""
        }
      ],
      "failCond": [
        {
          "param": [],
          "param_str": ""
        }
      ],
      "guide": {
        "type": "QUEST_GUIDE_LOCATION",
        "param": ["Q12010_Yoimiya_Inazuma_1_Pos"],
        "guideScene": 3,
        "guideStyle": "QUEST_GUIDE_STYLE_POINT",
        "guideLayer": "QUEST_GUIDE_LAYER_SCENE"
      },
      "isRewind": true,
      "finishExec": [
        {
          "param": [],
          "param_str": ""
        }
      ],
      "failExec": [
        {
          "param": [],
          "param_str": ""
        }
      ],
      "beginExec": [
        {
          "param": [],
          "param_str": ""
        }
      ],
      "exclusiveNpcList": [12025, 1035, 3035, 3036, 3037, 3066],
      "exclusiveNpcPriority": 1100,
      "exclusivePlaceList": [320902]
    },
    {
      "subId": 1201004,
      "mainId": 12010,
      "order": 4,
      "descTextMapHash": 1158558372,
      "acceptCond": [
        {
          "type": "QUEST_COND_STATE_EQUAL",
          "param": [1201003, 3],
          "param_str": ""
        }
      ],
      "finishCond": [
        {
          "type": "QUEST_CONTENT_COMPLETE_TALK",
          "param": [1201004, 0],
          "param_str": ""
        }
      ],
      "failCond": [
        {
          "param": [],
          "param_str": ""
        }
      ],
      "guide": {
        "type": "QUEST_GUIDE_LOCATION",
        "param": ["Q12010_Sakujiro_Inazuma_2_Pos"],
        "guideScene": 3,
        "guideStyle": "QUEST_GUIDE_STYLE_POINT",
        "guideLayer": "QUEST_GUIDE_LAYER_SCENE"
      },
      "finishParent": true,
      "isRewind": true,
      "finishExec": [
        {
          "param": [],
          "param_str": ""
        }
      ],
      "failExec": [
        {
          "param": [],
          "param_str": ""
        }
      ],
      "beginExec": [
        {
          "param": [],
          "param_str": ""
        }
      ],
      "exclusiveNpcList": [12025, 1035, 3035, 12034, 3036, 3037, 3066, 3043],
      "exclusiveNpcPriority": 1100
    }
  ],
  "talks": [
    {
      "id": 1201001,
      "beginWay": "TALK_BEGIN_AUTO",
      "activeMode": "PLAY_MODE_SINGLE",
      "beginCond": [
        {
          "type": "QUEST_COND_STATE_EQUAL",
          "param": ["1201001", "2"],
          "param_str": ""
        }
      ],
      "priority": 5,
      "initDialog": 120100101,
      "npcId": [12027, 12028, 12029],
      "performCfg": "QuestDialogue/LQ/Yoimiya_12010/Q1201001",
      "heroTalk": "TALK_HERO_MAIN",
      "questId": 12010,
      "prePerformCfg": ""
    },
    {
      "id": 1201002,
      "beginWay": "TALK_BEGIN_AUTO",
      "activeMode": "PLAY_MODE_SINGLE",
      "beginCond": [
        {
          "type": "QUEST_COND_STATE_EQUAL",
          "param": ["1201002", "2"],
          "param_str": ""
        }
      ],
      "priority": 5,
      "initDialog": 120100201,
      "npcId": [1035],
      "performCfg": "QuestDialogue/LQ/Yoimiya_12010/Q1201002",
      "heroTalk": "TALK_HERO_MAIN",
      "questId": 12010,
      "prePerformCfg": ""
    },
    {
      "id": 1201003,
      "beginWay": "TALK_BEGIN_AUTO",
      "activeMode": "PLAY_MODE_SINGLE",
      "beginCond": [
        {
          "type": "QUEST_COND_STATE_EQUAL",
          "param": ["1201003", "2"],
          "param_str": ""
        }
      ],
      "priority": 5,
      "initDialog": 120100301,
      "npcId": [3035],
      "performCfg": "QuestDialogue/LQ/Yoimiya_12010/Q1201003",
      "heroTalk": "TALK_HERO_MAIN",
      "questId": 12010,
      "prePerformCfg": ""
    },
    {
      "id": 1201004,
      "beginWay": "TALK_BEGIN_AUTO",
      "activeMode": "PLAY_MODE_SINGLE",
      "beginCond": [
        {
          "type": "QUEST_COND_STATE_EQUAL",
          "param": ["1201004", "2"],
          "param_str": ""
        }
      ],
      "priority": 5,
      "initDialog": 120100401,
      "npcId": [12034],
      "performCfg": "QuestDialogue/LQ/Yoimiya_12010/Q1201004",
      "heroTalk": "TALK_HERO_MAIN",
      "questId": 12010,
      "prePerformCfg": ""
    },
    {
      "id": 1201005,
      "beginWay": "TALK_BEGIN_MANUAL",
      "activeMode": "PLAY_MODE_SINGLE",
      "beginCond": [
        {
          "type": "QUEST_COND_STATE_EQUAL",
          "param": ["1201004", "2"],
          "param_str": ""
        }
      ],
      "priority": 5,
      "initDialog": 120100501,
      "npcId": [3035],
      "performCfg": "QuestDialogue/LQ/Yoimiya_12010/Q1201005",
      "heroTalk": "TALK_HERO_MAIN",
      "questId": 12010,
      "prePerformCfg": ""
    }
  ]
}
