{
  "id": 12028,
  "type": "LQ",
  "series": 2025,
  "titleTextMapHash": 1202829103,
  "descTextMapHash": 1969045766,
  "luaPath": "Actor/Quest/LQ12028",
  "suggestTrackMainQuestList": [12029],
  "rewardIdList": [112028],
  "chapterId": 2025,
  "subQuests": [
    {
      "subId": 1202801,
      "mainId": 12028,
      "order": 1,
      "descTextMapHash": 989928172,
      "acceptCondComb": "LOGIC_AND",
      "acceptCond": [
        {
          "type": "QUEST_COND_STATE_EQUAL",
          "param": [1204209, 3],
          "param_str": ""
        },
        {
          "type": "QUEST_COND_PERSONAL_LINE_UNLOCK",
          "param": [17, 0],
          "param_str": ""
        }
      ],
      "finishCond": [
        {
          "type": "QUEST_CONTENT_COMPLETE_TALK",
          "param": [1202801, 0],
          "param_str": ""
        }
      ],
      "failCond": [
        {
          "param": [],
          "param_str": ""
        }
      ],
      "guide": {
        "type": "QUEST_GUIDE_LOCATION",
        "autoGuide": "QUEST_GUIDE_AUTO_ENABLE",
        "param": ["Q1202801_N12358_T1202801", "20"],
        "guideScene": 3,
        "guideStyle": "QUEST_GUIDE_STYLE_TARGET",
        "guideLayer": "QUEST_GUIDE_LAYER_SCENE"
      },
      "isRewind": true,
      "finishExec": [
        {
          "param": [],
          "param_str": ""
        }
      ],
      "failExec": [
        {
          "param": [],
          "param_str": ""
        }
      ],
      "beginExec": [
        {
          "param": [],
          "param_str": ""
        }
      ],
      "exclusiveNpcList": [12358, 12359, 12436, 12437, 12438, 12439, 12440],
      "exclusiveNpcPriority": 1100,
      "exclusivePlaceList": [4005607, 322001]
    },
    {
      "subId": 1202802,
      "mainId": 12028,
      "order": 2,
      "descTextMapHash": 2363196412,
      "acceptCond": [
        {
          "type": "QUEST_COND_STATE_EQUAL",
          "param": [1202801, 3],
          "param_str": ""
        }
      ],
      "finishCond": [
        {
          "type": "QUEST_CONTENT_COMPLETE_TALK",
          "param": [1202802, 0],
          "param_str": ""
        }
      ],
      "failCond": [
        {
          "param": [],
          "param_str": ""
        }
      ],
      "guide": {
        "type": "QUEST_GUIDE_LOCATION",
        "autoGuide": "QUEST_GUIDE_AUTO_ENABLE",
        "param": ["Q1202802_T1202802_N12361", "20"],
        "guideScene": 3,
        "guideStyle": "QUEST_GUIDE_STYLE_TARGET",
        "guideLayer": "QUEST_GUIDE_LAYER_SCENE"
      },
      "isRewind": true,
      "finishExec": [
        {
          "param": [],
          "param_str": ""
        }
      ],
      "failExec": [
        {
          "param": [],
          "param_str": ""
        }
      ],
      "beginExec": [
        {
          "param": [],
          "param_str": ""
        }
      ],
      "exclusiveNpcList": [
        12358, 3033, 12359, 3032, 12436, 12437, 12438, 12439, 12440
      ],
      "exclusiveNpcPriority": 1100,
      "exclusivePlaceList": [4005607, 4005402]
    },
    {
      "subId": 1202803,
      "mainId": 12028,
      "order": 3,
      "descTextMapHash": 2909326916,
      "acceptCond": [
        {
          "type": "QUEST_COND_STATE_EQUAL",
          "param": [1202802, 3],
          "param_str": ""
        }
      ],
      "finishCond": [
        {
          "type": "QUEST_CONTENT_COMPLETE_TALK",
          "param": [1202803, 0],
          "param_str": ""
        }
      ],
      "failCond": [
        {
          "param": [],
          "param_str": ""
        }
      ],
      "guide": {
        "type": "QUEST_GUIDE_NPC",
        "param": ["1034"],
        "guideScene": 3,
        "guideStyle": "QUEST_GUIDE_STYLE_TARGET",
        "guideLayer": "QUEST_GUIDE_LAYER_SCENE"
      },
      "isRewind": true,
      "finishExec": [
        {
          "param": [],
          "param_str": ""
        }
      ],
      "failExec": [
        {
          "param": [],
          "param_str": ""
        }
      ],
      "beginExec": [
        {
          "param": [],
          "param_str": ""
        }
      ],
      "exclusiveNpcList": [
        12358, 3033, 1034, 12359, 3032, 12362, 12436, 12437, 12438, 12439,
        12440, 3109
      ],
      "exclusiveNpcPriority": 1100,
      "exclusivePlaceList": [19014]
    },
    {
      "subId": 1202804,
      "mainId": 12028,
      "order": 6,
      "descTextMapHash": 91867548,
      "acceptCond": [
        {
          "type": "QUEST_COND_STATE_EQUAL",
          "param": [1202810, 3],
          "param_str": ""
        }
      ],
      "finishCond": [
        {
          "type": "QUEST_CONTENT_COMPLETE_TALK",
          "param": [1202804, 0],
          "param_str": ""
        }
      ],
      "failCond": [
        {
          "param": [],
          "param_str": ""
        }
      ],
      "guide": {
        "type": "QUEST_GUIDE_NPC",
        "autoGuide": "QUEST_GUIDE_AUTO_ENABLE",
        "param": ["12416"],
        "guideScene": 3,
        "guideStyle": "QUEST_GUIDE_STYLE_TARGET",
        "guideLayer": "QUEST_GUIDE_LAYER_SCENE"
      },
      "isRewind": true,
      "finishExec": [
        {
          "param": [],
          "param_str": ""
        }
      ],
      "failExec": [
        {
          "param": [],
          "param_str": ""
        }
      ],
      "beginExec": [
        {
          "param": [],
          "param_str": ""
        }
      ],
      "exclusiveNpcList": [1034, 12415, 12416],
      "exclusiveNpcPriority": 1100
    },
    {
      "subId": 1202805,
      "mainId": 12028,
      "order": 7,
      "descTextMapHash": 2361960116,
      "acceptCond": [
        {
          "type": "QUEST_COND_STATE_EQUAL",
          "param": [99902, 3],
          "param_str": ""
        }
      ],
      "finishCond": [
        {
          "type": "QUEST_CONTENT_INTERACT_GADGET",
          "param": [70710584, 0],
          "param_str": "",
          "count": 1
        }
      ],
      "failCond": [
        {
          "param": [],
          "param_str": ""
        }
      ],
      "guide": {
        "type": "QUEST_GUIDE_LOCATION",
        "param": ["Q1202805Target", "5"],
        "guideScene": 3,
        "guideStyle": "QUEST_GUIDE_STYLE_POINT",
        "guideLayer": "QUEST_GUIDE_LAYER_SCENE"
      },
      "showGuide": "QUEST_GUIDE_ITEM_DISABLE",
      "isRewind": true,
      "finishExec": [
        {
          "param": [],
          "param_str": ""
        }
      ],
      "failExec": [
        {
          "param": [],
          "param_str": ""
        }
      ],
      "beginExec": [
        {
          "param": [],
          "param_str": ""
        }
      ],
      "exclusiveNpcList": [1034, 12416],
      "exclusiveNpcPriority": 1100
    },
    {
      "subId": 1202806,
      "mainId": 12028,
      "order": 8,
      "descTextMapHash": 3209918676,
      "acceptCond": [
        {
          "type": "QUEST_COND_STATE_EQUAL",
          "param": [1202804, 3],
          "param_str": ""
        }
      ],
      "finishCond": [
        {
          "type": "QUEST_CONTENT_COMPLETE_TALK",
          "param": [1202805, 0],
          "param_str": ""
        }
      ],
      "failCond": [
        {
          "param": [],
          "param_str": ""
        }
      ],
      "guide": {
        "type": "QUEST_GUIDE_LOCATION",
        "autoGuide": "QUEST_GUIDE_AUTO_ENABLE",
        "param": ["Q1202806_T1202806_N12363", "30"],
        "guideScene": 3,
        "guideStyle": "QUEST_GUIDE_STYLE_TARGET",
        "guideLayer": "QUEST_GUIDE_LAYER_SCENE"
      },
      "isRewind": true,
      "finishExec": [
        {
          "param": [],
          "param_str": ""
        }
      ],
      "failExec": [
        {
          "param": [],
          "param_str": ""
        }
      ],
      "beginExec": [
        {
          "type": "QUEST_EXEC_REGISTER_DYNAMIC_GROUP",
          "param": ["3", "133220720"],
          "param_str": ""
        }
      ],
      "exclusiveNpcList": [1034, 12363],
      "exclusiveNpcPriority": 1100,
      "exclusivePlaceList": [1202806]
    },
    {
      "subId": 1202807,
      "mainId": 12028,
      "order": 9,
      "isMpBlock": true,
      "descTextMapHash": 171510676,
      "acceptCond": [
        {
          "type": "QUEST_COND_STATE_EQUAL",
          "param": [1202806, 3],
          "param_str": ""
        }
      ],
      "finishCond": [
        {
          "type": "QUEST_CONTENT_LUA_NOTIFY",
          "param": [0, 0],
          "param_str": "1202807",
          "count": 1
        }
      ],
      "failCond": [
        {
          "param": [],
          "param_str": ""
        }
      ],
      "guide": {
        "type": "QUEST_GUIDE_LOCATION",
        "autoGuide": "QUEST_GUIDE_AUTO_ENABLE",
        "param": ["Q1202806_T1202806_N12363", "30"],
        "guideScene": 3,
        "guideStyle": "QUEST_GUIDE_STYLE_TARGET",
        "guideLayer": "QUEST_GUIDE_LAYER_SCENE"
      },
      "isRewind": true,
      "finishExec": [
        {
          "type": "QUEST_EXEC_UNREGISTER_DYNAMIC_GROUP",
          "param": ["133220701", "0"],
          "param_str": ""
        }
      ],
      "failExec": [
        {
          "param": [],
          "param_str": ""
        }
      ],
      "beginExec": [
        {
          "type": "QUEST_EXEC_REGISTER_DYNAMIC_GROUP",
          "param": ["3", "133220701"],
          "param_str": ""
        },
        {
          "type": "QUEST_EXEC_REGISTER_DYNAMIC_GROUP_ONLY",
          "param": ["133220720", "0"],
          "param_str": ""
        }
      ],
      "exclusiveNpcList": [12363, 12362, 1034],
      "exclusiveNpcPriority": 1100,
      "exclusivePlaceList": [1202806]
    },
    {
      "subId": 1202808,
      "mainId": 12028,
      "order": 10,
      "isMpBlock": true,
      "descTextMapHash": 365805732,
      "acceptCond": [
        {
          "type": "QUEST_COND_STATE_EQUAL",
          "param": [1202807, 3],
          "param_str": ""
        }
      ],
      "finishCond": [
        {
          "type": "QUEST_CONTENT_COMPLETE_TALK",
          "param": [1202806, 0],
          "param_str": ""
        }
      ],
      "failCond": [
        {
          "param": [],
          "param_str": ""
        }
      ],
      "guide": {
        "type": "QUEST_GUIDE_NPC",
        "param": ["12363"],
        "guideScene": 3,
        "guideStyle": "QUEST_GUIDE_STYLE_TARGET",
        "guideLayer": "QUEST_GUIDE_LAYER_SCENE"
      },
      "finishParent": true,
      "isRewind": true,
      "finishExec": [
        {
          "param": [],
          "param_str": ""
        }
      ],
      "failExec": [
        {
          "param": [],
          "param_str": ""
        }
      ],
      "beginExec": [
        {
          "type": "QUEST_EXEC_REGISTER_DYNAMIC_GROUP_ONLY",
          "param": ["133220720", "0"],
          "param_str": ""
        }
      ],
      "exclusiveNpcList": [1034, 12363],
      "exclusiveNpcPriority": 1100,
      "exclusivePlaceList": [1202806]
    },
    {
      "subId": 1202809,
      "mainId": 12028,
      "order": 4,
      "descTextMapHash": 2419595340,
      "acceptCond": [
        {
          "type": "QUEST_COND_STATE_EQUAL",
          "param": [1202803, 3],
          "param_str": ""
        }
      ],
      "finishCond": [
        {
          "type": "QUEST_CONTENT_COMPLETE_TALK",
          "param": [1202807, 0],
          "param_str": ""
        }
      ],
      "failCond": [
        {
          "param": [],
          "param_str": ""
        }
      ],
      "guide": {
        "type": "QUEST_GUIDE_LOCATION",
        "autoGuide": "QUEST_GUIDE_AUTO_ENABLE",
        "param": ["Q1202809_N10000005", "30"],
        "guideScene": 3,
        "guideStyle": "QUEST_GUIDE_STYLE_POINT",
        "guideLayer": "QUEST_GUIDE_LAYER_SCENE"
      },
      "isRewind": true,
      "finishExec": [
        {
          "param": [],
          "param_str": ""
        }
      ],
      "failExec": [
        {
          "param": [],
          "param_str": ""
        }
      ],
      "beginExec": [
        {
          "param": [],
          "param_str": ""
        }
      ],
      "exclusiveNpcList": [12358, 3033, 1034, 12359, 3032, 12362, 3109],
      "exclusiveNpcPriority": 1100
    },
    {
      "subId": 1202810,
      "mainId": 12028,
      "order": 5,
      "descTextMapHash": 3170892100,
      "acceptCond": [
        {
          "type": "QUEST_COND_STATE_EQUAL",
          "param": [1202809, 3],
          "param_str": ""
        }
      ],
      "finishCond": [
        {
          "type": "QUEST_CONTENT_COMPLETE_TALK",
          "param": [1202808, 0],
          "param_str": ""
        }
      ],
      "failCond": [
        {
          "param": [],
          "param_str": ""
        }
      ],
      "guide": {
        "type": "QUEST_GUIDE_NPC",
        "autoGuide": "QUEST_GUIDE_AUTO_ENABLE",
        "param": ["12415"],
        "guideScene": 3,
        "guideStyle": "QUEST_GUIDE_STYLE_TARGET",
        "guideLayer": "QUEST_GUIDE_LAYER_SCENE"
      },
      "isRewind": true,
      "finishExec": [
        {
          "param": [],
          "param_str": ""
        }
      ],
      "failExec": [
        {
          "param": [],
          "param_str": ""
        }
      ],
      "beginExec": [
        {
          "param": [],
          "param_str": ""
        }
      ],
      "exclusiveNpcList": [1034, 12415, 3109],
      "exclusiveNpcPriority": 1100
    }
  ],
  "talks": [
    {
      "id": 1202801,
      "beginWay": "TALK_BEGIN_MANUAL",
      "activeMode": "PLAY_MODE_SINGLE",
      "beginCond": [
        {
          "type": "QUEST_COND_STATE_EQUAL",
          "param": ["1202801", "2"],
          "param_str": ""
        }
      ],
      "priority": 5,
      "initDialog": 120280101,
      "npcId": [1005, 12358, 12359],
      "performCfg": "QuestDialogue/LQ/YaeMiko1_12028/Q1202801",
      "heroTalk": "TALK_HERO_MAIN",
      "questId": 12028,
      "prePerformCfg": ""
    },
    {
      "id": 1202802,
      "beginWay": "TALK_BEGIN_MANUAL",
      "activeMode": "PLAY_MODE_SINGLE",
      "beginCond": [
        {
          "type": "QUEST_COND_STATE_EQUAL",
          "param": ["1202802", "2"],
          "param_str": ""
        }
      ],
      "priority": 5,
      "initDialog": 120280201,
      "npcId": [1005, 3032, 3033],
      "performCfg": "QuestDialogue/LQ/YaeMiko1_12028/Q1202802",
      "heroTalk": "TALK_HERO_MAIN",
      "questId": 12028,
      "prePerformCfg": ""
    },
    {
      "id": 1202803,
      "beginWay": "TALK_BEGIN_MANUAL",
      "activeMode": "PLAY_MODE_SINGLE",
      "beginCond": [
        {
          "type": "QUEST_COND_STATE_EQUAL",
          "param": ["1202803", "2"],
          "param_str": ""
        }
      ],
      "priority": 5,
      "initDialog": 120280301,
      "npcId": [1005, 1034, 12362],
      "performCfg": "QuestDialogue/LQ/YaeMiko1_12028/Q1202803",
      "heroTalk": "TALK_HERO_MAIN",
      "questId": 12028,
      "prePerformCfg": ""
    },
    {
      "id": 1202804,
      "beginWay": "TALK_BEGIN_MANUAL",
      "activeMode": "PLAY_MODE_SINGLE",
      "beginCond": [
        {
          "type": "QUEST_COND_STATE_EQUAL",
          "param": ["1202804", "2"],
          "param_str": ""
        }
      ],
      "priority": 5,
      "initDialog": 120280401,
      "npcId": [1005, 12416, 1034, 12362],
      "performCfg": "QuestDialogue/LQ/YaeMiko1_12028/Q1202804",
      "heroTalk": "TALK_HERO_MAIN",
      "questId": 12028,
      "prePerformCfg": ""
    },
    {
      "id": 1202805,
      "beginWay": "TALK_BEGIN_MANUAL",
      "activeMode": "PLAY_MODE_SINGLE",
      "beginCond": [
        {
          "type": "QUEST_COND_STATE_EQUAL",
          "param": ["1202806", "2"],
          "param_str": ""
        }
      ],
      "priority": 5,
      "initDialog": 120280501,
      "npcId": [1005, 12363, 12362, 1034, 12364],
      "performCfg": "QuestDialogue/LQ/YaeMiko1_12028/Q1202805",
      "heroTalk": "TALK_HERO_MAIN",
      "questId": 12028,
      "prePerformCfg": ""
    },
    {
      "id": 1202806,
      "beginWay": "TALK_BEGIN_MANUAL",
      "activeMode": "PLAY_MODE_SINGLE",
      "beginCond": [
        {
          "type": "QUEST_COND_STATE_EQUAL",
          "param": ["1202808", "2"],
          "param_str": ""
        }
      ],
      "priority": 5,
      "initDialog": 120280601,
      "npcId": [12364, 1005, 1034, 12363, 12362, 3029],
      "performCfg": "QuestDialogue/LQ/YaeMiko1_12028/Q1202806",
      "heroTalk": "TALK_HERO_MAIN",
      "questId": 12028,
      "prePerformCfg": ""
    },
    {
      "id": 1202807,
      "beginWay": "TALK_BEGIN_MANUAL",
      "activeMode": "PLAY_MODE_SINGLE",
      "beginCond": [
        {
          "type": "QUEST_COND_STATE_EQUAL",
          "param": ["1202809", "2"],
          "param_str": ""
        }
      ],
      "priority": 5,
      "initDialog": 120280701,
      "npcId": [12362, 1005, 1034],
      "performCfg": "QuestDialogue/LQ/YaeMiko1_12028/Q1202807",
      "heroTalk": "TALK_HERO_MAIN",
      "questId": 12028,
      "prePerformCfg": ""
    },
    {
      "id": 1202808,
      "beginWay": "TALK_BEGIN_MANUAL",
      "activeMode": "PLAY_MODE_SINGLE",
      "beginCond": [
        {
          "type": "QUEST_COND_STATE_EQUAL",
          "param": ["1202810", "2"],
          "param_str": ""
        }
      ],
      "priority": 5,
      "initDialog": 120280801,
      "npcId": [1005, 12415, 1034],
      "performCfg": "QuestDialogue/LQ/YaeMiko1_12028/Q1202808",
      "heroTalk": "TALK_HERO_MAIN",
      "questId": 12028,
      "prePerformCfg": ""
    },
    {
      "id": 1202809,
      "beginWay": "TALK_BEGIN_MANUAL",
      "activeMode": "PLAY_MODE_SINGLE",
      "beginCond": [
        {
          "type": "QUEST_COND_STATE_EQUAL",
          "param": ["1202801", "3"],
          "param_str": ""
        }
      ],
      "priority": 5,
      "initDialog": 120280901,
      "npcId": [12358, 12359],
      "performCfg": "QuestDialogue/LQ/YaeMiko1_12028/Q1202809",
      "heroTalk": "TALK_HERO_MAIN",
      "questId": 12028,
      "prePerformCfg": ""
    },
    {
      "id": 1202810,
      "beginWay": "TALK_BEGIN_MANUAL",
      "activeMode": "PLAY_MODE_SINGLE",
      "beginCondComb": "LOGIC_OR",
      "beginCond": [
        {
          "type": "QUEST_COND_STATE_EQUAL",
          "param": ["1202803", "2"],
          "param_str": ""
        },
        {
          "type": "QUEST_COND_STATE_EQUAL",
          "param": ["1202809", "2"],
          "param_str": ""
        }
      ],
      "priority": 5,
      "initDialog": 120281001,
      "npcId": [3032, 3033],
      "performCfg": "QuestDialogue/LQ/YaeMiko1_12028/Q1202810",
      "heroTalk": "TALK_HERO_MAIN",
      "questId": 12028,
      "prePerformCfg": ""
    },
    {
      "id": 1202811,
      "beginWay": "TALK_BEGIN_MANUAL",
      "activeMode": "PLAY_MODE_SINGLE",
      "beginCond": [
        {
          "type": "QUEST_COND_STATE_EQUAL",
          "param": ["1202810", "3"],
          "param_str": ""
        }
      ],
      "priority": 5,
      "initDialog": 120281101,
      "npcId": [12415],
      "performCfg": "QuestDialogue/LQ/YaeMiko1_12028/Q1202811",
      "heroTalk": "TALK_HERO_MAIN",
      "questId": 12028,
      "prePerformCfg": ""
    },
    {
      "id": 1202812,
      "beginWay": "TALK_BEGIN_MANUAL",
      "activeMode": "PLAY_MODE_SINGLE",
      "beginCond": [
        {
          "type": "QUEST_COND_STATE_EQUAL",
          "param": ["1202804", "3"],
          "param_str": ""
        }
      ],
      "priority": 5,
      "initDialog": 120281201,
      "npcId": [12416],
      "performCfg": "QuestDialogue/LQ/YaeMiko1_12028/Q1202812",
      "heroTalk": "TALK_HERO_MAIN",
      "questId": 12028,
      "prePerformCfg": ""
    }
  ]
}
