{
  "id": 12023,
  "type": "LQ",
  "series": 2024,
  "titleTextMapHash": 3002404967,
  "descTextMapHash": 2606575910,
  "luaPath": "Actor/Quest/LQ12023",
  "suggestTrackMainQuestList": [12024],
  "rewardIdList": [112023],
  "chapterId": 2024,
  "subQuests": [
    {
      "subId": 1202301,
      "mainId": 12023,
      "order": 1,
      "descTextMapHash": 555978284,
      "acceptCond": [
        {
          "type": "QUEST_COND_STATE_EQUAL",
          "param": [1202212, 3],
          "param_str": ""
        }
      ],
      "finishCond": [
        {
          "type": "QUEST_CONTENT_FINISH_PLOT",
          "param": [1202301, 0],
          "param_str": ""
        }
      ],
      "failCond": [
        {
          "param": [],
          "param_str": ""
        }
      ],
      "guide": {
        "type": "QUEST_GUIDE_LOCATION",
        "param": ["Q12023_GOUHUO"],
        "guideScene": 3,
        "guideStyle": "QUEST_GUIDE_STYLE_POINT"
      },
      "isRewind": true,
      "finishExec": [
        {
          "param": [],
          "param_str": ""
        }
      ],
      "failExec": [
        {
          "param": [],
          "param_str": ""
        }
      ],
      "beginExec": [
        {
          "type": "QUEST_EXEC_REGISTER_DYNAMIC_GROUP",
          "param": ["3", "133210201"],
          "param_str": ""
        }
      ],
      "exclusiveNpcList": [
        12067, 3132, 12060, 3140, 12101, 3133, 12105, 12178, 12204
      ],
      "exclusiveNpcPriority": 1100
    },
    {
      "subId": 1202302,
      "mainId": 12023,
      "order": 6,
      "descTextMapHash": 3702878428,
      "acceptCond": [
        {
          "type": "QUEST_COND_STATE_EQUAL",
          "param": [1202310, 3],
          "param_str": ""
        }
      ],
      "finishCond": [
        {
          "type": "QUEST_CONTENT_COMPLETE_TALK",
          "param": [1202301, 0],
          "param_str": ""
        }
      ],
      "failCond": [
        {
          "param": [],
          "param_str": ""
        }
      ],
      "guide": {
        "type": "QUEST_GUIDE_NPC",
        "param": ["1037", "SELECT_NPC_NONE"],
        "guideScene": 3,
        "guideStyle": "QUEST_GUIDE_STYLE_TARGET"
      },
      "finishExec": [
        {
          "param": [],
          "param_str": ""
        }
      ],
      "failExec": [
        {
          "param": [],
          "param_str": ""
        }
      ],
      "beginExec": [
        {
          "type": "QUEST_EXEC_NOTIFY_GROUP_LUA",
          "param": ["3", "133210201"],
          "param_str": ""
        }
      ],
      "exclusiveNpcList": [
        1037, 12067, 3132, 12060, 3140, 12101, 3133, 12105, 12178, 12204
      ],
      "exclusiveNpcPriority": 1100
    },
    {
      "subId": 1202303,
      "mainId": 12023,
      "order": 10,
      "descTextMapHash": 4008160260,
      "acceptCond": [
        {
          "type": "QUEST_COND_STATE_EQUAL",
          "param": [1202309, 3],
          "param_str": ""
        }
      ],
      "finishCondComb": "LOGIC_OR",
      "finishCond": [
        {
          "type": "QUEST_CONTENT_COMPLETE_TALK",
          "param": [1202302, 0],
          "param_str": ""
        },
        {
          "type": "QUEST_CONTENT_COMPLETE_TALK",
          "param": [1202320, 0],
          "param_str": ""
        }
      ],
      "failCond": [
        {
          "param": [],
          "param_str": ""
        }
      ],
      "guide": {
        "type": "QUEST_GUIDE_NPC",
        "param": ["12178", "SELECT_NPC_NONE"],
        "guideScene": 3,
        "guideStyle": "QUEST_GUIDE_STYLE_TARGET"
      },
      "isRewind": true,
      "finishExec": [
        {
          "param": [],
          "param_str": ""
        }
      ],
      "failExec": [
        {
          "param": [],
          "param_str": ""
        }
      ],
      "beginExec": [
        {
          "type": "QUEST_EXEC_REGISTER_DYNAMIC_GROUP_ONLY",
          "param": ["133210201", "0"],
          "param_str": ""
        },
        {
          "type": "QUEST_EXEC_UNREGISTER_DYNAMIC_GROUP",
          "param": ["133210207", "0"],
          "param_str": ""
        },
        {
          "type": "QUEST_EXEC_UNLOCK_AVATAR_TEAM",
          "param": [0, 0],
          "param_str": ""
        }
      ],
      "exclusiveNpcList": [
        1037, 12067, 3132, 12060, 3140, 12101, 3133, 12105, 12178
      ],
      "exclusiveNpcPriority": 1100
    },
    {
      "subId": 1202304,
      "mainId": 12023,
      "order": 11,
      "isMpBlock": true,
      "descTextMapHash": 3814493564,
      "acceptCond": [
        {
          "type": "QUEST_COND_STATE_EQUAL",
          "param": [1202303, 3],
          "param_str": ""
        }
      ],
      "finishCond": [
        {
          "type": "QUEST_CONTENT_LUA_NOTIFY",
          "param": [0, 0],
          "param_str": "1202304",
          "count": 1
        }
      ],
      "failCondComb": "LOGIC_OR",
      "failCond": [
        {
          "type": "QUEST_CONTENT_TEAM_DEAD",
          "param": [0, 0],
          "param_str": ""
        },
        {
          "type": "QUEST_CONTENT_ANY_MANUAL_TRANSPORT",
          "param": [0, 0],
          "param_str": ""
        },
        {
          "type": "QUEST_CONTENT_NOT_FINISH_PLOT",
          "param": [1202304, 0],
          "param_str": ""
        },
        {
          "type": "QUEST_CONTENT_LEAVE_SCENE_RANGE",
          "param": [3, 25],
          "param_str": "Q12023_dual"
        }
      ],
      "guide": {
        "type": "QUEST_GUIDE_LOCATION",
        "param": ["Q12023_dual", "20"],
        "guideScene": 3,
        "guideStyle": "QUEST_GUIDE_STYLE_TARGET"
      },
      "finishExec": [
        {
          "type": "QUEST_EXEC_UNLOCK_AVATAR_TEAM",
          "param": [0, 0],
          "param_str": ""
        },
        {
          "type": "QUEST_EXEC_UNREGISTER_DYNAMIC_GROUP",
          "param": ["133210207", "0"],
          "param_str": ""
        }
      ],
      "failExec": [
        {
          "type": "QUEST_EXEC_ROLLBACK_QUEST",
          "param": ["1202303", "0"],
          "param_str": ""
        },
        {
          "type": "QUEST_EXEC_UNLOCK_AVATAR_TEAM",
          "param": [0, 0],
          "param_str": ""
        },
        {
          "type": "QUEST_EXEC_SET_QUEST_GLOBAL_VAR",
          "param": ["1202301", "1"],
          "param_str": ""
        }
      ],
      "beginExec": [
        {
          "type": "QUEST_EXEC_REGISTER_DYNAMIC_GROUP",
          "param": ["3", "133210207"],
          "param_str": ""
        },
        {
          "type": "QUEST_EXEC_LOCK_AVATAR_TEAM",
          "param": ["0", "0"],
          "param_str": ""
        }
      ],
      "exclusiveNpcList": [
        1037, 12067, 3132, 12126, 12060, 3140, 12101, 3133, 12105, 12178
      ],
      "exclusiveNpcPriority": 1100
    },
    {
      "subId": 1202305,
      "mainId": 12023,
      "order": 15,
      "descTextMapHash": 990244476,
      "acceptCond": [
        {
          "type": "QUEST_COND_STATE_EQUAL",
          "param": [1202304, 3],
          "param_str": ""
        }
      ],
      "finishCond": [
        {
          "type": "QUEST_CONTENT_COMPLETE_TALK",
          "param": [1202303, 0],
          "param_str": ""
        }
      ],
      "failCond": [
        {
          "param": [],
          "param_str": ""
        }
      ],
      "guide": {
        "type": "QUEST_GUIDE_NPC",
        "param": ["12126", "SELECT_NPC_NONE"],
        "guideScene": 3,
        "guideStyle": "QUEST_GUIDE_STYLE_TARGET"
      },
      "isRewind": true,
      "finishExec": [
        {
          "param": [],
          "param_str": ""
        }
      ],
      "failExec": [
        {
          "param": [],
          "param_str": ""
        }
      ],
      "beginExec": [
        {
          "type": "QUEST_EXEC_UNREGISTER_DYNAMIC_GROUP",
          "param": ["133210207", "0"],
          "param_str": ""
        },
        {
          "type": "QUEST_EXEC_REGISTER_DYNAMIC_GROUP_ONLY",
          "param": ["133210201", "0"],
          "param_str": ""
        }
      ],
      "exclusiveNpcList": [
        1037, 12067, 3132, 12126, 12060, 3140, 12101, 3133, 12105
      ],
      "exclusiveNpcPriority": 1100
    },
    {
      "subId": 1202306,
      "mainId": 12023,
      "order": 30,
      "descTextMapHash": 2810608748,
      "acceptCond": [
        {
          "type": "QUEST_COND_STATE_EQUAL",
          "param": [1202305, 3],
          "param_str": ""
        }
      ],
      "finishCond": [
        {
          "type": "QUEST_CONTENT_COMPLETE_TALK",
          "param": [1202304, 0],
          "param_str": ""
        }
      ],
      "failCond": [
        {
          "param": [],
          "param_str": ""
        }
      ],
      "guide": {
        "type": "QUEST_GUIDE_NPC",
        "param": ["1037", "SELECT_NPC_NONE"],
        "guideScene": 3,
        "guideStyle": "QUEST_GUIDE_STYLE_TARGET"
      },
      "finishParent": true,
      "isRewind": true,
      "finishExec": [
        {
          "param": [],
          "param_str": ""
        }
      ],
      "failExec": [
        {
          "param": [],
          "param_str": ""
        }
      ],
      "beginExec": [
        {
          "type": "QUEST_EXEC_REGISTER_DYNAMIC_GROUP_ONLY",
          "param": ["133210201", "0"],
          "param_str": ""
        }
      ],
      "exclusiveNpcList": [
        1037, 12067, 3132, 12126, 12060, 3140, 12101, 3133, 12105
      ],
      "exclusiveNpcPriority": 1100
    },
    {
      "subId": 1202307,
      "mainId": 12023,
      "order": 19,
      "descTextMapHash": 2352220460,
      "showType": "QUEST_HIDDEN",
      "acceptCond": [
        {
          "type": "QUEST_COND_STATE_EQUAL",
          "param": [1202311, 3],
          "param_str": ""
        }
      ],
      "finishCond": [
        {
          "type": "QUEST_CONTENT_COMPLETE_TALK",
          "param": [1202304, 0],
          "param_str": ""
        }
      ],
      "failCond": [
        {
          "param": [],
          "param_str": ""
        }
      ],
      "guide": {},
      "finishExec": [
        {
          "param": [],
          "param_str": ""
        }
      ],
      "failExec": [
        {
          "param": [],
          "param_str": ""
        }
      ],
      "beginExec": [
        {
          "param": [],
          "param_str": ""
        }
      ],
      "exclusiveNpcList": [
        1037, 12067, 3132, 12126, 12060, 3140, 12101, 3133, 12105
      ],
      "exclusiveNpcPriority": 1100
    },
    {
      "subId": 1202308,
      "mainId": 12023,
      "order": 8,
      "descTextMapHash": 3250890004,
      "acceptCond": [
        {
          "type": "QUEST_COND_STATE_EQUAL",
          "param": [1202302, 3],
          "param_str": ""
        }
      ],
      "finishCond": [
        {
          "type": "QUEST_CONTENT_COMPLETE_TALK",
          "param": [1202305, 0],
          "param_str": ""
        }
      ],
      "failCond": [
        {
          "param": [],
          "param_str": ""
        }
      ],
      "guide": {
        "type": "QUEST_GUIDE_NPC",
        "param": ["3132", "SELECT_NPC_NONE"],
        "guideScene": 3,
        "guideStyle": "QUEST_GUIDE_STYLE_TARGET"
      },
      "isRewind": true,
      "finishExec": [
        {
          "param": [],
          "param_str": ""
        }
      ],
      "failExec": [
        {
          "param": [],
          "param_str": ""
        }
      ],
      "beginExec": [
        {
          "type": "QUEST_EXEC_REGISTER_DYNAMIC_GROUP_ONLY",
          "param": ["133210201", "0"],
          "param_str": ""
        }
      ],
      "exclusiveNpcList": [
        1037, 12067, 3132, 12060, 3140, 12101, 3133, 12105, 12178
      ],
      "exclusiveNpcPriority": 1100
    },
    {
      "subId": 1202309,
      "mainId": 12023,
      "order": 9,
      "descTextMapHash": 2362156636,
      "acceptCond": [
        {
          "type": "QUEST_COND_STATE_EQUAL",
          "param": [1202308, 3],
          "param_str": ""
        }
      ],
      "finishCond": [
        {
          "type": "QUEST_CONTENT_COMPLETE_TALK",
          "param": [1202306, 0],
          "param_str": ""
        }
      ],
      "failCond": [
        {
          "param": [],
          "param_str": ""
        }
      ],
      "guide": {
        "type": "QUEST_GUIDE_NPC",
        "param": ["12067", "SELECT_NPC_NONE"],
        "guideScene": 3,
        "guideStyle": "QUEST_GUIDE_STYLE_TARGET"
      },
      "isRewind": true,
      "finishExec": [
        {
          "param": [],
          "param_str": ""
        }
      ],
      "failExec": [
        {
          "param": [],
          "param_str": ""
        }
      ],
      "beginExec": [
        {
          "type": "QUEST_EXEC_REGISTER_DYNAMIC_GROUP_ONLY",
          "param": ["133210201", "0"],
          "param_str": ""
        }
      ],
      "exclusiveNpcList": [
        1037, 12067, 3132, 12060, 3140, 12101, 3133, 12105, 12178
      ],
      "exclusiveNpcPriority": 1100
    },
    {
      "subId": 1202310,
      "mainId": 12023,
      "order": 2,
      "descTextMapHash": 1760455172,
      "acceptCond": [
        {
          "type": "QUEST_COND_STATE_EQUAL",
          "param": [1202301, 3],
          "param_str": ""
        }
      ],
      "finishCond": [
        {
          "type": "QUEST_CONTENT_GAME_TIME_TICK",
          "param": [0, 0],
          "param_str": "18,6"
        }
      ],
      "failCond": [
        {
          "param": [],
          "param_str": ""
        }
      ],
      "guide": {},
      "showGuide": "QUEST_GUIDE_ITEM_DISABLE",
      "finishExec": [
        {
          "param": [],
          "param_str": ""
        }
      ],
      "failExec": [
        {
          "param": [],
          "param_str": ""
        }
      ],
      "beginExec": [
        {
          "param": [],
          "param_str": ""
        }
      ],
      "exclusiveNpcList": [
        12067, 3132, 12060, 3140, 12101, 3133, 12105, 12178, 12204
      ],
      "exclusiveNpcPriority": 1100
    },
    {
      "subId": 1202311,
      "mainId": 12023,
      "order": 3,
      "descTextMapHash": 2352707716,
      "showType": "QUEST_HIDDEN",
      "acceptCond": [
        {
          "type": "QUEST_COND_STATE_EQUAL",
          "param": [1202212, 3],
          "param_str": ""
        }
      ],
      "finishCond": [
        {
          "type": "QUEST_CONTENT_FINISH_PLOT",
          "param": [1202311, 0],
          "param_str": ""
        }
      ],
      "failCond": [
        {
          "param": [],
          "param_str": ""
        }
      ],
      "guide": {},
      "showGuide": "QUEST_GUIDE_ITEM_DISABLE",
      "failParentShow": "QUEST_HIDDEN",
      "finishExec": [
        {
          "param": [],
          "param_str": ""
        }
      ],
      "failExec": [
        {
          "param": [],
          "param_str": ""
        }
      ],
      "beginExec": [
        {
          "param": [],
          "param_str": ""
        }
      ],
      "exclusiveNpcList": [
        12067, 3132, 12060, 3140, 12101, 3133, 12105, 12178, 12204
      ],
      "exclusiveNpcPriority": 1100
    },
    {
      "subId": 1202312,
      "mainId": 12023,
      "order": 7,
      "descTextMapHash": 2597177724,
      "showType": "QUEST_HIDDEN",
      "acceptCond": [
        {
          "type": "QUEST_COND_STATE_EQUAL",
          "param": [1202302, 3],
          "param_str": ""
        }
      ],
      "finishCond": [
        {
          "type": "QUEST_CONTENT_COMPLETE_TALK",
          "param": [1202303, 0],
          "param_str": ""
        }
      ],
      "failCond": [
        {
          "param": [],
          "param_str": ""
        }
      ],
      "guide": {},
      "showGuide": "QUEST_GUIDE_ITEM_DISABLE",
      "finishExec": [
        {
          "param": [],
          "param_str": ""
        }
      ],
      "failExec": [
        {
          "param": [],
          "param_str": ""
        }
      ],
      "beginExec": [
        {
          "param": [],
          "param_str": ""
        }
      ],
      "exclusiveNpcList": [
        1037, 12067, 3132, 12060, 3140, 12101, 3133, 12105, 12178, 12204
      ],
      "exclusiveNpcPriority": 1100
    }
  ],
  "talks": [
    {
      "id": 1202301,
      "beginWay": "TALK_BEGIN_MANUAL",
      "activeMode": "PLAY_MODE_SINGLE",
      "beginCond": [
        {
          "type": "QUEST_COND_STATE_EQUAL",
          "param": ["1202302", "2"],
          "param_str": ""
        }
      ],
      "priority": 5,
      "initDialog": 120230101,
      "npcId": [1037, 12059],
      "performCfg": "QuestDialogue/LQ/Kokomi_12023/Q1202301",
      "questId": 12023,
      "prePerformCfg": "",
      "lockGameTime": true
    },
    {
      "id": 1202302,
      "beginWay": "TALK_BEGIN_MANUAL",
      "activeMode": "PLAY_MODE_SINGLE",
      "beginCond": [
        {
          "type": "QUEST_COND_STATE_EQUAL",
          "param": ["1202303", "2"],
          "param_str": ""
        },
        {
          "type": "QUEST_COND_QUEST_GLOBAL_VAR_EQUAL",
          "param": ["1202301", "0"],
          "param_str": ""
        }
      ],
      "priority": 5,
      "initDialog": 120230201,
      "npcId": [12178],
      "performCfg": "QuestDialogue/LQ/Kokomi_12023/Q1202302",
      "questId": 12023,
      "prePerformCfg": ""
    },
    {
      "id": 1202303,
      "beginWay": "TALK_BEGIN_MANUAL",
      "activeMode": "PLAY_MODE_SINGLE",
      "beginCond": [
        {
          "type": "QUEST_COND_STATE_EQUAL",
          "param": ["1202305", "2"],
          "param_str": ""
        }
      ],
      "priority": 5,
      "initDialog": 120230301,
      "npcId": [12126],
      "performCfg": "QuestDialogue/LQ/Kokomi_12023/Q1202303",
      "questId": 12023,
      "prePerformCfg": ""
    },
    {
      "id": 1202304,
      "beginWay": "TALK_BEGIN_MANUAL",
      "activeMode": "PLAY_MODE_SINGLE",
      "beginCond": [
        {
          "type": "QUEST_COND_STATE_EQUAL",
          "param": ["1202306", "2"],
          "param_str": ""
        }
      ],
      "priority": 5,
      "initDialog": 120230401,
      "npcId": [1037],
      "performCfg": "QuestDialogue/LQ/Kokomi_12023/Q1202304",
      "questId": 12023,
      "prePerformCfg": ""
    },
    {
      "id": 1202305,
      "beginWay": "TALK_BEGIN_MANUAL",
      "activeMode": "PLAY_MODE_SINGLE",
      "beginCond": [
        {
          "type": "QUEST_COND_STATE_EQUAL",
          "param": ["1202308", "2"],
          "param_str": ""
        }
      ],
      "priority": 5,
      "initDialog": 120230501,
      "npcId": [3132],
      "performCfg": "QuestDialogue/LQ/Kokomi_12023/Q1202305",
      "questId": 12023,
      "prePerformCfg": ""
    },
    {
      "id": 1202306,
      "beginWay": "TALK_BEGIN_MANUAL",
      "activeMode": "PLAY_MODE_SINGLE",
      "beginCond": [
        {
          "type": "QUEST_COND_STATE_EQUAL",
          "param": ["1202309", "2"],
          "param_str": ""
        }
      ],
      "priority": 5,
      "initDialog": 120230601,
      "npcId": [12067],
      "performCfg": "QuestDialogue/LQ/Kokomi_12023/Q1202306",
      "questId": 12023,
      "prePerformCfg": ""
    },
    {
      "id": 1202308,
      "beginWay": "TALK_BEGIN_MANUAL",
      "activeMode": "PLAY_MODE_SINGLE",
      "beginCond": [
        {
          "type": "QUEST_COND_STATE_EQUAL",
          "param": ["1202312", "2"],
          "param_str": ""
        }
      ],
      "priority": 5,
      "initDialog": 120230801,
      "npcId": [1037],
      "performCfg": "QuestDialogue/LQ/Kokomi_12023/Q1202308",
      "questId": 12023,
      "prePerformCfg": ""
    },
    {
      "id": 1202309,
      "beginWay": "TALK_BEGIN_MANUAL",
      "activeMode": "PLAY_MODE_SINGLE",
      "beginCondComb": "LOGIC_OR",
      "beginCond": [
        {
          "type": "QUEST_COND_STATE_EQUAL",
          "param": ["1202310", "2"],
          "param_str": ""
        },
        {
          "type": "QUEST_COND_STATE_EQUAL",
          "param": ["1202308", "2"],
          "param_str": ""
        },
        {
          "type": "QUEST_COND_STATE_EQUAL",
          "param": ["1202309", "2"],
          "param_str": ""
        }
      ],
      "priority": 3,
      "initDialog": 120230901,
      "npcId": [12178],
      "performCfg": "QuestDialogue/LQ/Kokomi_12023/Q1202309",
      "questId": 12023,
      "prePerformCfg": "",
      "lowPriority": true
    },
    {
      "id": 1202310,
      "beginWay": "TALK_BEGIN_MANUAL",
      "activeMode": "PLAY_MODE_SINGLE",
      "beginCondComb": "LOGIC_OR",
      "beginCond": [
        {
          "type": "QUEST_COND_STATE_EQUAL",
          "param": ["1202307", "2"],
          "param_str": ""
        },
        {
          "type": "QUEST_COND_STATE_EQUAL",
          "param": ["1202310", "2"],
          "param_str": ""
        }
      ],
      "priority": 5,
      "initDialog": 120231001,
      "npcId": [12060],
      "performCfg": "QuestDialogue/LQ/Kokomi_12023/Q1202310",
      "questId": 12023,
      "prePerformCfg": ""
    },
    {
      "id": 1202311,
      "beginWay": "TALK_BEGIN_MANUAL",
      "activeMode": "PLAY_MODE_SINGLE",
      "beginCondComb": "LOGIC_OR",
      "beginCond": [
        {
          "type": "QUEST_COND_STATE_EQUAL",
          "param": ["1202307", "2"],
          "param_str": ""
        },
        {
          "type": "QUEST_COND_STATE_EQUAL",
          "param": ["1202310", "2"],
          "param_str": ""
        }
      ],
      "priority": 5,
      "initDialog": 120231101,
      "npcId": [3140],
      "performCfg": "QuestDialogue/LQ/Kokomi_12023/Q1202311",
      "questId": 12023,
      "prePerformCfg": ""
    },
    {
      "id": 1202312,
      "beginWay": "TALK_BEGIN_MANUAL",
      "activeMode": "PLAY_MODE_SINGLE",
      "beginCondComb": "LOGIC_OR",
      "beginCond": [
        {
          "type": "QUEST_COND_STATE_EQUAL",
          "param": ["1202307", "2"],
          "param_str": ""
        },
        {
          "type": "QUEST_COND_STATE_EQUAL",
          "param": ["1202310", "2"],
          "param_str": ""
        }
      ],
      "priority": 5,
      "initDialog": 120231201,
      "npcId": [12101],
      "performCfg": "QuestDialogue/LQ/Kokomi_12023/Q1202312",
      "questId": 12023,
      "prePerformCfg": ""
    },
    {
      "id": 1202313,
      "beginWay": "TALK_BEGIN_MANUAL",
      "activeMode": "PLAY_MODE_SINGLE",
      "beginCondComb": "LOGIC_OR",
      "beginCond": [
        {
          "type": "QUEST_COND_STATE_EQUAL",
          "param": ["1202307", "2"],
          "param_str": ""
        },
        {
          "type": "QUEST_COND_STATE_EQUAL",
          "param": ["1202310", "2"],
          "param_str": ""
        }
      ],
      "priority": 5,
      "initDialog": 120231301,
      "npcId": [3133],
      "performCfg": "QuestDialogue/LQ/Kokomi_12023/Q1202313",
      "questId": 12023,
      "prePerformCfg": ""
    },
    {
      "id": 1202314,
      "beginWay": "TALK_BEGIN_MANUAL",
      "activeMode": "PLAY_MODE_SINGLE",
      "beginCondComb": "LOGIC_OR",
      "beginCond": [
        {
          "type": "QUEST_COND_STATE_EQUAL",
          "param": ["1202307", "2"],
          "param_str": ""
        },
        {
          "type": "QUEST_COND_STATE_EQUAL",
          "param": ["1202310", "2"],
          "param_str": ""
        }
      ],
      "priority": 5,
      "initDialog": 120231401,
      "npcId": [12105],
      "performCfg": "QuestDialogue/LQ/Kokomi_12023/Q1202314",
      "questId": 12023,
      "prePerformCfg": ""
    },
    {
      "id": 1202316,
      "beginWay": "TALK_BEGIN_MANUAL",
      "activeMode": "PLAY_MODE_SINGLE",
      "beginCondComb": "LOGIC_OR",
      "beginCond": [
        {
          "type": "QUEST_COND_STATE_EQUAL",
          "param": ["1202310", "2"],
          "param_str": ""
        },
        {
          "type": "QUEST_COND_STATE_EQUAL",
          "param": ["1202302", "2"],
          "param_str": ""
        },
        {
          "type": "QUEST_COND_STATE_EQUAL",
          "param": ["1202303", "2"],
          "param_str": ""
        },
        {
          "type": "QUEST_COND_STATE_EQUAL",
          "param": ["1202306", "2"],
          "param_str": ""
        },
        {
          "type": "QUEST_COND_STATE_EQUAL",
          "param": ["1202309", "2"],
          "param_str": ""
        }
      ],
      "priority": 5,
      "initDialog": 120231601,
      "npcId": [3132],
      "performCfg": "QuestDialogue/LQ/Kokomi_12023/Q1202316",
      "questId": 12023,
      "prePerformCfg": ""
    },
    {
      "id": 1202318,
      "beginWay": "TALK_BEGIN_MANUAL",
      "activeMode": "PLAY_MODE_SINGLE",
      "beginCondComb": "LOGIC_OR",
      "beginCond": [
        {
          "type": "QUEST_COND_STATE_EQUAL",
          "param": ["1202310", "2"],
          "param_str": ""
        },
        {
          "type": "QUEST_COND_STATE_EQUAL",
          "param": ["1202302", "2"],
          "param_str": ""
        },
        {
          "type": "QUEST_COND_STATE_EQUAL",
          "param": ["1202303", "2"],
          "param_str": ""
        },
        {
          "type": "QUEST_COND_STATE_EQUAL",
          "param": ["1202306", "2"],
          "param_str": ""
        },
        {
          "type": "QUEST_COND_STATE_EQUAL",
          "param": ["1202308", "2"],
          "param_str": ""
        }
      ],
      "priority": 5,
      "initDialog": 120231801,
      "npcId": [12067],
      "performCfg": "QuestDialogue/LQ/Kokomi_12023/Q1202318",
      "questId": 12023,
      "prePerformCfg": ""
    },
    {
      "id": 1202320,
      "beginWay": "TALK_BEGIN_MANUAL",
      "activeMode": "PLAY_MODE_SINGLE",
      "beginCond": [
        {
          "type": "QUEST_COND_STATE_EQUAL",
          "param": ["1202303", "2"],
          "param_str": ""
        },
        {
          "type": "QUEST_COND_QUEST_GLOBAL_VAR_EQUAL",
          "param": ["1202301", "1"],
          "param_str": ""
        }
      ],
      "priority": 5,
      "initDialog": 120232001,
      "npcId": [12178],
      "performCfg": "QuestDialogue/LQ/Kokomi_12023/Q1202320",
      "questId": 12023,
      "prePerformCfg": ""
    }
  ]
}
