{
  "id": 12025,
  "type": "LQ",
  "series": 2026,
  "titleTextMapHash": 4022805903,
  "descTextMapHash": 3801586214,
  "luaPath": "Actor/Quest/LQ12025",
  "suggestTrackMainQuestList": [12026],
  "rewardIdList": [112025],
  "chapterId": 2026,
  "subQuests": [
    {
      "subId": 1202501,
      "mainId": 12025,
      "order": 5,
      "descTextMapHash": 1924529044,
      "acceptCondComb": "LOGIC_AND",
      "acceptCond": [
        {
          "type": "QUEST_COND_STATE_EQUAL",
          "param": [1202520, 3],
          "param_str": ""
        },
        {
          "type": "QUEST_COND_STATE_EQUAL",
          "param": [1202523, 2],
          "param_str": ""
        }
      ],
      "finishCondComb": "LOGIC_OR",
      "finishCond": [
        {
          "type": "QUEST_CONTENT_FINISH_PLOT",
          "param": [1202501, 0],
          "param_str": ""
        },
        {
          "type": "QUEST_CONTENT_QUEST_STATE_EQUAL",
          "param": [1202523, 3],
          "param_str": ""
        }
      ],
      "failCond": [
        {
          "param": [],
          "param_str": ""
        }
      ],
      "guide": {
        "type": "QUEST_GUIDE_LOCATION",
        "param": ["Q1202501_questpoint", "40"],
        "guideScene": 3,
        "guideStyle": "QUEST_GUIDE_STYLE_TARGET",
        "guideLayer": "QUEST_GUIDE_LAYER_SCENE"
      },
      "isRewind": true,
      "finishExec": [
        {
          "type": "QUEST_EXEC_UNREGISTER_DYNAMIC_GROUP",
          "param": ["133212584", "0"],
          "param_str": ""
        },
        {
          "type": "QUEST_EXEC_REGISTER_DYNAMIC_GROUP",
          "param": ["3", "133212580"],
          "param_str": ""
        }
      ],
      "failExec": [
        {
          "param": [],
          "param_str": ""
        }
      ],
      "beginExec": [
        {
          "type": "QUEST_EXEC_REGISTER_DYNAMIC_GROUP_ONLY",
          "param": ["133212580", "0"],
          "param_str": ""
        },
        {
          "type": "QUEST_EXEC_REGISTER_DYNAMIC_GROUP_ONLY",
          "param": ["133212589", "0"],
          "param_str": ""
        }
      ],
      "exclusiveNpcList": [1044, 12090, 12109],
      "exclusiveNpcPriority": 1100
    },
    {
      "subId": 1202502,
      "mainId": 12025,
      "order": 7,
      "descTextMapHash": 2022945436,
      "acceptCondComb": "LOGIC_OR",
      "acceptCond": [
        {
          "type": "QUEST_COND_STATE_EQUAL",
          "param": [1202501, 3],
          "param_str": ""
        },
        {
          "type": "QUEST_COND_STATE_EQUAL",
          "param": [1202523, 3],
          "param_str": ""
        }
      ],
      "finishCond": [
        {
          "type": "QUEST_CONTENT_COMPLETE_TALK",
          "param": [1202501, 0],
          "param_str": ""
        }
      ],
      "failCond": [
        {
          "param": [],
          "param_str": ""
        }
      ],
      "guide": {
        "type": "QUEST_GUIDE_LOCATION",
        "param": ["Q1202504_questpoint", "25"],
        "guideScene": 3,
        "guideStyle": "QUEST_GUIDE_STYLE_POINT",
        "guideLayer": "QUEST_GUIDE_LAYER_SCENE"
      },
      "isRewind": true,
      "finishExec": [
        {
          "param": [],
          "param_str": ""
        }
      ],
      "failExec": [
        {
          "param": [],
          "param_str": ""
        }
      ],
      "beginExec": [
        {
          "type": "QUEST_EXEC_REGISTER_DYNAMIC_GROUP",
          "param": ["3", "133212580"],
          "param_str": ""
        },
        {
          "type": "QUEST_EXEC_REGISTER_DYNAMIC_GROUP",
          "param": ["3", "133212589"],
          "param_str": ""
        }
      ],
      "exclusiveNpcList": [1044, 12090, 12109],
      "exclusiveNpcPriority": 1100
    },
    {
      "subId": 1202503,
      "mainId": 12025,
      "order": 8,
      "isMpBlock": true,
      "descTextMapHash": 3955649228,
      "banType": "BAN_GROUP_TRANSPORT_ONLY",
      "acceptCond": [
        {
          "type": "QUEST_COND_STATE_EQUAL",
          "param": [1202502, 3],
          "param_str": ""
        }
      ],
      "finishCond": [
        {
          "type": "QUEST_CONTENT_FINISH_PLOT",
          "param": [1202503, 0],
          "param_str": ""
        }
      ],
      "failCondComb": "LOGIC_OR",
      "failCond": [
        {
          "type": "QUEST_CONTENT_NOT_FINISH_PLOT",
          "param": [1202503, 0],
          "param_str": ""
        },
        {
          "type": "QUEST_CONTENT_TEAM_DEAD",
          "param": [0, 0],
          "param_str": ""
        },
        {
          "type": "QUEST_CONTENT_LEAVE_SCENE_RANGE",
          "param": [3, 30],
          "param_str": "Q1202521_tofailq03"
        }
      ],
      "guide": {
        "type": "QUEST_GUIDE_LOCATION",
        "param": ["Q1202504_Itto", "30"],
        "guideScene": 3,
        "guideStyle": "QUEST_GUIDE_STYLE_TARGET",
        "guideLayer": "QUEST_GUIDE_LAYER_SCENE"
      },
      "finishExec": [
        {
          "type": "QUEST_EXEC_UNLOCK_AVATAR_TEAM",
          "param": [0, 0],
          "param_str": ""
        }
      ],
      "failExec": [
        {
          "type": "QUEST_EXEC_ROLLBACK_QUEST",
          "param": ["1202502", "0"],
          "param_str": ""
        },
        {
          "type": "QUEST_EXEC_UNLOCK_AVATAR_TEAM",
          "param": [0, 0],
          "param_str": ""
        }
      ],
      "beginExec": [
        {
          "type": "QUEST_EXEC_REGISTER_DYNAMIC_GROUP",
          "param": ["3", "133212580"],
          "param_str": ""
        },
        {
          "type": "QUEST_EXEC_LOCK_AVATAR_TEAM",
          "param": ["0", "0"],
          "param_str": ""
        }
      ],
      "exclusiveNpcList": [1044, 12090, 12109],
      "exclusiveNpcPriority": 1100
    },
    {
      "subId": 1202504,
      "mainId": 12025,
      "order": 9,
      "descTextMapHash": 2928891924,
      "acceptCond": [
        {
          "type": "QUEST_COND_STATE_EQUAL",
          "param": [1202503, 3],
          "param_str": ""
        }
      ],
      "finishCond": [
        {
          "type": "QUEST_CONTENT_COMPLETE_TALK",
          "param": [1202502, 0],
          "param_str": ""
        }
      ],
      "failCond": [
        {
          "param": [],
          "param_str": ""
        }
      ],
      "guide": {
        "type": "QUEST_GUIDE_NPC",
        "param": ["1044"],
        "guideScene": 3,
        "guideStyle": "QUEST_GUIDE_STYLE_TARGET",
        "guideLayer": "QUEST_GUIDE_LAYER_SCENE"
      },
      "isRewind": true,
      "finishExec": [
        {
          "type": "QUEST_EXEC_DEL_PACK_ITEM",
          "param": ["100993", "1"],
          "param_str": ""
        },
        {
          "type": "QUEST_EXEC_SET_QUEST_VAR",
          "param": ["1", "1"],
          "param_str": ""
        }
      ],
      "failExec": [
        {
          "param": [],
          "param_str": ""
        }
      ],
      "beginExec": [
        {
          "type": "QUEST_EXEC_REGISTER_DYNAMIC_GROUP",
          "param": ["3", "133212580"],
          "param_str": ""
        },
        {
          "type": "QUEST_EXEC_REGISTER_DYNAMIC_GROUP_ONLY",
          "param": ["133212589", "0"],
          "param_str": ""
        }
      ],
      "exclusiveNpcList": [12201, 12202, 1044, 12090, 12109],
      "exclusiveNpcPriority": 1100
    },
    {
      "subId": 1202505,
      "mainId": 12025,
      "order": 10,
      "descTextMapHash": 232444428,
      "acceptCond": [
        {
          "type": "QUEST_COND_STATE_EQUAL",
          "param": [1202504, 3],
          "param_str": ""
        }
      ],
      "finishCond": [
        {
          "type": "QUEST_CONTENT_FINISH_PLOT",
          "param": [1202505, 0],
          "param_str": ""
        }
      ],
      "failCond": [
        {
          "param": [],
          "param_str": ""
        }
      ],
      "guide": {
        "type": "QUEST_GUIDE_LOCATION",
        "param": ["Q1202505_Itto", "0"],
        "guideScene": 3,
        "guideStyle": "QUEST_GUIDE_STYLE_POINT",
        "guideLayer": "QUEST_GUIDE_LAYER_SCENE"
      },
      "isRewind": true,
      "finishExec": [
        {
          "type": "QUEST_EXEC_UNREGISTER_DYNAMIC_GROUP",
          "param": ["133212580", "0"],
          "param_str": ""
        }
      ],
      "failExec": [
        {
          "param": [],
          "param_str": ""
        }
      ],
      "beginExec": [
        {
          "type": "QUEST_EXEC_REGISTER_DYNAMIC_GROUP",
          "param": ["3", "133212589"],
          "param_str": ""
        }
      ],
      "exclusiveNpcList": [12201, 12202, 1044, 12090, 12109],
      "exclusiveNpcPriority": 1100
    },
    {
      "subId": 1202506,
      "mainId": 12025,
      "order": 11,
      "descTextMapHash": 3982031868,
      "acceptCond": [
        {
          "type": "QUEST_COND_STATE_EQUAL",
          "param": [1202505, 3],
          "param_str": ""
        }
      ],
      "finishCondComb": "LOGIC_OR",
      "finishCond": [
        {
          "type": "QUEST_CONTENT_COMPLETE_TALK",
          "param": [1202503, 0],
          "param_str": ""
        },
        {
          "type": "QUEST_CONTENT_COMPLETE_TALK",
          "param": [1202521, 0],
          "param_str": ""
        }
      ],
      "failCond": [
        {
          "param": [],
          "param_str": ""
        }
      ],
      "guide": {
        "type": "QUEST_GUIDE_NPC",
        "param": ["1044"],
        "guideScene": 3,
        "guideStyle": "QUEST_GUIDE_STYLE_TARGET",
        "guideLayer": "QUEST_GUIDE_LAYER_SCENE"
      },
      "finishExec": [
        {
          "param": [],
          "param_str": ""
        }
      ],
      "failExec": [
        {
          "param": [],
          "param_str": ""
        }
      ],
      "beginExec": [
        {
          "type": "QUEST_EXEC_REGISTER_DYNAMIC_GROUP",
          "param": ["3", "133212589"],
          "param_str": ""
        }
      ],
      "exclusiveNpcList": [12201, 12202, 1044, 12090, 12109],
      "exclusiveNpcPriority": 1100
    },
    {
      "subId": 1202507,
      "mainId": 12025,
      "order": 12,
      "descTextMapHash": 2683870324,
      "acceptCond": [
        {
          "type": "QUEST_COND_STATE_EQUAL",
          "param": [1202506, 3],
          "param_str": ""
        }
      ],
      "finishCond": [
        {
          "type": "QUEST_CONTENT_FINISH_PLOT",
          "param": [1202507, 0],
          "param_str": ""
        }
      ],
      "failCond": [
        {
          "type": "QUEST_CONTENT_NOT_FINISH_PLOT",
          "param": [1202507, 0],
          "param_str": ""
        }
      ],
      "guide": {
        "type": "QUEST_GUIDE_LOCATION",
        "param": ["Q1202507_LookPoint01", "0"],
        "guideScene": 3,
        "guideStyle": "QUEST_GUIDE_STYLE_POINT",
        "guideLayer": "QUEST_GUIDE_LAYER_SCENE"
      },
      "finishExec": [
        {
          "type": "QUEST_EXEC_REFRESH_GROUP_SUITE",
          "param": ["3", "133212583,2"],
          "param_str": ""
        }
      ],
      "failExec": [
        {
          "type": "QUEST_EXEC_SET_QUEST_VAR",
          "param": ["1", "2"],
          "param_str": ""
        },
        {
          "type": "QUEST_EXEC_ROLLBACK_QUEST",
          "param": ["1202505", "0"],
          "param_str": ""
        }
      ],
      "beginExec": [
        {
          "type": "QUEST_EXEC_REGISTER_DYNAMIC_GROUP",
          "param": ["3", "133212583"],
          "param_str": ""
        },
        {
          "type": "QUEST_EXEC_REGISTER_DYNAMIC_GROUP",
          "param": ["3", "133212589"],
          "param_str": ""
        }
      ],
      "exclusiveNpcList": [12201, 12202, 1044, 12090, 12109],
      "exclusiveNpcPriority": 1100
    },
    {
      "subId": 1202508,
      "mainId": 12025,
      "order": 15,
      "descTextMapHash": 2935595940,
      "acceptCond": [
        {
          "type": "QUEST_COND_STATE_EQUAL",
          "param": [1202515, 3],
          "param_str": ""
        }
      ],
      "finishCond": [
        {
          "type": "QUEST_CONTENT_FINISH_PLOT",
          "param": [1202508, 0],
          "param_str": ""
        }
      ],
      "failCond": [
        {
          "param": [],
          "param_str": ""
        }
      ],
      "guide": {
        "type": "QUEST_GUIDE_LOCATION",
        "param": ["Q1202508_LookPoint02", "30"],
        "guideScene": 3,
        "guideStyle": "QUEST_GUIDE_STYLE_TARGET",
        "guideLayer": "QUEST_GUIDE_LAYER_SCENE"
      },
      "finishExec": [
        {
          "param": [],
          "param_str": ""
        }
      ],
      "failExec": [
        {
          "param": [],
          "param_str": ""
        }
      ],
      "beginExec": [
        {
          "type": "QUEST_EXEC_REFRESH_GROUP_SUITE",
          "param": ["3", "133212583,3"],
          "param_str": ""
        },
        {
          "type": "QUEST_EXEC_REGISTER_DYNAMIC_GROUP",
          "param": ["3", "133212589"],
          "param_str": ""
        }
      ],
      "exclusiveNpcList": [12201, 12202, 1044, 12090, 12109],
      "exclusiveNpcPriority": 1100
    },
    {
      "subId": 1202509,
      "mainId": 12025,
      "order": 17,
      "descTextMapHash": 1345174956,
      "acceptCond": [
        {
          "type": "QUEST_COND_STATE_EQUAL",
          "param": [1202522, 3],
          "param_str": ""
        }
      ],
      "finishCond": [
        {
          "type": "QUEST_CONTENT_FINISH_PLOT",
          "param": [1202509, 0],
          "param_str": ""
        }
      ],
      "failCond": [
        {
          "param": [],
          "param_str": ""
        }
      ],
      "guide": {
        "type": "QUEST_GUIDE_LOCATION",
        "param": ["Q1202509_LookPoint03", "30"],
        "guideScene": 3,
        "guideStyle": "QUEST_GUIDE_STYLE_TARGET",
        "guideLayer": "QUEST_GUIDE_LAYER_SCENE"
      },
      "isRewind": true,
      "finishExec": [
        {
          "param": [],
          "param_str": ""
        }
      ],
      "failExec": [
        {
          "param": [],
          "param_str": ""
        }
      ],
      "beginExec": [
        {
          "type": "QUEST_EXEC_REGISTER_DYNAMIC_GROUP",
          "param": ["3", "133212583"],
          "param_str": ""
        },
        {
          "type": "QUEST_EXEC_REGISTER_DYNAMIC_GROUP_ONLY",
          "param": ["133212602", "0"],
          "param_str": ""
        },
        {
          "type": "QUEST_EXEC_REGISTER_DYNAMIC_GROUP_ONLY",
          "param": ["133212589", "0"],
          "param_str": ""
        }
      ],
      "exclusiveNpcList": [12201, 12202, 1044, 12090, 12109],
      "exclusiveNpcPriority": 1100
    },
    {
      "subId": 1202510,
      "mainId": 12025,
      "order": 18,
      "descTextMapHash": 1304067156,
      "acceptCond": [
        {
          "type": "QUEST_COND_STATE_EQUAL",
          "param": [1202509, 3],
          "param_str": ""
        }
      ],
      "finishCond": [
        {
          "type": "QUEST_CONTENT_COMPLETE_TALK",
          "param": [1202504, 0],
          "param_str": ""
        }
      ],
      "failCond": [
        {
          "param": [],
          "param_str": ""
        }
      ],
      "guide": {
        "type": "QUEST_GUIDE_NPC",
        "param": ["1044"],
        "guideScene": 3,
        "guideStyle": "QUEST_GUIDE_STYLE_TARGET",
        "guideLayer": "QUEST_GUIDE_LAYER_SCENE"
      },
      "finishExec": [
        {
          "type": "QUEST_EXEC_UNREGISTER_DYNAMIC_GROUP",
          "param": ["133212602", "0"],
          "param_str": ""
        }
      ],
      "failExec": [
        {
          "param": [],
          "param_str": ""
        }
      ],
      "beginExec": [
        {
          "type": "QUEST_EXEC_REGISTER_DYNAMIC_GROUP",
          "param": ["3", "133212589"],
          "param_str": ""
        },
        {
          "type": "QUEST_EXEC_REGISTER_DYNAMIC_GROUP_ONLY",
          "param": ["133212602", "0"],
          "param_str": ""
        }
      ],
      "exclusiveNpcList": [12201, 12202, 1044, 12090, 12109],
      "exclusiveNpcPriority": 1100
    },
    {
      "subId": 1202512,
      "mainId": 12025,
      "order": 19,
      "descTextMapHash": 3302272844,
      "acceptCond": [
        {
          "type": "QUEST_COND_STATE_EQUAL",
          "param": [1202510, 3],
          "param_str": ""
        }
      ],
      "finishCond": [
        {
          "type": "QUEST_CONTENT_COMPLETE_TALK",
          "param": [1202505, 0],
          "param_str": ""
        }
      ],
      "failCond": [
        {
          "param": [],
          "param_str": ""
        }
      ],
      "guide": {
        "type": "QUEST_GUIDE_NPC",
        "param": ["12202"],
        "guideScene": 3,
        "guideStyle": "QUEST_GUIDE_STYLE_TARGET",
        "guideLayer": "QUEST_GUIDE_LAYER_SCENE"
      },
      "isRewind": true,
      "finishExec": [
        {
          "type": "QUEST_EXEC_UNREGISTER_DYNAMIC_GROUP",
          "param": ["133212583", "0"],
          "param_str": ""
        }
      ],
      "failExec": [
        {
          "param": [],
          "param_str": ""
        }
      ],
      "beginExec": [
        {
          "type": "QUEST_EXEC_REGISTER_DYNAMIC_GROUP_ONLY",
          "param": ["133212589", "0"],
          "param_str": ""
        },
        {
          "type": "QUEST_EXEC_REFRESH_GROUP_SUITE",
          "param": ["3", "133212589,3"],
          "param_str": ""
        }
      ],
      "exclusiveNpcList": [12201, 12202, 1044],
      "exclusiveNpcPriority": 1100
    },
    {
      "subId": 1202514,
      "mainId": 12025,
      "order": 20,
      "descTextMapHash": 892599588,
      "acceptCond": [
        {
          "type": "QUEST_COND_STATE_EQUAL",
          "param": [1202512, 3],
          "param_str": ""
        }
      ],
      "finishCond": [
        {
          "type": "QUEST_CONTENT_COMPLETE_TALK",
          "param": [1202506, 0],
          "param_str": ""
        }
      ],
      "failCond": [
        {
          "param": [],
          "param_str": ""
        }
      ],
      "guide": {
        "type": "QUEST_GUIDE_LOCATION",
        "param": ["Q1202513_Itto", "20"],
        "guideScene": 3,
        "guideStyle": "QUEST_GUIDE_STYLE_POINT",
        "guideLayer": "QUEST_GUIDE_LAYER_SCENE"
      },
      "finishParent": true,
      "isRewind": true,
      "finishExec": [
        {
          "type": "QUEST_EXEC_DEL_ALL_SPECIFIC_PACK_ITEM",
          "param": ["101656", "0"],
          "param_str": ""
        }
      ],
      "failExec": [
        {
          "param": [],
          "param_str": ""
        }
      ],
      "beginExec": [
        {
          "type": "QUEST_EXEC_REGISTER_DYNAMIC_GROUP",
          "param": ["3", "133212589"],
          "param_str": ""
        }
      ],
      "exclusiveNpcList": [12201, 12202, 1044, 12350, 12352],
      "exclusiveNpcPriority": 1100
    },
    {
      "subId": 1202515,
      "mainId": 12025,
      "order": 14,
      "descTextMapHash": 3198332380,
      "acceptCond": [
        {
          "type": "QUEST_COND_STATE_EQUAL",
          "param": [1202518, 3],
          "param_str": ""
        }
      ],
      "finishCond": [
        {
          "type": "QUEST_CONTENT_FINISH_PLOT",
          "param": [1202515, 0],
          "param_str": ""
        }
      ],
      "failCond": [
        {
          "param": [],
          "param_str": ""
        }
      ],
      "guide": {
        "type": "QUEST_GUIDE_LOCATION",
        "autoGuide": "QUEST_GUIDE_AUTO_ENABLE",
        "param": ["Q1202508_LookPoint02", "36"],
        "guideScene": 3,
        "guideStyle": "QUEST_GUIDE_STYLE_POINT",
        "guideLayer": "QUEST_GUIDE_LAYER_SCENE"
      },
      "finishExec": [
        {
          "param": [],
          "param_str": ""
        }
      ],
      "failExec": [
        {
          "param": [],
          "param_str": ""
        }
      ],
      "beginExec": [
        {
          "type": "QUEST_EXEC_REGISTER_DYNAMIC_GROUP",
          "param": ["3", "133212589"],
          "param_str": ""
        },
        {
          "type": "QUEST_EXEC_REGISTER_DYNAMIC_GROUP",
          "param": ["3", "133212583"],
          "param_str": ""
        },
        {
          "type": "QUEST_EXEC_REFRESH_GROUP_SUITE",
          "param": ["3", "133212589,3"],
          "param_str": ""
        }
      ],
      "exclusiveNpcList": [12201, 12202, 1044, 12090, 12109],
      "exclusiveNpcPriority": 1100
    },
    {
      "subId": 1202516,
      "mainId": 12025,
      "order": 3,
      "descTextMapHash": 1306457268,
      "acceptCondComb": "LOGIC_AND",
      "acceptCond": [
        {
          "type": "QUEST_COND_STATE_EQUAL",
          "param": [1202519, 3],
          "param_str": ""
        },
        {
          "type": "QUEST_COND_STATE_EQUAL",
          "param": [1202523, 2],
          "param_str": ""
        }
      ],
      "finishCondComb": "LOGIC_OR",
      "finishCond": [
        {
          "type": "QUEST_CONTENT_FINISH_PLOT",
          "param": [1202516, 0],
          "param_str": ""
        },
        {
          "type": "QUEST_CONTENT_QUEST_STATE_EQUAL",
          "param": [1202523, 3],
          "param_str": ""
        }
      ],
      "failCond": [
        {
          "param": [],
          "param_str": ""
        }
      ],
      "guide": {
        "type": "QUEST_GUIDE_LOCATION",
        "param": ["Q1202516_camp", "30"],
        "guideScene": 3,
        "guideStyle": "QUEST_GUIDE_STYLE_TARGET",
        "guideLayer": "QUEST_GUIDE_LAYER_SCENE"
      },
      "isRewind": true,
      "finishExec": [
        {
          "param": [],
          "param_str": ""
        }
      ],
      "failExec": [
        {
          "param": [],
          "param_str": ""
        }
      ],
      "beginExec": [
        {
          "type": "QUEST_EXEC_REGISTER_DYNAMIC_GROUP_ONLY",
          "param": ["133212580", "0"],
          "param_str": ""
        },
        {
          "type": "QUEST_EXEC_REGISTER_DYNAMIC_GROUP_ONLY",
          "param": ["133212589", "0"],
          "param_str": ""
        }
      ],
      "exclusiveNpcList": [1044, 12090, 12109],
      "exclusiveNpcPriority": 1100
    },
    {
      "subId": 1202517,
      "mainId": 12025,
      "order": 1,
      "descTextMapHash": 3751406836,
      "acceptCond": [
        {
          "type": "QUEST_COND_STATE_EQUAL",
          "param": [1200905, 3],
          "param_str": ""
        }
      ],
      "finishCondComb": "LOGIC_OR",
      "finishCond": [
        {
          "type": "QUEST_CONTENT_FINISH_PLOT",
          "param": [1202517, 0],
          "param_str": ""
        },
        {
          "type": "QUEST_CONTENT_QUEST_STATE_EQUAL",
          "param": [1202523, 3],
          "param_str": ""
        }
      ],
      "failCond": [
        {
          "param": [],
          "param_str": ""
        }
      ],
      "guide": {
        "type": "QUEST_GUIDE_LOCATION",
        "param": ["Q1202516_questpoint", "50"],
        "guideScene": 3,
        "guideStyle": "QUEST_GUIDE_STYLE_TARGET",
        "guideLayer": "QUEST_GUIDE_LAYER_SCENE"
      },
      "isRewind": true,
      "finishExec": [
        {
          "param": [],
          "param_str": ""
        }
      ],
      "failExec": [
        {
          "param": [],
          "param_str": ""
        }
      ],
      "beginExec": [
        {
          "type": "QUEST_EXEC_REGISTER_DYNAMIC_GROUP",
          "param": ["3", "133212589"],
          "param_str": ""
        },
        {
          "type": "QUEST_EXEC_REGISTER_DYNAMIC_GROUP",
          "param": ["3", "133212580"],
          "param_str": ""
        }
      ],
      "exclusiveNpcList": [1044, 12090, 12109],
      "exclusiveNpcPriority": 1100
    },
    {
      "subId": 1202518,
      "mainId": 12025,
      "order": 13,
      "descTextMapHash": 870763076,
      "acceptCond": [
        {
          "type": "QUEST_COND_STATE_EQUAL",
          "param": [1202507, 3],
          "param_str": ""
        }
      ],
      "finishCond": [
        {
          "type": "QUEST_CONTENT_FINISH_PLOT",
          "param": [1202518, 0],
          "param_str": ""
        }
      ],
      "failCond": [
        {
          "param": [],
          "param_str": ""
        }
      ],
      "guide": {
        "type": "QUEST_GUIDE_LOCATION",
        "param": ["Q1202507_LookPoint01", "0"],
        "guideScene": 3,
        "guideStyle": "QUEST_GUIDE_STYLE_POINT",
        "guideLayer": "QUEST_GUIDE_LAYER_SCENE"
      },
      "isRewind": true,
      "finishExec": [
        {
          "param": [],
          "param_str": ""
        }
      ],
      "failExec": [
        {
          "param": [],
          "param_str": ""
        }
      ],
      "beginExec": [
        {
          "type": "QUEST_EXEC_REGISTER_DYNAMIC_GROUP_ONLY",
          "param": ["133212589", "0"],
          "param_str": ""
        }
      ],
      "exclusiveNpcList": [12201, 12202, 1044, 12090, 12109],
      "exclusiveNpcPriority": 1100
    },
    {
      "subId": 1202519,
      "mainId": 12025,
      "order": 2,
      "descTextMapHash": 899999444,
      "acceptCondComb": "LOGIC_AND",
      "acceptCond": [
        {
          "type": "QUEST_COND_STATE_EQUAL",
          "param": [1202517, 3],
          "param_str": ""
        },
        {
          "type": "QUEST_COND_STATE_EQUAL",
          "param": [1202523, 2],
          "param_str": ""
        }
      ],
      "finishCondComb": "LOGIC_OR",
      "finishCond": [
        {
          "type": "QUEST_CONTENT_FINISH_PLOT",
          "param": [1202519, 0],
          "param_str": ""
        },
        {
          "type": "QUEST_CONTENT_QUEST_STATE_EQUAL",
          "param": [1202523, 3],
          "param_str": ""
        }
      ],
      "failCond": [
        {
          "type": "QUEST_CONTENT_NOT_FINISH_PLOT",
          "param": [1202519, 0],
          "param_str": ""
        }
      ],
      "guide": {
        "type": "QUEST_GUIDE_LOCATION",
        "param": ["Q1202516_questpoint", "50"],
        "guideScene": 3,
        "guideStyle": "QUEST_GUIDE_STYLE_TARGET",
        "guideLayer": "QUEST_GUIDE_LAYER_SCENE"
      },
      "finishExec": [
        {
          "param": [],
          "param_str": ""
        }
      ],
      "failExec": [
        {
          "type": "QUEST_EXEC_ROLLBACK_QUEST",
          "param": ["1202517", "0"],
          "param_str": ""
        }
      ],
      "beginExec": [
        {
          "type": "QUEST_EXEC_REGISTER_DYNAMIC_GROUP",
          "param": ["3", "133212582"],
          "param_str": ""
        },
        {
          "type": "QUEST_EXEC_REGISTER_DYNAMIC_GROUP_ONLY",
          "param": ["133212580", "0"],
          "param_str": ""
        },
        {
          "type": "QUEST_EXEC_REGISTER_DYNAMIC_GROUP_ONLY",
          "param": ["133212589", "0"],
          "param_str": ""
        }
      ],
      "exclusiveNpcList": [1044, 12090, 12109],
      "exclusiveNpcPriority": 1100
    },
    {
      "subId": 1202520,
      "mainId": 12025,
      "order": 4,
      "descTextMapHash": 982509180,
      "acceptCondComb": "LOGIC_AND",
      "acceptCond": [
        {
          "type": "QUEST_COND_STATE_EQUAL",
          "param": [1202516, 3],
          "param_str": ""
        },
        {
          "type": "QUEST_COND_STATE_EQUAL",
          "param": [1202523, 2],
          "param_str": ""
        }
      ],
      "finishCondComb": "LOGIC_OR",
      "finishCond": [
        {
          "type": "QUEST_CONTENT_FINISH_PLOT",
          "param": [1202520, 0],
          "param_str": ""
        },
        {
          "type": "QUEST_CONTENT_QUEST_STATE_EQUAL",
          "param": [1202523, 3],
          "param_str": ""
        }
      ],
      "failCond": [
        {
          "param": [],
          "param_str": ""
        }
      ],
      "guide": {
        "type": "QUEST_GUIDE_LOCATION",
        "param": ["Q1202620_questpoint", "30"],
        "guideScene": 3,
        "guideStyle": "QUEST_GUIDE_STYLE_TARGET",
        "guideLayer": "QUEST_GUIDE_LAYER_SCENE"
      },
      "isRewind": true,
      "finishExec": [
        {
          "type": "QUEST_EXEC_UNREGISTER_DYNAMIC_GROUP",
          "param": ["133212582", "0"],
          "param_str": ""
        },
        {
          "type": "QUEST_EXEC_REGISTER_DYNAMIC_GROUP_ONLY",
          "param": ["133212580", "0"],
          "param_str": ""
        }
      ],
      "failExec": [
        {
          "param": [],
          "param_str": ""
        }
      ],
      "beginExec": [
        {
          "type": "QUEST_EXEC_REGISTER_DYNAMIC_GROUP",
          "param": ["3", "133212584"],
          "param_str": ""
        },
        {
          "type": "QUEST_EXEC_REGISTER_DYNAMIC_GROUP",
          "param": ["3", "133212580"],
          "param_str": ""
        },
        {
          "type": "QUEST_EXEC_REGISTER_DYNAMIC_GROUP",
          "param": ["3", "133212589"],
          "param_str": ""
        }
      ],
      "exclusiveNpcList": [1044, 12090, 12109],
      "exclusiveNpcPriority": 1100
    },
    {
      "subId": 1202521,
      "mainId": 12025,
      "order": 95,
      "descTextMapHash": 2896054068,
      "acceptCond": [
        {
          "type": "QUEST_COND_STATE_EQUAL",
          "param": [99902, 3],
          "param_str": ""
        }
      ],
      "finishCond": [
        {
          "type": "QUEST_CONTENT_FINISH_PLOT",
          "param": [1202521, 0],
          "param_str": ""
        }
      ],
      "failCond": [
        {
          "param": [],
          "param_str": ""
        }
      ],
      "guide": {
        "type": "QUEST_GUIDE_LOCATION",
        "param": ["Q1202503_player", "0"],
        "guideScene": 3,
        "guideStyle": "QUEST_GUIDE_STYLE_POINT",
        "guideLayer": "QUEST_GUIDE_LAYER_SCENE"
      },
      "finishExec": [
        {
          "param": [],
          "param_str": ""
        }
      ],
      "failExec": [
        {
          "param": [],
          "param_str": ""
        }
      ],
      "beginExec": [
        {
          "type": "QUEST_EXEC_REGISTER_DYNAMIC_GROUP",
          "param": ["3", "133212580"],
          "param_str": ""
        }
      ]
    },
    {
      "subId": 1202522,
      "mainId": 12025,
      "order": 16,
      "descTextMapHash": 743251420,
      "acceptCond": [
        {
          "type": "QUEST_COND_STATE_EQUAL",
          "param": [1202508, 3],
          "param_str": ""
        }
      ],
      "finishCond": [
        {
          "type": "QUEST_CONTENT_FINISH_PLOT",
          "param": [1202522, 0],
          "param_str": ""
        }
      ],
      "failCond": [
        {
          "param": [],
          "param_str": ""
        }
      ],
      "guide": {
        "type": "QUEST_GUIDE_LOCATION",
        "param": ["Q1202509_LookPoint03", "40"],
        "guideScene": 3,
        "guideStyle": "QUEST_GUIDE_STYLE_TARGET",
        "guideLayer": "QUEST_GUIDE_LAYER_SCENE"
      },
      "isRewind": true,
      "finishExec": [
        {
          "param": [],
          "param_str": ""
        }
      ],
      "failExec": [
        {
          "param": [],
          "param_str": ""
        }
      ],
      "beginExec": [
        {
          "type": "QUEST_EXEC_REGISTER_DYNAMIC_GROUP_ONLY",
          "param": ["133212589", "0"],
          "param_str": ""
        },
        {
          "type": "QUEST_EXEC_REGISTER_DYNAMIC_GROUP",
          "param": ["3", "133212602"],
          "param_str": ""
        }
      ],
      "exclusiveNpcList": [12201, 12202, 1044, 12090, 12109],
      "exclusiveNpcPriority": 1100
    },
    {
      "subId": 1202523,
      "mainId": 12025,
      "order": 6,
      "descTextMapHash": 2254094620,
      "showType": "QUEST_HIDDEN",
      "acceptCond": [
        {
          "type": "QUEST_COND_STATE_EQUAL",
          "param": [1200905, 3],
          "param_str": ""
        }
      ],
      "finishCondComb": "LOGIC_OR",
      "finishCond": [
        {
          "type": "QUEST_CONTENT_FINISH_PLOT",
          "param": [1202523, 0],
          "param_str": ""
        },
        {
          "type": "QUEST_CONTENT_QUEST_STATE_EQUAL",
          "param": [1202501, 3],
          "param_str": ""
        }
      ],
      "failCond": [
        {
          "param": [],
          "param_str": ""
        }
      ],
      "guide": {},
      "finishExec": [
        {
          "param": [],
          "param_str": ""
        }
      ],
      "failExec": [
        {
          "param": [],
          "param_str": ""
        }
      ],
      "beginExec": [
        {
          "param": [],
          "param_str": ""
        }
      ],
      "exclusiveNpcList": [1044, 12090, 12109],
      "exclusiveNpcPriority": 1100
    }
  ],
  "talks": [
    {
      "id": 1202501,
      "beginWay": "TALK_BEGIN_AUTO",
      "activeMode": "PLAY_MODE_SINGLE",
      "beginCond": [
        {
          "type": "QUEST_COND_STATE_EQUAL",
          "param": ["1202502", "2"],
          "param_str": ""
        }
      ],
      "priority": 5,
      "initDialog": 120250101,
      "npcId": [1005],
      "performCfg": "QuestDialogue/LQ/Itto1_12025/Q1202501",
      "heroTalk": "TALK_HERO_MAIN",
      "questId": 12025,
      "prePerformCfg": ""
    },
    {
      "id": 1202502,
      "beginWay": "TALK_BEGIN_AUTO",
      "activeMode": "PLAY_MODE_SINGLE",
      "beginCond": [
        {
          "type": "QUEST_COND_STATE_EQUAL",
          "param": ["1202504", "2"],
          "param_str": ""
        }
      ],
      "priority": 5,
      "initDialog": 120250201,
      "npcId": [1044],
      "performCfg": "QuestDialogue/LQ/Itto1_12025/Q1202502",
      "heroTalk": "TALK_HERO_MAIN",
      "questId": 12025,
      "prePerformCfg": ""
    },
    {
      "id": 1202503,
      "beginWay": "TALK_BEGIN_AUTO",
      "activeMode": "PLAY_MODE_SINGLE",
      "beginCondComb": "LOGIC_AND",
      "beginCond": [
        {
          "type": "QUEST_COND_STATE_EQUAL",
          "param": ["1202506", "2"],
          "param_str": ""
        },
        {
          "type": "QUEST_COND_QUEST_VAR_EQUAL",
          "param": ["1", "1", "12025"],
          "param_str": ""
        }
      ],
      "priority": 5,
      "initDialog": 120250301,
      "npcId": [1044],
      "performCfg": "QuestDialogue/LQ/Itto1_12025/Q1202503",
      "heroTalk": "TALK_HERO_MAIN",
      "questId": 12025,
      "prePerformCfg": ""
    },
    {
      "id": 1202504,
      "beginWay": "TALK_BEGIN_MANUAL",
      "activeMode": "PLAY_MODE_SINGLE",
      "beginCond": [
        {
          "type": "QUEST_COND_STATE_EQUAL",
          "param": ["1202510", "2"],
          "param_str": ""
        }
      ],
      "priority": 5,
      "initDialog": 120250401,
      "npcId": [1044, 1005],
      "performCfg": "QuestDialogue/LQ/Itto1_12025/Q1202504",
      "heroTalk": "TALK_HERO_MAIN",
      "questId": 12025,
      "prePerformCfg": ""
    },
    {
      "id": 1202505,
      "beginWay": "TALK_BEGIN_MANUAL",
      "activeMode": "PLAY_MODE_SINGLE",
      "beginCond": [
        {
          "type": "QUEST_COND_STATE_EQUAL",
          "param": ["1202512", "2"],
          "param_str": ""
        }
      ],
      "priority": 5,
      "initDialog": 120250501,
      "npcId": [12202, 1044, 1005, 12201],
      "performCfg": "QuestDialogue/LQ/Itto1_12025/Q1202505",
      "heroTalk": "TALK_HERO_MAIN",
      "questId": 12025,
      "prePerformCfg": ""
    },
    {
      "id": 1202506,
      "beginWay": "TALK_BEGIN_AUTO",
      "activeMode": "PLAY_MODE_SINGLE",
      "beginCond": [
        {
          "type": "QUEST_COND_STATE_EQUAL",
          "param": ["1202514", "2"],
          "param_str": ""
        }
      ],
      "priority": 5,
      "initDialog": 120250601,
      "npcId": [1044],
      "performCfg": "QuestDialogue/LQ/Itto1_12025/Q1202506",
      "heroTalk": "TALK_HERO_MAIN",
      "questId": 12025,
      "prePerformCfg": ""
    },
    {
      "id": 1202507,
      "beginWay": "TALK_BEGIN_MANUAL",
      "activeMode": "PLAY_MODE_SINGLE",
      "beginCondComb": "LOGIC_OR",
      "beginCond": [
        {
          "type": "QUEST_COND_STATE_EQUAL",
          "param": ["1202516", "2"],
          "param_str": ""
        },
        {
          "type": "QUEST_COND_STATE_EQUAL",
          "param": ["1202517", "2"],
          "param_str": ""
        },
        {
          "type": "QUEST_COND_STATE_EQUAL",
          "param": ["1202519", "2"],
          "param_str": ""
        }
      ],
      "priority": 5,
      "initDialog": 120250701,
      "npcId": [3041],
      "performCfg": "QuestDialogue/LQ/Itto1_12025/Q1202507",
      "heroTalk": "TALK_HERO_MAIN",
      "questId": 12025,
      "prePerformCfg": "",
      "lowPriority": true
    },
    {
      "id": 1202510,
      "beginWay": "TALK_BEGIN_MANUAL",
      "activeMode": "PLAY_MODE_SINGLE",
      "beginCondComb": "LOGIC_OR",
      "beginCond": [
        {
          "type": "QUEST_COND_STATE_EQUAL",
          "param": ["1202505", "2"],
          "param_str": ""
        },
        {
          "type": "QUEST_COND_STATE_EQUAL",
          "param": ["1202506", "2"],
          "param_str": ""
        },
        {
          "type": "QUEST_COND_STATE_EQUAL",
          "param": ["1202507", "2"],
          "param_str": ""
        },
        {
          "type": "QUEST_COND_STATE_EQUAL",
          "param": ["1202518", "2"],
          "param_str": ""
        },
        {
          "type": "QUEST_COND_STATE_EQUAL",
          "param": ["1202515", "2"],
          "param_str": ""
        },
        {
          "type": "QUEST_COND_STATE_EQUAL",
          "param": ["1202508", "2"],
          "param_str": ""
        }
      ],
      "priority": 4,
      "initDialog": 120251001,
      "npcId": [12202],
      "performCfg": "QuestDialogue/LQ/Itto1_12025/Q1202510",
      "heroTalk": "TALK_HERO_MAIN",
      "questId": 12025,
      "prePerformCfg": ""
    },
    {
      "id": 1202511,
      "beginWay": "TALK_BEGIN_MANUAL",
      "activeMode": "PLAY_MODE_SINGLE",
      "beginCondComb": "LOGIC_OR",
      "beginCond": [
        {
          "type": "QUEST_COND_STATE_EQUAL",
          "param": ["1202505", "2"],
          "param_str": ""
        },
        {
          "type": "QUEST_COND_STATE_EQUAL",
          "param": ["1202506", "2"],
          "param_str": ""
        },
        {
          "type": "QUEST_COND_STATE_EQUAL",
          "param": ["1202507", "2"],
          "param_str": ""
        },
        {
          "type": "QUEST_COND_STATE_EQUAL",
          "param": ["1202518", "2"],
          "param_str": ""
        },
        {
          "type": "QUEST_COND_STATE_EQUAL",
          "param": ["1202515", "2"],
          "param_str": ""
        },
        {
          "type": "QUEST_COND_STATE_EQUAL",
          "param": ["1202508", "2"],
          "param_str": ""
        }
      ],
      "priority": 4,
      "initDialog": 120251101,
      "npcId": [12201],
      "performCfg": "QuestDialogue/LQ/Itto1_12025/Q1202511",
      "heroTalk": "TALK_HERO_MAIN",
      "questId": 12025,
      "prePerformCfg": ""
    },
    {
      "id": 1202512,
      "beginWay": "TALK_BEGIN_MANUAL",
      "activeMode": "PLAY_MODE_SINGLE",
      "beginCondComb": "LOGIC_OR",
      "beginCond": [
        {
          "type": "QUEST_COND_STATE_EQUAL",
          "param": ["1202509", "2"],
          "param_str": ""
        },
        {
          "type": "QUEST_COND_STATE_EQUAL",
          "param": ["1202510", "2"],
          "param_str": ""
        },
        {
          "type": "QUEST_COND_STATE_EQUAL",
          "param": ["1202518", "2"],
          "param_str": ""
        },
        {
          "type": "QUEST_COND_STATE_EQUAL",
          "param": ["1202515", "2"],
          "param_str": ""
        },
        {
          "type": "QUEST_COND_STATE_EQUAL",
          "param": ["1202508", "2"],
          "param_str": ""
        },
        {
          "type": "QUEST_COND_STATE_EQUAL",
          "param": ["1202522", "2"],
          "param_str": ""
        }
      ],
      "priority": 4,
      "initDialog": 120251001,
      "npcId": [12202],
      "performCfg": "QuestDialogue/LQ/Itto1_12025/Q1202510",
      "heroTalk": "TALK_HERO_MAIN",
      "questId": 12025,
      "prePerformCfg": ""
    },
    {
      "id": 1202513,
      "beginWay": "TALK_BEGIN_MANUAL",
      "activeMode": "PLAY_MODE_SINGLE",
      "beginCondComb": "LOGIC_OR",
      "beginCond": [
        {
          "type": "QUEST_COND_STATE_EQUAL",
          "param": ["1202509", "2"],
          "param_str": ""
        },
        {
          "type": "QUEST_COND_STATE_EQUAL",
          "param": ["1202510", "2"],
          "param_str": ""
        },
        {
          "type": "QUEST_COND_STATE_EQUAL",
          "param": ["1202518", "2"],
          "param_str": ""
        },
        {
          "type": "QUEST_COND_STATE_EQUAL",
          "param": ["1202515", "2"],
          "param_str": ""
        },
        {
          "type": "QUEST_COND_STATE_EQUAL",
          "param": ["1202508", "2"],
          "param_str": ""
        },
        {
          "type": "QUEST_COND_STATE_EQUAL",
          "param": ["1202522", "2"],
          "param_str": ""
        }
      ],
      "priority": 4,
      "initDialog": 120251101,
      "npcId": [12201],
      "performCfg": "QuestDialogue/LQ/Itto1_12025/Q1202511",
      "heroTalk": "TALK_HERO_MAIN",
      "questId": 12025,
      "prePerformCfg": ""
    },
    {
      "id": 1202520,
      "beginWay": "TALK_BEGIN_MANUAL",
      "activeMode": "PLAY_MODE_SINGLE",
      "beginCondComb": "LOGIC_OR",
      "beginCond": [
        {
          "type": "QUEST_COND_STATE_EQUAL",
          "param": ["1202514", "2"],
          "param_str": ""
        },
        {
          "type": "QUEST_COND_STATE_EQUAL",
          "param": ["1202601", "2"],
          "param_str": ""
        },
        {
          "type": "QUEST_COND_STATE_EQUAL",
          "param": ["1202602", "2"],
          "param_str": ""
        }
      ],
      "priority": 4,
      "initDialog": 120252001,
      "npcId": [12202, 12201],
      "performCfg": "QuestDialogue/LQ/Itto1_12025/Q1202520",
      "heroTalk": "TALK_HERO_MAIN",
      "questId": 12025,
      "prePerformCfg": "",
      "questIdleTalk": true
    },
    {
      "id": 1202521,
      "beginWay": "TALK_BEGIN_AUTO",
      "activeMode": "PLAY_MODE_SINGLE",
      "beginCondComb": "LOGIC_AND",
      "beginCond": [
        {
          "type": "QUEST_COND_STATE_EQUAL",
          "param": ["1202506", "2"],
          "param_str": ""
        },
        {
          "type": "QUEST_COND_QUEST_VAR_EQUAL",
          "param": ["1", "2", "12025"],
          "param_str": ""
        }
      ],
      "priority": 5,
      "initDialog": 120250314,
      "npcId": [1044],
      "performCfg": "QuestDialogue/LQ/Itto1_12025/Q1202521",
      "heroTalk": "TALK_HERO_MAIN",
      "questId": 12025,
      "prePerformCfg": ""
    }
  ]
}
