{
  "id": 12020,
  "type": "LQ",
  "series": 2024,
  "titleTextMapHash": 3305493063,
  "descTextMapHash": 3155669390,
  "luaPath": "Actor/Quest/LQ12020",
  "suggestTrackMainQuestList": [12021],
  "rewardIdList": [112020],
  "chapterId": 2024,
  "subQuests": [
    {
      "subId": 1202001,
      "mainId": 12020,
      "order": 1,
      "descTextMapHash": 1284479508,
      "acceptCondComb": "LOGIC_AND",
      "acceptCond": [
        {
          "type": "QUEST_COND_PERSONAL_LINE_UNLOCK",
          "param": [15, 0],
          "param_str": ""
        },
        {
          "type": "QUEST_COND_QUEST_GLOBAL_VAR_EQUAL",
          "param": [1201801, 1],
          "param_str": ""
        }
      ],
      "finishCond": [
        {
          "type": "QUEST_CONTENT_FINISH_PLOT",
          "param": [1202001, 0],
          "param_str": ""
        }
      ],
      "failCond": [
        {
          "param": [],
          "param_str": ""
        }
      ],
      "guide": {
        "type": "QUEST_GUIDE_LOCATION",
        "param": ["Q12020_yurenzhong"],
        "guideScene": 3,
        "guideStyle": "QUEST_GUIDE_STYLE_POINT"
      },
      "isRewind": true,
      "finishExec": [
        {
          "param": [],
          "param_str": ""
        }
      ],
      "failExec": [
        {
          "param": [],
          "param_str": ""
        }
      ],
      "beginExec": [
        {
          "type": "QUEST_EXEC_UNREGISTER_DYNAMIC_GROUP",
          "param": ["133211002", "0"],
          "param_str": ""
        }
      ],
      "exclusiveNpcList": [1039, 12097, 12098],
      "exclusiveNpcPriority": 1100
    },
    {
      "subId": 1202002,
      "mainId": 12020,
      "order": 3,
      "descTextMapHash": 3709997964,
      "acceptCond": [
        {
          "type": "QUEST_COND_STATE_EQUAL",
          "param": [1202009, 3],
          "param_str": ""
        }
      ],
      "finishCond": [
        {
          "type": "QUEST_CONTENT_LUA_NOTIFY",
          "param": [0, 0],
          "param_str": "1202002",
          "count": 1
        }
      ],
      "failCond": [
        {
          "param": [],
          "param_str": ""
        }
      ],
      "guide": {
        "type": "QUEST_GUIDE_LOCATION",
        "param": ["Q12020_battle", "30"],
        "guideScene": 3,
        "guideStyle": "QUEST_GUIDE_STYLE_TARGET"
      },
      "finishExec": [
        {
          "type": "QUEST_EXEC_UNREGISTER_DYNAMIC_GROUP",
          "param": ["133211002", "1"],
          "param_str": ""
        }
      ],
      "failExec": [
        {
          "param": [],
          "param_str": ""
        }
      ],
      "beginExec": [
        {
          "type": "QUEST_EXEC_REGISTER_DYNAMIC_GROUP",
          "param": ["3", "133211002"],
          "param_str": ""
        }
      ]
    },
    {
      "subId": 1202003,
      "mainId": 12020,
      "order": 5,
      "descTextMapHash": 4138627348,
      "acceptCond": [
        {
          "type": "QUEST_COND_STATE_EQUAL",
          "param": [1202002, 3],
          "param_str": ""
        }
      ],
      "finishCond": [
        {
          "type": "QUEST_CONTENT_COMPLETE_TALK",
          "param": [1202001, 0],
          "param_str": ""
        }
      ],
      "failCond": [
        {
          "param": [],
          "param_str": ""
        }
      ],
      "guide": {
        "type": "QUEST_GUIDE_NPC",
        "param": ["1039", "SELECT_NPC_NONE"],
        "guideScene": 3,
        "guideStyle": "QUEST_GUIDE_STYLE_TARGET"
      },
      "isRewind": true,
      "finishExec": [
        {
          "param": [],
          "param_str": ""
        }
      ],
      "failExec": [
        {
          "param": [],
          "param_str": ""
        }
      ],
      "beginExec": [
        {
          "param": [],
          "param_str": ""
        }
      ],
      "exclusiveNpcList": [1039, 12097, 12098],
      "exclusiveNpcPriority": 1100
    },
    {
      "subId": 1202004,
      "mainId": 12020,
      "order": 10,
      "descTextMapHash": 2729829012,
      "acceptCond": [
        {
          "type": "QUEST_COND_STATE_EQUAL",
          "param": [1202003, 3],
          "param_str": ""
        }
      ],
      "finishCond": [
        {
          "type": "QUEST_CONTENT_COMPLETE_TALK",
          "param": [1202002, 0],
          "param_str": ""
        }
      ],
      "failCond": [
        {
          "param": [],
          "param_str": ""
        }
      ],
      "guide": {
        "type": "QUEST_GUIDE_NPC",
        "param": ["12059", "SELECT_NPC_NONE"],
        "guideScene": 3,
        "guideStyle": "QUEST_GUIDE_STYLE_TARGET"
      },
      "isRewind": true,
      "finishExec": [
        {
          "param": [],
          "param_str": ""
        }
      ],
      "failExec": [
        {
          "param": [],
          "param_str": ""
        }
      ],
      "beginExec": [
        {
          "param": [],
          "param_str": ""
        }
      ],
      "exclusiveNpcList": [12059, 3140, 3135],
      "exclusiveNpcPriority": 1100
    },
    {
      "subId": 1202005,
      "mainId": 12020,
      "order": 11,
      "descTextMapHash": 769613148,
      "acceptCond": [
        {
          "type": "QUEST_COND_STATE_EQUAL",
          "param": [1202004, 3],
          "param_str": ""
        }
      ],
      "finishCond": [
        {
          "type": "QUEST_CONTENT_COMPLETE_TALK",
          "param": [1202003, 0],
          "param_str": ""
        }
      ],
      "failCond": [
        {
          "param": [],
          "param_str": ""
        }
      ],
      "guide": {
        "type": "QUEST_GUIDE_NPC",
        "param": ["12060", "SELECT_NPC_NONE"],
        "guideScene": 3,
        "guideStyle": "QUEST_GUIDE_STYLE_TARGET"
      },
      "isRewind": true,
      "finishExec": [
        {
          "param": [],
          "param_str": ""
        }
      ],
      "failExec": [
        {
          "param": [],
          "param_str": ""
        }
      ],
      "beginExec": [
        {
          "param": [],
          "param_str": ""
        }
      ],
      "exclusiveNpcList": [12059, 12060, 3140, 3135],
      "exclusiveNpcPriority": 1100
    },
    {
      "subId": 1202006,
      "mainId": 12020,
      "order": 12,
      "descTextMapHash": 3782996332,
      "acceptCond": [
        {
          "type": "QUEST_COND_STATE_EQUAL",
          "param": [1202005, 3],
          "param_str": ""
        }
      ],
      "finishCond": [
        {
          "type": "QUEST_CONTENT_COMPLETE_TALK",
          "param": [1202004, 0],
          "param_str": ""
        }
      ],
      "failCond": [
        {
          "param": [],
          "param_str": ""
        }
      ],
      "guide": {
        "type": "QUEST_GUIDE_NPC",
        "param": ["12061", "SELECT_NPC_NONE"],
        "guideScene": 3,
        "guideStyle": "QUEST_GUIDE_STYLE_TARGET"
      },
      "isRewind": true,
      "finishExec": [
        {
          "param": [],
          "param_str": ""
        }
      ],
      "failExec": [
        {
          "param": [],
          "param_str": ""
        }
      ],
      "beginExec": [
        {
          "param": [],
          "param_str": ""
        }
      ],
      "exclusiveNpcList": [12059, 12060, 12061, 12095, 3140, 3135],
      "exclusiveNpcPriority": 1100
    },
    {
      "subId": 1202007,
      "mainId": 12020,
      "order": 13,
      "descTextMapHash": 2066585500,
      "acceptCond": [
        {
          "type": "QUEST_COND_STATE_EQUAL",
          "param": [1202006, 3],
          "param_str": ""
        }
      ],
      "finishCond": [
        {
          "type": "QUEST_CONTENT_FINISH_PLOT",
          "param": [1202007, 0],
          "param_str": ""
        }
      ],
      "failCond": [
        {
          "param": [],
          "param_str": ""
        }
      ],
      "guide": {
        "type": "QUEST_GUIDE_LOCATION",
        "param": ["Q12020_xinhai", "20"],
        "guideScene": 3,
        "guideStyle": "QUEST_GUIDE_STYLE_TARGET"
      },
      "isRewind": true,
      "finishExec": [
        {
          "param": [],
          "param_str": ""
        }
      ],
      "failExec": [
        {
          "param": [],
          "param_str": ""
        }
      ],
      "beginExec": [
        {
          "param": [],
          "param_str": ""
        }
      ],
      "exclusiveNpcList": [
        1037, 12059, 12060, 12061, 12062, 12095, 12096, 3140, 3135
      ],
      "exclusiveNpcPriority": 1100
    },
    {
      "subId": 1202008,
      "mainId": 12020,
      "order": 15,
      "descTextMapHash": 2739377372,
      "acceptCond": [
        {
          "type": "QUEST_COND_STATE_EQUAL",
          "param": [1202007, 3],
          "param_str": ""
        }
      ],
      "finishCond": [
        {
          "type": "QUEST_CONTENT_COMPLETE_TALK",
          "param": [1202005, 0],
          "param_str": ""
        }
      ],
      "failCond": [
        {
          "param": [],
          "param_str": ""
        }
      ],
      "guide": {
        "type": "QUEST_GUIDE_NPC",
        "param": ["1037", "SELECT_NPC_NONE"],
        "guideScene": 3,
        "guideStyle": "QUEST_GUIDE_STYLE_TARGET"
      },
      "finishParent": true,
      "finishExec": [
        {
          "param": [],
          "param_str": ""
        }
      ],
      "failExec": [
        {
          "param": [],
          "param_str": ""
        }
      ],
      "beginExec": [
        {
          "param": [],
          "param_str": ""
        }
      ],
      "exclusiveNpcList": [
        1037, 12059, 12060, 12061, 12062, 12095, 12096, 3140, 3135
      ],
      "exclusiveNpcPriority": 1100
    },
    {
      "subId": 1202009,
      "mainId": 12020,
      "order": 2,
      "descTextMapHash": 3925963068,
      "acceptCond": [
        {
          "type": "QUEST_COND_STATE_EQUAL",
          "param": [1202001, 3],
          "param_str": ""
        }
      ],
      "finishCond": [
        {
          "type": "QUEST_CONTENT_COMPLETE_TALK",
          "param": [1202006, 0],
          "param_str": ""
        }
      ],
      "failCond": [
        {
          "param": [],
          "param_str": ""
        }
      ],
      "guide": {
        "type": "QUEST_GUIDE_NPC",
        "param": ["1039", "SELECT_NPC_NONE"],
        "guideScene": 3,
        "guideStyle": "QUEST_GUIDE_STYLE_TARGET"
      },
      "finishExec": [
        {
          "param": [],
          "param_str": ""
        }
      ],
      "failExec": [
        {
          "param": [],
          "param_str": ""
        }
      ],
      "beginExec": [
        {
          "param": [],
          "param_str": ""
        }
      ],
      "exclusiveNpcList": [1039, 12097, 12098],
      "exclusiveNpcPriority": 1100
    }
  ],
  "talks": [
    {
      "id": 1202001,
      "beginWay": "TALK_BEGIN_MANUAL",
      "activeMode": "PLAY_MODE_SINGLE",
      "beginCond": [
        {
          "type": "QUEST_COND_STATE_EQUAL",
          "param": ["1202003", "2"],
          "param_str": ""
        }
      ],
      "priority": 5,
      "initDialog": 120200101,
      "npcId": [1039],
      "performCfg": "QuestDialogue/LQ/Kokomi_12020/Q1202001",
      "questId": 12020,
      "prePerformCfg": ""
    },
    {
      "id": 1202002,
      "beginWay": "TALK_BEGIN_MANUAL",
      "activeMode": "PLAY_MODE_SINGLE",
      "beginCond": [
        {
          "type": "QUEST_COND_STATE_EQUAL",
          "param": ["1202004", "2"],
          "param_str": ""
        }
      ],
      "priority": 5,
      "initDialog": 120200201,
      "npcId": [12059],
      "performCfg": "QuestDialogue/LQ/Kokomi_12020/Q1202002",
      "questId": 12020,
      "prePerformCfg": ""
    },
    {
      "id": 1202003,
      "beginWay": "TALK_BEGIN_MANUAL",
      "activeMode": "PLAY_MODE_SINGLE",
      "beginCond": [
        {
          "type": "QUEST_COND_STATE_EQUAL",
          "param": ["1202005", "2"],
          "param_str": ""
        }
      ],
      "priority": 5,
      "initDialog": 120200301,
      "npcId": [12060],
      "performCfg": "QuestDialogue/LQ/Kokomi_12020/Q1202003",
      "questId": 12020,
      "prePerformCfg": ""
    },
    {
      "id": 1202004,
      "beginWay": "TALK_BEGIN_MANUAL",
      "activeMode": "PLAY_MODE_SINGLE",
      "beginCond": [
        {
          "type": "QUEST_COND_STATE_EQUAL",
          "param": ["1202006", "2"],
          "param_str": ""
        }
      ],
      "priority": 5,
      "initDialog": 120200401,
      "npcId": [12061, 12095],
      "performCfg": "QuestDialogue/LQ/Kokomi_12020/Q1202004",
      "questId": 12020,
      "prePerformCfg": ""
    },
    {
      "id": 1202005,
      "beginWay": "TALK_BEGIN_MANUAL",
      "activeMode": "PLAY_MODE_SINGLE",
      "beginCond": [
        {
          "type": "QUEST_COND_STATE_EQUAL",
          "param": ["1202008", "2"],
          "param_str": ""
        }
      ],
      "priority": 5,
      "initDialog": 120200501,
      "npcId": [3140, 12062, 12096, 1037],
      "performCfg": "QuestDialogue/LQ/Kokomi_12020/Q1202005",
      "questId": 12020,
      "prePerformCfg": "",
      "enableCameraDisplacement": true
    },
    {
      "id": 1202006,
      "beginWay": "TALK_BEGIN_MANUAL",
      "activeMode": "PLAY_MODE_SINGLE",
      "beginCond": [
        {
          "type": "QUEST_COND_STATE_EQUAL",
          "param": ["1202009", "2"],
          "param_str": ""
        }
      ],
      "priority": 5,
      "initDialog": 120200601,
      "npcId": [1039],
      "performCfg": "QuestDialogue/LQ/Kokomi_12020/Q1202006",
      "questId": 12020,
      "prePerformCfg": ""
    },
    {
      "id": 1202010,
      "beginWay": "TALK_BEGIN_MANUAL",
      "activeMode": "PLAY_MODE_SINGLE",
      "beginCondComb": "LOGIC_OR",
      "beginCond": [
        {
          "type": "QUEST_COND_STATE_EQUAL",
          "param": ["1202005", "2"],
          "param_str": ""
        },
        {
          "type": "QUEST_COND_STATE_EQUAL",
          "param": ["1202006", "2"],
          "param_str": ""
        },
        {
          "type": "QUEST_COND_STATE_EQUAL",
          "param": ["1202007", "2"],
          "param_str": ""
        }
      ],
      "priority": 5,
      "initDialog": 120201001,
      "npcId": [12059],
      "performCfg": "QuestDialogue/LQ/Kokomi_12020/Q1202010",
      "questId": 12020,
      "prePerformCfg": ""
    },
    {
      "id": 1202012,
      "beginWay": "TALK_BEGIN_MANUAL",
      "activeMode": "PLAY_MODE_SINGLE",
      "beginCondComb": "LOGIC_OR",
      "beginCond": [
        {
          "type": "QUEST_COND_STATE_EQUAL",
          "param": ["1202006", "2"],
          "param_str": ""
        },
        {
          "type": "QUEST_COND_STATE_EQUAL",
          "param": ["1202007", "2"],
          "param_str": ""
        }
      ],
      "priority": 5,
      "initDialog": 120201201,
      "npcId": [12060],
      "performCfg": "QuestDialogue/LQ/Kokomi_12020/Q1202012",
      "questId": 12020,
      "prePerformCfg": ""
    },
    {
      "id": 1202014,
      "beginWay": "TALK_BEGIN_MANUAL",
      "activeMode": "PLAY_MODE_SINGLE",
      "beginCond": [
        {
          "type": "QUEST_COND_STATE_EQUAL",
          "param": ["1202007", "2"],
          "param_str": ""
        }
      ],
      "priority": 5,
      "initDialog": 120201401,
      "npcId": [12061, 12095],
      "performCfg": "QuestDialogue/LQ/Kokomi_12020/Q1202014",
      "questId": 12020,
      "prePerformCfg": ""
    }
  ]
}
