{
  "id": 12022,
  "type": "LQ",
  "series": 2024,
  "titleTextMapHash": 2235223215,
  "descTextMapHash": 455918206,
  "luaPath": "Actor/Quest/LQ12022",
  "suggestTrackMainQuestList": [12023],
  "rewardIdList": [112022],
  "chapterId": 2024,
  "subQuests": [
    {
      "subId": 1202201,
      "mainId": 12022,
      "order": 1,
      "descTextMapHash": 1892944732,
      "acceptCond": [
        {
          "type": "QUEST_COND_STATE_EQUAL",
          "param": [1202114, 3],
          "param_str": ""
        }
      ],
      "finishCond": [
        {
          "type": "QUEST_CONTENT_GAME_TIME_TICK",
          "param": [1, 0],
          "param_str": "10,12"
        }
      ],
      "failCond": [
        {
          "param": [],
          "param_str": ""
        }
      ],
      "guide": {},
      "showGuide": "QUEST_GUIDE_ITEM_DISABLE",
      "isRewind": true,
      "finishExec": [
        {
          "param": [],
          "param_str": ""
        }
      ],
      "failExec": [
        {
          "param": [],
          "param_str": ""
        }
      ],
      "beginExec": [
        {
          "param": [],
          "param_str": ""
        }
      ]
    },
    {
      "subId": 1202202,
      "mainId": 12022,
      "order": 2,
      "descTextMapHash": 2684523724,
      "acceptCond": [
        {
          "type": "QUEST_COND_STATE_EQUAL",
          "param": [1202201, 3],
          "param_str": ""
        }
      ],
      "finishCond": [
        {
          "type": "QUEST_CONTENT_FINISH_PLOT",
          "param": [1202202, 0],
          "param_str": ""
        }
      ],
      "failCond": [
        {
          "param": [],
          "param_str": ""
        }
      ],
      "guide": {
        "type": "QUEST_GUIDE_LOCATION",
        "param": ["Q12022_wait"],
        "guideScene": 3,
        "guideStyle": "QUEST_GUIDE_STYLE_POINT"
      },
      "finishExec": [
        {
          "param": [],
          "param_str": ""
        }
      ],
      "failExec": [
        {
          "param": [],
          "param_str": ""
        }
      ],
      "beginExec": [
        {
          "param": [],
          "param_str": ""
        }
      ],
      "exclusiveNpcList": [3142],
      "exclusiveNpcPriority": 1100
    },
    {
      "subId": 1202203,
      "mainId": 12022,
      "order": 3,
      "descTextMapHash": 3028695052,
      "acceptCond": [
        {
          "type": "QUEST_COND_STATE_EQUAL",
          "param": [1202202, 3],
          "param_str": ""
        }
      ],
      "finishCond": [
        {
          "type": "QUEST_CONTENT_COMPLETE_TALK",
          "param": [1202201, 0],
          "param_str": ""
        }
      ],
      "failCond": [
        {
          "param": [],
          "param_str": ""
        }
      ],
      "guide": {},
      "showGuide": "QUEST_GUIDE_ITEM_DISABLE",
      "finishExec": [
        {
          "param": [],
          "param_str": ""
        }
      ],
      "failExec": [
        {
          "param": [],
          "param_str": ""
        }
      ],
      "beginExec": [
        {
          "param": [],
          "param_str": ""
        }
      ],
      "exclusiveNpcList": [3142],
      "exclusiveNpcPriority": 1100
    },
    {
      "subId": 1202204,
      "mainId": 12022,
      "order": 95,
      "descTextMapHash": 4225392300,
      "showType": "QUEST_HIDDEN",
      "acceptCond": [
        {
          "type": "QUEST_COND_STATE_EQUAL",
          "param": [99902, 3],
          "param_str": ""
        }
      ],
      "finishCond": [
        {
          "type": "QUEST_CONTENT_COMPLETE_TALK",
          "param": [1202207, 0],
          "param_str": ""
        }
      ],
      "failCond": [
        {
          "param": [],
          "param_str": ""
        }
      ],
      "guide": {
        "type": "QUEST_GUIDE_NPC",
        "param": ["3142", "SELECT_NPC_NONE"],
        "guideScene": 3,
        "guideStyle": "QUEST_GUIDE_STYLE_TARGET"
      },
      "isRewind": true,
      "finishExec": [
        {
          "param": [],
          "param_str": ""
        }
      ],
      "failExec": [
        {
          "param": [],
          "param_str": ""
        }
      ],
      "beginExec": [
        {
          "param": [],
          "param_str": ""
        }
      ]
    },
    {
      "subId": 1202205,
      "mainId": 12022,
      "order": 11,
      "descTextMapHash": 3670723084,
      "acceptCond": [
        {
          "type": "QUEST_COND_STATE_EQUAL",
          "param": [1202203, 3],
          "param_str": ""
        }
      ],
      "finishCond": [
        {
          "type": "QUEST_CONTENT_FINISH_PLOT",
          "param": [1202205, 0],
          "param_str": ""
        }
      ],
      "failCond": [
        {
          "param": [],
          "param_str": ""
        }
      ],
      "guide": {
        "type": "QUEST_GUIDE_LOCATION",
        "param": ["Q12022_Foot5", "30"],
        "guideScene": 3,
        "guideStyle": "QUEST_GUIDE_STYLE_TARGET"
      },
      "isRewind": true,
      "finishExec": [
        {
          "param": [],
          "param_str": ""
        }
      ],
      "failExec": [
        {
          "param": [],
          "param_str": ""
        }
      ],
      "beginExec": [
        {
          "param": [],
          "param_str": ""
        }
      ],
      "exclusiveNpcList": [1037],
      "exclusiveNpcPriority": 1100
    },
    {
      "subId": 1202206,
      "mainId": 12022,
      "order": 94,
      "descTextMapHash": 3402053124,
      "acceptCond": [
        {
          "type": "QUEST_COND_STATE_EQUAL",
          "param": [99902, 3],
          "param_str": ""
        }
      ],
      "finishCond": [
        {
          "type": "QUEST_CONTENT_FINISH_PLOT",
          "param": [1202206, 0],
          "param_str": ""
        }
      ],
      "failCond": [
        {
          "param": [],
          "param_str": ""
        }
      ],
      "guide": {},
      "showGuide": "QUEST_GUIDE_ITEM_DISABLE",
      "isRewind": true,
      "finishExec": [
        {
          "param": [],
          "param_str": ""
        }
      ],
      "failExec": [
        {
          "param": [],
          "param_str": ""
        }
      ],
      "beginExec": [
        {
          "param": [],
          "param_str": ""
        }
      ]
    },
    {
      "subId": 1202207,
      "mainId": 12022,
      "order": 29,
      "descTextMapHash": 3472493452,
      "showType": "QUEST_HIDDEN",
      "acceptCond": [
        {
          "type": "QUEST_COND_STATE_EQUAL",
          "param": [1202213, 3],
          "param_str": ""
        }
      ],
      "finishCond": [
        {
          "type": "QUEST_CONTENT_FINISH_PLOT",
          "param": [1202207, 0],
          "param_str": ""
        }
      ],
      "failCond": [
        {
          "param": [],
          "param_str": ""
        }
      ],
      "guide": {},
      "showGuide": "QUEST_GUIDE_ITEM_DISABLE",
      "finishExec": [
        {
          "type": "QUEST_EXEC_SET_QUEST_GLOBAL_VAR",
          "param": ["1202201", "1"],
          "param_str": ""
        }
      ],
      "failExec": [
        {
          "param": [],
          "param_str": ""
        }
      ],
      "beginExec": [
        {
          "param": [],
          "param_str": ""
        }
      ],
      "exclusiveNpcList": [1037],
      "exclusiveNpcPriority": 1100
    },
    {
      "subId": 1202208,
      "mainId": 12022,
      "order": 20,
      "descTextMapHash": 1678349468,
      "acceptCond": [
        {
          "type": "QUEST_COND_STATE_EQUAL",
          "param": [1202205, 3],
          "param_str": ""
        }
      ],
      "finishCond": [
        {
          "type": "QUEST_CONTENT_COMPLETE_TALK",
          "param": [1202202, 0],
          "param_str": ""
        }
      ],
      "failCond": [
        {
          "param": [],
          "param_str": ""
        }
      ],
      "guide": {
        "type": "QUEST_GUIDE_NPC",
        "param": ["1037", "SELECT_NPC_NONE"],
        "guideScene": 3,
        "guideStyle": "QUEST_GUIDE_STYLE_TARGET"
      },
      "finishExec": [
        {
          "param": [],
          "param_str": ""
        }
      ],
      "failExec": [
        {
          "param": [],
          "param_str": ""
        }
      ],
      "beginExec": [
        {
          "param": [],
          "param_str": ""
        }
      ],
      "exclusiveNpcList": [1037],
      "exclusiveNpcPriority": 1100
    },
    {
      "subId": 1202209,
      "mainId": 12022,
      "order": 21,
      "descTextMapHash": 2074889140,
      "acceptCond": [
        {
          "type": "QUEST_COND_STATE_EQUAL",
          "param": [1202208, 3],
          "param_str": ""
        }
      ],
      "finishCond": [
        {
          "type": "QUEST_CONTENT_INTERACT_GADGET",
          "param": [70710419, 0],
          "param_str": "",
          "count": 1
        }
      ],
      "failCond": [
        {
          "param": [],
          "param_str": ""
        }
      ],
      "guide": {
        "type": "QUEST_GUIDE_LOCATION",
        "param": ["Q12022_xinhai", "30"],
        "guideScene": 3,
        "guideStyle": "QUEST_GUIDE_STYLE_TARGET"
      },
      "isRewind": true,
      "finishExec": [
        {
          "param": [],
          "param_str": ""
        }
      ],
      "failExec": [
        {
          "param": [],
          "param_str": ""
        }
      ],
      "beginExec": [
        {
          "type": "QUEST_EXEC_REGISTER_DYNAMIC_GROUP",
          "param": ["3", "133210205"],
          "param_str": ""
        }
      ],
      "exclusiveNpcList": [1037],
      "exclusiveNpcPriority": 1100
    },
    {
      "subId": 1202210,
      "mainId": 12022,
      "order": 23,
      "descTextMapHash": 1598652364,
      "acceptCond": [
        {
          "type": "QUEST_COND_STATE_EQUAL",
          "param": [1202216, 3],
          "param_str": ""
        }
      ],
      "finishCond": [
        {
          "type": "QUEST_CONTENT_INTERACT_GADGET",
          "param": [70710420, 0],
          "param_str": "",
          "count": 1
        }
      ],
      "failCond": [
        {
          "param": [],
          "param_str": ""
        }
      ],
      "guide": {
        "type": "QUEST_GUIDE_LOCATION",
        "param": ["Q12022_xinhai", "20"],
        "guideScene": 3,
        "guideStyle": "QUEST_GUIDE_STYLE_TARGET"
      },
      "isRewind": true,
      "finishExec": [
        {
          "param": [],
          "param_str": ""
        }
      ],
      "failExec": [
        {
          "param": [],
          "param_str": ""
        }
      ],
      "beginExec": [
        {
          "type": "QUEST_EXEC_REGISTER_DYNAMIC_GROUP",
          "param": ["3", "133210205"],
          "param_str": ""
        },
        {
          "type": "QUEST_EXEC_REFRESH_GROUP_SUITE",
          "param": ["3", "133210205,2"],
          "param_str": ""
        }
      ],
      "exclusiveNpcList": [1037],
      "exclusiveNpcPriority": 1100
    },
    {
      "subId": 1202211,
      "mainId": 12022,
      "order": 25,
      "descTextMapHash": 625042132,
      "acceptCond": [
        {
          "type": "QUEST_COND_STATE_EQUAL",
          "param": [1202217, 3],
          "param_str": ""
        }
      ],
      "finishCond": [
        {
          "type": "QUEST_CONTENT_INTERACT_GADGET",
          "param": [70710421, 0],
          "param_str": "",
          "count": 1
        }
      ],
      "failCond": [
        {
          "param": [],
          "param_str": ""
        }
      ],
      "guide": {
        "type": "QUEST_GUIDE_LOCATION",
        "param": ["Q12022_xinhai", "20"],
        "guideScene": 3,
        "guideStyle": "QUEST_GUIDE_STYLE_TARGET"
      },
      "isRewind": true,
      "finishExec": [
        {
          "param": [],
          "param_str": ""
        }
      ],
      "failExec": [
        {
          "param": [],
          "param_str": ""
        }
      ],
      "beginExec": [
        {
          "type": "QUEST_EXEC_REGISTER_DYNAMIC_GROUP",
          "param": ["3", "133210205"],
          "param_str": ""
        },
        {
          "type": "QUEST_EXEC_REFRESH_GROUP_SUITE",
          "param": ["3", "133210205,3"],
          "param_str": ""
        }
      ],
      "exclusiveNpcList": [1037],
      "exclusiveNpcPriority": 1100
    },
    {
      "subId": 1202212,
      "mainId": 12022,
      "order": 30,
      "descTextMapHash": 2879166644,
      "acceptCond": [
        {
          "type": "QUEST_COND_STATE_EQUAL",
          "param": [1202213, 3],
          "param_str": ""
        }
      ],
      "finishCond": [
        {
          "type": "QUEST_CONTENT_COMPLETE_TALK",
          "param": [1202204, 0],
          "param_str": ""
        }
      ],
      "failCond": [
        {
          "param": [],
          "param_str": ""
        }
      ],
      "guide": {
        "type": "QUEST_GUIDE_NPC",
        "param": ["1037", "SELECT_NPC_NONE"],
        "guideScene": 3,
        "guideStyle": "QUEST_GUIDE_STYLE_TARGET"
      },
      "finishParent": true,
      "isRewind": true,
      "finishExec": [
        {
          "param": [],
          "param_str": ""
        }
      ],
      "failExec": [
        {
          "param": [],
          "param_str": ""
        }
      ],
      "beginExec": [
        {
          "type": "QUEST_EXEC_UNREGISTER_DYNAMIC_GROUP",
          "param": ["133210205", "1"],
          "param_str": ""
        }
      ],
      "exclusiveNpcList": [1037],
      "exclusiveNpcPriority": 1100
    },
    {
      "subId": 1202213,
      "mainId": 12022,
      "order": 27,
      "descTextMapHash": 1379816492,
      "acceptCond": [
        {
          "type": "QUEST_COND_STATE_EQUAL",
          "param": [1202211, 3],
          "param_str": ""
        }
      ],
      "finishCond": [
        {
          "type": "QUEST_CONTENT_COMPLETE_TALK",
          "param": [1202206, 0],
          "param_str": ""
        }
      ],
      "failCond": [
        {
          "param": [],
          "param_str": ""
        }
      ],
      "guide": {},
      "showGuide": "QUEST_GUIDE_ITEM_DISABLE",
      "finishExec": [
        {
          "param": [],
          "param_str": ""
        }
      ],
      "failExec": [
        {
          "param": [],
          "param_str": ""
        }
      ],
      "beginExec": [
        {
          "param": [],
          "param_str": ""
        }
      ],
      "exclusiveNpcList": [1037],
      "exclusiveNpcPriority": 1100
    },
    {
      "subId": 1202214,
      "mainId": 12022,
      "order": 92,
      "descTextMapHash": 1783230572,
      "acceptCond": [
        {
          "type": "QUEST_COND_STATE_EQUAL",
          "param": [99902, 3],
          "param_str": ""
        }
      ],
      "finishCond": [
        {
          "type": "QUEST_CONTENT_LUA_NOTIFY",
          "param": [0, 0],
          "param_str": "1202214",
          "count": 1
        }
      ],
      "failCond": [
        {
          "param": [],
          "param_str": ""
        }
      ],
      "guide": {},
      "showGuide": "QUEST_GUIDE_ITEM_DISABLE",
      "finishExec": [
        {
          "param": [],
          "param_str": ""
        }
      ],
      "failExec": [
        {
          "param": [],
          "param_str": ""
        }
      ],
      "beginExec": [
        {
          "param": [],
          "param_str": ""
        }
      ]
    },
    {
      "subId": 1202215,
      "mainId": 12022,
      "order": 93,
      "descTextMapHash": 176159828,
      "acceptCond": [
        {
          "type": "QUEST_COND_STATE_EQUAL",
          "param": [99902, 3],
          "param_str": ""
        }
      ],
      "finishCond": [
        {
          "type": "QUEST_CONTENT_LUA_NOTIFY",
          "param": [0, 0],
          "param_str": "1202215",
          "count": 1
        }
      ],
      "failCond": [
        {
          "param": [],
          "param_str": ""
        }
      ],
      "guide": {},
      "showGuide": "QUEST_GUIDE_ITEM_DISABLE",
      "finishExec": [
        {
          "param": [],
          "param_str": ""
        }
      ],
      "failExec": [
        {
          "param": [],
          "param_str": ""
        }
      ],
      "beginExec": [
        {
          "param": [],
          "param_str": ""
        }
      ]
    },
    {
      "subId": 1202216,
      "mainId": 12022,
      "order": 22,
      "descTextMapHash": 1227727148,
      "acceptCond": [
        {
          "type": "QUEST_COND_STATE_EQUAL",
          "param": [1202209, 3],
          "param_str": ""
        }
      ],
      "finishCond": [
        {
          "type": "QUEST_CONTENT_COMPLETE_TALK",
          "param": [1202205, 0],
          "param_str": ""
        }
      ],
      "failCond": [
        {
          "param": [],
          "param_str": ""
        }
      ],
      "guide": {},
      "showGuide": "QUEST_GUIDE_ITEM_DISABLE",
      "finishExec": [
        {
          "param": [],
          "param_str": ""
        }
      ],
      "failExec": [
        {
          "param": [],
          "param_str": ""
        }
      ],
      "beginExec": [
        {
          "param": [],
          "param_str": ""
        }
      ],
      "exclusiveNpcList": [1037],
      "exclusiveNpcPriority": 1100
    },
    {
      "subId": 1202217,
      "mainId": 12022,
      "order": 24,
      "descTextMapHash": 1428940940,
      "acceptCond": [
        {
          "type": "QUEST_COND_STATE_EQUAL",
          "param": [1202210, 3],
          "param_str": ""
        }
      ],
      "finishCond": [
        {
          "type": "QUEST_CONTENT_COMPLETE_TALK",
          "param": [1202203, 0],
          "param_str": ""
        }
      ],
      "failCond": [
        {
          "param": [],
          "param_str": ""
        }
      ],
      "guide": {},
      "showGuide": "QUEST_GUIDE_ITEM_DISABLE",
      "finishExec": [
        {
          "param": [],
          "param_str": ""
        }
      ],
      "failExec": [
        {
          "param": [],
          "param_str": ""
        }
      ],
      "beginExec": [
        {
          "param": [],
          "param_str": ""
        }
      ],
      "exclusiveNpcList": [1037],
      "exclusiveNpcPriority": 1100
    }
  ],
  "talks": [
    {
      "id": 1202201,
      "beginWay": "TALK_BEGIN_MANUAL",
      "activeMode": "PLAY_MODE_SINGLE",
      "beginCond": [
        {
          "type": "QUEST_COND_STATE_EQUAL",
          "param": ["1202203", "2"],
          "param_str": ""
        }
      ],
      "priority": 5,
      "initDialog": 120220101,
      "npcId": [1005],
      "performCfg": "QuestDialogue/LQ/Kokomi_12022/Q1202201",
      "questId": 12022,
      "prePerformCfg": ""
    },
    {
      "id": 1202202,
      "beginWay": "TALK_BEGIN_MANUAL",
      "activeMode": "PLAY_MODE_SINGLE",
      "beginCond": [
        {
          "type": "QUEST_COND_STATE_EQUAL",
          "param": ["1202208", "2"],
          "param_str": ""
        }
      ],
      "priority": 5,
      "initDialog": 120220204,
      "npcId": [1037],
      "performCfg": "QuestDialogue/LQ/Kokomi_12022/Q1202202",
      "questId": 12022,
      "prePerformCfg": ""
    },
    {
      "id": 1202203,
      "beginWay": "TALK_BEGIN_MANUAL",
      "activeMode": "PLAY_MODE_SINGLE",
      "beginCond": [
        {
          "type": "QUEST_COND_STATE_EQUAL",
          "param": ["1202217", "2"],
          "param_str": ""
        }
      ],
      "priority": 5,
      "initDialog": 120220301,
      "npcId": [1005],
      "performCfg": "QuestDialogue/LQ/Kokomi_12022/Q1202203",
      "questId": 12022,
      "prePerformCfg": ""
    },
    {
      "id": 1202204,
      "beginWay": "TALK_BEGIN_MANUAL",
      "activeMode": "PLAY_MODE_SINGLE",
      "beginCond": [
        {
          "type": "QUEST_COND_STATE_EQUAL",
          "param": ["1202212", "2"],
          "param_str": ""
        }
      ],
      "priority": 5,
      "initDialog": 120220401,
      "npcId": [1037],
      "performCfg": "QuestDialogue/LQ/Kokomi_12022/Q1202204",
      "questId": 12022,
      "prePerformCfg": ""
    },
    {
      "id": 1202205,
      "beginWay": "TALK_BEGIN_MANUAL",
      "activeMode": "PLAY_MODE_SINGLE",
      "beginCond": [
        {
          "type": "QUEST_COND_STATE_EQUAL",
          "param": ["1202216", "2"],
          "param_str": ""
        }
      ],
      "priority": 5,
      "initDialog": 120220501,
      "npcId": [1005],
      "performCfg": "QuestDialogue/LQ/Kokomi_12022/Q1202205",
      "questId": 12022,
      "prePerformCfg": ""
    },
    {
      "id": 1202206,
      "beginWay": "TALK_BEGIN_MANUAL",
      "activeMode": "PLAY_MODE_SINGLE",
      "beginCond": [
        {
          "type": "QUEST_COND_STATE_EQUAL",
          "param": ["1202213", "2"],
          "param_str": ""
        }
      ],
      "priority": 5,
      "initDialog": 120220601,
      "npcId": [1005],
      "performCfg": "QuestDialogue/LQ/Kokomi_12022/Q1202206",
      "questId": 12022,
      "prePerformCfg": ""
    },
    {
      "id": 1202207,
      "beginWay": "TALK_BEGIN_MANUAL",
      "activeMode": "PLAY_MODE_SINGLE",
      "beginCond": [
        {
          "type": "QUEST_COND_STATE_EQUAL",
          "param": ["1202204", "2"],
          "param_str": ""
        }
      ],
      "priority": 5,
      "initDialog": 120220701,
      "npcId": [3142, 1005],
      "performCfg": "QuestDialogue/LQ/Kokomi_12022/Q1202207",
      "questId": 12022,
      "prePerformCfg": ""
    },
    {
      "id": 1202210,
      "beginWay": "TALK_BEGIN_MANUAL",
      "activeMode": "PLAY_MODE_SINGLE",
      "beginCondComb": "LOGIC_OR",
      "beginCond": [
        {
          "type": "QUEST_COND_STATE_EQUAL",
          "param": ["1202209", "2"],
          "param_str": ""
        },
        {
          "type": "QUEST_COND_STATE_EQUAL",
          "param": ["1202210", "2"],
          "param_str": ""
        }
      ],
      "priority": 5,
      "initDialog": 120221001,
      "npcId": [1037],
      "performCfg": "QuestDialogue/LQ/Kokomi_12022/Q1202210",
      "questId": 12022,
      "prePerformCfg": "",
      "stayFreeStyle": true
    },
    {
      "id": 1202211,
      "beginWay": "TALK_BEGIN_MANUAL",
      "activeMode": "PLAY_MODE_SINGLE",
      "beginCondComb": "LOGIC_OR",
      "beginCond": [
        {
          "type": "QUEST_COND_STATE_EQUAL",
          "param": ["1202209", "2"],
          "param_str": ""
        },
        {
          "type": "QUEST_COND_STATE_EQUAL",
          "param": ["1202210", "2"],
          "param_str": ""
        }
      ],
      "priority": 5,
      "initDialog": 120221101,
      "npcId": [1037],
      "performCfg": "QuestDialogue/LQ/Kokomi_12022/Q1202211",
      "questId": 12022,
      "prePerformCfg": "",
      "stayFreeStyle": true
    },
    {
      "id": 1202217,
      "beginWay": "TALK_BEGIN_MANUAL",
      "activeMode": "PLAY_MODE_SINGLE",
      "beginCond": [
        {
          "type": "QUEST_COND_STATE_EQUAL",
          "param": ["1202211", "2"],
          "param_str": ""
        }
      ],
      "priority": 5,
      "initDialog": 120221701,
      "npcId": [1037],
      "performCfg": "QuestDialogue/LQ/Kokomi_12022/Q1202217",
      "questId": 12022,
      "prePerformCfg": "",
      "stayFreeStyle": true
    }
  ]
}
