{
  "id": 12031,
  "type": "LQ",
  "series": 2025,
  "titleTextMapHash": 3383510159,
  "descTextMapHash": 3632572838,
  "luaPath": "Actor/Quest/LQ12031",
  "rewardIdList": [112031],
  "chapterId": 2025,
  "subQuests": [
    {
      "subId": 1203101,
      "mainId": 12031,
      "order": 1,
      "descTextMapHash": 1808064252,
      "acceptCond": [
        {
          "type": "QUEST_COND_STATE_EQUAL",
          "param": [1203005, 3],
          "param_str": ""
        }
      ],
      "finishCond": [
        {
          "type": "QUEST_CONTENT_COMPLETE_TALK",
          "param": [1203101, 0],
          "param_str": ""
        }
      ],
      "failCond": [
        {
          "param": [],
          "param_str": ""
        }
      ],
      "guide": {
        "type": "QUEST_GUIDE_LOCATION",
        "autoGuide": "QUEST_GUIDE_AUTO_ENABLE",
        "param": ["Q1202803_T1202803_N1034"],
        "guideScene": 3,
        "guideStyle": "QUEST_GUIDE_STYLE_POINT",
        "guideLayer": "QUEST_GUIDE_LAYER_SCENE"
      },
      "isRewind": true,
      "finishExec": [
        {
          "param": [],
          "param_str": ""
        }
      ],
      "failExec": [
        {
          "param": [],
          "param_str": ""
        }
      ],
      "beginExec": [
        {
          "type": "QUEST_EXEC_REMOVE_TRIAL_AVATAR",
          "param": ["37", "0"],
          "param_str": ""
        }
      ],
      "exclusiveNpcList": [1034],
      "exclusiveNpcPriority": 1100,
      "exclusivePlaceList": [19014]
    },
    {
      "subId": 1203102,
      "mainId": 12031,
      "order": 2,
      "descTextMapHash": 2634543132,
      "acceptCond": [
        {
          "type": "QUEST_COND_STATE_EQUAL",
          "param": [1203101, 3],
          "param_str": ""
        }
      ],
      "finishCond": [
        {
          "type": "QUEST_CONTENT_COMPLETE_TALK",
          "param": [1203102, 0],
          "param_str": ""
        }
      ],
      "failCond": [
        {
          "param": [],
          "param_str": ""
        }
      ],
      "guide": {
        "type": "QUEST_GUIDE_NPC",
        "param": ["3107"],
        "guideScene": 3,
        "guideStyle": "QUEST_GUIDE_STYLE_TARGET",
        "guideLayer": "QUEST_GUIDE_LAYER_SCENE"
      },
      "isRewind": true,
      "finishExec": [
        {
          "param": [],
          "param_str": ""
        }
      ],
      "failExec": [
        {
          "param": [],
          "param_str": ""
        }
      ],
      "beginExec": [
        {
          "param": [],
          "param_str": ""
        }
      ],
      "exclusiveNpcList": [3107],
      "exclusiveNpcPriority": 1100,
      "exclusivePlaceList": [19014]
    },
    {
      "subId": 1203103,
      "mainId": 12031,
      "order": 3,
      "descTextMapHash": 3996612540,
      "acceptCond": [
        {
          "type": "QUEST_COND_STATE_EQUAL",
          "param": [99902, 3],
          "param_str": ""
        }
      ],
      "finishCond": [
        {
          "type": "QUEST_CONTENT_FINISH_PLOT",
          "param": [1203103, 0],
          "param_str": ""
        }
      ],
      "failCond": [
        {
          "param": [],
          "param_str": ""
        }
      ],
      "guide": {
        "type": "QUEST_GUIDE_NPC",
        "param": ["12400"],
        "guideScene": 3,
        "guideStyle": "QUEST_GUIDE_STYLE_TARGET",
        "guideLayer": "QUEST_GUIDE_LAYER_SCENE"
      },
      "isRewind": true,
      "finishExec": [
        {
          "param": [],
          "param_str": ""
        }
      ],
      "failExec": [
        {
          "param": [],
          "param_str": ""
        }
      ],
      "beginExec": [
        {
          "param": [],
          "param_str": ""
        }
      ],
      "exclusiveNpcList": [3105, 12400, 3106, 3109, 3108, 3107, 3110],
      "exclusiveNpcPriority": 1100
    },
    {
      "subId": 1203104,
      "mainId": 12031,
      "order": 7,
      "isMpBlock": true,
      "descTextMapHash": 3135654476,
      "acceptCond": [
        {
          "type": "QUEST_COND_STATE_EQUAL",
          "param": [1203108, 3],
          "param_str": ""
        }
      ],
      "finishCond": [
        {
          "type": "QUEST_CONTENT_LUA_NOTIFY",
          "param": [0, 0],
          "param_str": "1203104",
          "count": 1
        }
      ],
      "failCond": [
        {
          "param": [],
          "param_str": ""
        }
      ],
      "guide": {
        "type": "QUEST_GUIDE_LOCATION",
        "autoGuide": "QUEST_GUIDE_AUTO_ENABLE",
        "param": ["Q1203108_N1005", "30"],
        "guideScene": 3,
        "guideStyle": "QUEST_GUIDE_STYLE_POINT",
        "guideLayer": "QUEST_GUIDE_LAYER_SCENE"
      },
      "isRewind": true,
      "finishExec": [
        {
          "type": "QUEST_EXEC_UNREGISTER_DYNAMIC_GROUP",
          "param": ["133220702", "0"],
          "param_str": ""
        }
      ],
      "failExec": [
        {
          "param": [],
          "param_str": ""
        }
      ],
      "beginExec": [
        {
          "type": "QUEST_EXEC_REGISTER_DYNAMIC_GROUP",
          "param": ["3", "133220702"],
          "param_str": ""
        }
      ],
      "exclusiveNpcList": [3105, 3106, 3109, 3108, 3107, 3110],
      "exclusiveNpcPriority": 1100
    },
    {
      "subId": 1203105,
      "mainId": 12031,
      "order": 9,
      "isMpBlock": true,
      "descTextMapHash": 3719639708,
      "acceptCond": [
        {
          "type": "QUEST_COND_STATE_EQUAL",
          "param": [1203110, 3],
          "param_str": ""
        }
      ],
      "finishCond": [
        {
          "type": "QUEST_CONTENT_COMPLETE_TALK",
          "param": [1203109, 0],
          "param_str": ""
        }
      ],
      "failCond": [
        {
          "param": [],
          "param_str": ""
        }
      ],
      "guide": {
        "type": "QUEST_GUIDE_LOCATION",
        "autoGuide": "QUEST_GUIDE_AUTO_ENABLE",
        "param": ["Q1203104_T1203104_N1034", "30"],
        "guideScene": 3,
        "guideStyle": "QUEST_GUIDE_STYLE_TARGET",
        "guideLayer": "QUEST_GUIDE_LAYER_SCENE"
      },
      "isRewind": true,
      "finishExec": [
        {
          "param": [],
          "param_str": ""
        }
      ],
      "failExec": [
        {
          "param": [],
          "param_str": ""
        }
      ],
      "beginExec": [
        {
          "param": [],
          "param_str": ""
        }
      ],
      "exclusiveNpcList": [1034, 3105, 3106, 3109, 3108, 3107, 3110],
      "exclusiveNpcPriority": 1100,
      "exclusivePlaceList": [19014]
    },
    {
      "subId": 1203106,
      "mainId": 12031,
      "order": 12,
      "descTextMapHash": 2010177860,
      "acceptCond": [
        {
          "type": "QUEST_COND_STATE_EQUAL",
          "param": [1203112, 3],
          "param_str": ""
        }
      ],
      "finishCond": [
        {
          "type": "QUEST_CONTENT_COMPLETE_TALK",
          "param": [1203104, 0],
          "param_str": ""
        }
      ],
      "failCond": [
        {
          "param": [],
          "param_str": ""
        }
      ],
      "guide": {
        "type": "QUEST_GUIDE_LOCATION",
        "autoGuide": "QUEST_GUIDE_AUTO_ENABLE",
        "param": ["Q1202911_N1034", "10"],
        "guideScene": 1066,
        "guideStyle": "QUEST_GUIDE_STYLE_TARGET",
        "guideLayer": "QUEST_GUIDE_LAYER_SCENE"
      },
      "finishParent": true,
      "isRewind": true,
      "finishExec": [
        {
          "param": [],
          "param_str": ""
        }
      ],
      "failExec": [
        {
          "param": [],
          "param_str": ""
        }
      ],
      "beginExec": [
        {
          "param": [],
          "param_str": ""
        }
      ],
      "exclusiveNpcList": [1034],
      "exclusiveNpcPriority": 1100,
      "exclusivePlaceList": [106601]
    },
    {
      "subId": 1203107,
      "mainId": 12031,
      "order": 4,
      "descTextMapHash": 1018413124,
      "acceptCond": [
        {
          "type": "QUEST_COND_STATE_EQUAL",
          "param": [99902, 3],
          "param_str": ""
        }
      ],
      "finishCond": [
        {
          "type": "QUEST_CONTENT_FINISH_PLOT",
          "param": [1203107, 0],
          "param_str": ""
        }
      ],
      "failCond": [
        {
          "param": [],
          "param_str": ""
        }
      ],
      "guide": {
        "type": "QUEST_GUIDE_LOCATION",
        "param": ["L1203102Target"],
        "guideScene": 3,
        "guideStyle": "QUEST_GUIDE_STYLE_POINT",
        "guideLayer": "QUEST_GUIDE_LAYER_SCENE"
      },
      "isRewind": true,
      "finishExec": [
        {
          "param": [],
          "param_str": ""
        }
      ],
      "failExec": [
        {
          "param": [],
          "param_str": ""
        }
      ],
      "beginExec": [
        {
          "param": [],
          "param_str": ""
        }
      ],
      "exclusiveNpcList": [3105, 12401, 3106, 3109, 3108, 3107, 3110],
      "exclusiveNpcPriority": 1100
    },
    {
      "subId": 1203108,
      "mainId": 12031,
      "order": 6,
      "descTextMapHash": 4037460972,
      "acceptCond": [
        {
          "type": "QUEST_COND_STATE_EQUAL",
          "param": [1203102, 3],
          "param_str": ""
        }
      ],
      "finishCond": [
        {
          "type": "QUEST_CONTENT_COMPLETE_TALK",
          "param": [1203108, 0],
          "param_str": ""
        }
      ],
      "failCond": [
        {
          "param": [],
          "param_str": ""
        }
      ],
      "guide": {
        "type": "QUEST_GUIDE_LOCATION",
        "autoGuide": "QUEST_GUIDE_AUTO_ENABLE",
        "param": ["Q1203108_N10000005", "40"],
        "guideScene": 3,
        "guideStyle": "QUEST_GUIDE_STYLE_TARGET",
        "guideLayer": "QUEST_GUIDE_LAYER_SCENE"
      },
      "isRewind": true,
      "finishExec": [
        {
          "param": [],
          "param_str": ""
        }
      ],
      "failExec": [
        {
          "param": [],
          "param_str": ""
        }
      ],
      "beginExec": [
        {
          "param": [],
          "param_str": ""
        }
      ],
      "exclusiveNpcList": [3105, 3106, 3109, 3108, 3107, 3110],
      "exclusiveNpcPriority": 1100
    },
    {
      "subId": 1203109,
      "mainId": 12031,
      "order": 5,
      "descTextMapHash": 2928320324,
      "acceptCond": [
        {
          "type": "QUEST_COND_STATE_EQUAL",
          "param": [99902, 3],
          "param_str": ""
        }
      ],
      "finishCond": [
        {
          "type": "QUEST_CONTENT_GAME_TIME_TICK",
          "param": [1, 0],
          "param_str": "20,22"
        }
      ],
      "failCond": [
        {
          "param": [],
          "param_str": ""
        }
      ],
      "guide": {},
      "isRewind": true,
      "finishExec": [
        {
          "param": [],
          "param_str": ""
        }
      ],
      "failExec": [
        {
          "param": [],
          "param_str": ""
        }
      ],
      "beginExec": [
        {
          "param": [],
          "param_str": ""
        }
      ],
      "exclusiveNpcList": [3105, 3106, 3109, 3108, 3107, 3110],
      "exclusiveNpcPriority": 1100
    },
    {
      "subId": 1203110,
      "mainId": 12031,
      "order": 8,
      "descTextMapHash": 3983167396,
      "acceptCond": [
        {
          "type": "QUEST_COND_STATE_EQUAL",
          "param": [1203104, 3],
          "param_str": ""
        }
      ],
      "finishCond": [
        {
          "type": "QUEST_CONTENT_FINISH_PLOT",
          "param": [1203110, 0],
          "param_str": ""
        }
      ],
      "failCond": [
        {
          "param": [],
          "param_str": ""
        }
      ],
      "guide": {
        "type": "QUEST_GUIDE_LOCATION",
        "autoGuide": "QUEST_GUIDE_AUTO_ENABLE",
        "param": ["Q1203104_T1203104_N1034", "30"],
        "guideScene": 3,
        "guideStyle": "QUEST_GUIDE_STYLE_TARGET",
        "guideLayer": "QUEST_GUIDE_LAYER_SCENE"
      },
      "isRewind": true,
      "finishExec": [
        {
          "param": [],
          "param_str": ""
        }
      ],
      "failExec": [
        {
          "param": [],
          "param_str": ""
        }
      ],
      "beginExec": [
        {
          "param": [],
          "param_str": ""
        }
      ],
      "exclusiveNpcList": [3105, 3106, 3109, 3108, 3107, 3110],
      "exclusiveNpcPriority": 1100,
      "exclusivePlaceList": [19014]
    },
    {
      "subId": 1203111,
      "mainId": 12031,
      "order": 10,
      "descTextMapHash": 3586184948,
      "acceptCond": [
        {
          "type": "QUEST_COND_STATE_EQUAL",
          "param": [1203105, 3],
          "param_str": ""
        }
      ],
      "finishCond": [
        {
          "type": "QUEST_CONTENT_GAME_TIME_TICK",
          "param": [1, 0],
          "param_str": "0,24"
        }
      ],
      "failCond": [
        {
          "param": [],
          "param_str": ""
        }
      ],
      "guide": {},
      "isRewind": true,
      "finishExec": [
        {
          "param": [],
          "param_str": ""
        }
      ],
      "failExec": [
        {
          "param": [],
          "param_str": ""
        }
      ],
      "beginExec": [
        {
          "param": [],
          "param_str": ""
        }
      ],
      "exclusiveNpcList": [3105, 3106, 3109, 3108, 3107, 3110],
      "exclusiveNpcPriority": 1100
    },
    {
      "subId": 1203112,
      "mainId": 12031,
      "order": 11,
      "descTextMapHash": 390724300,
      "acceptCond": [
        {
          "type": "QUEST_COND_STATE_EQUAL",
          "param": [1203111, 3],
          "param_str": ""
        }
      ],
      "finishCond": [
        {
          "type": "QUEST_CONTENT_COMPLETE_TALK",
          "param": [1203119, 0],
          "param_str": ""
        }
      ],
      "failCond": [
        {
          "param": [],
          "param_str": ""
        }
      ],
      "guide": {
        "type": "QUEST_GUIDE_LOCATION",
        "autoGuide": "QUEST_GUIDE_AUTO_ENABLE",
        "param": ["Q1203112_N12369", "20"],
        "guideScene": 3,
        "guideStyle": "QUEST_GUIDE_STYLE_TARGET",
        "guideLayer": "QUEST_GUIDE_LAYER_SCENE"
      },
      "isRewind": true,
      "finishExec": [
        {
          "param": [],
          "param_str": ""
        }
      ],
      "failExec": [
        {
          "param": [],
          "param_str": ""
        }
      ],
      "beginExec": [
        {
          "type": "QUEST_EXEC_REFRESH_GROUP_SUITE",
          "param": ["1066", "201066001,2"],
          "param_str": ""
        }
      ],
      "exclusiveNpcList": [
        3105, 3106, 3109, 3108, 3107, 12368, 12369, 12405, 3110
      ],
      "exclusiveNpcPriority": 1100
    }
  ],
  "talks": [
    {
      "id": 1203101,
      "beginWay": "TALK_BEGIN_MANUAL",
      "activeMode": "PLAY_MODE_SINGLE",
      "beginCond": [
        {
          "type": "QUEST_COND_STATE_EQUAL",
          "param": ["1203101", "2"],
          "param_str": ""
        }
      ],
      "priority": 5,
      "initDialog": 120310101,
      "npcId": [1034, 1005],
      "performCfg": "QuestDialogue/LQ/YaeMiko1_12031/Q1203101",
      "heroTalk": "TALK_HERO_MAIN",
      "questId": 12031,
      "prePerformCfg": ""
    },
    {
      "id": 1203102,
      "beginWay": "TALK_BEGIN_MANUAL",
      "activeMode": "PLAY_MODE_SINGLE",
      "beginCond": [
        {
          "type": "QUEST_COND_STATE_EQUAL",
          "param": ["1203102", "2"],
          "param_str": ""
        }
      ],
      "priority": 5,
      "initDialog": 120310201,
      "npcId": [3107, 1005],
      "performCfg": "QuestDialogue/LQ/YaeMiko1_12031/Q1203102",
      "heroTalk": "TALK_HERO_MAIN",
      "questId": 12031,
      "prePerformCfg": ""
    },
    {
      "id": 1203104,
      "beginWay": "TALK_BEGIN_MANUAL",
      "activeMode": "PLAY_MODE_SINGLE",
      "beginCond": [
        {
          "type": "QUEST_COND_STATE_EQUAL",
          "param": ["1203106", "2"],
          "param_str": ""
        }
      ],
      "priority": 5,
      "initDialog": 120310401,
      "npcId": [1034, 1005, 3007],
      "performCfg": "QuestDialogue/LQ/YaeMiko1_12031/Q1203104",
      "heroTalk": "TALK_HERO_MAIN",
      "questId": 12031,
      "prePerformCfg": ""
    },
    {
      "id": 1203108,
      "beginWay": "TALK_BEGIN_MANUAL",
      "activeMode": "PLAY_MODE_SINGLE",
      "beginCond": [
        {
          "type": "QUEST_COND_STATE_EQUAL",
          "param": ["1203108", "2"],
          "param_str": ""
        }
      ],
      "priority": 5,
      "initDialog": 120310801,
      "npcId": [1005],
      "performCfg": "QuestDialogue/LQ/YaeMiko1_12031/Q1203108",
      "heroTalk": "TALK_HERO_MAIN",
      "questId": 12031,
      "prePerformCfg": ""
    },
    {
      "id": 1203109,
      "beginWay": "TALK_BEGIN_MANUAL",
      "activeMode": "PLAY_MODE_SINGLE",
      "beginCond": [
        {
          "type": "QUEST_COND_STATE_EQUAL",
          "param": ["1203105", "2"],
          "param_str": ""
        }
      ],
      "priority": 5,
      "initDialog": 120310901,
      "npcId": [1034, 1005],
      "performCfg": "QuestDialogue/LQ/YaeMiko1_12031/Q1203109",
      "heroTalk": "TALK_HERO_MAIN",
      "questId": 12031,
      "prePerformCfg": ""
    },
    {
      "id": 1203110,
      "beginWay": "TALK_BEGIN_MANUAL",
      "activeMode": "PLAY_MODE_SINGLE",
      "beginCond": [
        {
          "type": "QUEST_COND_STATE_EQUAL",
          "param": ["1203106", "3"],
          "param_str": ""
        }
      ],
      "priority": 5,
      "initDialog": 120311001,
      "npcId": [1034],
      "performCfg": "QuestDialogue/LQ/YaeMiko1_12031/Q1203110",
      "heroTalk": "TALK_HERO_MAIN",
      "questId": 12031,
      "prePerformCfg": "",
      "questIdleTalk": true
    },
    {
      "id": 1203119,
      "beginWay": "TALK_BEGIN_MANUAL",
      "activeMode": "PLAY_MODE_SINGLE",
      "beginCond": [
        {
          "type": "QUEST_COND_STATE_EQUAL",
          "param": ["1203112", "2"],
          "param_str": ""
        }
      ],
      "priority": 5,
      "initDialog": 120311901,
      "npcId": [12368, 12369, 12405, 1005],
      "performCfg": "QuestDialogue/LQ/YaeMiko1_12031/Q1203119",
      "heroTalk": "TALK_HERO_MAIN",
      "questId": 12031,
      "prePerformCfg": ""
    }
  ]
}
