{
  "id": 12032,
  "type": "LQ",
  "series": 2027,
  "titleTextMapHash": 860151839,
  "descTextMapHash": 2692237286,
  "luaPath": "Actor/Quest/LQ12032",
  "showType": "QUEST_HIDDEN",
  "chapterId": 2027,
  "subQuests": [
    {
      "subId": 1203201,
      "mainId": 12032,
      "order": 1,
      "descTextMapHash": 1722940244,
      "showType": "QUEST_HIDDEN",
      "acceptCond": [
        {
          "type": "QUEST_COND_STATE_EQUAL",
          "param": [1204209, 3],
          "param_str": ""
        }
      ],
      "finishCondComb": "LOGIC_OR",
      "finishCond": [
        {
          "type": "QUEST_CONTENT_FINISH_PLOT",
          "param": [1203201, 0],
          "param_str": ""
        },
        {
          "type": "QUEST_CONTENT_LEAVE_SCENE_RANGE",
          "param": [3, 60],
          "param_str": "Q1204209_N1036"
        },
        {
          "type": "QUEST_CONTENT_QUEST_STATE_EQUAL",
          "param": [1914201, 2],
          "param_str": ""
        },
        {
          "type": "QUEST_CONTENT_QUEST_STATE_EQUAL",
          "param": [1914511, 2],
          "param_str": ""
        }
      ],
      "failCond": [
        {
          "param": [],
          "param_str": ""
        }
      ],
      "guide": {},
      "finishParent": true,
      "isRewind": true,
      "finishExec": [
        {
          "param": [],
          "param_str": ""
        }
      ],
      "failExec": [
        {
          "param": [],
          "param_str": ""
        }
      ],
      "beginExec": [
        {
          "param": [],
          "param_str": ""
        }
      ]
    }
  ],
  "talks": [
    {
      "id": 1203201,
      "beginWay": "TALK_BEGIN_MANUAL",
      "activeMode": "PLAY_MODE_SINGLE",
      "beginCond": [
        {
          "type": "QUEST_COND_STATE_EQUAL",
          "param": ["1203201", "2"],
          "param_str": ""
        }
      ],
      "priority": 5,
      "initDialog": 120320101,
      "npcId": [1036, 1034],
      "performCfg": "QuestDialogue/LQ/Shougun2_12032/Q1203201",
      "questId": 12032,
      "prePerformCfg": ""
    }
  ]
}
