{
  "id": 12035,
  "type": "LQ",
  "series": 2028,
  "titleTextMapHash": 1326383551,
  "descTextMapHash": 2239968270,
  "luaPath": "Actor/Quest/LQ12035",
  "rewardIdList": [112035],
  "chapterId": 2028,
  "subQuests": [
    {
      "subId": 1203501,
      "mainId": 12035,
      "order": 1,
      "descTextMapHash": 2557503684,
      "acceptCond": [
        {
          "type": "QUEST_COND_STATE_EQUAL",
          "param": [1203414, 3],
          "param_str": ""
        }
      ],
      "finishCond": [
        {
          "type": "QUEST_CONTENT_GAME_TIME_TICK",
          "param": [2, 0],
          "param_str": "0,24"
        }
      ],
      "failCond": [
        {
          "param": [],
          "param_str": ""
        }
      ],
      "guide": {},
      "showGuide": "QUEST_GUIDE_ITEM_DISABLE",
      "isRewind": true,
      "finishExec": [
        {
          "type": "QUEST_EXEC_UNREGISTER_DYNAMIC_GROUP",
          "param": ["133220754", "0"],
          "param_str": ""
        },
        {
          "type": "QUEST_EXEC_UNREGISTER_DYNAMIC_GROUP",
          "param": ["133220755", "0"],
          "param_str": ""
        },
        {
          "type": "QUEST_EXEC_UNREGISTER_DYNAMIC_GROUP",
          "param": ["133220756", "0"],
          "param_str": ""
        },
        {
          "type": "QUEST_EXEC_REFRESH_GROUP_SUITE",
          "param": ["3", "133221075,1"],
          "param_str": ""
        }
      ],
      "failExec": [
        {
          "param": [],
          "param_str": ""
        }
      ],
      "beginExec": [
        {
          "type": "QUEST_EXEC_REGISTER_DYNAMIC_GROUP",
          "param": ["3", "133209068"],
          "param_str": ""
        },
        {
          "type": "QUEST_EXEC_REGISTER_DYNAMIC_GROUP",
          "param": ["3", "133220754"],
          "param_str": ""
        },
        {
          "type": "QUEST_EXEC_REGISTER_DYNAMIC_GROUP",
          "param": ["3", "133220755"],
          "param_str": ""
        },
        {
          "type": "QUEST_EXEC_REGISTER_DYNAMIC_GROUP",
          "param": ["3", "133220756"],
          "param_str": ""
        }
      ],
      "exclusiveNpcList": [
        12449, 12492, 3173, 12497, 3016, 12451, 12523, 12528, 12529, 12545,
        12546, 3054
      ],
      "exclusiveNpcPriority": 1100,
      "exclusivePlaceList": [72278]
    },
    {
      "subId": 1203502,
      "mainId": 12035,
      "order": 2,
      "descTextMapHash": 2921763268,
      "acceptCond": [
        {
          "type": "QUEST_COND_STATE_EQUAL",
          "param": [1203501, 3],
          "param_str": ""
        }
      ],
      "finishCond": [
        {
          "type": "QUEST_CONTENT_FINISH_PLOT",
          "param": [1203502, 0],
          "param_str": ""
        }
      ],
      "failCond": [
        {
          "param": [],
          "param_str": ""
        }
      ],
      "guide": {
        "type": "QUEST_GUIDE_LOCATION",
        "param": ["Q1203502_guide", "10"],
        "guideScene": 3,
        "guideStyle": "QUEST_GUIDE_STYLE_TARGET",
        "guideLayer": "QUEST_GUIDE_LAYER_SCENE"
      },
      "isRewind": true,
      "finishExec": [
        {
          "type": "QUEST_EXEC_UNREGISTER_DYNAMIC_GROUP",
          "param": ["133209068", "0"],
          "param_str": ""
        }
      ],
      "failExec": [
        {
          "param": [],
          "param_str": ""
        }
      ],
      "beginExec": [
        {
          "type": "QUEST_EXEC_REGISTER_DYNAMIC_GROUP_ONLY",
          "param": ["133209068", "0"],
          "param_str": ""
        },
        {
          "type": "QUEST_EXEC_REGISTER_DYNAMIC_GROUP",
          "param": ["3", "133209074"],
          "param_str": ""
        }
      ],
      "exclusiveNpcList": [
        12492, 12497, 3093, 3016, 12451, 12523, 12528, 12529, 3095, 12545,
        12546, 3054
      ],
      "exclusiveNpcPriority": 1100,
      "exclusivePlaceList": [320905, 72278]
    },
    {
      "subId": 1203503,
      "mainId": 12035,
      "order": 3,
      "subIdSet": 1,
      "descTextMapHash": 2588869524,
      "acceptCond": [
        {
          "type": "QUEST_COND_STATE_EQUAL",
          "param": [1203502, 3],
          "param_str": ""
        }
      ],
      "finishCond": [
        {
          "type": "QUEST_CONTENT_COMPLETE_TALK",
          "param": [1203501, 0],
          "param_str": ""
        }
      ],
      "failCond": [
        {
          "param": [],
          "param_str": ""
        }
      ],
      "guide": {
        "type": "QUEST_GUIDE_NPC",
        "param": ["3073"],
        "guideScene": 3,
        "guideStyle": "QUEST_GUIDE_STYLE_TARGET",
        "guideLayer": "QUEST_GUIDE_LAYER_SCENE"
      },
      "isRewind": true,
      "finishExec": [
        {
          "type": "QUEST_EXEC_ADD_QUEST_PROGRESS",
          "param": ["1203506", "1"],
          "param_str": ""
        }
      ],
      "failExec": [
        {
          "param": [],
          "param_str": ""
        }
      ],
      "beginExec": [
        {
          "type": "QUEST_EXEC_REGISTER_DYNAMIC_GROUP_ONLY",
          "param": ["133209074", "0"],
          "param_str": ""
        }
      ],
      "exclusiveNpcList": [
        12492, 3073, 3082, 12497, 3093, 3016, 12451, 12523, 12528, 12529, 3095,
        12545, 12546, 3054
      ],
      "exclusiveNpcPriority": 1100,
      "exclusivePlaceList": [320905, 72278]
    },
    {
      "subId": 1203504,
      "mainId": 12035,
      "order": 4,
      "subIdSet": 1,
      "descTextMapHash": 4182445468,
      "acceptCond": [
        {
          "type": "QUEST_COND_STATE_EQUAL",
          "param": [1203502, 3],
          "param_str": ""
        }
      ],
      "finishCond": [
        {
          "type": "QUEST_CONTENT_COMPLETE_TALK",
          "param": [1203503, 0],
          "param_str": ""
        }
      ],
      "failCond": [
        {
          "param": [],
          "param_str": ""
        }
      ],
      "guide": {
        "type": "QUEST_GUIDE_NPC",
        "param": ["12450"],
        "guideScene": 3,
        "guideStyle": "QUEST_GUIDE_STYLE_TARGET",
        "guideLayer": "QUEST_GUIDE_LAYER_SCENE"
      },
      "isRewind": true,
      "finishExec": [
        {
          "type": "QUEST_EXEC_ADD_QUEST_PROGRESS",
          "param": ["1203506", "1"],
          "param_str": ""
        }
      ],
      "failExec": [
        {
          "param": [],
          "param_str": ""
        }
      ],
      "beginExec": [
        {
          "type": "QUEST_EXEC_REGISTER_DYNAMIC_GROUP_ONLY",
          "param": ["133209074", "0"],
          "param_str": ""
        }
      ],
      "exclusiveNpcList": [
        12450, 12492, 3073, 3082, 12448, 12497, 3093, 3016, 12451, 12523, 12528,
        12529, 3095, 12545, 12546, 3054
      ],
      "exclusiveNpcPriority": 1100,
      "exclusivePlaceList": [320905, 72278]
    },
    {
      "subId": 1203505,
      "mainId": 12035,
      "order": 5,
      "subIdSet": 1,
      "descTextMapHash": 2983655228,
      "acceptCond": [
        {
          "type": "QUEST_COND_STATE_EQUAL",
          "param": [1203502, 3],
          "param_str": ""
        }
      ],
      "finishCond": [
        {
          "type": "QUEST_CONTENT_COMPLETE_TALK",
          "param": [1203505, 0],
          "param_str": ""
        }
      ],
      "failCond": [
        {
          "param": [],
          "param_str": ""
        }
      ],
      "guide": {
        "type": "QUEST_GUIDE_NPC",
        "param": ["12449"],
        "guideScene": 3,
        "guideStyle": "QUEST_GUIDE_STYLE_TARGET",
        "guideLayer": "QUEST_GUIDE_LAYER_SCENE"
      },
      "isRewind": true,
      "finishExec": [
        {
          "type": "QUEST_EXEC_ADD_QUEST_PROGRESS",
          "param": ["1203506", "1"],
          "param_str": ""
        }
      ],
      "failExec": [
        {
          "param": [],
          "param_str": ""
        }
      ],
      "beginExec": [
        {
          "type": "QUEST_EXEC_REGISTER_DYNAMIC_GROUP_ONLY",
          "param": ["133209074", "0"],
          "param_str": ""
        }
      ],
      "exclusiveNpcList": [
        12449, 12450, 12492, 3073, 3082, 12448, 12497, 3093, 3016, 12451, 12523,
        12528, 12529, 3095, 12545, 12546, 3054
      ],
      "exclusiveNpcPriority": 1100,
      "exclusivePlaceList": [320905, 72278]
    },
    {
      "subId": 1203506,
      "mainId": 12035,
      "order": 6,
      "descTextMapHash": 3941419508,
      "showType": "QUEST_HIDDEN",
      "acceptCond": [
        {
          "type": "QUEST_COND_STATE_EQUAL",
          "param": [1203502, 3],
          "param_str": ""
        }
      ],
      "finishCond": [
        {
          "type": "QUEST_CONTENT_ADD_QUEST_PROGRESS",
          "param": [1203506, 0],
          "param_str": "",
          "count": 3
        }
      ],
      "failCond": [
        {
          "param": [],
          "param_str": ""
        }
      ],
      "guide": {},
      "showGuide": "QUEST_GUIDE_ITEM_DISABLE",
      "finishExec": [
        {
          "type": "QUEST_EXEC_ADD_QUEST_PROGRESS",
          "param": ["1203507", "1"],
          "param_str": ""
        }
      ],
      "failExec": [
        {
          "param": [],
          "param_str": ""
        }
      ],
      "beginExec": [
        {
          "type": "QUEST_EXEC_REGISTER_DYNAMIC_GROUP_ONLY",
          "param": ["133209074", "0"],
          "param_str": ""
        }
      ],
      "exclusiveNpcList": [
        12449, 12450, 12492, 3073, 3082, 12448, 12497, 3093, 3016, 12451, 12523,
        12528, 12529, 3095, 12545, 12546, 3054
      ],
      "exclusiveNpcPriority": 1100,
      "exclusivePlaceList": [320905, 72278]
    },
    {
      "subId": 1203507,
      "mainId": 12035,
      "order": 7,
      "descTextMapHash": 1117873492,
      "showType": "QUEST_HIDDEN",
      "acceptCond": [
        {
          "type": "QUEST_COND_STATE_EQUAL",
          "param": [1203502, 3],
          "param_str": ""
        }
      ],
      "finishCond": [
        {
          "type": "QUEST_CONTENT_ADD_QUEST_PROGRESS",
          "param": [1203507, 0],
          "param_str": "",
          "count": 1
        }
      ],
      "failCond": [
        {
          "param": [],
          "param_str": ""
        }
      ],
      "guide": {},
      "showGuide": "QUEST_GUIDE_ITEM_DISABLE",
      "isRewind": true,
      "finishExec": [
        {
          "param": [],
          "param_str": ""
        }
      ],
      "failExec": [
        {
          "param": [],
          "param_str": ""
        }
      ],
      "beginExec": [
        {
          "type": "QUEST_EXEC_REGISTER_DYNAMIC_GROUP_ONLY",
          "param": ["133209074", "0"],
          "param_str": ""
        }
      ],
      "exclusiveNpcList": [
        12449, 12450, 12492, 3073, 3082, 12448, 12497, 3093, 3016, 12451, 12523,
        12528, 12529, 3095, 12545, 12546, 3054
      ],
      "exclusiveNpcPriority": 1100,
      "exclusivePlaceList": [320905, 72278]
    },
    {
      "subId": 1203508,
      "mainId": 12035,
      "order": 8,
      "descTextMapHash": 2522790244,
      "acceptCond": [
        {
          "type": "QUEST_COND_STATE_EQUAL",
          "param": [1203507, 3],
          "param_str": ""
        }
      ],
      "finishCond": [
        {
          "type": "QUEST_CONTENT_COMPLETE_TALK",
          "param": [1203507, 0],
          "param_str": ""
        }
      ],
      "failCond": [
        {
          "param": [],
          "param_str": ""
        }
      ],
      "guide": {
        "type": "QUEST_GUIDE_NPC",
        "param": ["3086"],
        "guideScene": 3,
        "guideStyle": "QUEST_GUIDE_STYLE_TARGET",
        "guideLayer": "QUEST_GUIDE_LAYER_SCENE"
      },
      "isRewind": true,
      "finishExec": [
        {
          "param": [],
          "param_str": ""
        }
      ],
      "failExec": [
        {
          "param": [],
          "param_str": ""
        }
      ],
      "beginExec": [
        {
          "type": "QUEST_EXEC_REGISTER_DYNAMIC_GROUP_ONLY",
          "param": ["133209074", "0"],
          "param_str": ""
        }
      ],
      "exclusiveNpcList": [
        12449, 12450, 3086, 12492, 3073, 3082, 12448, 12445, 12497, 3093, 3016,
        3090, 12451, 12523, 12528, 12529, 3095, 12545, 12546, 3054
      ],
      "exclusiveNpcPriority": 1100,
      "exclusivePlaceList": [320905, 72278]
    },
    {
      "subId": 1203509,
      "mainId": 12035,
      "order": 9,
      "descTextMapHash": 3020768196,
      "acceptCond": [
        {
          "type": "QUEST_COND_STATE_EQUAL",
          "param": [1203508, 3],
          "param_str": ""
        }
      ],
      "finishCond": [
        {
          "type": "QUEST_CONTENT_ENTER_ROOM",
          "param": [1061, 0],
          "param_str": ""
        }
      ],
      "failCond": [
        {
          "param": [],
          "param_str": ""
        }
      ],
      "guide": {
        "type": "QUEST_GUIDE_NPC",
        "param": ["1047"],
        "guideScene": 1061,
        "guideStyle": "QUEST_GUIDE_STYLE_TARGET",
        "guideLayer": "QUEST_GUIDE_LAYER_SCENE"
      },
      "isRewind": true,
      "finishExec": [
        {
          "param": [],
          "param_str": ""
        }
      ],
      "failExec": [
        {
          "param": [],
          "param_str": ""
        }
      ],
      "beginExec": [
        {
          "type": "QUEST_EXEC_REGISTER_DYNAMIC_GROUP_ONLY",
          "param": ["133209074", "0"],
          "param_str": ""
        }
      ],
      "exclusiveNpcList": [
        12449, 12450, 3086, 1047, 12492, 3073, 3082, 12448, 12497, 3093, 3016,
        3090, 12451, 12523, 12528, 12529, 3095, 12545, 12546, 3054
      ],
      "exclusiveNpcPriority": 1100,
      "exclusivePlaceList": [320905, 72278]
    },
    {
      "subId": 1203510,
      "mainId": 12035,
      "order": 11,
      "descTextMapHash": 1623945972,
      "acceptCond": [
        {
          "type": "QUEST_COND_STATE_EQUAL",
          "param": [1203513, 3],
          "param_str": ""
        }
      ],
      "finishCond": [
        {
          "type": "QUEST_CONTENT_LEAVE_SCENE",
          "param": [1061, 0],
          "param_str": ""
        }
      ],
      "failCond": [
        {
          "param": [],
          "param_str": ""
        }
      ],
      "guide": {},
      "showGuide": "QUEST_GUIDE_ITEM_DISABLE",
      "finishParent": true,
      "isRewind": true,
      "finishExec": [
        {
          "type": "QUEST_EXEC_SET_QUEST_GLOBAL_VAR",
          "param": ["12035", "1"],
          "param_str": ""
        },
        {
          "type": "QUEST_EXEC_UNREGISTER_DYNAMIC_GROUP",
          "param": ["133209074", "0"],
          "param_str": ""
        }
      ],
      "failExec": [
        {
          "param": [],
          "param_str": ""
        }
      ],
      "beginExec": [
        {
          "type": "QUEST_EXEC_REGISTER_DYNAMIC_GROUP_ONLY",
          "param": ["133209074", "0"],
          "param_str": ""
        },
        {
          "type": "QUEST_EXEC_REFRESH_GROUP_SUITE",
          "param": ["1061", "201061002,2"],
          "param_str": ""
        }
      ],
      "exclusiveNpcList": [1047, 1033, 3054],
      "exclusiveNpcPriority": 1100,
      "exclusivePlaceList": [320905, 72278]
    },
    {
      "subId": 1203511,
      "mainId": 12035,
      "order": 12,
      "descTextMapHash": 3299858604,
      "showType": "QUEST_HIDDEN",
      "acceptCond": [
        {
          "type": "QUEST_COND_STATE_EQUAL",
          "param": [1203502, 3],
          "param_str": ""
        }
      ],
      "finishCond": [
        {
          "type": "QUEST_CONTENT_COMPLETE_TALK",
          "param": [1203510, 0],
          "param_str": ""
        }
      ],
      "failCond": [
        {
          "param": [],
          "param_str": ""
        }
      ],
      "guide": {},
      "showGuide": "QUEST_GUIDE_ITEM_DISABLE",
      "finishExec": [
        {
          "param": [],
          "param_str": ""
        }
      ],
      "failExec": [
        {
          "param": [],
          "param_str": ""
        }
      ],
      "beginExec": [
        {
          "param": [],
          "param_str": ""
        }
      ],
      "exclusiveNpcList": [
        12449, 12450, 12492, 3073, 3082, 12448, 12497, 3093, 3016, 12451, 12523,
        12528, 12529, 3095, 12545, 12546, 3054
      ],
      "exclusiveNpcPriority": 1100,
      "exclusivePlaceList": [320905, 72278]
    },
    {
      "subId": 1203512,
      "mainId": 12035,
      "order": 13,
      "descTextMapHash": 897263780,
      "showType": "QUEST_HIDDEN",
      "acceptCond": [
        {
          "type": "QUEST_COND_STATE_EQUAL",
          "param": [1203502, 3],
          "param_str": ""
        }
      ],
      "finishCond": [
        {
          "type": "QUEST_CONTENT_COMPLETE_TALK",
          "param": [1203509, 0],
          "param_str": ""
        }
      ],
      "failCond": [
        {
          "param": [],
          "param_str": ""
        }
      ],
      "guide": {},
      "showGuide": "QUEST_GUIDE_ITEM_DISABLE",
      "finishExec": [
        {
          "param": [],
          "param_str": ""
        }
      ],
      "failExec": [
        {
          "param": [],
          "param_str": ""
        }
      ],
      "beginExec": [
        {
          "param": [],
          "param_str": ""
        }
      ],
      "exclusiveNpcList": [
        12449, 12450, 12492, 3073, 3082, 12448, 12497, 3093, 3016, 12451, 12523,
        12528, 12529, 3095, 12545, 12546, 3054
      ],
      "exclusiveNpcPriority": 1100,
      "exclusivePlaceList": [320905, 72278]
    },
    {
      "subId": 1203513,
      "mainId": 12035,
      "order": 10,
      "descTextMapHash": 1578393284,
      "acceptCond": [
        {
          "type": "QUEST_COND_STATE_EQUAL",
          "param": [1203509, 3],
          "param_str": ""
        }
      ],
      "finishCond": [
        {
          "type": "QUEST_CONTENT_COMPLETE_TALK",
          "param": [1203508, 0],
          "param_str": ""
        }
      ],
      "failCond": [
        {
          "param": [],
          "param_str": ""
        }
      ],
      "guide": {
        "type": "QUEST_GUIDE_NPC",
        "param": ["1047"],
        "guideScene": 1061,
        "guideStyle": "QUEST_GUIDE_STYLE_TARGET",
        "guideLayer": "QUEST_GUIDE_LAYER_SCENE"
      },
      "isRewind": true,
      "finishExec": [
        {
          "param": [],
          "param_str": ""
        }
      ],
      "failExec": [
        {
          "param": [],
          "param_str": ""
        }
      ],
      "beginExec": [
        {
          "type": "QUEST_EXEC_REGISTER_DYNAMIC_GROUP_ONLY",
          "param": ["133209074", "0"],
          "param_str": ""
        }
      ],
      "exclusiveNpcList": [
        12449, 12450, 3086, 1047, 12492, 12448, 1033, 12445, 12497, 3093, 3016,
        12451, 12523, 12528, 12529, 3095, 12545, 12546, 3054
      ],
      "exclusiveNpcPriority": 1100,
      "exclusivePlaceList": [320905, 72278]
    }
  ],
  "talks": [
    {
      "id": 1203410,
      "beginWay": "TALK_BEGIN_MANUAL",
      "activeMode": "PLAY_MODE_SINGLE",
      "beginCond": [
        {
          "type": "QUEST_COND_STATE_EQUAL",
          "param": ["1203501", "2"],
          "param_str": ""
        }
      ],
      "priority": 5,
      "initDialog": 120341001,
      "npcId": [12492],
      "performCfg": "QuestDialogue/LQ/Ayato1_12034/Q1203410",
      "heroTalk": "TALK_HERO_MAIN",
      "questId": 12035,
      "prePerformCfg": ""
    },
    {
      "id": 1203412,
      "beginWay": "TALK_BEGIN_MANUAL",
      "activeMode": "PLAY_MODE_SINGLE",
      "beginCondComb": "LOGIC_OR",
      "beginCond": [
        {
          "type": "QUEST_COND_STATE_EQUAL",
          "param": ["1203501", "2"],
          "param_str": ""
        },
        {
          "type": "QUEST_COND_STATE_EQUAL",
          "param": ["1203502", "2"],
          "param_str": ""
        }
      ],
      "priority": 5,
      "initDialog": 120341201,
      "npcId": [12449],
      "performCfg": "QuestDialogue/LQ/Ayato1_12034/Q1203412",
      "heroTalk": "TALK_HERO_MAIN",
      "questId": 12035,
      "prePerformCfg": ""
    },
    {
      "id": 1203413,
      "beginWay": "TALK_BEGIN_MANUAL",
      "activeMode": "PLAY_MODE_SINGLE",
      "beginCond": [
        {
          "type": "QUEST_COND_STATE_EQUAL",
          "param": ["1203501", "2"],
          "param_str": ""
        }
      ],
      "priority": 5,
      "initDialog": 120341301,
      "npcId": [12497],
      "performCfg": "QuestDialogue/LQ/Ayato1_12034/Q1203413",
      "heroTalk": "TALK_HERO_MAIN",
      "questId": 12035,
      "prePerformCfg": ""
    },
    {
      "id": 1203501,
      "beginWay": "TALK_BEGIN_MANUAL",
      "activeMode": "PLAY_MODE_SINGLE",
      "beginCond": [
        {
          "type": "QUEST_COND_STATE_EQUAL",
          "param": ["1203503", "2"],
          "param_str": ""
        }
      ],
      "priority": 5,
      "initDialog": 120350101,
      "npcId": [3073, 3082],
      "performCfg": "QuestDialogue/LQ/Ayato1_12035/Q1203501",
      "heroTalk": "TALK_HERO_MAIN",
      "questId": 12035,
      "prePerformCfg": ""
    },
    {
      "id": 1203502,
      "beginWay": "TALK_BEGIN_MANUAL",
      "activeMode": "PLAY_MODE_SINGLE",
      "beginCondComb": "LOGIC_A_AND_ETCOR",
      "beginCond": [
        {
          "type": "QUEST_COND_STATE_EQUAL",
          "param": ["1203503", "3"],
          "param_str": ""
        },
        {
          "type": "QUEST_COND_STATE_EQUAL",
          "param": ["1203507", "2"],
          "param_str": ""
        },
        {
          "type": "QUEST_COND_STATE_EQUAL",
          "param": ["1203508", "2"],
          "param_str": ""
        },
        {
          "type": "QUEST_COND_STATE_EQUAL",
          "param": ["1203509", "2"],
          "param_str": ""
        }
      ],
      "priority": 5,
      "initDialog": 120350201,
      "npcId": [3082, 3073],
      "performCfg": "QuestDialogue/LQ/Ayato1_12035/Q1203502",
      "heroTalk": "TALK_HERO_MAIN",
      "questId": 12035,
      "prePerformCfg": ""
    },
    {
      "id": 1203503,
      "beginWay": "TALK_BEGIN_MANUAL",
      "activeMode": "PLAY_MODE_SINGLE",
      "beginCond": [
        {
          "type": "QUEST_COND_STATE_EQUAL",
          "param": ["1203504", "2"],
          "param_str": ""
        }
      ],
      "priority": 5,
      "initDialog": 120350301,
      "npcId": [12450, 12448],
      "performCfg": "QuestDialogue/LQ/Ayato1_12035/Q1203503",
      "heroTalk": "TALK_HERO_MAIN",
      "questId": 12035,
      "prePerformCfg": ""
    },
    {
      "id": 1203504,
      "beginWay": "TALK_BEGIN_MANUAL",
      "activeMode": "PLAY_MODE_SINGLE",
      "beginCondComb": "LOGIC_A_AND_ETCOR",
      "beginCond": [
        {
          "type": "QUEST_COND_STATE_EQUAL",
          "param": ["1203504", "3"],
          "param_str": ""
        },
        {
          "type": "QUEST_COND_STATE_EQUAL",
          "param": ["1203507", "2"],
          "param_str": ""
        },
        {
          "type": "QUEST_COND_STATE_EQUAL",
          "param": ["1203508", "2"],
          "param_str": ""
        },
        {
          "type": "QUEST_COND_STATE_EQUAL",
          "param": ["1203509", "2"],
          "param_str": ""
        },
        {
          "type": "QUEST_COND_STATE_EQUAL",
          "param": ["1203510", "2"],
          "param_str": ""
        }
      ],
      "priority": 5,
      "initDialog": 120350401,
      "npcId": [12450, 12448],
      "performCfg": "QuestDialogue/LQ/Ayato1_12035/Q1203504",
      "heroTalk": "TALK_HERO_MAIN",
      "questId": 12035,
      "prePerformCfg": ""
    },
    {
      "id": 1203505,
      "beginWay": "TALK_BEGIN_MANUAL",
      "activeMode": "PLAY_MODE_SINGLE",
      "beginCond": [
        {
          "type": "QUEST_COND_STATE_EQUAL",
          "param": ["1203505", "2"],
          "param_str": ""
        }
      ],
      "priority": 5,
      "initDialog": 120350501,
      "npcId": [12449],
      "performCfg": "QuestDialogue/LQ/Ayato1_12035/Q1203505",
      "heroTalk": "TALK_HERO_MAIN",
      "questId": 12035,
      "prePerformCfg": ""
    },
    {
      "id": 1203506,
      "beginWay": "TALK_BEGIN_MANUAL",
      "activeMode": "PLAY_MODE_SINGLE",
      "beginCondComb": "LOGIC_A_AND_ETCOR",
      "beginCond": [
        {
          "type": "QUEST_COND_STATE_EQUAL",
          "param": ["1203505", "3"],
          "param_str": ""
        },
        {
          "type": "QUEST_COND_STATE_EQUAL",
          "param": ["1203507", "2"],
          "param_str": ""
        },
        {
          "type": "QUEST_COND_STATE_EQUAL",
          "param": ["1203508", "2"],
          "param_str": ""
        },
        {
          "type": "QUEST_COND_STATE_EQUAL",
          "param": ["1203509", "2"],
          "param_str": ""
        },
        {
          "type": "QUEST_COND_STATE_EQUAL",
          "param": ["1203510", "2"],
          "param_str": ""
        }
      ],
      "priority": 5,
      "initDialog": 120350601,
      "npcId": [12449],
      "performCfg": "QuestDialogue/LQ/Ayato1_12035/Q1203506",
      "heroTalk": "TALK_HERO_MAIN",
      "questId": 12035,
      "prePerformCfg": ""
    },
    {
      "id": 1203507,
      "beginWay": "TALK_BEGIN_MANUAL",
      "activeMode": "PLAY_MODE_SINGLE",
      "beginCond": [
        {
          "type": "QUEST_COND_STATE_EQUAL",
          "param": ["1203508", "2"],
          "param_str": ""
        }
      ],
      "priority": 5,
      "initDialog": 120350701,
      "npcId": [3086],
      "performCfg": "QuestDialogue/LQ/Ayato1_12035/Q1203507",
      "heroTalk": "TALK_HERO_MAIN",
      "questId": 12035,
      "prePerformCfg": ""
    },
    {
      "id": 1203508,
      "beginWay": "TALK_BEGIN_MANUAL",
      "activeMode": "PLAY_MODE_SINGLE",
      "beginCond": [
        {
          "type": "QUEST_COND_STATE_EQUAL",
          "param": ["1203513", "2"],
          "param_str": ""
        }
      ],
      "priority": 5,
      "initDialog": 120350801,
      "npcId": [1047],
      "performCfg": "QuestDialogue/LQ/Ayato1_12035/Q1203508",
      "heroTalk": "TALK_HERO_MAIN",
      "questId": 12035,
      "prePerformCfg": ""
    },
    {
      "id": 1203509,
      "beginWay": "TALK_BEGIN_MANUAL",
      "activeMode": "PLAY_MODE_SINGLE",
      "beginCondComb": "LOGIC_OR",
      "beginCond": [
        {
          "type": "QUEST_COND_STATE_EQUAL",
          "param": ["1203502", "2"],
          "param_str": ""
        },
        {
          "type": "QUEST_COND_STATE_EQUAL",
          "param": ["1203507", "2"],
          "param_str": ""
        },
        {
          "type": "QUEST_COND_STATE_EQUAL",
          "param": ["1203508", "2"],
          "param_str": ""
        },
        {
          "type": "QUEST_COND_STATE_EQUAL",
          "param": ["1203509", "2"],
          "param_str": ""
        },
        {
          "type": "QUEST_COND_STATE_EQUAL",
          "param": ["1203513", "2"],
          "param_str": ""
        },
        {
          "type": "QUEST_COND_STATE_EQUAL",
          "param": ["1203510", "2"],
          "param_str": ""
        }
      ],
      "priority": 5,
      "initDialog": 120350901,
      "npcId": [12492],
      "performCfg": "QuestDialogue/LQ/Ayato1_12035/Q1203509",
      "heroTalk": "TALK_HERO_MAIN",
      "questId": 12035,
      "prePerformCfg": ""
    },
    {
      "id": 1203510,
      "beginWay": "TALK_BEGIN_MANUAL",
      "activeMode": "PLAY_MODE_SINGLE",
      "beginCondComb": "LOGIC_OR",
      "beginCond": [
        {
          "type": "QUEST_COND_STATE_EQUAL",
          "param": ["1203502", "2"],
          "param_str": ""
        },
        {
          "type": "QUEST_COND_STATE_EQUAL",
          "param": ["1203507", "2"],
          "param_str": ""
        },
        {
          "type": "QUEST_COND_STATE_EQUAL",
          "param": ["1203508", "2"],
          "param_str": ""
        },
        {
          "type": "QUEST_COND_STATE_EQUAL",
          "param": ["1203509", "2"],
          "param_str": ""
        },
        {
          "type": "QUEST_COND_STATE_EQUAL",
          "param": ["1203513", "2"],
          "param_str": ""
        },
        {
          "type": "QUEST_COND_STATE_EQUAL",
          "param": ["1203510", "2"],
          "param_str": ""
        }
      ],
      "priority": 5,
      "initDialog": 120351001,
      "npcId": [12497],
      "performCfg": "QuestDialogue/LQ/Ayato1_12035/Q1203510",
      "heroTalk": "TALK_HERO_MAIN",
      "questId": 12035,
      "prePerformCfg": ""
    },
    {
      "id": 1203511,
      "beginWay": "TALK_BEGIN_MANUAL",
      "activeMode": "PLAY_MODE_SINGLE",
      "beginCond": [
        {
          "type": "QUEST_COND_STATE_EQUAL",
          "param": ["1203501", "2"],
          "param_str": ""
        }
      ],
      "priority": 5,
      "initDialog": 120341501,
      "npcId": [3173],
      "performCfg": "QuestDialogue/LQ/Ayato1_12034/Q1203415",
      "heroTalk": "TALK_HERO_MAIN",
      "questId": 12035,
      "prePerformCfg": ""
    },
    {
      "id": 1203512,
      "beginWay": "TALK_BEGIN_MANUAL",
      "activeMode": "PLAY_MODE_SINGLE",
      "beginCondComb": "LOGIC_OR",
      "beginCond": [
        {
          "type": "QUEST_COND_STATE_EQUAL",
          "param": ["1203502", "2"],
          "param_str": ""
        },
        {
          "type": "QUEST_COND_STATE_EQUAL",
          "param": ["1203507", "2"],
          "param_str": ""
        },
        {
          "type": "QUEST_COND_STATE_EQUAL",
          "param": ["1203508", "2"],
          "param_str": ""
        },
        {
          "type": "QUEST_COND_STATE_EQUAL",
          "param": ["1203509", "2"],
          "param_str": ""
        },
        {
          "type": "QUEST_COND_STATE_EQUAL",
          "param": ["1203510", "2"],
          "param_str": ""
        }
      ],
      "priority": 5,
      "initDialog": 120351201,
      "npcId": [3093],
      "performCfg": "QuestDialogue/LQ/Ayato1_12035/Q1203512",
      "heroTalk": "TALK_HERO_MAIN",
      "questId": 12035,
      "prePerformCfg": ""
    },
    {
      "id": 1203513,
      "beginWay": "TALK_BEGIN_MANUAL",
      "activeMode": "PLAY_MODE_SINGLE",
      "beginCondComb": "LOGIC_OR",
      "beginCond": [
        {
          "type": "QUEST_COND_STATE_EQUAL",
          "param": ["1203501", "2"],
          "param_str": ""
        },
        {
          "type": "QUEST_COND_STATE_EQUAL",
          "param": ["1203502", "2"],
          "param_str": ""
        },
        {
          "type": "QUEST_COND_STATE_EQUAL",
          "param": ["1203507", "2"],
          "param_str": ""
        },
        {
          "type": "QUEST_COND_STATE_EQUAL",
          "param": ["1203508", "2"],
          "param_str": ""
        },
        {
          "type": "QUEST_COND_STATE_EQUAL",
          "param": ["1203509", "2"],
          "param_str": ""
        },
        {
          "type": "QUEST_COND_STATE_EQUAL",
          "param": ["1203510", "2"],
          "param_str": ""
        }
      ],
      "priority": 5,
      "initDialog": 120341701,
      "npcId": [12451, 12523, 12528, 12529],
      "performCfg": "",
      "heroTalk": "TALK_HERO_MAIN",
      "questId": 12035,
      "prePerformCfg": ""
    },
    {
      "id": 1203514,
      "beginWay": "TALK_BEGIN_MANUAL",
      "activeMode": "PLAY_MODE_SINGLE",
      "beginCond": [
        {
          "type": "QUEST_COND_STATE_EQUAL",
          "param": ["1203510", "2"],
          "param_str": ""
        }
      ],
      "priority": 5,
      "initDialog": 120360101,
      "npcId": [1047, 1033],
      "performCfg": "QuestDialogue/LQ/Ayato1_12035/Q1203601",
      "heroTalk": "TALK_HERO_MAIN",
      "questId": 12035,
      "prePerformCfg": ""
    }
  ]
}
