{
  "id": 12043,
  "type": "LQ",
  "series": 2031,
  "titleTextMapHash": 2606343119,
  "descTextMapHash": 838202462,
  "luaPath": "Actor/Quest/LQ12043",
  "showType": "QUEST_HIDDEN",
  "subQuests": [
    {
      "subId": 1204301,
      "mainId": 12043,
      "order": 1,
      "descTextMapHash": 2148756588,
      "showType": "QUEST_HIDDEN",
      "acceptCond": [
        {
          "type": "QUEST_COND_STATE_EQUAL",
          "param": [1203904, 3],
          "param_str": ""
        }
      ],
      "finishCondComb": "LOGIC_OR",
      "finishCond": [
        {
          "type": "QUEST_CONTENT_LEAVE_SCENE_RANGE",
          "param": [3, 80],
          "param_str": "Q1203997_N3054"
        },
        {
          "type": "QUEST_CONTENT_ANY_MANUAL_TRANSPORT",
          "param": [0, 0],
          "param_str": ""
        },
        {
          "type": "QUEST_CONTENT_QUEST_STATE_EQUAL",
          "param": [1203307, 2],
          "param_str": ""
        },
        {
          "type": "QUEST_CONTENT_QUEST_STATE_EQUAL",
          "param": [1203411, 2],
          "param_str": ""
        }
      ],
      "failCond": [
        {
          "param": [],
          "param_str": ""
        }
      ],
      "guide": {},
      "finishParent": true,
      "failParentShow": "QUEST_HIDDEN",
      "isRewind": true,
      "finishExec": [
        {
          "param": [],
          "param_str": ""
        }
      ],
      "failExec": [
        {
          "param": [],
          "param_str": ""
        }
      ],
      "beginExec": [
        {
          "param": [],
          "param_str": ""
        }
      ]
    }
  ],
  "talks": [
    {
      "id": 1204301,
      "beginWay": "TALK_BEGIN_MANUAL",
      "activeMode": "PLAY_MODE_SINGLE",
      "beginCond": [
        {
          "type": "QUEST_COND_STATE_EQUAL",
          "param": ["1204301", "2"],
          "param_str": ""
        }
      ],
      "priority": 5,
      "initDialog": 120392701,
      "npcId": [3054],
      "performCfg": "QuestDialogue/LQ/Kazuha_12039/Q1203927",
      "heroTalk": "TALK_HERO_MAIN",
      "questId": 12043,
      "prePerformCfg": "",
      "questIdleTalk": true,
      "lowPriority": true
    }
  ]
}
