{
  "id": 12042,
  "type": "LQ",
  "series": 2027,
  "titleTextMapHash": 1170680967,
  "descTextMapHash": 2088595622,
  "luaPath": "Actor/Quest/LQ12042",
  "rewardIdList": [112042],
  "chapterId": 2027,
  "subQuests": [
    {
      "subId": 1204201,
      "mainId": 12042,
      "order": 1,
      "descTextMapHash": 2261197724,
      "acceptCond": [
        {
          "type": "QUEST_COND_STATE_EQUAL",
          "param": [1204114, 3],
          "param_str": ""
        }
      ],
      "finishCond": [
        {
          "type": "QUEST_CONTENT_FINISH_PLOT",
          "param": [1204201, 0],
          "param_str": ""
        }
      ],
      "failCond": [
        {
          "param": [],
          "param_str": ""
        }
      ],
      "guide": {
        "type": "QUEST_GUIDE_NPC",
        "param": ["1034"],
        "guideScene": 3,
        "guideStyle": "QUEST_GUIDE_STYLE_POINT"
      },
      "showGuide": "QUEST_GUIDE_ITEM_DISABLE",
      "isRewind": true,
      "finishExec": [
        {
          "param": [],
          "param_str": ""
        }
      ],
      "failExec": [
        {
          "param": [],
          "param_str": ""
        }
      ],
      "beginExec": [
        {
          "type": "QUEST_EXEC_REGISTER_DYNAMIC_GROUP",
          "param": ["3", "133220740"],
          "param_str": ""
        }
      ],
      "exclusiveNpcList": [1034, 3109],
      "exclusiveNpcPriority": 1100
    },
    {
      "subId": 1204202,
      "mainId": 12042,
      "order": 2,
      "descTextMapHash": 3423817140,
      "acceptCond": [
        {
          "type": "QUEST_COND_STATE_EQUAL",
          "param": [1204201, 3],
          "param_str": ""
        }
      ],
      "finishCond": [
        {
          "type": "QUEST_CONTENT_COMPLETE_TALK",
          "param": [1204201, 0],
          "param_str": ""
        }
      ],
      "failCond": [
        {
          "param": [],
          "param_str": ""
        }
      ],
      "guide": {
        "type": "QUEST_GUIDE_NPC",
        "param": ["1034"],
        "guideScene": 3,
        "guideStyle": "QUEST_GUIDE_STYLE_TARGET"
      },
      "finishExec": [
        {
          "param": [],
          "param_str": ""
        }
      ],
      "failExec": [
        {
          "param": [],
          "param_str": ""
        }
      ],
      "beginExec": [
        {
          "param": [],
          "param_str": ""
        }
      ],
      "exclusiveNpcList": [1034, 3109],
      "exclusiveNpcPriority": 1100
    },
    {
      "subId": 1204203,
      "mainId": 12042,
      "order": 3,
      "descTextMapHash": 1830787556,
      "acceptCond": [
        {
          "type": "QUEST_COND_STATE_EQUAL",
          "param": [1204202, 3],
          "param_str": ""
        }
      ],
      "finishCond": [
        {
          "type": "QUEST_CONTENT_FINISH_PLOT",
          "param": [1204203, 0],
          "param_str": ""
        }
      ],
      "failCond": [
        {
          "param": [],
          "param_str": ""
        }
      ],
      "guide": {
        "type": "QUEST_GUIDE_LOCATION",
        "param": ["Q1204110_N1036_Q1204203"],
        "guideScene": 3,
        "guideStyle": "QUEST_GUIDE_STYLE_TARGET"
      },
      "showGuide": "QUEST_GUIDE_ITEM_DISABLE",
      "isRewind": true,
      "finishExec": [
        {
          "param": [],
          "param_str": ""
        }
      ],
      "failExec": [
        {
          "param": [],
          "param_str": ""
        }
      ],
      "beginExec": [
        {
          "type": "QUEST_EXEC_REGISTER_DYNAMIC_GROUP",
          "param": ["3", "133220740"],
          "param_str": ""
        }
      ],
      "exclusiveNpcList": [1034, 1036, 3109],
      "exclusiveNpcPriority": 1100
    },
    {
      "subId": 1204204,
      "mainId": 12042,
      "order": 4,
      "descTextMapHash": 3757844884,
      "acceptCond": [
        {
          "type": "QUEST_COND_STATE_EQUAL",
          "param": [1204203, 3],
          "param_str": ""
        }
      ],
      "finishCond": [
        {
          "type": "QUEST_CONTENT_COMPLETE_TALK",
          "param": [1204202, 0],
          "param_str": ""
        }
      ],
      "failCond": [
        {
          "param": [],
          "param_str": ""
        }
      ],
      "guide": {
        "type": "QUEST_GUIDE_NPC",
        "param": ["1034"],
        "guideScene": 3,
        "guideStyle": "QUEST_GUIDE_STYLE_TARGET"
      },
      "finishExec": [
        {
          "param": [],
          "param_str": ""
        }
      ],
      "failExec": [
        {
          "param": [],
          "param_str": ""
        }
      ],
      "beginExec": [
        {
          "param": [],
          "param_str": ""
        }
      ],
      "exclusiveNpcList": [1034, 1036, 3109],
      "exclusiveNpcPriority": 1100
    },
    {
      "subId": 1204205,
      "mainId": 12042,
      "order": 5,
      "descTextMapHash": 3465748156,
      "acceptCond": [
        {
          "type": "QUEST_COND_STATE_EQUAL",
          "param": [1204204, 3],
          "param_str": ""
        }
      ],
      "finishCond": [
        {
          "type": "QUEST_CONTENT_ENTER_DUNGEON",
          "param": [1129, 454],
          "param_str": ""
        }
      ],
      "failCond": [
        {
          "param": [],
          "param_str": ""
        }
      ],
      "guide": {},
      "showGuide": "QUEST_GUIDE_ITEM_DISABLE",
      "finishExec": [
        {
          "param": [],
          "param_str": ""
        }
      ],
      "failExec": [
        {
          "param": [],
          "param_str": ""
        }
      ],
      "beginExec": [
        {
          "param": [],
          "param_str": ""
        }
      ],
      "exclusiveNpcList": [1036, 1034, 3109],
      "exclusiveNpcPriority": 1100
    },
    {
      "subId": 1204206,
      "mainId": 12042,
      "order": 10,
      "isMpBlock": true,
      "descTextMapHash": 821189140,
      "acceptCond": [
        {
          "type": "QUEST_COND_STATE_EQUAL",
          "param": [1204211, 3],
          "param_str": ""
        }
      ],
      "finishCond": [
        {
          "type": "QUEST_CONTENT_COMPLETE_TALK",
          "param": [1204203, 0],
          "param_str": ""
        }
      ],
      "failCond": [
        {
          "type": "QUEST_CONTENT_LEAVE_SCENE",
          "param": [20122, 0],
          "param_str": ""
        }
      ],
      "guide": {
        "type": "QUEST_GUIDE_NPC",
        "param": ["1036"],
        "guideScene": 20122,
        "guideStyle": "QUEST_GUIDE_STYLE_TARGET"
      },
      "isRewind": true,
      "finishExec": [
        {
          "param": [],
          "param_str": ""
        }
      ],
      "failExec": [
        {
          "type": "QUEST_EXEC_ROLLBACK_QUEST",
          "param": ["1204203", "0"],
          "param_str": ""
        }
      ],
      "beginExec": [
        {
          "type": "QUEST_EXEC_REFRESH_GROUP_SUITE",
          "param": ["20122", "220122002,1"],
          "param_str": ""
        },
        {
          "type": "QUEST_EXEC_REMOVE_TRIAL_AVATAR",
          "param": ["36", "0"],
          "param_str": ""
        },
        {
          "type": "QUEST_EXEC_UNLOCK_AVATAR_TEAM",
          "param": [0, 0],
          "param_str": ""
        }
      ],
      "exclusiveNpcList": [1036, 1034, 3109],
      "exclusiveNpcPriority": 1100
    },
    {
      "subId": 1204207,
      "mainId": 12042,
      "order": 11,
      "isMpBlock": true,
      "descTextMapHash": 4000377196,
      "acceptCond": [
        {
          "type": "QUEST_COND_STATE_EQUAL",
          "param": [1204206, 3],
          "param_str": ""
        }
      ],
      "finishCond": [
        {
          "type": "QUEST_CONTENT_LUA_NOTIFY",
          "param": [0, 0],
          "param_str": "1204207",
          "count": 1
        }
      ],
      "failCondComb": "LOGIC_OR",
      "failCond": [
        {
          "type": "QUEST_CONTENT_TEAM_DEAD",
          "param": [0, 0],
          "param_str": ""
        },
        {
          "type": "QUEST_CONTENT_LEAVE_SCENE",
          "param": [20122, 0],
          "param_str": ""
        }
      ],
      "guide": {},
      "showGuide": "QUEST_GUIDE_ITEM_DISABLE",
      "isRewind": true,
      "finishExec": [
        {
          "type": "QUEST_EXEC_REFRESH_GROUP_SUITE",
          "param": ["20122", "220122002,1"],
          "param_str": ""
        },
        {
          "type": "QUEST_EXEC_REMOVE_TRIAL_AVATAR",
          "param": ["36", "0"],
          "param_str": ""
        },
        {
          "type": "QUEST_EXEC_UNLOCK_AVATAR_TEAM",
          "param": [0, 0],
          "param_str": ""
        }
      ],
      "failExec": [
        {
          "type": "QUEST_EXEC_ROLLBACK_QUEST",
          "param": ["1204203", "0"],
          "param_str": ""
        },
        {
          "type": "QUEST_EXEC_REMOVE_TRIAL_AVATAR",
          "param": ["36", "0"],
          "param_str": ""
        },
        {
          "type": "QUEST_EXEC_UNLOCK_AVATAR_TEAM",
          "param": [0, 0],
          "param_str": ""
        },
        {
          "type": "QUEST_EXEC_REFRESH_GROUP_SUITE",
          "param": ["20122", "220122002,1"],
          "param_str": ""
        }
      ],
      "beginExec": [
        {
          "type": "QUEST_EXEC_REMOVE_TRIAL_AVATAR",
          "param": ["36", "0"],
          "param_str": ""
        },
        {
          "type": "QUEST_EXEC_REFRESH_GROUP_SUITE",
          "param": ["20122", "220122002,2"],
          "param_str": ""
        },
        {
          "type": "QUEST_EXEC_GRANT_TRIAL_AVATAR_AND_LOCK_TEAM",
          "param": ["36", "0"],
          "param_str": ""
        }
      ],
      "exclusiveNpcList": [1036, 1034, 3109],
      "exclusiveNpcPriority": 1100,
      "trialAvatarList": [36]
    },
    {
      "subId": 1204208,
      "mainId": 12042,
      "order": 13,
      "isMpBlock": true,
      "descTextMapHash": 2086267788,
      "acceptCond": [
        {
          "type": "QUEST_COND_STATE_EQUAL",
          "param": [1204207, 3],
          "param_str": ""
        }
      ],
      "finishCond": [
        {
          "type": "QUEST_CONTENT_COMPLETE_TALK",
          "param": [1204204, 0],
          "param_str": ""
        }
      ],
      "failCond": [
        {
          "type": "QUEST_CONTENT_LEAVE_SCENE",
          "param": [20122, 0],
          "param_str": ""
        }
      ],
      "guide": {
        "type": "QUEST_GUIDE_NPC",
        "param": ["1036"],
        "guideScene": 20122
      },
      "isRewind": true,
      "finishExec": [
        {
          "param": [],
          "param_str": ""
        }
      ],
      "failExec": [
        {
          "type": "QUEST_EXEC_ROLLBACK_QUEST",
          "param": ["1204203", "0"],
          "param_str": ""
        }
      ],
      "beginExec": [
        {
          "param": [],
          "param_str": ""
        }
      ],
      "exclusiveNpcList": [1036, 1034, 3109],
      "exclusiveNpcPriority": 1100
    },
    {
      "subId": 1204209,
      "mainId": 12042,
      "order": 15,
      "descTextMapHash": 2598906972,
      "acceptCond": [
        {
          "type": "QUEST_COND_STATE_EQUAL",
          "param": [1204210, 3],
          "param_str": ""
        }
      ],
      "finishCond": [
        {
          "type": "QUEST_CONTENT_COMPLETE_TALK",
          "param": [1204205, 0],
          "param_str": ""
        }
      ],
      "failCond": [
        {
          "param": [],
          "param_str": ""
        }
      ],
      "guide": {
        "type": "QUEST_GUIDE_NPC",
        "param": ["1036"],
        "guideScene": 3,
        "guideStyle": "QUEST_GUIDE_STYLE_TARGET"
      },
      "finishParent": true,
      "isRewind": true,
      "finishExec": [
        {
          "type": "QUEST_EXEC_MODIFY_CLIMATE_AREA",
          "param": ["3", "4", "0"],
          "param_str": ""
        },
        {
          "type": "QUEST_EXEC_MODIFY_CLIMATE_AREA",
          "param": ["3", "5", "0"],
          "param_str": ""
        },
        {
          "type": "QUEST_EXEC_SET_WEATHER_GADGET",
          "param": ["3055", "0"],
          "param_str": ""
        },
        {
          "type": "QUEST_EXEC_UNLOCK_POINT",
          "param": ["3", "503"],
          "param_str": ""
        },
        {
          "type": "QUEST_EXEC_SET_QUEST_GLOBAL_VAR",
          "param": ["12042", "1"],
          "param_str": ""
        }
      ],
      "failExec": [
        {
          "param": [],
          "param_str": ""
        }
      ],
      "beginExec": [
        {
          "type": "QUEST_EXEC_REGISTER_DYNAMIC_GROUP",
          "param": ["3", "133220740"],
          "param_str": ""
        }
      ],
      "exclusiveNpcList": [1034, 1036, 3109],
      "exclusiveNpcPriority": 1100
    },
    {
      "subId": 1204210,
      "mainId": 12042,
      "order": 14,
      "isMpBlock": true,
      "descTextMapHash": 2121507852,
      "acceptCond": [
        {
          "type": "QUEST_COND_STATE_EQUAL",
          "param": [1204208, 3],
          "param_str": ""
        }
      ],
      "finishCond": [
        {
          "type": "QUEST_CONTENT_ENTER_MY_WORLD",
          "param": [3, 0],
          "param_str": ""
        }
      ],
      "failCond": [
        {
          "param": [],
          "param_str": ""
        }
      ],
      "guide": {},
      "finishExec": [
        {
          "param": [],
          "param_str": ""
        }
      ],
      "failExec": [
        {
          "param": [],
          "param_str": ""
        }
      ],
      "beginExec": [
        {
          "type": "QUEST_EXEC_INC_QUEST_VAR",
          "param": ["2", "1"],
          "param_str": ""
        }
      ],
      "exclusiveNpcList": [1034, 1036, 3109],
      "exclusiveNpcPriority": 1100
    },
    {
      "subId": 1204211,
      "mainId": 12042,
      "order": 6,
      "isMpBlock": true,
      "descTextMapHash": 4207440700,
      "acceptCond": [
        {
          "type": "QUEST_COND_STATE_EQUAL",
          "param": [1204205, 3],
          "param_str": ""
        }
      ],
      "finishCond": [
        {
          "type": "QUEST_CONTENT_FINISH_PLOT",
          "param": [1204211, 0],
          "param_str": ""
        }
      ],
      "failCond": [
        {
          "type": "QUEST_CONTENT_LEAVE_SCENE",
          "param": [20122, 0],
          "param_str": ""
        }
      ],
      "guide": {},
      "showGuide": "QUEST_GUIDE_ITEM_DISABLE",
      "isRewind": true,
      "finishExec": [
        {
          "param": [],
          "param_str": ""
        }
      ],
      "failExec": [
        {
          "type": "QUEST_EXEC_ROLLBACK_QUEST",
          "param": ["1204203", "0"],
          "param_str": ""
        }
      ],
      "beginExec": [
        {
          "type": "QUEST_EXEC_INC_QUEST_VAR",
          "param": ["3", "1"],
          "param_str": ""
        }
      ],
      "exclusiveNpcList": [1036, 1034, 3109],
      "exclusiveNpcPriority": 1100
    }
  ],
  "talks": [
    {
      "id": 1204201,
      "beginWay": "TALK_BEGIN_MANUAL",
      "activeMode": "PLAY_MODE_SINGLE",
      "beginCond": [
        {
          "type": "QUEST_COND_STATE_EQUAL",
          "param": ["1204202", "2"],
          "param_str": ""
        }
      ],
      "priority": 5,
      "initDialog": 120420101,
      "npcId": [1034],
      "performCfg": "QuestDialogue/LQ/Shougun2_12042/Q1204201",
      "questId": 12042,
      "prePerformCfg": ""
    },
    {
      "id": 1204202,
      "beginWay": "TALK_BEGIN_MANUAL",
      "activeMode": "PLAY_MODE_SINGLE",
      "beginCond": [
        {
          "type": "QUEST_COND_STATE_EQUAL",
          "param": ["1204204", "2"],
          "param_str": ""
        }
      ],
      "priority": 5,
      "initDialog": 120420201,
      "npcId": [1034],
      "performCfg": "QuestDialogue/LQ/Shougun2_12042/Q1204202",
      "questId": 12042,
      "prePerformCfg": ""
    },
    {
      "id": 1204203,
      "beginWay": "TALK_BEGIN_MANUAL",
      "activeMode": "PLAY_MODE_SINGLE",
      "beginCond": [
        {
          "type": "QUEST_COND_STATE_EQUAL",
          "param": ["1204206", "2"],
          "param_str": ""
        }
      ],
      "priority": 5,
      "initDialog": 120420301,
      "npcId": [1036],
      "performCfg": "QuestDialogue/LQ/Shougun2_12042/Q1204203",
      "questId": 12042,
      "prePerformCfg": ""
    },
    {
      "id": 1204204,
      "beginWay": "TALK_BEGIN_MANUAL",
      "activeMode": "PLAY_MODE_SINGLE",
      "beginCond": [
        {
          "type": "QUEST_COND_STATE_EQUAL",
          "param": ["1204208", "2"],
          "param_str": ""
        }
      ],
      "priority": 5,
      "initDialog": 120420401,
      "npcId": [1036],
      "performCfg": "QuestDialogue/LQ/Shougun2_12042/Q1204204",
      "questId": 12042,
      "prePerformCfg": ""
    },
    {
      "id": 1204205,
      "beginWay": "TALK_BEGIN_MANUAL",
      "activeMode": "PLAY_MODE_SINGLE",
      "beginCond": [
        {
          "type": "QUEST_COND_STATE_EQUAL",
          "param": ["1204209", "2"],
          "param_str": ""
        }
      ],
      "priority": 5,
      "initDialog": 120420501,
      "npcId": [1036],
      "performCfg": "QuestDialogue/LQ/Shougun2_12042/Q1204205",
      "questId": 12042,
      "prePerformCfg": ""
    }
  ]
}
