{
  "id": 13004,
  "type": "LQ",
  "series": 13000,
  "titleTextMapHash": 1603113823,
  "descTextMapHash": 1488007502,
  "luaPath": "Actor/Quest/LQ13004",
  "showType": "QUEST_HIDDEN",
  "subQuests": [
    {
      "subId": 1300401,
      "mainId": 13004,
      "order": 1,
      "descTextMapHash": 1234610068,
      "failCondComb": "QUEST_HIDDEN",
      "acceptCondComb": "LOGIC_NONE",
      "showGuide": "QUEST_GUIDE_ITEM_DISABLE",
      "finishCondComb": "LOGIC_NONE",
      "acceptCond": [
        {
          "type": "QUEST_COND_STATE_EQUAL",
          "param": [1300303, 3],
          "param_str": ""
        }
      ],
      "finishCond": [
        {
          "type": "QUEST_CONTENT_LEAVE_SCENE_RANGE",
          "param": [3, 40],
          "param_str": "Q1300303_guide"
        }
      ],
      "failCond": [],
      "beginExec": [
        {
          "type": "QUEST_EXEC_REGISTER_DYNAMIC_GROUP",
          "param": ["3", "133303339"],
          "param_str": ""
        }
      ],
      "finishExec": [
        {
          "type": "QUEST_EXEC_UNREGISTER_DYNAMIC_GROUP",
          "param": ["133303339", "0"],
          "param_str": ""
        }
      ],
      "failExec": [],
      "guide": {}
    }
  ],
  "talks": [
    {
      "id": 1300401,
      "beginWay": "TALK_BEGIN_MANUAL",
      "activeMode": "PLAY_MODE_SINGLE",
      "beginCond": [
        {
          "type": "QUEST_COND_STATE_EQUAL",
          "param": ["1300401", "2"],
          "param_str": ""
        }
      ],
      "priority": 5,
      "initDialog": 130040101,
      "npcId": [1050],
      "performCfg": "QuestDialogue/LQ/Tighnari1_13004/Q1300401",
      "heroTalk": "TALK_HERO_MAIN",
      "questId": 13004,
      "prePerformCfg": ""
    },
    {
      "id": 1300402,
      "beginWay": "TALK_BEGIN_MANUAL",
      "activeMode": "PLAY_MODE_SINGLE",
      "beginCond": [
        {
          "type": "QUEST_COND_STATE_EQUAL",
          "param": ["1300401", "2"],
          "param_str": ""
        }
      ],
      "priority": 5,
      "initDialog": 130040201,
      "npcId": [12686],
      "performCfg": "QuestDialogue/LQ/Tighnari1_13004/Q1300402",
      "heroTalk": "TALK_HERO_MAIN",
      "questId": 13004,
      "prePerformCfg": ""
    },
    {
      "id": 1300403,
      "beginWay": "TALK_BEGIN_MANUAL",
      "activeMode": "PLAY_MODE_SINGLE",
      "beginCond": [
        {
          "type": "QUEST_COND_STATE_EQUAL",
          "param": ["1300401", "2"],
          "param_str": ""
        }
      ],
      "priority": 5,
      "initDialog": 130040301,
      "npcId": [12747],
      "performCfg": "QuestDialogue/LQ/Tighnari1_13004/Q1300403",
      "questId": 13004,
      "prePerformCfg": ""
    },
    {
      "id": 1300404,
      "beginWay": "TALK_BEGIN_MANUAL",
      "activeMode": "PLAY_MODE_SINGLE",
      "beginCond": [
        {
          "type": "QUEST_COND_STATE_EQUAL",
          "param": ["1300401", "2"],
          "param_str": ""
        }
      ],
      "priority": 5,
      "initDialog": 130040401,
      "npcId": [12748],
      "performCfg": "QuestDialogue/LQ/Tighnari1_13004/Q1300404",
      "questId": 13004,
      "prePerformCfg": ""
    }
  ]
}
