{
  "id": 13005,
  "type": "LQ",
  "series": 13000,
  "titleTextMapHash": 886173863,
  "descTextMapHash": 1943984606,
  "luaPath": "Actor/Quest/LQ13005",
  "showType": "QUEST_HIDDEN",
  "rewardIdList": [113005],
  "subQuests": [
    {
      "subId": 1300501,
      "mainId": 13005,
      "order": 1,
      "descTextMapHash": 3176138676,
      "failCondComb": "QUEST_HIDDEN",
      "acceptCondComb": "LOGIC_NONE",
      "finishCondComb": "LOGIC_NONE",
      "acceptCond": [
        {
          "type": "QUEST_COND_STATE_EQUAL",
          "param": [1300301, 2],
          "param_str": ""
        }
      ],
      "finishCond": [
        {
          "type": "QUEST_CONTENT_QUEST_STATE_EQUAL",
          "param": [1300301, 3],
          "param_str": ""
        }
      ],
      "failCond": [],
      "beginExec": [],
      "finishExec": [],
      "failExec": [],
      "guide": {}
    }
  ]
}
