{
  "id": 13001,
  "type": "LQ",
  "series": 13000,
  "titleTextMapHash": 921004831,
  "descTextMapHash": 2742241094,
  "luaPath": "Actor/Quest/LQ13001",
  "suggestTrackMainQuestList": [13002],
  "rewardIdList": [113001],
  "chapterId": 2030,
  "subQuests": [
    {
      "subId": 1300101,
      "mainId": 13001,
      "order": 1,
      "descTextMapHash": 4000901276,
      "acceptCondComb": "LOGIC_NONE",
      "finishCondComb": "LOGIC_NONE",
      "acceptCond": [
        {
          "type": "QUEST_COND_STATE_EQUAL",
          "param": [1300016, 3],
          "param_str": ""
        }
      ],
      "finishCond": [
        {
          "type": "QUEST_CONTENT_COMPLETE_TALK",
          "param": [1300101, 0],
          "param_str": ""
        }
      ],
      "failCond": [],
      "beginExec": [
        {
          "type": "QUEST_EXEC_REGISTER_DYNAMIC_GROUP",
          "param": ["3", "133302033"],
          "param_str": ""
        },
        {
          "type": "QUEST_EXEC_REGISTER_DYNAMIC_GROUP",
          "param": ["3", "133302031"],
          "param_str": ""
        }
      ],
      "finishExec": [
        {
          "type": "QUEST_EXEC_UNREGISTER_DYNAMIC_GROUP",
          "param": ["133302031", "0"],
          "param_str": ""
        }
      ],
      "failExec": [],
      "guide": {
        "type": "QUEST_GUIDE_LOCATION",
        "param": ["Q1300101_guide", "20"],
        "guideScene": 3,
        "guideStyle": "QUEST_GUIDE_STYLE_TARGET",
        "guideLayer": "QUEST_GUIDE_LAYER_SCENE"
      }
    },
    {
      "subId": 1300102,
      "mainId": 13001,
      "order": 2,
      "descTextMapHash": 2164339492,
      "acceptCondComb": "LOGIC_NONE",
      "showGuide": "QUEST_GUIDE_ITEM_DISABLE",
      "finishCondComb": "LOGIC_NONE",
      "acceptCond": [
        {
          "type": "QUEST_COND_STATE_EQUAL",
          "param": [1300101, 3],
          "param_str": ""
        }
      ],
      "finishCond": [
        {
          "type": "QUEST_CONTENT_COMPLETE_TALK",
          "param": [1300105, 0],
          "param_str": ""
        }
      ],
      "failCond": [],
      "beginExec": [
        {
          "type": "QUEST_EXEC_REGISTER_DYNAMIC_GROUP",
          "param": ["3", "133302025"],
          "param_str": ""
        },
        {
          "type": "QUEST_EXEC_REGISTER_DYNAMIC_GROUP_ONLY",
          "param": ["133302033", "0"],
          "param_str": ""
        }
      ],
      "finishExec": [],
      "failExec": [],
      "guide": {
        "type": "QUEST_GUIDE_LOCATION",
        "param": ["Q1300102_guide", "30"],
        "guideScene": 3,
        "guideStyle": "QUEST_GUIDE_STYLE_POINT",
        "guideLayer": "QUEST_GUIDE_LAYER_SCENE"
      }
    },
    {
      "subId": 1300103,
      "mainId": 13001,
      "order": 3,
      "descTextMapHash": 1540165068,
      "acceptCondComb": "LOGIC_NONE",
      "finishCondComb": "LOGIC_NONE",
      "acceptCond": [
        {
          "type": "QUEST_COND_STATE_EQUAL",
          "param": [1300102, 3],
          "param_str": ""
        }
      ],
      "finishCond": [
        {
          "type": "QUEST_CONTENT_COMPLETE_TALK",
          "param": [1300103, 0],
          "param_str": ""
        }
      ],
      "failCond": [],
      "beginExec": [
        {
          "type": "QUEST_EXEC_REGISTER_DYNAMIC_GROUP_ONLY",
          "param": ["133302033", "0"],
          "param_str": ""
        }
      ],
      "finishExec": [],
      "failExec": [],
      "guide": {
        "type": "QUEST_GUIDE_LOCATION",
        "param": ["Q1300103_guide", "30"],
        "guideScene": 3,
        "guideStyle": "QUEST_GUIDE_STYLE_POINT",
        "guideLayer": "QUEST_GUIDE_LAYER_SCENE"
      }
    },
    {
      "subId": 1300104,
      "mainId": 13001,
      "order": 4,
      "descTextMapHash": 4166976236,
      "acceptCondComb": "LOGIC_NONE",
      "finishCondComb": "LOGIC_NONE",
      "acceptCond": [
        {
          "type": "QUEST_COND_STATE_EQUAL",
          "param": [1300103, 3],
          "param_str": ""
        }
      ],
      "finishCond": [
        {
          "type": "QUEST_CONTENT_COMPLETE_TALK",
          "param": [1300104, 0],
          "param_str": ""
        }
      ],
      "failCond": [],
      "beginExec": [
        {
          "type": "QUEST_EXEC_REGISTER_DYNAMIC_GROUP_ONLY",
          "param": ["133302033", "0"],
          "param_str": ""
        }
      ],
      "finishExec": [],
      "failExec": [],
      "guide": {
        "type": "QUEST_GUIDE_LOCATION",
        "param": ["Q1300104_guide", "25"],
        "guideScene": 3,
        "guideStyle": "QUEST_GUIDE_STYLE_TARGET",
        "guideLayer": "QUEST_GUIDE_LAYER_SCENE"
      }
    },
    {
      "subId": 1300105,
      "mainId": 13001,
      "order": 9,
      "descTextMapHash": 3845967724,
      "acceptCondComb": "LOGIC_NONE",
      "showGuide": "QUEST_GUIDE_ITEM_DISABLE",
      "finishCondComb": "LOGIC_NONE",
      "acceptCond": [
        {
          "type": "QUEST_COND_STATE_EQUAL",
          "param": [1300109, 3],
          "param_str": ""
        }
      ],
      "finishCond": [
        {
          "type": "QUEST_CONTENT_FINISH_PLOT",
          "param": [1300105, 0],
          "param_str": ""
        }
      ],
      "failCond": [],
      "beginExec": [
        {
          "type": "QUEST_EXEC_REGISTER_DYNAMIC_GROUP",
          "param": ["3", "133302026"],
          "param_str": ""
        },
        {
          "type": "QUEST_EXEC_REGISTER_DYNAMIC_GROUP_ONLY",
          "param": ["133302033", "0"],
          "param_str": ""
        }
      ],
      "finishExec": [],
      "failExec": [],
      "guide": {
        "type": "QUEST_GUIDE_LOCATION",
        "param": ["Q1300110_guide", "30"],
        "guideScene": 3,
        "guideStyle": "QUEST_GUIDE_STYLE_POINT",
        "guideLayer": "QUEST_GUIDE_LAYER_SCENE"
      }
    },
    {
      "subId": 1300106,
      "mainId": 13001,
      "order": 5,
      "descTextMapHash": 1228032636,
      "acceptCondComb": "LOGIC_NONE",
      "showGuide": "QUEST_GUIDE_ITEM_DISABLE",
      "finishCondComb": "LOGIC_NONE",
      "acceptCond": [
        {
          "type": "QUEST_COND_STATE_EQUAL",
          "param": [1300104, 3],
          "param_str": ""
        }
      ],
      "finishCond": [
        {
          "type": "QUEST_CONTENT_LUA_NOTIFY",
          "param": [0, 0],
          "param_str": "1333020271",
          "count": 1
        }
      ],
      "failCond": [],
      "beginExec": [
        {
          "type": "QUEST_EXEC_REGISTER_DYNAMIC_GROUP",
          "param": ["3", "133302027"],
          "param_str": ""
        },
        {
          "type": "QUEST_EXEC_REGISTER_DYNAMIC_GROUP_ONLY",
          "param": ["133302033", "0"],
          "param_str": ""
        },
        {
          "type": "QUEST_EXEC_REGISTER_DYNAMIC_GROUP",
          "param": ["3", "133302026"],
          "param_str": ""
        }
      ],
      "finishExec": [],
      "failExec": [],
      "guide": {
        "type": "QUEST_GUIDE_LOCATION",
        "param": ["Q1300106_guide", "30"],
        "guideScene": 3,
        "guideStyle": "QUEST_GUIDE_STYLE_POINT",
        "guideLayer": "QUEST_GUIDE_LAYER_SCENE"
      }
    },
    {
      "subId": 1300107,
      "mainId": 13001,
      "order": 6,
      "descTextMapHash": 1942191964,
      "acceptCondComb": "LOGIC_NONE",
      "finishCondComb": "LOGIC_NONE",
      "acceptCond": [
        {
          "type": "QUEST_COND_STATE_EQUAL",
          "param": [1300106, 3],
          "param_str": ""
        }
      ],
      "finishCond": [
        {
          "type": "QUEST_CONTENT_COMPLETE_TALK",
          "param": [1300108, 0],
          "param_str": ""
        }
      ],
      "failCond": [],
      "beginExec": [
        {
          "type": "QUEST_EXEC_REGISTER_DYNAMIC_GROUP_ONLY",
          "param": ["133302033", "0"],
          "param_str": ""
        },
        {
          "type": "QUEST_EXEC_REGISTER_DYNAMIC_GROUP_ONLY",
          "param": ["133302026", "0"],
          "param_str": ""
        }
      ],
      "finishExec": [],
      "failExec": [],
      "guide": {
        "type": "QUEST_GUIDE_LOCATION",
        "param": ["Q1300106_guide", "30"],
        "guideScene": 3,
        "guideStyle": "QUEST_GUIDE_STYLE_POINT",
        "guideLayer": "QUEST_GUIDE_LAYER_SCENE"
      }
    },
    {
      "subId": 1300108,
      "mainId": 13001,
      "order": 7,
      "descTextMapHash": 3470741108,
      "acceptCondComb": "LOGIC_NONE",
      "showGuide": "QUEST_GUIDE_ITEM_DISABLE",
      "finishCondComb": "LOGIC_NONE",
      "acceptCond": [
        {
          "type": "QUEST_COND_STATE_EQUAL",
          "param": [1300107, 3],
          "param_str": ""
        }
      ],
      "finishCond": [
        {
          "type": "QUEST_CONTENT_LUA_NOTIFY",
          "param": [0, 0],
          "param_str": "1333020281",
          "count": 1
        }
      ],
      "failCond": [],
      "beginExec": [
        {
          "type": "QUEST_EXEC_REGISTER_DYNAMIC_GROUP",
          "param": ["3", "133302028"],
          "param_str": ""
        },
        {
          "type": "QUEST_EXEC_REGISTER_DYNAMIC_GROUP_ONLY",
          "param": ["133302033", "0"],
          "param_str": ""
        },
        {
          "type": "QUEST_EXEC_REGISTER_DYNAMIC_GROUP_ONLY",
          "param": ["133302026", "0"],
          "param_str": ""
        }
      ],
      "finishExec": [],
      "failExec": [],
      "guide": {
        "type": "QUEST_GUIDE_LOCATION",
        "param": ["Q1300108_guide", "30"],
        "guideScene": 3,
        "guideStyle": "QUEST_GUIDE_STYLE_POINT",
        "guideLayer": "QUEST_GUIDE_LAYER_SCENE"
      }
    },
    {
      "subId": 1300109,
      "mainId": 13001,
      "order": 8,
      "descTextMapHash": 1639957172,
      "acceptCondComb": "LOGIC_NONE",
      "finishCondComb": "LOGIC_NONE",
      "acceptCond": [
        {
          "type": "QUEST_COND_STATE_EQUAL",
          "param": [1300108, 3],
          "param_str": ""
        }
      ],
      "finishCond": [
        {
          "type": "QUEST_CONTENT_COMPLETE_TALK",
          "param": [1300109, 0],
          "param_str": ""
        }
      ],
      "failCond": [],
      "beginExec": [
        {
          "type": "QUEST_EXEC_REGISTER_DYNAMIC_GROUP_ONLY",
          "param": ["133302033", "0"],
          "param_str": ""
        },
        {
          "type": "QUEST_EXEC_REGISTER_DYNAMIC_GROUP_ONLY",
          "param": ["133302026", "0"],
          "param_str": ""
        }
      ],
      "finishExec": [],
      "failExec": [],
      "guide": {
        "type": "QUEST_GUIDE_NPC",
        "param": ["12612"],
        "guideScene": 3,
        "guideStyle": "QUEST_GUIDE_STYLE_TARGET",
        "guideLayer": "QUEST_GUIDE_LAYER_SCENE"
      }
    },
    {
      "subId": 1300110,
      "mainId": 13001,
      "order": 11,
      "descTextMapHash": 3328642588,
      "acceptCondComb": "LOGIC_NONE",
      "showGuide": "QUEST_GUIDE_ITEM_DISABLE",
      "finishCondComb": "LOGIC_NONE",
      "acceptCond": [
        {
          "type": "QUEST_COND_STATE_EQUAL",
          "param": [1300112, 3],
          "param_str": ""
        }
      ],
      "finishCond": [
        {
          "type": "QUEST_CONTENT_COMPLETE_TALK",
          "param": [1300113, 0],
          "param_str": ""
        }
      ],
      "failCond": [],
      "beginExec": [
        {
          "type": "QUEST_EXEC_REGISTER_DYNAMIC_GROUP",
          "param": ["3", "133302029"],
          "param_str": ""
        },
        {
          "type": "QUEST_EXEC_REGISTER_DYNAMIC_GROUP_ONLY",
          "param": ["133302033", "0"],
          "param_str": ""
        },
        {
          "type": "QUEST_EXEC_REFRESH_GROUP_SUITE",
          "param": ["3", "133302029,1"],
          "param_str": ""
        },
        {
          "type": "QUEST_EXEC_REGISTER_DYNAMIC_GROUP_ONLY",
          "param": ["133302026", "0"],
          "param_str": ""
        }
      ],
      "finishExec": [
        {
          "type": "QUEST_EXEC_SET_GAME_TIME",
          "param": ["20", "0"],
          "param_str": ""
        }
      ],
      "failExec": [],
      "guide": {
        "type": "QUEST_GUIDE_LOCATION",
        "param": ["Q1300110_guide", "30"],
        "guideScene": 3,
        "guideStyle": "QUEST_GUIDE_STYLE_POINT",
        "guideLayer": "QUEST_GUIDE_LAYER_SCENE"
      }
    },
    {
      "subId": 1300111,
      "mainId": 13001,
      "order": 12,
      "descTextMapHash": 166887716,
      "acceptCondComb": "LOGIC_NONE",
      "finishCondComb": "LOGIC_NONE",
      "acceptCond": [
        {
          "type": "QUEST_COND_STATE_EQUAL",
          "param": [1300110, 3],
          "param_str": ""
        }
      ],
      "finishCond": [
        {
          "type": "QUEST_CONTENT_COMPLETE_TALK",
          "param": [1300111, 0],
          "param_str": ""
        }
      ],
      "failCond": [],
      "beginExec": [
        {
          "type": "QUEST_EXEC_REGISTER_DYNAMIC_GROUP_ONLY",
          "param": ["133302029", "0"],
          "param_str": ""
        },
        {
          "type": "QUEST_EXEC_REGISTER_DYNAMIC_GROUP_ONLY",
          "param": ["133302033", "0"],
          "param_str": ""
        },
        {
          "type": "QUEST_EXEC_REGISTER_DYNAMIC_GROUP_ONLY",
          "param": ["133302026", "0"],
          "param_str": ""
        }
      ],
      "finishExec": [],
      "failExec": [],
      "guide": {
        "type": "QUEST_GUIDE_NPC",
        "param": ["1050"],
        "guideScene": 3,
        "guideStyle": "QUEST_GUIDE_STYLE_TARGET",
        "guideLayer": "QUEST_GUIDE_LAYER_SCENE"
      }
    },
    {
      "subId": 1300112,
      "mainId": 13001,
      "order": 10,
      "descTextMapHash": 3702598916,
      "acceptCondComb": "LOGIC_NONE",
      "showGuide": "QUEST_GUIDE_ITEM_DISABLE",
      "finishCondComb": "LOGIC_OR",
      "acceptCond": [
        {
          "type": "QUEST_COND_STATE_EQUAL",
          "param": [1300105, 3],
          "param_str": ""
        }
      ],
      "finishCond": [
        {
          "type": "QUEST_CONTENT_COMPLETE_TALK",
          "param": [1300112, 0],
          "param_str": ""
        }
      ],
      "failCond": [],
      "beginExec": [],
      "finishExec": [
        {
          "type": "QUEST_EXEC_SET_GAME_TIME",
          "param": ["19", "0"],
          "param_str": ""
        },
        {
          "type": "QUEST_EXEC_REGISTER_DYNAMIC_GROUP_ONLY",
          "param": ["133302026", "0"],
          "param_str": ""
        }
      ],
      "failExec": [],
      "guide": {
        "type": "QUEST_GUIDE_LOCATION",
        "param": ["Q1300112_guide", "30"],
        "guideScene": 3,
        "guideStyle": "QUEST_GUIDE_STYLE_POINT",
        "guideLayer": "QUEST_GUIDE_LAYER_SCENE"
      }
    },
    {
      "subId": 1300113,
      "mainId": 13001,
      "order": 98,
      "descTextMapHash": 1167157508,
      "failCondComb": "QUEST_HIDDEN",
      "acceptCondComb": "LOGIC_NONE",
      "finishCondComb": "LOGIC_OR",
      "acceptCond": [
        {
          "type": "QUEST_COND_STATE_EQUAL",
          "param": [99902, 3],
          "param_str": ""
        }
      ],
      "finishCond": [
        {
          "type": "QUEST_CONTENT_GAME_TIME_TICK",
          "param": [1, 0],
          "param_str": "8,12"
        },
        {
          "type": "QUEST_CONTENT_QUEST_STATE_EQUAL",
          "param": [1300112, 3],
          "param_str": ""
        }
      ],
      "failCond": [],
      "beginExec": [
        {
          "type": "QUEST_EXEC_REGISTER_DYNAMIC_GROUP_ONLY",
          "param": ["133302029", "0"],
          "param_str": ""
        },
        {
          "type": "QUEST_EXEC_REGISTER_DYNAMIC_GROUP_ONLY",
          "param": ["133302033", "0"],
          "param_str": ""
        }
      ],
      "finishExec": [],
      "failExec": [],
      "guide": {}
    },
    {
      "subId": 1300114,
      "mainId": 13001,
      "order": 13,
      "subIdSet": 1300114,
      "descTextMapHash": 83637340,
      "acceptCondComb": "LOGIC_NONE",
      "showGuide": "QUEST_GUIDE_ITEM_DISABLE",
      "finishCondComb": "LOGIC_NONE",
      "acceptCond": [
        {
          "type": "QUEST_COND_STATE_EQUAL",
          "param": [1300111, 3],
          "param_str": ""
        }
      ],
      "finishCond": [
        {
          "type": "QUEST_CONTENT_LUA_NOTIFY",
          "param": [0, 0],
          "param_str": "1333020293",
          "count": 2
        }
      ],
      "failCond": [],
      "beginExec": [
        {
          "type": "QUEST_EXEC_REGISTER_DYNAMIC_GROUP_ONLY",
          "param": ["133302029", "0"],
          "param_str": ""
        },
        {
          "type": "QUEST_EXEC_REGISTER_DYNAMIC_GROUP_ONLY",
          "param": ["133302033", "0"],
          "param_str": ""
        },
        {
          "type": "QUEST_EXEC_REFRESH_GROUP_SUITE",
          "param": ["3", "133302029,4"],
          "param_str": ""
        },
        {
          "type": "QUEST_EXEC_REGISTER_DYNAMIC_GROUP_ONLY",
          "param": ["133302026", "0"],
          "param_str": ""
        }
      ],
      "finishExec": [],
      "failExec": [],
      "guide": {
        "type": "QUEST_GUIDE_LOCATION",
        "param": ["Q1300114_guide", "30"],
        "guideScene": 3,
        "guideStyle": "QUEST_GUIDE_STYLE_POINT",
        "guideLayer": "QUEST_GUIDE_LAYER_SCENE"
      }
    },
    {
      "subId": 1300115,
      "mainId": 13001,
      "order": 15,
      "descTextMapHash": 2521848364,
      "failCondComb": "QUEST_HIDDEN",
      "acceptCondComb": "LOGIC_NONE",
      "showGuide": "QUEST_GUIDE_ITEM_DISABLE",
      "finishCondComb": "LOGIC_NONE",
      "acceptCond": [
        {
          "type": "QUEST_COND_STATE_EQUAL",
          "param": [1300114, 3],
          "param_str": ""
        }
      ],
      "finishCond": [
        {
          "type": "QUEST_CONTENT_FINISH_PLOT",
          "param": [1300115, 0],
          "param_str": ""
        }
      ],
      "failCond": [],
      "beginExec": [],
      "finishExec": [
        {
          "type": "QUEST_EXEC_UNREGISTER_DYNAMIC_GROUP",
          "param": ["133302029", "0"],
          "param_str": ""
        }
      ],
      "failExec": [],
      "guide": {
        "type": "QUEST_GUIDE_LOCATION",
        "param": ["Q1300112_guide", "30"],
        "guideScene": 3,
        "guideStyle": "QUEST_GUIDE_STYLE_POINT",
        "guideLayer": "QUEST_GUIDE_LAYER_SCENE"
      }
    },
    {
      "subId": 1300116,
      "mainId": 13001,
      "order": 14,
      "descTextMapHash": 1095584260,
      "acceptCondComb": "LOGIC_NONE",
      "finishCondComb": "LOGIC_NONE",
      "acceptCond": [
        {
          "type": "QUEST_COND_STATE_EQUAL",
          "param": [1300114, 3],
          "param_str": ""
        }
      ],
      "finishCond": [
        {
          "type": "QUEST_CONTENT_COMPLETE_TALK",
          "param": [1300116, 0],
          "param_str": ""
        }
      ],
      "failCond": [],
      "beginExec": [
        {
          "type": "QUEST_EXEC_REGISTER_DYNAMIC_GROUP_ONLY",
          "param": ["133302033", "0"],
          "param_str": ""
        },
        {
          "type": "QUEST_EXEC_REGISTER_DYNAMIC_GROUP_ONLY",
          "param": ["133302029", "0"],
          "param_str": ""
        },
        {
          "type": "QUEST_EXEC_REGISTER_DYNAMIC_GROUP_ONLY",
          "param": ["133302026", "0"],
          "param_str": ""
        }
      ],
      "finishExec": [
        {
          "type": "QUEST_EXEC_UNREGISTER_DYNAMIC_GROUP",
          "param": ["133302029", "0"],
          "param_str": ""
        },
        {
          "type": "QUEST_EXEC_UNREGISTER_DYNAMIC_GROUP",
          "param": ["133302026", "0"],
          "param_str": ""
        }
      ],
      "failExec": [],
      "guide": {
        "type": "QUEST_GUIDE_LOCATION",
        "param": ["Q1300114_guide", "30"],
        "guideScene": 3,
        "guideStyle": "QUEST_GUIDE_STYLE_TARGET",
        "guideLayer": "QUEST_GUIDE_LAYER_SCENE"
      }
    },
    {
      "subId": 1300117,
      "mainId": 13001,
      "order": 16,
      "descTextMapHash": 2410434692,
      "acceptCondComb": "LOGIC_NONE",
      "finishCondComb": "LOGIC_NONE",
      "acceptCond": [
        {
          "type": "QUEST_COND_STATE_EQUAL",
          "param": [1300116, 3],
          "param_str": ""
        }
      ],
      "finishCond": [
        {
          "type": "QUEST_CONTENT_FINISH_PLOT",
          "param": [1300117, 0],
          "param_str": ""
        }
      ],
      "failCond": [],
      "beginExec": [
        {
          "type": "QUEST_EXEC_REGISTER_DYNAMIC_GROUP",
          "param": ["3", "133302030"],
          "param_str": ""
        },
        {
          "type": "QUEST_EXEC_REGISTER_DYNAMIC_GROUP_ONLY",
          "param": ["133302033", "0"],
          "param_str": ""
        }
      ],
      "finishExec": [],
      "failExec": [],
      "guide": {
        "type": "QUEST_GUIDE_LOCATION",
        "param": ["Q1300117_guide", "40"],
        "guideScene": 3,
        "guideStyle": "QUEST_GUIDE_STYLE_TARGET",
        "guideLayer": "QUEST_GUIDE_LAYER_SCENE"
      }
    },
    {
      "subId": 1300118,
      "mainId": 13001,
      "order": 17,
      "descTextMapHash": 1213360076,
      "acceptCondComb": "LOGIC_NONE",
      "finishCondComb": "LOGIC_NONE",
      "acceptCond": [
        {
          "type": "QUEST_COND_STATE_EQUAL",
          "param": [1300117, 3],
          "param_str": ""
        }
      ],
      "finishCond": [
        {
          "type": "QUEST_CONTENT_LUA_NOTIFY",
          "param": [0, 0],
          "param_str": "q1300118",
          "count": 1
        }
      ],
      "failCond": [],
      "beginExec": [
        {
          "type": "QUEST_EXEC_REGISTER_DYNAMIC_GROUP",
          "param": ["3", "133302040"],
          "param_str": ""
        },
        {
          "type": "QUEST_EXEC_REGISTER_DYNAMIC_GROUP_ONLY",
          "param": ["133302033", "0"],
          "param_str": ""
        }
      ],
      "finishExec": [
        {
          "type": "QUEST_EXEC_UNREGISTER_DYNAMIC_GROUP",
          "param": ["133302040", "0"],
          "param_str": ""
        },
        {
          "type": "QUEST_EXEC_UNREGISTER_DYNAMIC_GROUP",
          "param": ["133302030", "0"],
          "param_str": ""
        }
      ],
      "failExec": [],
      "guide": {
        "type": "QUEST_GUIDE_LOCATION",
        "param": ["Q1300203_guide", "30"],
        "guideScene": 3,
        "guideStyle": "QUEST_GUIDE_STYLE_TARGET",
        "guideLayer": "QUEST_GUIDE_LAYER_SCENE"
      }
    }
  ],
  "talks": [
    {
      "id": 1300101,
      "beginWay": "TALK_BEGIN_MANUAL",
      "activeMode": "PLAY_MODE_SINGLE",
      "beginCond": [
        {
          "type": "QUEST_COND_STATE_EQUAL",
          "param": ["1300101", "2"],
          "param_str": ""
        }
      ],
      "priority": 5,
      "initDialog": 130010101,
      "npcId": [1050, 12603],
      "performCfg": "QuestDialogue/LQ/Tighnari1_13001/Q1300101",
      "heroTalk": "TALK_HERO_MAIN",
      "questId": 13001,
      "prePerformCfg": ""
    },
    {
      "id": 1300103,
      "beginWay": "TALK_BEGIN_MANUAL",
      "activeMode": "PLAY_MODE_SINGLE",
      "beginCond": [
        {
          "type": "QUEST_COND_STATE_EQUAL",
          "param": ["1300103", "2"],
          "param_str": ""
        }
      ],
      "priority": 5,
      "initDialog": 130010301,
      "npcId": [1050, 12603],
      "performCfg": "QuestDialogue/LQ/Tighnari1_13001/Q1300103",
      "heroTalk": "TALK_HERO_MAIN",
      "questId": 13001,
      "prePerformCfg": ""
    },
    {
      "id": 1300104,
      "beginWay": "TALK_BEGIN_MANUAL",
      "activeMode": "PLAY_MODE_SINGLE",
      "beginCond": [
        {
          "type": "QUEST_COND_STATE_EQUAL",
          "param": ["1300104", "2"],
          "param_str": ""
        }
      ],
      "priority": 5,
      "initDialog": 130010401,
      "npcId": [1050, 12603],
      "performCfg": "QuestDialogue/LQ/Tighnari1_13001/Q1300104",
      "heroTalk": "TALK_HERO_MAIN",
      "questId": 13001,
      "prePerformCfg": ""
    },
    {
      "id": 1300105,
      "beginWay": "TALK_BEGIN_MANUAL",
      "activeMode": "PLAY_MODE_SINGLE",
      "beginCond": [
        {
          "type": "QUEST_COND_STATE_EQUAL",
          "param": ["1300102", "2"],
          "param_str": ""
        }
      ],
      "priority": 5,
      "initDialog": 130010501,
      "npcId": [1050, 12642],
      "performCfg": "QuestDialogue/LQ/Tighnari1_13001/Q1300105",
      "heroTalk": "TALK_HERO_MAIN",
      "questId": 13001,
      "prePerformCfg": ""
    },
    {
      "id": 1300108,
      "beginWay": "TALK_BEGIN_MANUAL",
      "activeMode": "PLAY_MODE_SINGLE",
      "beginCond": [
        {
          "type": "QUEST_COND_STATE_EQUAL",
          "param": ["1300107", "2"],
          "param_str": ""
        }
      ],
      "priority": 5,
      "initDialog": 130010801,
      "npcId": [12603],
      "performCfg": "QuestDialogue/LQ/Tighnari1_13001/Q1300108",
      "heroTalk": "TALK_HERO_MAIN",
      "questId": 13001,
      "prePerformCfg": ""
    },
    {
      "id": 1300109,
      "beginWay": "TALK_BEGIN_AUTO",
      "activeMode": "PLAY_MODE_SINGLE",
      "beginCond": [
        {
          "type": "QUEST_COND_STATE_EQUAL",
          "param": ["1300109", "2"],
          "param_str": ""
        }
      ],
      "priority": 5,
      "initDialog": 130010901,
      "npcId": [12612, 1050, 12603],
      "performCfg": "QuestDialogue/LQ/Tighnari1_13001/Q1300109",
      "heroTalk": "TALK_HERO_MAIN",
      "questId": 13001,
      "prePerformCfg": ""
    },
    {
      "id": 1300111,
      "beginWay": "TALK_BEGIN_MANUAL",
      "activeMode": "PLAY_MODE_SINGLE",
      "beginCond": [
        {
          "type": "QUEST_COND_STATE_EQUAL",
          "param": ["1300111", "2"],
          "param_str": ""
        }
      ],
      "priority": 5,
      "initDialog": 130011101,
      "npcId": [1050, 12603],
      "performCfg": "QuestDialogue/LQ/Tighnari1_13001/Q1300111",
      "heroTalk": "TALK_HERO_MAIN",
      "questId": 13001,
      "prePerformCfg": "",
      "lockGameTime": true
    },
    {
      "id": 1300112,
      "beginWay": "TALK_BEGIN_MANUAL",
      "activeMode": "PLAY_MODE_SINGLE",
      "beginCond": [
        {
          "type": "QUEST_COND_STATE_EQUAL",
          "param": ["1300112", "2"],
          "param_str": ""
        }
      ],
      "priority": 5,
      "initDialog": 130011201,
      "npcId": [1050, 12603],
      "performCfg": "QuestDialogue/LQ/Tighnari1_13001/Q1300112",
      "heroTalk": "TALK_HERO_MAIN",
      "questId": 13001,
      "prePerformCfg": "",
      "lockGameTime": true
    },
    {
      "id": 1300113,
      "beginWay": "TALK_BEGIN_MANUAL",
      "activeMode": "PLAY_MODE_SINGLE",
      "beginCond": [
        {
          "type": "QUEST_COND_STATE_EQUAL",
          "param": ["1300110", "2"],
          "param_str": ""
        }
      ],
      "priority": 5,
      "initDialog": 130011301,
      "npcId": [12643],
      "performCfg": "QuestDialogue/LQ/Tighnari1_13001/Q1300113",
      "heroTalk": "TALK_HERO_MAIN",
      "questId": 13001,
      "prePerformCfg": "",
      "lockGameTime": true
    },
    {
      "id": 1300114,
      "beginWay": "TALK_BEGIN_MANUAL",
      "activeMode": "PLAY_MODE_SINGLE",
      "beginCond": [
        {
          "type": "QUEST_COND_STATE_EQUAL",
          "param": ["1300110", "2"],
          "param_str": ""
        }
      ],
      "priority": 5,
      "initDialog": 130011401,
      "npcId": [1050],
      "performCfg": "QuestDialogue/LQ/Tighnari1_13001/Q1300114",
      "heroTalk": "TALK_HERO_MAIN",
      "questId": 13001,
      "prePerformCfg": ""
    },
    {
      "id": 1300116,
      "beginWay": "TALK_BEGIN_MANUAL",
      "activeMode": "PLAY_MODE_SINGLE",
      "beginCond": [
        {
          "type": "QUEST_COND_STATE_EQUAL",
          "param": ["1300116", "2"],
          "param_str": ""
        }
      ],
      "priority": 5,
      "initDialog": 130011601,
      "npcId": [1050],
      "performCfg": "QuestDialogue/LQ/Tighnari1_13001/Q1300116",
      "heroTalk": "TALK_HERO_MAIN",
      "questId": 13001,
      "prePerformCfg": ""
    },
    {
      "id": 1300117,
      "beginWay": "TALK_BEGIN_MANUAL",
      "activeMode": "PLAY_MODE_SINGLE",
      "beginCond": [
        {
          "type": "QUEST_COND_STATE_EQUAL",
          "param": ["1300114", "2"],
          "param_str": ""
        }
      ],
      "priority": 5,
      "initDialog": 130011701,
      "npcId": [1050],
      "performCfg": "QuestDialogue/LQ/Tighnari1_13001/Q1300117",
      "heroTalk": "TALK_HERO_MAIN",
      "questId": 13001,
      "prePerformCfg": ""
    },
    {
      "id": 1300123,
      "beginWay": "TALK_BEGIN_MANUAL",
      "activeMode": "PLAY_MODE_SINGLE",
      "beginCondComb": "LOGIC_AND",
      "beginCond": [
        {
          "type": "QUEST_COND_STATE_EQUAL",
          "param": ["1300114", "2"],
          "param_str": ""
        },
        {
          "type": "QUEST_COND_STATE_EQUAL",
          "param": ["1301601", "2"],
          "param_str": ""
        }
      ],
      "priority": 5,
      "initDialog": 130012301,
      "npcId": [1005],
      "performCfg": "QuestDialogue/LQ/Tighnari1_13001/Q1300123",
      "heroTalk": "TALK_HERO_MAIN",
      "questId": 13001,
      "prePerformCfg": "",
      "lowPriority": true
    },
    {
      "id": 1300124,
      "beginWay": "TALK_BEGIN_MANUAL",
      "activeMode": "PLAY_MODE_SINGLE",
      "beginCondComb": "LOGIC_OR",
      "beginCond": [
        {
          "type": "QUEST_COND_STATE_EQUAL",
          "param": ["1300101", "2"],
          "param_str": ""
        },
        {
          "type": "QUEST_COND_STATE_EQUAL",
          "param": ["1300102", "2"],
          "param_str": ""
        },
        {
          "type": "QUEST_COND_STATE_EQUAL",
          "param": ["1300103", "2"],
          "param_str": ""
        }
      ],
      "priority": 5,
      "initDialog": 130012401,
      "npcId": [12597],
      "performCfg": "QuestDialogue/LQ/Tighnari1_13001/Q1300124",
      "heroTalk": "TALK_HERO_MAIN",
      "questId": 13001,
      "prePerformCfg": ""
    },
    {
      "id": 1300125,
      "beginWay": "TALK_BEGIN_MANUAL",
      "activeMode": "PLAY_MODE_SINGLE",
      "beginCondComb": "LOGIC_OR",
      "beginCond": [
        {
          "type": "QUEST_COND_STATE_EQUAL",
          "param": ["1300101", "2"],
          "param_str": ""
        },
        {
          "type": "QUEST_COND_STATE_EQUAL",
          "param": ["1300102", "2"],
          "param_str": ""
        },
        {
          "type": "QUEST_COND_STATE_EQUAL",
          "param": ["1300103", "2"],
          "param_str": ""
        }
      ],
      "priority": 5,
      "initDialog": 130012501,
      "npcId": [1051],
      "performCfg": "QuestDialogue/LQ/Tighnari1_13001/Q1300125",
      "heroTalk": "TALK_HERO_MAIN",
      "questId": 13001,
      "prePerformCfg": ""
    },
    {
      "id": 1300126,
      "beginWay": "TALK_BEGIN_MANUAL",
      "activeMode": "PLAY_MODE_SINGLE",
      "beginCondComb": "LOGIC_AND",
      "beginCond": [
        {
          "type": "QUEST_COND_STATE_EQUAL",
          "param": ["1300114", "2"],
          "param_str": ""
        },
        {
          "type": "QUEST_COND_STATE_EQUAL",
          "param": ["1301602", "2"],
          "param_str": ""
        }
      ],
      "priority": 5,
      "initDialog": 130012601,
      "npcId": [1005],
      "performCfg": "QuestDialogue/LQ/Tighnari1_13001/Q1300126",
      "heroTalk": "TALK_HERO_MAIN",
      "questId": 13001,
      "prePerformCfg": "",
      "lowPriority": true
    },
    {
      "id": 1300127,
      "beginWay": "TALK_BEGIN_MANUAL",
      "activeMode": "PLAY_MODE_SINGLE",
      "beginCondComb": "LOGIC_OR",
      "beginCond": [
        {
          "type": "QUEST_COND_STATE_EQUAL",
          "param": ["1300101", "2"],
          "param_str": ""
        },
        {
          "type": "QUEST_COND_STATE_EQUAL",
          "param": ["1300102", "2"],
          "param_str": ""
        },
        {
          "type": "QUEST_COND_STATE_EQUAL",
          "param": ["1300103", "2"],
          "param_str": ""
        }
      ],
      "priority": 5,
      "initDialog": 130012701,
      "npcId": [12598],
      "performCfg": "QuestDialogue/LQ/Tighnari1_13001/Q1300127",
      "heroTalk": "TALK_HERO_MAIN",
      "questId": 13001,
      "prePerformCfg": ""
    }
  ]
}
