{
  "id": 13008,
  "type": "LQ",
  "series": 2033,
  "titleTextMapHash": 2102836735,
  "descTextMapHash": 3302378998,
  "luaPath": "Actor/Quest/LQ13008",
  "rewardIdList": [113008],
  "chapterId": 2033,
  "subQuests": [
    {
      "subId": 1300801,
      "mainId": 13008,
      "order": 1,
      "descTextMapHash": 2296409212,
      "acceptCondComb": "LOGIC_NONE",
      "showGuide": "QUEST_GUIDE_ITEM_DISABLE",
      "finishCondComb": "LOGIC_NONE",
      "acceptCond": [
        {
          "type": "QUEST_COND_STATE_EQUAL",
          "param": [1300712, 3],
          "param_str": ""
        }
      ],
      "finishCond": [
        {
          "type": "QUEST_CONTENT_GAME_TIME_TICK",
          "param": [2, 0],
          "param_str": "15,18"
        }
      ],
      "failCond": [],
      "beginExec": [],
      "finishExec": [],
      "failExec": [],
      "guide": {}
    },
    {
      "subId": 1300802,
      "mainId": 13008,
      "order": 2,
      "descTextMapHash": 3865362828,
      "acceptCondComb": "LOGIC_NONE",
      "finishCondComb": "LOGIC_NONE",
      "acceptCond": [
        {
          "type": "QUEST_COND_STATE_EQUAL",
          "param": [1300801, 3],
          "param_str": ""
        }
      ],
      "finishCond": [
        {
          "type": "QUEST_CONTENT_COMPLETE_TALK",
          "param": [1300810, 0],
          "param_str": ""
        }
      ],
      "failCond": [],
      "beginExec": [
        {
          "type": "QUEST_EXEC_REGISTER_DYNAMIC_GROUP",
          "param": ["3", "133302111"],
          "param_str": ""
        }
      ],
      "finishExec": [
        {
          "type": "QUEST_EXEC_REFRESH_GROUP_SUITE",
          "param": ["3", "133302209,1"],
          "param_str": ""
        }
      ],
      "failExec": [],
      "guide": {
        "type": "QUEST_GUIDE_NPC",
        "param": ["12714"],
        "guideScene": 3,
        "guideStyle": "QUEST_GUIDE_STYLE_TARGET",
        "guideLayer": "QUEST_GUIDE_LAYER_SCENE"
      }
    },
    {
      "subId": 1300803,
      "mainId": 13008,
      "order": 9,
      "descTextMapHash": 2411157060,
      "failCondComb": "QUEST_HIDDEN",
      "acceptCondComb": "LOGIC_NONE",
      "showGuide": "QUEST_GUIDE_ITEM_DISABLE",
      "finishCondComb": "LOGIC_NONE",
      "acceptCond": [
        {
          "type": "QUEST_COND_STATE_EQUAL",
          "param": [99902, 3],
          "param_str": ""
        }
      ],
      "finishCond": [],
      "failCond": [],
      "beginExec": [],
      "finishExec": [],
      "failExec": [],
      "guide": {}
    },
    {
      "subId": 1300804,
      "mainId": 13008,
      "order": 4,
      "descTextMapHash": 753196796,
      "acceptCondComb": "LOGIC_NONE",
      "finishCondComb": "LOGIC_NONE",
      "acceptCond": [
        {
          "type": "QUEST_COND_STATE_EQUAL",
          "param": [1300802, 3],
          "param_str": ""
        }
      ],
      "finishCond": [
        {
          "type": "QUEST_CONTENT_COMPLETE_TALK",
          "param": [1300804, 0],
          "param_str": ""
        }
      ],
      "failCond": [],
      "beginExec": [
        {
          "type": "QUEST_EXEC_REGISTER_DYNAMIC_GROUP_ONLY",
          "param": ["133302111", "0"],
          "param_str": ""
        }
      ],
      "finishExec": [],
      "failExec": [],
      "guide": {
        "type": "QUEST_GUIDE_NPC",
        "param": ["1054"],
        "guideScene": 3,
        "guideStyle": "QUEST_GUIDE_STYLE_TARGET",
        "guideLayer": "QUEST_GUIDE_LAYER_SCENE"
      }
    },
    {
      "subId": 1300805,
      "mainId": 13008,
      "order": 8,
      "descTextMapHash": 2748820748,
      "failCondComb": "QUEST_HIDDEN",
      "acceptCondComb": "LOGIC_NONE",
      "showGuide": "QUEST_GUIDE_ITEM_DISABLE",
      "finishCondComb": "LOGIC_NONE",
      "acceptCond": [
        {
          "type": "QUEST_COND_STATE_EQUAL",
          "param": [99902, 3],
          "param_str": ""
        }
      ],
      "finishCond": [],
      "failCond": [],
      "beginExec": [],
      "finishExec": [],
      "failExec": [],
      "guide": {}
    },
    {
      "subId": 1300806,
      "mainId": 13008,
      "order": 5,
      "descTextMapHash": 1855404884,
      "acceptCondComb": "LOGIC_NONE",
      "showGuide": "QUEST_GUIDE_ITEM_DISABLE",
      "finishCondComb": "LOGIC_NONE",
      "acceptCond": [
        {
          "type": "QUEST_COND_STATE_EQUAL",
          "param": [1300804, 3],
          "param_str": ""
        }
      ],
      "finishCond": [
        {
          "type": "QUEST_CONTENT_GAME_TIME_TICK",
          "param": [2, 0],
          "param_str": "20,22"
        }
      ],
      "failCond": [],
      "beginExec": [
        {
          "type": "QUEST_EXEC_REGISTER_DYNAMIC_GROUP_ONLY",
          "param": ["133302111", "0"],
          "param_str": ""
        }
      ],
      "finishExec": [],
      "failExec": [],
      "guide": {}
    },
    {
      "subId": 1300807,
      "mainId": 13008,
      "order": 6,
      "descTextMapHash": 3237121284,
      "acceptCondComb": "LOGIC_NONE",
      "finishCondComb": "LOGIC_NONE",
      "acceptCond": [
        {
          "type": "QUEST_COND_STATE_EQUAL",
          "param": [1300806, 3],
          "param_str": ""
        }
      ],
      "finishCond": [
        {
          "type": "QUEST_CONTENT_COMPLETE_TALK",
          "param": [1300806, 0],
          "param_str": ""
        }
      ],
      "failCond": [],
      "beginExec": [
        {
          "type": "QUEST_EXEC_REGISTER_DYNAMIC_GROUP_ONLY",
          "param": ["133302111", "0"],
          "param_str": ""
        },
        {
          "type": "QUEST_EXEC_NOTIFY_GROUP_LUA",
          "param": ["3", "133302111"],
          "param_str": ""
        }
      ],
      "finishExec": [
        {
          "type": "QUEST_EXEC_SET_QUEST_GLOBAL_VAR",
          "param": ["1300807", "1"],
          "param_str": ""
        },
        {
          "type": "QUEST_EXEC_UNREGISTER_DYNAMIC_GROUP",
          "param": ["133302111", "0"],
          "param_str": ""
        }
      ],
      "failExec": [],
      "guide": {
        "type": "QUEST_GUIDE_NPC",
        "param": ["12713"],
        "guideScene": 3,
        "guideStyle": "QUEST_GUIDE_STYLE_TARGET",
        "guideLayer": "QUEST_GUIDE_LAYER_SCENE"
      }
    },
    {
      "subId": 1300808,
      "mainId": 13008,
      "order": 7,
      "descTextMapHash": 3480922884,
      "failCondComb": "QUEST_HIDDEN",
      "acceptCondComb": "LOGIC_NONE",
      "showGuide": "QUEST_GUIDE_ITEM_DISABLE",
      "finishCondComb": "LOGIC_NONE",
      "acceptCond": [
        {
          "type": "QUEST_COND_STATE_EQUAL",
          "param": [99902, 3],
          "param_str": ""
        }
      ],
      "finishCond": [],
      "failCond": [],
      "beginExec": [],
      "finishExec": [],
      "failExec": [],
      "guide": {}
    }
  ],
  "talks": [
    {
      "id": 1300717,
      "beginWay": "TALK_BEGIN_MANUAL",
      "activeMode": "PLAY_MODE_SINGLE",
      "beginCond": [
        {
          "type": "QUEST_COND_STATE_EQUAL",
          "param": ["1300801", "2"],
          "param_str": ""
        }
      ],
      "priority": 5,
      "initDialog": 130071701,
      "npcId": [12713, 1054],
      "performCfg": "QuestDialogue/LQ/Nilou1_13007/Q1300717",
      "heroTalk": "TALK_HERO_MAIN",
      "questId": 13008,
      "prePerformCfg": ""
    },
    {
      "id": 1300801,
      "beginWay": "TALK_BEGIN_MANUAL",
      "activeMode": "PLAY_MODE_SINGLE",
      "beginCond": [
        {
          "type": "QUEST_COND_STATE_EQUAL",
          "param": ["1300802", "2"],
          "param_str": ""
        }
      ],
      "priority": 5,
      "initDialog": 130080101,
      "npcId": [12771, 12714],
      "performCfg": "QuestDialogue/LQ/Nilou1_13008/Q1300801",
      "heroTalk": "TALK_HERO_MAIN",
      "questId": 13008,
      "prePerformCfg": ""
    },
    {
      "id": 1300802,
      "activeMode": "PLAY_MODE_SINGLE",
      "beginCond": [
        {
          "type": "QUEST_COND_STATE_EQUAL",
          "param": ["1300802", "2"],
          "param_str": ""
        }
      ],
      "priority": 5,
      "initDialog": 130080118,
      "npcId": [12771, 12714],
      "performCfg": "QuestDialogue/LQ/Nilou1_13008/Q1300802",
      "heroTalk": "TALK_HERO_MAIN",
      "questId": 13008,
      "prePerformCfg": ""
    },
    {
      "id": 1300803,
      "beginWay": "TALK_BEGIN_MANUAL",
      "activeMode": "PLAY_MODE_SINGLE",
      "beginCond": [
        {
          "type": "QUEST_COND_STATE_EQUAL",
          "param": ["1300804", "2"],
          "param_str": ""
        }
      ],
      "priority": 5,
      "initDialog": 130080301,
      "npcId": [12713],
      "performCfg": "QuestDialogue/LQ/Nilou1_13008/Q1300803",
      "heroTalk": "TALK_HERO_MAIN",
      "questId": 13008,
      "prePerformCfg": ""
    },
    {
      "id": 1300804,
      "beginWay": "TALK_BEGIN_MANUAL",
      "activeMode": "PLAY_MODE_SINGLE",
      "beginCond": [
        {
          "type": "QUEST_COND_STATE_EQUAL",
          "param": ["1300804", "2"],
          "param_str": ""
        }
      ],
      "priority": 5,
      "initDialog": 130080401,
      "npcId": [1054],
      "performCfg": "QuestDialogue/LQ/Nilou1_13008/Q1300804",
      "heroTalk": "TALK_HERO_MAIN",
      "questId": 13008,
      "prePerformCfg": ""
    },
    {
      "id": 1300805,
      "beginWay": "TALK_BEGIN_MANUAL",
      "activeMode": "PLAY_MODE_SINGLE",
      "beginCond": [
        {
          "type": "QUEST_COND_STATE_EQUAL",
          "param": ["1300806", "2"],
          "param_str": ""
        }
      ],
      "priority": 5,
      "initDialog": 130080501,
      "npcId": [1054],
      "performCfg": "QuestDialogue/LQ/Nilou1_13008/Q1300805",
      "heroTalk": "TALK_HERO_MAIN",
      "questId": 13008,
      "prePerformCfg": ""
    },
    {
      "id": 1300806,
      "beginWay": "TALK_BEGIN_MANUAL",
      "activeMode": "PLAY_MODE_SINGLE",
      "beginCond": [
        {
          "type": "QUEST_COND_STATE_EQUAL",
          "param": ["1300807", "2"],
          "param_str": ""
        }
      ],
      "priority": 5,
      "initDialog": 130080601,
      "npcId": [1054, 12713],
      "performCfg": "QuestDialogue/LQ/Nilou1_13008/Q1300806",
      "heroTalk": "TALK_HERO_MAIN",
      "questId": 13008,
      "prePerformCfg": ""
    },
    {
      "id": 1300807,
      "activeMode": "PLAY_MODE_SINGLE",
      "beginCond": [
        {
          "type": "QUEST_COND_STATE_EQUAL",
          "param": ["1300802", "2"],
          "param_str": ""
        }
      ],
      "priority": 5,
      "initDialog": 130080131,
      "npcId": [12771, 12714],
      "performCfg": "QuestDialogue/LQ/Nilou1_13008/Q1300807",
      "heroTalk": "TALK_HERO_MAIN",
      "questId": 13008,
      "prePerformCfg": ""
    },
    {
      "id": 1300808,
      "activeMode": "PLAY_MODE_SINGLE",
      "beginCond": [
        {
          "type": "QUEST_COND_STATE_EQUAL",
          "param": ["1300802", "2"],
          "param_str": ""
        }
      ],
      "priority": 5,
      "initDialog": 130080153,
      "npcId": [12771, 12714],
      "performCfg": "QuestDialogue/LQ/Nilou1_13008/Q1300808",
      "heroTalk": "TALK_HERO_MAIN",
      "questId": 13008,
      "prePerformCfg": ""
    },
    {
      "id": 1300809,
      "activeMode": "PLAY_MODE_SINGLE",
      "beginCond": [
        {
          "type": "QUEST_COND_STATE_EQUAL",
          "param": ["1300802", "2"],
          "param_str": ""
        }
      ],
      "priority": 5,
      "initDialog": 130080188,
      "npcId": [12771, 12714],
      "performCfg": "QuestDialogue/LQ/Nilou1_13008/Q1300809",
      "heroTalk": "TALK_HERO_MAIN",
      "questId": 13008,
      "prePerformCfg": ""
    },
    {
      "id": 1300810,
      "activeMode": "PLAY_MODE_SINGLE",
      "beginCond": [
        {
          "type": "QUEST_COND_STATE_EQUAL",
          "param": ["1300802", "2"],
          "param_str": ""
        }
      ],
      "priority": 5,
      "initDialog": 130080213,
      "npcId": [12771, 12714],
      "performCfg": "QuestDialogue/LQ/Nilou1_13008/Q1300810",
      "heroTalk": "TALK_HERO_MAIN",
      "questId": 13008,
      "prePerformCfg": ""
    },
    {
      "id": 1300811,
      "beginWay": "TALK_BEGIN_MANUAL",
      "activeMode": "PLAY_MODE_SINGLE",
      "beginCondComb": "LOGIC_OR",
      "beginCond": [
        {
          "type": "QUEST_COND_STATE_EQUAL",
          "param": ["1300801", "2"],
          "param_str": ""
        },
        {
          "type": "QUEST_COND_STATE_EQUAL",
          "param": ["1300802", "2"],
          "param_str": ""
        }
      ],
      "priority": 5,
      "initDialog": 130062901,
      "npcId": [12880],
      "performCfg": "",
      "heroTalk": "TALK_HERO_MAIN",
      "questId": 13008,
      "prePerformCfg": ""
    }
  ]
}
