{
  "id": 13011,
  "type": "LQ",
  "series": 2032,
  "titleTextMapHash": 3504135695,
  "descTextMapHash": 2448156550,
  "luaPath": "Actor/Quest/LQ13011",
  "rewardIdList": [113011],
  "chapterId": 2032,
  "subQuests": [
    {
      "subId": 1301101,
      "mainId": 13011,
      "order": 1,
      "descTextMapHash": 3912173812,
      "acceptCondComb": "LOGIC_NONE",
      "finishCondComb": "LOGIC_OR",
      "acceptCond": [
        {
          "type": "QUEST_COND_STATE_EQUAL",
          "param": [1301008, 3],
          "param_str": ""
        }
      ],
      "finishCond": [
        {
          "type": "QUEST_CONTENT_COMPLETE_TALK",
          "param": [1301101, 0],
          "param_str": ""
        },
        {
          "type": "QUEST_CONTENT_COMPLETE_TALK",
          "param": [1301141, 0],
          "param_str": ""
        }
      ],
      "failCond": [],
      "beginExec": [
        {
          "type": "QUEST_EXEC_REGISTER_DYNAMIC_GROUP",
          "param": ["3", "133303402"],
          "param_str": ""
        }
      ],
      "finishExec": [
        {
          "type": "QUEST_EXEC_DEL_ALL_SPECIFIC_PACK_ITEM",
          "param": ["120113", "0"],
          "param_str": ""
        }
      ],
      "failExec": [],
      "guide": {
        "type": "QUEST_GUIDE_NPC",
        "param": ["12772"],
        "guideScene": 3,
        "guideStyle": "QUEST_GUIDE_STYLE_TARGET",
        "guideLayer": "QUEST_GUIDE_LAYER_SCENE"
      }
    },
    {
      "subId": 1301102,
      "mainId": 13011,
      "order": 3,
      "descTextMapHash": 46408228,
      "acceptCondComb": "LOGIC_NONE",
      "finishCondComb": "LOGIC_NONE",
      "acceptCond": [
        {
          "type": "QUEST_COND_STATE_EQUAL",
          "param": [1301101, 3],
          "param_str": ""
        }
      ],
      "finishCond": [
        {
          "type": "QUEST_CONTENT_COMPLETE_TALK",
          "param": [1301102, 0],
          "param_str": ""
        }
      ],
      "failCond": [],
      "beginExec": [
        {
          "type": "QUEST_EXEC_REGISTER_DYNAMIC_GROUP_ONLY",
          "param": ["133303402", "0"],
          "param_str": ""
        }
      ],
      "finishExec": [],
      "failExec": [],
      "guide": {
        "type": "QUEST_GUIDE_NPC",
        "param": ["12782"],
        "guideScene": 3,
        "guideStyle": "QUEST_GUIDE_STYLE_TARGET",
        "guideLayer": "QUEST_GUIDE_LAYER_SCENE"
      }
    },
    {
      "subId": 1301103,
      "mainId": 13011,
      "order": 5,
      "isMpBlock": true,
      "descTextMapHash": 3776944164,
      "banType": "BAN_GROUP_TRANSPORT_ONLY",
      "acceptCondComb": "LOGIC_NONE",
      "finishCondComb": "LOGIC_NONE",
      "acceptCond": [
        {
          "type": "QUEST_COND_STATE_EQUAL",
          "param": [1301126, 3],
          "param_str": ""
        }
      ],
      "finishCond": [
        {
          "type": "QUEST_CONTENT_COMPLETE_TALK",
          "param": [1301130, 0],
          "param_str": ""
        }
      ],
      "failCond": [
        {
          "type": "QUEST_CONTENT_ENTER_MY_WORLD",
          "param": [3, 0],
          "param_str": ""
        },
        {
          "type": "QUEST_CONTENT_LEAVE_SCENE",
          "param": [1078, 0],
          "param_str": ""
        }
      ],
      "beginExec": [],
      "finishExec": [
        {
          "type": "QUEST_EXEC_REFRESH_GROUP_SUITE",
          "param": ["1078", "201078001,2"],
          "param_str": ""
        }
      ],
      "failExec": [
        {
          "type": "QUEST_EXEC_ROLLBACK_QUEST",
          "param": ["1301102", "0"],
          "param_str": ""
        }
      ],
      "guide": {
        "type": "QUEST_GUIDE_NPC",
        "param": ["12772"],
        "guideScene": 1078,
        "guideStyle": "QUEST_GUIDE_STYLE_TARGET",
        "guideLayer": "QUEST_GUIDE_LAYER_SCENE"
      }
    },
    {
      "subId": 1301104,
      "mainId": 13011,
      "order": 8,
      "subIdSet": 1,
      "descTextMapHash": 2941228108,
      "acceptCondComb": "LOGIC_NONE",
      "finishCondComb": "LOGIC_NONE",
      "acceptCond": [
        {
          "type": "QUEST_COND_STATE_EQUAL",
          "param": [1301122, 3],
          "param_str": ""
        }
      ],
      "finishCond": [
        {
          "type": "QUEST_CONTENT_COMPLETE_TALK",
          "param": [1301104, 0],
          "param_str": ""
        }
      ],
      "failCond": [],
      "beginExec": [],
      "finishExec": [],
      "failExec": [],
      "guide": {
        "type": "QUEST_GUIDE_NPC",
        "param": ["12784"],
        "guideScene": 3,
        "guideStyle": "QUEST_GUIDE_STYLE_TARGET",
        "guideLayer": "QUEST_GUIDE_LAYER_SCENE"
      }
    },
    {
      "subId": 1301105,
      "mainId": 13011,
      "order": 9,
      "subIdSet": 1,
      "descTextMapHash": 3773282812,
      "acceptCondComb": "LOGIC_NONE",
      "finishCondComb": "LOGIC_NONE",
      "acceptCond": [
        {
          "type": "QUEST_COND_STATE_EQUAL",
          "param": [1301122, 3],
          "param_str": ""
        }
      ],
      "finishCond": [
        {
          "type": "QUEST_CONTENT_COMPLETE_TALK",
          "param": [1301105, 0],
          "param_str": ""
        }
      ],
      "failCond": [],
      "beginExec": [],
      "finishExec": [],
      "failExec": [],
      "guide": {
        "type": "QUEST_GUIDE_NPC",
        "param": ["12786"],
        "guideScene": 3,
        "guideStyle": "QUEST_GUIDE_STYLE_TARGET",
        "guideLayer": "QUEST_GUIDE_LAYER_SCENE"
      }
    },
    {
      "subId": 1301106,
      "mainId": 13011,
      "order": 10,
      "descTextMapHash": 3509881220,
      "failCondComb": "QUEST_HIDDEN",
      "acceptCondComb": "LOGIC_NONE",
      "showGuide": "QUEST_GUIDE_ITEM_DISABLE",
      "finishCondComb": "LOGIC_AND",
      "failParentShow": "QUEST_HIDDEN",
      "acceptCond": [
        {
          "type": "QUEST_COND_STATE_EQUAL",
          "param": [1301122, 3],
          "param_str": ""
        }
      ],
      "finishCond": [
        {
          "type": "QUEST_CONTENT_QUEST_STATE_EQUAL",
          "param": [1301104, 3],
          "param_str": ""
        },
        {
          "type": "QUEST_CONTENT_QUEST_STATE_EQUAL",
          "param": [1301105, 3],
          "param_str": ""
        }
      ],
      "failCond": [],
      "beginExec": [
        {
          "type": "QUEST_EXEC_REGISTER_DYNAMIC_GROUP_ONLY",
          "param": ["133303402", "0"],
          "param_str": ""
        }
      ],
      "finishExec": [],
      "failExec": [],
      "guide": {}
    },
    {
      "subId": 1301107,
      "mainId": 13011,
      "order": 11,
      "descTextMapHash": 1705582460,
      "acceptCondComb": "LOGIC_NONE",
      "finishCondComb": "LOGIC_NONE",
      "acceptCond": [
        {
          "type": "QUEST_COND_STATE_EQUAL",
          "param": [1301106, 3],
          "param_str": ""
        }
      ],
      "finishCond": [
        {
          "type": "QUEST_CONTENT_COMPLETE_TALK",
          "param": [1301106, 0],
          "param_str": ""
        }
      ],
      "failCond": [],
      "beginExec": [
        {
          "type": "QUEST_EXEC_REGISTER_DYNAMIC_GROUP_ONLY",
          "param": ["133303402", "0"],
          "param_str": ""
        }
      ],
      "finishExec": [],
      "failExec": [],
      "guide": {
        "type": "QUEST_GUIDE_NPC",
        "param": ["12785"],
        "guideScene": 3,
        "guideStyle": "QUEST_GUIDE_STYLE_TARGET",
        "guideLayer": "QUEST_GUIDE_LAYER_SCENE"
      }
    },
    {
      "subId": 1301108,
      "mainId": 13011,
      "order": 12,
      "descTextMapHash": 2731089828,
      "acceptCondComb": "LOGIC_NONE",
      "finishCondComb": "LOGIC_NONE",
      "acceptCond": [
        {
          "type": "QUEST_COND_STATE_EQUAL",
          "param": [1301107, 3],
          "param_str": ""
        }
      ],
      "finishCond": [
        {
          "type": "QUEST_CONTENT_COMPLETE_TALK",
          "param": [1301107, 0],
          "param_str": ""
        }
      ],
      "failCond": [],
      "beginExec": [
        {
          "type": "QUEST_EXEC_REGISTER_DYNAMIC_GROUP_ONLY",
          "param": ["133303402", "0"],
          "param_str": ""
        },
        {
          "type": "QUEST_EXEC_UNREGISTER_DYNAMIC_GROUP",
          "param": ["133302694", "0"],
          "param_str": ""
        }
      ],
      "finishExec": [],
      "failExec": [],
      "guide": {
        "type": "QUEST_GUIDE_LOCATION",
        "param": ["Q1301107_N10000005"],
        "guideScene": 3,
        "guideStyle": "QUEST_GUIDE_STYLE_POINT",
        "guideLayer": "QUEST_GUIDE_LAYER_SCENE"
      }
    },
    {
      "subId": 1301109,
      "mainId": 13011,
      "order": 13,
      "descTextMapHash": 2465793468,
      "failCondComb": "QUEST_HIDDEN",
      "acceptCondComb": "LOGIC_NONE",
      "showGuide": "QUEST_GUIDE_ITEM_DISABLE",
      "finishCondComb": "LOGIC_NONE",
      "failParentShow": "QUEST_HIDDEN",
      "acceptCond": [
        {
          "type": "QUEST_COND_STATE_EQUAL",
          "param": [1301107, 3],
          "param_str": ""
        }
      ],
      "finishCond": [
        {
          "type": "QUEST_CONTENT_FINISH_PLOT",
          "param": [1301109, 0],
          "param_str": ""
        }
      ],
      "failCond": [],
      "beginExec": [],
      "finishExec": [
        {
          "type": "QUEST_EXEC_REGISTER_DYNAMIC_GROUP",
          "param": ["3", "133302694"],
          "param_str": ""
        }
      ],
      "failExec": [],
      "guide": {}
    },
    {
      "subId": 1301110,
      "mainId": 13011,
      "order": 14,
      "descTextMapHash": 1599067052,
      "acceptCondComb": "LOGIC_NONE",
      "finishCondComb": "LOGIC_NONE",
      "acceptCond": [
        {
          "type": "QUEST_COND_STATE_EQUAL",
          "param": [1301108, 3],
          "param_str": ""
        }
      ],
      "finishCond": [
        {
          "type": "QUEST_CONTENT_COMPLETE_TALK",
          "param": [1301108, 0],
          "param_str": ""
        }
      ],
      "failCond": [],
      "beginExec": [
        {
          "type": "QUEST_EXEC_REGISTER_DYNAMIC_GROUP_ONLY",
          "param": ["133302694", "0"],
          "param_str": ""
        },
        {
          "type": "QUEST_EXEC_REGISTER_DYNAMIC_GROUP_ONLY",
          "param": ["133303402", "0"],
          "param_str": ""
        }
      ],
      "finishExec": [
        {
          "type": "QUEST_EXEC_UNREGISTER_DYNAMIC_GROUP",
          "param": ["133302694", "0"],
          "param_str": ""
        }
      ],
      "failExec": [],
      "guide": {
        "type": "QUEST_GUIDE_NPC",
        "param": ["1058"],
        "guideScene": 3,
        "guideStyle": "QUEST_GUIDE_STYLE_TARGET",
        "guideLayer": "QUEST_GUIDE_LAYER_SCENE"
      }
    },
    {
      "subId": 1301111,
      "mainId": 13011,
      "order": 15,
      "descTextMapHash": 2519356676,
      "acceptCondComb": "LOGIC_NONE",
      "finishCondComb": "LOGIC_NONE",
      "acceptCond": [
        {
          "type": "QUEST_COND_STATE_EQUAL",
          "param": [1301110, 3],
          "param_str": ""
        }
      ],
      "finishCond": [
        {
          "type": "QUEST_CONTENT_FINISH_PLOT",
          "param": [1301111, 0],
          "param_str": ""
        }
      ],
      "failCond": [],
      "beginExec": [
        {
          "type": "QUEST_EXEC_REGISTER_DYNAMIC_GROUP_ONLY",
          "param": ["133303402", "0"],
          "param_str": ""
        }
      ],
      "finishExec": [
        {
          "type": "QUEST_EXEC_UNREGISTER_DYNAMIC_GROUP",
          "param": ["133303402", "0"],
          "param_str": ""
        }
      ],
      "failExec": [],
      "guide": {
        "type": "QUEST_GUIDE_LOCATION",
        "param": ["Q1301111_guide", "120"],
        "guideScene": 3,
        "guideStyle": "QUEST_GUIDE_STYLE_POINT",
        "guideLayer": "QUEST_GUIDE_LAYER_SCENE"
      }
    },
    {
      "subId": 1301112,
      "mainId": 13011,
      "order": 19,
      "descTextMapHash": 4216775420,
      "failCondComb": "QUEST_HIDDEN",
      "acceptCondComb": "LOGIC_NONE",
      "showGuide": "QUEST_GUIDE_ITEM_DISABLE",
      "finishCondComb": "LOGIC_OR",
      "failParentShow": "QUEST_HIDDEN",
      "acceptCond": [
        {
          "type": "QUEST_COND_STATE_EQUAL",
          "param": [1301125, 3],
          "param_str": ""
        }
      ],
      "finishCond": [
        {
          "type": "QUEST_CONTENT_FINISH_PLOT",
          "param": [1301112, 0],
          "param_str": ""
        },
        {
          "type": "QUEST_CONTENT_QUEST_STATE_EQUAL",
          "param": [1301120, 3],
          "param_str": ""
        }
      ],
      "failCond": [
        {
          "type": "QUEST_CONTENT_LEAVE_SCENE",
          "param": [20157, 0],
          "param_str": ""
        },
        {
          "type": "QUEST_CONTENT_FAIL_DUNGEON",
          "param": [1157, 0],
          "param_str": ""
        },
        {
          "type": "QUEST_CONTENT_ENTER_MY_WORLD",
          "param": [3, 0],
          "param_str": ""
        },
        {
          "type": "QUEST_CONTENT_ANY_MANUAL_TRANSPORT",
          "param": [0, 0],
          "param_str": ""
        }
      ],
      "beginExec": [],
      "finishExec": [
        {
          "type": "QUEST_EXEC_NOTIFY_GROUP_LUA",
          "param": ["20157", "220157003"],
          "param_str": ""
        }
      ],
      "failExec": [
        {
          "type": "QUEST_EXEC_REMOVE_TRIAL_AVATAR",
          "param": ["52", "0"],
          "param_str": ""
        },
        {
          "type": "QUEST_EXEC_ROLLBACK_QUEST",
          "param": ["1301124", "0"],
          "param_str": ""
        }
      ],
      "guide": {}
    },
    {
      "subId": 1301113,
      "mainId": 13011,
      "order": 20,
      "isMpBlock": true,
      "descTextMapHash": 1599464468,
      "acceptCondComb": "LOGIC_NONE",
      "finishCondComb": "LOGIC_NONE",
      "acceptCond": [
        {
          "type": "QUEST_COND_STATE_EQUAL",
          "param": [1301120, 3],
          "param_str": ""
        }
      ],
      "finishCond": [
        {
          "type": "QUEST_CONTENT_COMPLETE_TALK",
          "param": [1301111, 0],
          "param_str": ""
        }
      ],
      "failCond": [
        {
          "type": "QUEST_CONTENT_LEAVE_SCENE",
          "param": [20157, 0],
          "param_str": ""
        },
        {
          "type": "QUEST_CONTENT_FAIL_DUNGEON",
          "param": [1157, 0],
          "param_str": ""
        },
        {
          "type": "QUEST_CONTENT_ENTER_MY_WORLD",
          "param": [3, 0],
          "param_str": ""
        },
        {
          "type": "QUEST_CONTENT_ANY_MANUAL_TRANSPORT",
          "param": [0, 0],
          "param_str": ""
        }
      ],
      "beginExec": [],
      "finishExec": [
        {
          "type": "QUEST_EXEC_NOTIFY_GROUP_LUA",
          "param": ["20157", "220157003"],
          "param_str": ""
        }
      ],
      "failExec": [
        {
          "type": "QUEST_EXEC_REMOVE_TRIAL_AVATAR",
          "param": ["52", "0"],
          "param_str": ""
        },
        {
          "type": "QUEST_EXEC_ROLLBACK_QUEST",
          "param": ["1301124", "0"],
          "param_str": ""
        }
      ],
      "guide": {}
    },
    {
      "subId": 1301114,
      "mainId": 13011,
      "order": 22,
      "isMpBlock": true,
      "descTextMapHash": 1156206708,
      "acceptCondComb": "LOGIC_NONE",
      "finishCondComb": "LOGIC_NONE",
      "acceptCond": [
        {
          "type": "QUEST_COND_STATE_EQUAL",
          "param": [1301119, 3],
          "param_str": ""
        }
      ],
      "finishCond": [
        {
          "type": "QUEST_CONTENT_COMPLETE_TALK",
          "param": [1301112, 0],
          "param_str": ""
        }
      ],
      "failCond": [
        {
          "type": "QUEST_CONTENT_LEAVE_SCENE",
          "param": [20157, 0],
          "param_str": ""
        },
        {
          "type": "QUEST_CONTENT_FAIL_DUNGEON",
          "param": [1157, 0],
          "param_str": ""
        },
        {
          "type": "QUEST_CONTENT_ENTER_MY_WORLD",
          "param": [3, 0],
          "param_str": ""
        },
        {
          "type": "QUEST_CONTENT_ANY_MANUAL_TRANSPORT",
          "param": [0, 0],
          "param_str": ""
        }
      ],
      "beginExec": [],
      "finishExec": [
        {
          "type": "QUEST_EXEC_NOTIFY_GROUP_LUA",
          "param": ["20157", "220157003"],
          "param_str": ""
        },
        {
          "type": "QUEST_EXEC_LOCK_POINT",
          "param": ["3", "685"],
          "param_str": ""
        }
      ],
      "failExec": [
        {
          "type": "QUEST_EXEC_ROLLBACK_QUEST",
          "param": ["1301124", "0"],
          "param_str": ""
        }
      ],
      "guide": {}
    },
    {
      "subId": 1301115,
      "mainId": 13011,
      "order": 23,
      "descTextMapHash": 647793052,
      "acceptCondComb": "LOGIC_NONE",
      "finishCondComb": "LOGIC_NONE",
      "acceptCond": [
        {
          "type": "QUEST_COND_STATE_EQUAL",
          "param": [1301114, 3],
          "param_str": ""
        }
      ],
      "finishCond": [
        {
          "type": "QUEST_CONTENT_COMPLETE_TALK",
          "param": [1301113, 0],
          "param_str": ""
        }
      ],
      "failCond": [],
      "beginExec": [
        {
          "type": "QUEST_EXEC_REFRESH_GROUP_SUITE",
          "param": ["3", "133308300,2"],
          "param_str": ""
        }
      ],
      "finishExec": [
        {
          "type": "QUEST_EXEC_DEL_ALL_SPECIFIC_PACK_ITEM",
          "param": ["120114", "0"],
          "param_str": ""
        }
      ],
      "failExec": [],
      "guide": {
        "type": "QUEST_GUIDE_LOCATION",
        "param": ["Q1301115_N1058", "30"],
        "guideScene": 3,
        "guideStyle": "QUEST_GUIDE_STYLE_POINT",
        "guideLayer": "QUEST_GUIDE_LAYER_SCENE"
      }
    },
    {
      "subId": 1301116,
      "mainId": 13011,
      "order": 24,
      "descTextMapHash": 1989423316,
      "acceptCondComb": "LOGIC_NONE",
      "showGuide": "QUEST_GUIDE_ITEM_DISABLE",
      "finishCondComb": "LOGIC_NONE",
      "acceptCond": [
        {
          "type": "QUEST_COND_STATE_EQUAL",
          "param": [1301115, 3],
          "param_str": ""
        }
      ],
      "finishCond": [
        {
          "type": "QUEST_CONTENT_GAME_TIME_TICK",
          "param": [4, 0],
          "param_str": "0,24"
        }
      ],
      "failCond": [],
      "beginExec": [],
      "finishExec": [],
      "failExec": [],
      "guide": {}
    },
    {
      "subId": 1301117,
      "mainId": 13011,
      "order": 25,
      "descTextMapHash": 3848789300,
      "acceptCondComb": "LOGIC_NONE",
      "finishCondComb": "LOGIC_OR",
      "acceptCond": [
        {
          "type": "QUEST_COND_STATE_EQUAL",
          "param": [1301116, 3],
          "param_str": ""
        }
      ],
      "finishCond": [
        {
          "type": "QUEST_CONTENT_COMPLETE_TALK",
          "param": [1301114, 0],
          "param_str": ""
        },
        {
          "type": "QUEST_CONTENT_COMPLETE_TALK",
          "param": [1301142, 0],
          "param_str": ""
        }
      ],
      "failCond": [],
      "beginExec": [],
      "finishExec": [],
      "failExec": [],
      "guide": {
        "type": "QUEST_GUIDE_LOCATION",
        "param": ["Q1301109", "20"],
        "guideScene": 3,
        "guideStyle": "QUEST_GUIDE_STYLE_POINT",
        "guideLayer": "QUEST_GUIDE_LAYER_SCENE"
      }
    },
    {
      "subId": 1301118,
      "mainId": 13011,
      "order": 26,
      "descTextMapHash": 3914397284,
      "acceptCondComb": "LOGIC_NONE",
      "finishCondComb": "LOGIC_OR",
      "acceptCond": [
        {
          "type": "QUEST_COND_STATE_EQUAL",
          "param": [1301117, 3],
          "param_str": ""
        }
      ],
      "finishCond": [
        {
          "type": "QUEST_CONTENT_COMPLETE_TALK",
          "param": [1301115, 0],
          "param_str": ""
        },
        {
          "type": "QUEST_CONTENT_COMPLETE_TALK",
          "param": [1301143, 0],
          "param_str": ""
        }
      ],
      "failCond": [],
      "beginExec": [],
      "finishExec": [
        {
          "type": "QUEST_EXEC_SET_QUEST_GLOBAL_VAR",
          "param": ["1301101", "1"],
          "param_str": ""
        },
        {
          "type": "QUEST_EXEC_DEL_ALL_SPECIFIC_PACK_ITEM",
          "param": ["120123", "0"],
          "param_str": ""
        },
        {
          "type": "QUEST_EXEC_DEL_ALL_SPECIFIC_PACK_ITEM",
          "param": ["120115", "0"],
          "param_str": ""
        }
      ],
      "failExec": [],
      "guide": {
        "type": "QUEST_GUIDE_NPC",
        "param": ["1058"],
        "guideScene": 3,
        "guideStyle": "QUEST_GUIDE_STYLE_TARGET",
        "guideLayer": "QUEST_GUIDE_LAYER_SCENE"
      }
    },
    {
      "subId": 1301119,
      "mainId": 13011,
      "order": 21,
      "isMpBlock": true,
      "descTextMapHash": 749615956,
      "acceptCondComb": "LOGIC_NONE",
      "finishCondComb": "LOGIC_NONE",
      "acceptCond": [
        {
          "type": "QUEST_COND_STATE_EQUAL",
          "param": [1301113, 3],
          "param_str": ""
        }
      ],
      "finishCond": [
        {
          "type": "QUEST_CONTENT_LUA_NOTIFY",
          "param": [0, 0],
          "param_str": "1301119",
          "count": 1
        }
      ],
      "failCond": [
        {
          "type": "QUEST_CONTENT_LEAVE_SCENE",
          "param": [20157, 0],
          "param_str": ""
        },
        {
          "type": "QUEST_CONTENT_FAIL_DUNGEON",
          "param": [1157, 0],
          "param_str": ""
        },
        {
          "type": "QUEST_CONTENT_ENTER_MY_WORLD",
          "param": [3, 0],
          "param_str": ""
        },
        {
          "type": "QUEST_CONTENT_ANY_MANUAL_TRANSPORT",
          "param": [0, 0],
          "param_str": ""
        }
      ],
      "beginExec": [],
      "finishExec": [
        {
          "type": "QUEST_EXEC_REMOVE_TRIAL_AVATAR",
          "param": ["52", "0"],
          "param_str": ""
        }
      ],
      "failExec": [
        {
          "type": "QUEST_EXEC_REMOVE_TRIAL_AVATAR",
          "param": ["52", "0"],
          "param_str": ""
        },
        {
          "type": "QUEST_EXEC_ROLLBACK_QUEST",
          "param": ["1301124", "0"],
          "param_str": ""
        }
      ],
      "guide": {}
    },
    {
      "subId": 1301120,
      "mainId": 13011,
      "order": 18,
      "isMpBlock": true,
      "descTextMapHash": 3220139492,
      "acceptCondComb": "LOGIC_NONE",
      "finishCondComb": "LOGIC_NONE",
      "acceptCond": [
        {
          "type": "QUEST_COND_STATE_EQUAL",
          "param": [1301125, 3],
          "param_str": ""
        }
      ],
      "finishCond": [
        {
          "type": "QUEST_CONTENT_COMPLETE_TALK",
          "param": [1301131, 0],
          "param_str": ""
        }
      ],
      "failCond": [
        {
          "type": "QUEST_CONTENT_LEAVE_SCENE",
          "param": [20157, 0],
          "param_str": ""
        },
        {
          "type": "QUEST_CONTENT_FAIL_DUNGEON",
          "param": [1157, 0],
          "param_str": ""
        },
        {
          "type": "QUEST_CONTENT_ENTER_MY_WORLD",
          "param": [3, 0],
          "param_str": ""
        },
        {
          "type": "QUEST_CONTENT_ANY_MANUAL_TRANSPORT",
          "param": [0, 0],
          "param_str": ""
        }
      ],
      "beginExec": [],
      "finishExec": [],
      "failExec": [
        {
          "type": "QUEST_EXEC_REMOVE_TRIAL_AVATAR",
          "param": ["52", "0"],
          "param_str": ""
        },
        {
          "type": "QUEST_EXEC_ROLLBACK_QUEST",
          "param": ["1301124", "0"],
          "param_str": ""
        }
      ],
      "guide": {}
    },
    {
      "subId": 1301121,
      "mainId": 13011,
      "order": 6,
      "isMpBlock": true,
      "descTextMapHash": 1929895732,
      "banType": "BAN_GROUP_TRANSPORT_ONLY",
      "acceptCondComb": "LOGIC_NONE",
      "finishCondComb": "LOGIC_NONE",
      "acceptCond": [
        {
          "type": "QUEST_COND_STATE_EQUAL",
          "param": [1301103, 3],
          "param_str": ""
        }
      ],
      "finishCond": [
        {
          "type": "QUEST_CONTENT_COMPLETE_TALK",
          "param": [1301103, 0],
          "param_str": ""
        }
      ],
      "failCond": [
        {
          "type": "QUEST_CONTENT_ENTER_MY_WORLD",
          "param": [3, 0],
          "param_str": ""
        },
        {
          "type": "QUEST_CONTENT_LEAVE_SCENE",
          "param": [1078, 0],
          "param_str": ""
        }
      ],
      "beginExec": [],
      "finishExec": [],
      "failExec": [
        {
          "type": "QUEST_EXEC_ROLLBACK_QUEST",
          "param": ["1301102", "0"],
          "param_str": ""
        }
      ],
      "guide": {
        "type": "QUEST_GUIDE_LOCATION",
        "param": ["Q1301103_N10000005", "30"],
        "guideScene": 1078,
        "guideStyle": "QUEST_GUIDE_STYLE_POINT",
        "guideLayer": "QUEST_GUIDE_LAYER_SCENE"
      }
    },
    {
      "subId": 1301122,
      "mainId": 13011,
      "order": 7,
      "descTextMapHash": 717752540,
      "acceptCondComb": "LOGIC_NONE",
      "finishCondComb": "LOGIC_NONE",
      "acceptCond": [
        {
          "type": "QUEST_COND_STATE_EQUAL",
          "param": [1301121, 3],
          "param_str": ""
        }
      ],
      "finishCond": [
        {
          "type": "QUEST_CONTENT_LEAVE_SCENE",
          "param": [1078, 0],
          "param_str": ""
        }
      ],
      "failCond": [],
      "beginExec": [
        {
          "type": "QUEST_EXEC_UNLOCK_POINT",
          "param": ["1078", "1"],
          "param_str": ""
        }
      ],
      "finishExec": [
        {
          "type": "QUEST_EXEC_REFRESH_GROUP_SUITE",
          "param": ["1078", "201078001,1"],
          "param_str": ""
        }
      ],
      "failExec": [],
      "guide": {
        "type": "QUEST_GUIDE_LOCATION",
        "param": ["Q1301105_guide"],
        "guideScene": 1078,
        "guideStyle": "QUEST_GUIDE_STYLE_POINT",
        "guideLayer": "QUEST_GUIDE_LAYER_SCENE"
      }
    },
    {
      "subId": 1301123,
      "mainId": 13011,
      "order": 2,
      "descTextMapHash": 61925268,
      "failCondComb": "QUEST_HIDDEN",
      "acceptCondComb": "LOGIC_NONE",
      "showGuide": "QUEST_GUIDE_ITEM_DISABLE",
      "finishCondComb": "LOGIC_NONE",
      "failParentShow": "QUEST_HIDDEN",
      "acceptCond": [
        {
          "type": "QUEST_COND_STATE_EQUAL",
          "param": [1301008, 3],
          "param_str": ""
        }
      ],
      "finishCond": [
        {
          "type": "QUEST_CONTENT_QUEST_STATE_EQUAL",
          "param": [1301108, 3],
          "param_str": ""
        }
      ],
      "failCond": [],
      "beginExec": [],
      "finishExec": [],
      "failExec": [],
      "guide": {}
    },
    {
      "subId": 1301124,
      "mainId": 13011,
      "order": 16,
      "descTextMapHash": 1760116308,
      "acceptCondComb": "LOGIC_NONE",
      "finishCondComb": "LOGIC_NONE",
      "acceptCond": [
        {
          "type": "QUEST_COND_STATE_EQUAL",
          "param": [1301111, 3],
          "param_str": ""
        }
      ],
      "finishCond": [
        {
          "type": "QUEST_CONTENT_ENTER_DUNGEON",
          "param": [1157, 685],
          "param_str": ""
        }
      ],
      "failCond": [],
      "beginExec": [
        {
          "type": "QUEST_EXEC_UNLOCK_POINT",
          "param": ["3", "685"],
          "param_str": ""
        },
        {
          "type": "QUEST_EXEC_REMOVE_TRIAL_AVATAR",
          "param": ["52", "0"],
          "param_str": ""
        }
      ],
      "finishExec": [],
      "failExec": [],
      "guide": {
        "type": "QUEST_GUIDE_LOCATION",
        "param": ["Q1301202"],
        "guideScene": 3,
        "guideStyle": "QUEST_GUIDE_STYLE_POINT",
        "guideLayer": "QUEST_GUIDE_LAYER_SCENE"
      }
    },
    {
      "subId": 1301125,
      "mainId": 13011,
      "order": 17,
      "isMpBlock": true,
      "descTextMapHash": 3442813068,
      "acceptCondComb": "LOGIC_NONE",
      "finishCondComb": "LOGIC_NONE",
      "acceptCond": [
        {
          "type": "QUEST_COND_STATE_EQUAL",
          "param": [1301124, 3],
          "param_str": ""
        }
      ],
      "finishCond": [
        {
          "type": "QUEST_CONTENT_LUA_NOTIFY",
          "param": [0, 0],
          "param_str": "1301125",
          "count": 1
        }
      ],
      "failCond": [
        {
          "type": "QUEST_CONTENT_LEAVE_SCENE",
          "param": [20157, 0],
          "param_str": ""
        },
        {
          "type": "QUEST_CONTENT_FAIL_DUNGEON",
          "param": [1157, 0],
          "param_str": ""
        },
        {
          "type": "QUEST_CONTENT_ENTER_MY_WORLD",
          "param": [3, 0],
          "param_str": ""
        },
        {
          "type": "QUEST_CONTENT_ANY_MANUAL_TRANSPORT",
          "param": [0, 0],
          "param_str": ""
        }
      ],
      "beginExec": [
        {
          "type": "QUEST_EXEC_GRANT_TRIAL_AVATAR",
          "param": ["52", "0"],
          "param_str": ""
        }
      ],
      "finishExec": [],
      "failExec": [
        {
          "type": "QUEST_EXEC_REMOVE_TRIAL_AVATAR",
          "param": ["52", "0"],
          "param_str": ""
        },
        {
          "type": "QUEST_EXEC_ROLLBACK_QUEST",
          "param": ["1301124", "0"],
          "param_str": ""
        }
      ],
      "guide": {}
    },
    {
      "subId": 1301126,
      "mainId": 13011,
      "order": 4,
      "descTextMapHash": 687600612,
      "failCondComb": "QUEST_HIDDEN",
      "acceptCondComb": "LOGIC_NONE",
      "showGuide": "QUEST_GUIDE_ITEM_DISABLE",
      "finishCondComb": "LOGIC_NONE",
      "failParentShow": "QUEST_HIDDEN",
      "acceptCond": [
        {
          "type": "QUEST_COND_STATE_EQUAL",
          "param": [1301102, 3],
          "param_str": ""
        }
      ],
      "finishCond": [
        {
          "type": "QUEST_CONTENT_ENTER_ROOM",
          "param": [1078, 0],
          "param_str": ""
        }
      ],
      "failCond": [],
      "beginExec": [],
      "finishExec": [],
      "failExec": [],
      "guide": {}
    }
  ],
  "talks": [
    {
      "id": 1301101,
      "beginWay": "TALK_BEGIN_MANUAL",
      "activeMode": "PLAY_MODE_SINGLE",
      "beginCondComb": "LOGIC_AND",
      "beginCond": [
        {
          "type": "QUEST_COND_STATE_EQUAL",
          "param": ["1301101", "2"],
          "param_str": ""
        },
        {
          "type": "QUEST_COND_QUEST_GLOBAL_VAR_EQUAL",
          "param": ["302821", "0"],
          "param_str": ""
        }
      ],
      "priority": 5,
      "initDialog": 130110101,
      "npcId": [12772],
      "performCfg": "QuestDialogue/LQ/Cyno_13011/Q1301101",
      "heroTalk": "TALK_HERO_MAIN",
      "questId": 13011,
      "prePerformCfg": "",
      "finishExec": [
        {
          "type": "TALK_EXEC_SAVE_TALK_ID",
          "param": ["1301101", "0"],
          "param_str": ""
        }
      ]
    },
    {
      "id": 1301102,
      "beginWay": "TALK_BEGIN_MANUAL",
      "activeMode": "PLAY_MODE_SINGLE",
      "beginCond": [
        {
          "type": "QUEST_COND_STATE_EQUAL",
          "param": ["1301102", "2"],
          "param_str": ""
        }
      ],
      "priority": 5,
      "initDialog": 130110201,
      "npcId": [12782],
      "performCfg": "QuestDialogue/LQ/Cyno_13011/Q1301102",
      "heroTalk": "TALK_HERO_MAIN",
      "questId": 13011,
      "prePerformCfg": ""
    },
    {
      "id": 1301103,
      "beginWay": "TALK_BEGIN_MANUAL",
      "activeMode": "PLAY_MODE_SINGLE",
      "beginCond": [
        {
          "type": "QUEST_COND_STATE_EQUAL",
          "param": ["1301121", "2"],
          "param_str": ""
        }
      ],
      "priority": 5,
      "initDialog": 130110301,
      "npcId": [12783],
      "performCfg": "QuestDialogue/LQ/Cyno_13011/Q1301103",
      "heroTalk": "TALK_HERO_MAIN",
      "questId": 13011,
      "prePerformCfg": ""
    },
    {
      "id": 1301104,
      "beginWay": "TALK_BEGIN_MANUAL",
      "activeMode": "PLAY_MODE_SINGLE",
      "beginCond": [
        {
          "type": "QUEST_COND_STATE_EQUAL",
          "param": ["1301104", "2"],
          "param_str": ""
        }
      ],
      "priority": 5,
      "initDialog": 130110401,
      "npcId": [12772, 12784],
      "performCfg": "QuestDialogue/LQ/Cyno_13011/Q1301104",
      "heroTalk": "TALK_HERO_MAIN",
      "questId": 13011,
      "prePerformCfg": ""
    },
    {
      "id": 1301105,
      "beginWay": "TALK_BEGIN_MANUAL",
      "activeMode": "PLAY_MODE_SINGLE",
      "beginCond": [
        {
          "type": "QUEST_COND_STATE_EQUAL",
          "param": ["1301105", "2"],
          "param_str": ""
        }
      ],
      "priority": 5,
      "initDialog": 130110501,
      "npcId": [12772, 12786],
      "performCfg": "QuestDialogue/LQ/Cyno_13011/Q1301105",
      "heroTalk": "TALK_HERO_MAIN",
      "questId": 13011,
      "prePerformCfg": ""
    },
    {
      "id": 1301106,
      "beginWay": "TALK_BEGIN_MANUAL",
      "activeMode": "PLAY_MODE_SINGLE",
      "beginCond": [
        {
          "type": "QUEST_COND_STATE_EQUAL",
          "param": ["1301107", "2"],
          "param_str": ""
        }
      ],
      "priority": 5,
      "initDialog": 130110601,
      "npcId": [12772, 12785, 12787],
      "performCfg": "QuestDialogue/LQ/Cyno_13011/Q1301106",
      "heroTalk": "TALK_HERO_MAIN",
      "questId": 13011,
      "prePerformCfg": ""
    },
    {
      "id": 1301107,
      "beginWay": "TALK_BEGIN_MANUAL",
      "activeMode": "PLAY_MODE_SINGLE",
      "beginCond": [
        {
          "type": "QUEST_COND_STATE_EQUAL",
          "param": ["1301108", "2"],
          "param_str": ""
        }
      ],
      "priority": 5,
      "initDialog": 130110701,
      "npcId": [12772],
      "performCfg": "QuestDialogue/LQ/Cyno_13011/Q1301107",
      "heroTalk": "TALK_HERO_MAIN",
      "questId": 13011,
      "prePerformCfg": ""
    },
    {
      "id": 1301108,
      "beginWay": "TALK_BEGIN_MANUAL",
      "activeMode": "PLAY_MODE_SINGLE",
      "beginCond": [
        {
          "type": "QUEST_COND_STATE_EQUAL",
          "param": ["1301110", "2"],
          "param_str": ""
        }
      ],
      "priority": 5,
      "initDialog": 130110801,
      "npcId": [1058],
      "performCfg": "QuestDialogue/LQ/Cyno_13011/Q1301108",
      "heroTalk": "TALK_HERO_MAIN",
      "questId": 13011,
      "prePerformCfg": ""
    },
    {
      "id": 1301111,
      "beginWay": "TALK_BEGIN_MANUAL",
      "activeMode": "PLAY_MODE_SINGLE",
      "beginCond": [
        {
          "type": "QUEST_COND_STATE_EQUAL",
          "param": ["1301113", "2"],
          "param_str": ""
        }
      ],
      "priority": 5,
      "initDialog": 130111101,
      "npcId": [1058, 12788],
      "performCfg": "QuestDialogue/LQ/Cyno_13011/Q1301111",
      "heroTalk": "TALK_HERO_MAIN",
      "questId": 13011,
      "prePerformCfg": ""
    },
    {
      "id": 1301112,
      "beginWay": "TALK_BEGIN_MANUAL",
      "activeMode": "PLAY_MODE_SINGLE",
      "beginCond": [
        {
          "type": "QUEST_COND_STATE_EQUAL",
          "param": ["1301114", "2"],
          "param_str": ""
        }
      ],
      "priority": 5,
      "initDialog": 130111201,
      "npcId": [1058, 12788],
      "performCfg": "QuestDialogue/LQ/Cyno_13011/Q1301112",
      "heroTalk": "TALK_HERO_MAIN",
      "questId": 13011,
      "prePerformCfg": ""
    },
    {
      "id": 1301113,
      "beginWay": "TALK_BEGIN_MANUAL",
      "activeMode": "PLAY_MODE_SINGLE",
      "beginCond": [
        {
          "type": "QUEST_COND_STATE_EQUAL",
          "param": ["1301115", "2"],
          "param_str": ""
        }
      ],
      "priority": 5,
      "initDialog": 130111301,
      "npcId": [1058],
      "performCfg": "QuestDialogue/LQ/Cyno_13011/Q1301113",
      "heroTalk": "TALK_HERO_MAIN",
      "questId": 13011,
      "prePerformCfg": ""
    },
    {
      "id": 1301114,
      "beginWay": "TALK_BEGIN_MANUAL",
      "activeMode": "PLAY_MODE_SINGLE",
      "beginCondComb": "LOGIC_AND",
      "beginCond": [
        {
          "type": "QUEST_COND_STATE_EQUAL",
          "param": ["1301117", "2"],
          "param_str": ""
        },
        {
          "type": "QUEST_COND_QUEST_GLOBAL_VAR_EQUAL",
          "param": ["302821", "0"],
          "param_str": ""
        }
      ],
      "priority": 5,
      "initDialog": 130111401,
      "npcId": [12772],
      "performCfg": "QuestDialogue/LQ/Cyno_13011/Q1301114",
      "heroTalk": "TALK_HERO_MAIN",
      "questId": 13011,
      "prePerformCfg": "",
      "finishExec": [
        {
          "type": "TALK_EXEC_SAVE_TALK_ID",
          "param": ["1301114", "0"],
          "param_str": ""
        }
      ]
    },
    {
      "id": 1301115,
      "beginWay": "TALK_BEGIN_MANUAL",
      "activeMode": "PLAY_MODE_SINGLE",
      "beginCondComb": "LOGIC_AND",
      "beginCond": [
        {
          "type": "QUEST_COND_STATE_EQUAL",
          "param": ["1301118", "2"],
          "param_str": ""
        },
        {
          "type": "QUEST_COND_QUEST_GLOBAL_VAR_EQUAL",
          "param": ["302821", "0"],
          "param_str": ""
        }
      ],
      "priority": 5,
      "initDialog": 130111501,
      "npcId": [1058, 1050],
      "performCfg": "QuestDialogue/LQ/Cyno_13011/Q1301115",
      "heroTalk": "TALK_HERO_MAIN",
      "questId": 13011,
      "prePerformCfg": "",
      "finishExec": [
        {
          "type": "TALK_EXEC_SAVE_TALK_ID",
          "param": ["1301115", "0"],
          "param_str": ""
        }
      ]
    },
    {
      "id": 1301121,
      "beginWay": "TALK_BEGIN_MANUAL",
      "activeMode": "PLAY_MODE_SINGLE",
      "beginCond": [
        {
          "type": "QUEST_COND_STATE_EQUAL",
          "param": ["1301122", "2"],
          "param_str": ""
        }
      ],
      "priority": 5,
      "npcId": [12783],
      "performCfg": "QuestDialogue/LQ/Cyno_13011/Q1301121",
      "heroTalk": "TALK_HERO_MAIN",
      "questId": 13011,
      "prePerformCfg": ""
    },
    {
      "id": 1301122,
      "beginWay": "TALK_BEGIN_MANUAL",
      "activeMode": "PLAY_MODE_SINGLE",
      "beginCond": [
        {
          "type": "QUEST_COND_STATE_EQUAL",
          "param": ["1301121", "2"],
          "param_str": ""
        }
      ],
      "priority": 5,
      "initDialog": 130112201,
      "npcId": [12782],
      "performCfg": "QuestDialogue/LQ/Cyno_13011/Q1301122",
      "heroTalk": "TALK_HERO_MAIN",
      "questId": 13011,
      "prePerformCfg": ""
    },
    {
      "id": 1301123,
      "beginWay": "TALK_BEGIN_MANUAL",
      "activeMode": "PLAY_MODE_SINGLE",
      "beginCondComb": "LOGIC_A_AND_ETCOR",
      "beginCond": [
        {
          "type": "QUEST_COND_STATE_EQUAL",
          "param": ["1301104", "3"],
          "param_str": ""
        },
        {
          "type": "QUEST_COND_STATE_EQUAL",
          "param": ["1301106", "2"],
          "param_str": ""
        },
        {
          "type": "QUEST_COND_STATE_EQUAL",
          "param": ["1301107", "2"],
          "param_str": ""
        }
      ],
      "priority": 5,
      "initDialog": 130112301,
      "npcId": [12784],
      "performCfg": "QuestDialogue/LQ/Cyno_13011/Q1301123",
      "heroTalk": "TALK_HERO_MAIN",
      "questId": 13011,
      "prePerformCfg": ""
    },
    {
      "id": 1301124,
      "beginWay": "TALK_BEGIN_MANUAL",
      "activeMode": "PLAY_MODE_SINGLE",
      "beginCondComb": "LOGIC_A_AND_ETCOR",
      "beginCond": [
        {
          "type": "QUEST_COND_STATE_EQUAL",
          "param": ["1301105", "3"],
          "param_str": ""
        },
        {
          "type": "QUEST_COND_STATE_EQUAL",
          "param": ["1301106", "2"],
          "param_str": ""
        },
        {
          "type": "QUEST_COND_STATE_EQUAL",
          "param": ["1301107", "2"],
          "param_str": ""
        }
      ],
      "priority": 5,
      "initDialog": 130112401,
      "npcId": [12786],
      "performCfg": "QuestDialogue/LQ/Cyno_13011/Q1301124",
      "heroTalk": "TALK_HERO_MAIN",
      "questId": 13011,
      "prePerformCfg": ""
    },
    {
      "id": 1301125,
      "beginWay": "TALK_BEGIN_MANUAL",
      "activeMode": "PLAY_MODE_SINGLE",
      "beginCond": [
        {
          "type": "QUEST_COND_STATE_EQUAL",
          "param": ["1301108", "2"],
          "param_str": ""
        }
      ],
      "priority": 5,
      "initDialog": 130112501,
      "npcId": [12785],
      "performCfg": "QuestDialogue/LQ/Cyno_13011/Q1301125",
      "heroTalk": "TALK_HERO_MAIN",
      "questId": 13011,
      "prePerformCfg": ""
    },
    {
      "id": 1301126,
      "beginWay": "TALK_BEGIN_MANUAL",
      "activeMode": "PLAY_MODE_SINGLE",
      "beginCond": [
        {
          "type": "QUEST_COND_STATE_EQUAL",
          "param": ["1301123", "2"],
          "param_str": ""
        }
      ],
      "priority": 5,
      "initDialog": 130112601,
      "npcId": [12781],
      "performCfg": "QuestDialogue/LQ/Cyno_13011/Q1301126",
      "heroTalk": "TALK_HERO_MAIN",
      "questId": 13011,
      "prePerformCfg": ""
    },
    {
      "id": 1301127,
      "beginWay": "TALK_BEGIN_MANUAL",
      "activeMode": "PLAY_MODE_SINGLE",
      "beginCond": [
        {
          "type": "QUEST_COND_STATE_EQUAL",
          "param": ["1301123", "2"],
          "param_str": ""
        }
      ],
      "priority": 5,
      "initDialog": 130112701,
      "npcId": [12780, 1058],
      "performCfg": "QuestDialogue/LQ/Cyno_13011/Q1301127",
      "heroTalk": "TALK_HERO_MAIN",
      "questId": 13011,
      "prePerformCfg": ""
    },
    {
      "id": 1301128,
      "beginWay": "TALK_BEGIN_MANUAL",
      "activeMode": "PLAY_MODE_SINGLE",
      "beginCond": [
        {
          "type": "QUEST_COND_STATE_EQUAL",
          "param": ["1301122", "2"],
          "param_str": ""
        }
      ],
      "priority": 5,
      "initDialog": 130112801,
      "npcId": [12782],
      "performCfg": "QuestDialogue/LQ/Cyno_13011/Q1301128",
      "heroTalk": "TALK_HERO_MAIN",
      "questId": 13011,
      "prePerformCfg": ""
    },
    {
      "id": 1301129,
      "beginWay": "TALK_BEGIN_MANUAL",
      "activeMode": "PLAY_MODE_SINGLE",
      "beginCond": [
        {
          "type": "QUEST_COND_STATE_EQUAL",
          "param": ["1301108", "2"],
          "param_str": ""
        }
      ],
      "priority": 5,
      "initDialog": 130112901,
      "npcId": [12787],
      "performCfg": "QuestDialogue/LQ/Cyno_13011/Q1301129",
      "heroTalk": "TALK_HERO_MAIN",
      "questId": 13011,
      "prePerformCfg": ""
    },
    {
      "id": 1301130,
      "beginWay": "TALK_BEGIN_MANUAL",
      "activeMode": "PLAY_MODE_SINGLE",
      "beginCond": [
        {
          "type": "QUEST_COND_STATE_EQUAL",
          "param": ["1301103", "2"],
          "param_str": ""
        }
      ],
      "priority": 5,
      "initDialog": 130113001,
      "npcId": [12772, 12782],
      "performCfg": "QuestDialogue/LQ/Cyno_13011/Q1301130",
      "heroTalk": "TALK_HERO_MAIN",
      "questId": 13011,
      "prePerformCfg": ""
    },
    {
      "id": 1301131,
      "beginWay": "TALK_BEGIN_MANUAL",
      "activeMode": "PLAY_MODE_SINGLE",
      "beginCond": [
        {
          "type": "QUEST_COND_STATE_EQUAL",
          "param": ["1301120", "2"],
          "param_str": ""
        }
      ],
      "priority": 5,
      "npcId": [1058],
      "performCfg": "QuestDialogue/LQ/Cyno_13011/Q1301131",
      "heroTalk": "TALK_HERO_MAIN",
      "questId": 13011,
      "prePerformCfg": ""
    },
    {
      "id": 1301132,
      "beginWay": "TALK_BEGIN_MANUAL",
      "activeMode": "PLAY_MODE_SINGLE",
      "beginCond": [
        {
          "type": "QUEST_COND_STATE_EQUAL",
          "param": ["1301110", "2"],
          "param_str": ""
        }
      ],
      "priority": 5,
      "initDialog": 130110720,
      "npcId": [12772],
      "performCfg": "QuestDialogue/LQ/Cyno_13011/Q1301132",
      "heroTalk": "TALK_HERO_MAIN",
      "questId": 13011,
      "prePerformCfg": ""
    },
    {
      "id": 1301133,
      "beginWay": "TALK_BEGIN_MANUAL",
      "activeMode": "PLAY_MODE_SINGLE",
      "beginCondComb": "LOGIC_OR",
      "beginCond": [
        {
          "type": "QUEST_COND_STATE_EQUAL",
          "param": ["1301122", "2"],
          "param_str": ""
        },
        {
          "type": "QUEST_COND_STATE_EQUAL",
          "param": ["1301121", "2"],
          "param_str": ""
        }
      ],
      "priority": 5,
      "initDialog": 130113301,
      "npcId": [12799],
      "performCfg": "",
      "heroTalk": "TALK_HERO_MAIN",
      "questId": 13011,
      "prePerformCfg": ""
    },
    {
      "id": 1301134,
      "beginWay": "TALK_BEGIN_MANUAL",
      "activeMode": "PLAY_MODE_SINGLE",
      "beginCondComb": "LOGIC_OR",
      "beginCond": [
        {
          "type": "QUEST_COND_STATE_EQUAL",
          "param": ["1301122", "2"],
          "param_str": ""
        },
        {
          "type": "QUEST_COND_STATE_EQUAL",
          "param": ["1301121", "2"],
          "param_str": ""
        }
      ],
      "priority": 5,
      "initDialog": 130113401,
      "npcId": [12800],
      "performCfg": "",
      "heroTalk": "TALK_HERO_MAIN",
      "questId": 13011,
      "prePerformCfg": ""
    },
    {
      "id": 1301141,
      "beginWay": "TALK_BEGIN_MANUAL",
      "activeMode": "PLAY_MODE_SINGLE",
      "beginCondComb": "LOGIC_AND",
      "beginCond": [
        {
          "type": "QUEST_COND_STATE_EQUAL",
          "param": ["1301101", "2"],
          "param_str": ""
        },
        {
          "type": "QUEST_COND_QUEST_GLOBAL_VAR_EQUAL",
          "param": ["302821", "1"],
          "param_str": ""
        }
      ],
      "priority": 5,
      "initDialog": 130114101,
      "npcId": [12772],
      "performCfg": "QuestDialogue/LQ/Cyno_13011/Q1301141",
      "heroTalk": "TALK_HERO_MAIN",
      "questId": 13011,
      "prePerformCfg": "",
      "finishExec": [
        {
          "type": "TALK_EXEC_SAVE_TALK_ID",
          "param": ["1301141", "0"],
          "param_str": ""
        }
      ]
    },
    {
      "id": 1301142,
      "beginWay": "TALK_BEGIN_MANUAL",
      "activeMode": "PLAY_MODE_SINGLE",
      "beginCondComb": "LOGIC_AND",
      "beginCond": [
        {
          "type": "QUEST_COND_STATE_EQUAL",
          "param": ["1301117", "2"],
          "param_str": ""
        },
        {
          "type": "QUEST_COND_QUEST_GLOBAL_VAR_EQUAL",
          "param": ["302821", "1"],
          "param_str": ""
        }
      ],
      "priority": 5,
      "initDialog": 130114201,
      "npcId": [12772],
      "performCfg": "QuestDialogue/LQ/Cyno_13011/Q1301142",
      "heroTalk": "TALK_HERO_MAIN",
      "questId": 13011,
      "prePerformCfg": "",
      "finishExec": [
        {
          "type": "TALK_EXEC_SAVE_TALK_ID",
          "param": ["1301142", "0"],
          "param_str": ""
        }
      ]
    },
    {
      "id": 1301143,
      "beginWay": "TALK_BEGIN_MANUAL",
      "activeMode": "PLAY_MODE_SINGLE",
      "beginCondComb": "LOGIC_AND",
      "beginCond": [
        {
          "type": "QUEST_COND_STATE_EQUAL",
          "param": ["1301118", "2"],
          "param_str": ""
        },
        {
          "type": "QUEST_COND_QUEST_GLOBAL_VAR_EQUAL",
          "param": ["302821", "1"],
          "param_str": ""
        }
      ],
      "priority": 5,
      "initDialog": 130114301,
      "npcId": [1050, 1058],
      "performCfg": "QuestDialogue/LQ/Cyno_13011/Q1301143",
      "heroTalk": "TALK_HERO_MAIN",
      "questId": 13011,
      "prePerformCfg": "",
      "finishExec": [
        {
          "type": "TALK_EXEC_SAVE_TALK_ID",
          "param": ["1301143", "0"],
          "param_str": ""
        }
      ]
    }
  ],
  "videoKey": 7063052926021205
}
