{
  "id": 13013,
  "type": "LQ",
  "series": 2034,
  "titleTextMapHash": 2828603295,
  "descTextMapHash": 2337052494,
  "luaPath": "Actor/Quest/LQ13013",
  "suggestTrackMainQuestList": [13014],
  "rewardIdList": [113013],
  "chapterId": 2034,
  "subQuests": [
    {
      "subId": 1301301,
      "mainId": 13013,
      "order": 1,
      "descTextMapHash": 254150900,
      "acceptCondComb": "LOGIC_AND",
      "finishCondComb": "LOGIC_NONE",
      "acceptCond": [
        {
          "type": "QUEST_COND_PERSONAL_LINE_UNLOCK",
          "param": [25, 0],
          "param_str": ""
        },
        {
          "type": "QUEST_COND_QUEST_GLOBAL_VAR_EQUAL",
          "param": [302617, 1],
          "param_str": ""
        }
      ],
      "finishCond": [
        {
          "type": "QUEST_CONTENT_FINISH_PLOT",
          "param": [1301301, 0],
          "param_str": ""
        }
      ],
      "failCond": [],
      "beginExec": [
        {
          "type": "QUEST_EXEC_REGISTER_DYNAMIC_GROUP",
          "param": ["3", "133302713"],
          "param_str": ""
        }
      ],
      "finishExec": [],
      "failExec": [],
      "guide": {
        "type": "QUEST_GUIDE_LOCATION",
        "autoGuide": "QUEST_GUIDE_AUTO_ENABLE",
        "param": ["Q13013PosterManStart", "20"],
        "guideScene": 3,
        "guideStyle": "QUEST_GUIDE_STYLE_TARGET",
        "guideLayer": "QUEST_GUIDE_LAYER_SCENE"
      }
    },
    {
      "subId": 1301302,
      "mainId": 13013,
      "order": 2,
      "descTextMapHash": 463987868,
      "acceptCondComb": "LOGIC_NONE",
      "finishCondComb": "LOGIC_NONE",
      "acceptCond": [
        {
          "type": "QUEST_COND_STATE_EQUAL",
          "param": [1301301, 3],
          "param_str": ""
        }
      ],
      "finishCond": [
        {
          "type": "QUEST_CONTENT_COMPLETE_TALK",
          "param": [1301301, 0],
          "param_str": ""
        }
      ],
      "failCond": [],
      "beginExec": [
        {
          "type": "QUEST_EXEC_REGISTER_DYNAMIC_GROUP_ONLY",
          "param": ["133302713", "0"],
          "param_str": ""
        }
      ],
      "finishExec": [
        {
          "type": "QUEST_EXEC_ADD_SCENE_TAG",
          "param": ["3", "1204"],
          "param_str": ""
        }
      ],
      "failExec": [],
      "guide": {
        "type": "QUEST_GUIDE_NPC",
        "autoGuide": "QUEST_GUIDE_AUTO_ENABLE",
        "param": ["12839"],
        "guideScene": 3,
        "guideStyle": "QUEST_GUIDE_STYLE_TARGET",
        "guideLayer": "QUEST_GUIDE_LAYER_SCENE"
      }
    },
    {
      "subId": 1301303,
      "mainId": 13013,
      "order": 3,
      "descTextMapHash": 3777087308,
      "acceptCondComb": "LOGIC_NONE",
      "finishCondComb": "LOGIC_NONE",
      "acceptCond": [
        {
          "type": "QUEST_COND_STATE_EQUAL",
          "param": [1301302, 3],
          "param_str": ""
        }
      ],
      "finishCond": [
        {
          "type": "QUEST_CONTENT_COMPLETE_TALK",
          "param": [1301305, 0],
          "param_str": ""
        }
      ],
      "failCond": [],
      "beginExec": [
        {
          "type": "QUEST_EXEC_REGISTER_DYNAMIC_GROUP_ONLY",
          "param": ["133302713", "0"],
          "param_str": ""
        }
      ],
      "finishExec": [
        {
          "type": "QUEST_EXEC_UNREGISTER_DYNAMIC_GROUP",
          "param": ["133302713", "0"],
          "param_str": ""
        }
      ],
      "failExec": [],
      "guide": {
        "type": "QUEST_GUIDE_LOCATION",
        "autoGuide": "QUEST_GUIDE_AUTO_ENABLE",
        "param": ["Q13013BasePos", "20"],
        "guideScene": 3,
        "guideStyle": "QUEST_GUIDE_STYLE_TARGET",
        "guideLayer": "QUEST_GUIDE_LAYER_SCENE"
      }
    },
    {
      "subId": 1301304,
      "mainId": 13013,
      "order": 5,
      "descTextMapHash": 2868208404,
      "acceptCondComb": "LOGIC_NONE",
      "finishCondComb": "LOGIC_NONE",
      "acceptCond": [
        {
          "type": "QUEST_COND_STATE_EQUAL",
          "param": [1301308, 3],
          "param_str": ""
        }
      ],
      "finishCond": [
        {
          "type": "QUEST_CONTENT_FINISH_PLOT",
          "param": [1301304, 0],
          "param_str": ""
        }
      ],
      "failCond": [],
      "beginExec": [],
      "finishExec": [],
      "failExec": [],
      "guide": {
        "type": "QUEST_GUIDE_LOCATION",
        "autoGuide": "QUEST_GUIDE_AUTO_ENABLE",
        "param": ["Q13013MemberAEventA"],
        "guideScene": 3,
        "guideStyle": "QUEST_GUIDE_STYLE_POINT",
        "guideLayer": "QUEST_GUIDE_LAYER_SCENE"
      }
    },
    {
      "subId": 1301305,
      "mainId": 13013,
      "order": 9,
      "isMpBlock": true,
      "descTextMapHash": 3758916860,
      "acceptCondComb": "LOGIC_NONE",
      "finishCondComb": "LOGIC_NONE",
      "acceptCond": [
        {
          "type": "QUEST_COND_STATE_EQUAL",
          "param": [1301310, 3],
          "param_str": ""
        }
      ],
      "finishCond": [
        {
          "type": "QUEST_CONTENT_LUA_NOTIFY",
          "param": [0, 0],
          "param_str": "1333044421",
          "count": 1
        }
      ],
      "failCond": [
        {
          "type": "QUEST_CONTENT_LEAVE_SCENE_RANGE",
          "param": [3, 45],
          "param_str": "Q13013PreBattleMemberA"
        },
        {
          "type": "QUEST_CONTENT_ANY_MANUAL_TRANSPORT",
          "param": [0, 0],
          "param_str": ""
        },
        {
          "type": "QUEST_CONTENT_TEAM_DEAD",
          "param": [0, 0],
          "param_str": ""
        }
      ],
      "beginExec": [
        {
          "type": "QUEST_EXEC_REGISTER_DYNAMIC_GROUP",
          "param": ["3", "133304442"],
          "param_str": ""
        },
        {
          "type": "QUEST_EXEC_GRANT_TRIAL_AVATAR",
          "param": ["55", "0"],
          "param_str": ""
        }
      ],
      "finishExec": [
        {
          "type": "QUEST_EXEC_REMOVE_TRIAL_AVATAR",
          "param": ["55", "0"],
          "param_str": ""
        }
      ],
      "failExec": [
        {
          "type": "QUEST_EXEC_ROLLBACK_QUEST",
          "param": ["1301310", "0"],
          "param_str": ""
        },
        {
          "type": "QUEST_EXEC_REMOVE_TRIAL_AVATAR",
          "param": ["55", "0"],
          "param_str": ""
        }
      ],
      "guide": {
        "type": "QUEST_GUIDE_LOCATION",
        "autoGuide": "QUEST_GUIDE_AUTO_ENABLE",
        "param": ["Q13013SearchEventA2", "15"],
        "guideScene": 3,
        "guideStyle": "QUEST_GUIDE_STYLE_TARGET",
        "guideLayer": "QUEST_GUIDE_LAYER_SCENE"
      }
    },
    {
      "subId": 1301306,
      "mainId": 13013,
      "order": 10,
      "descTextMapHash": 1968903140,
      "acceptCondComb": "LOGIC_NONE",
      "finishCondComb": "LOGIC_NONE",
      "acceptCond": [
        {
          "type": "QUEST_COND_STATE_EQUAL",
          "param": [1301305, 3],
          "param_str": ""
        }
      ],
      "finishCond": [
        {
          "type": "QUEST_CONTENT_COMPLETE_TALK",
          "param": [1301303, 0],
          "param_str": ""
        }
      ],
      "failCond": [],
      "beginExec": [
        {
          "type": "QUEST_EXEC_REGISTER_DYNAMIC_GROUP_ONLY",
          "param": ["133304442", "0"],
          "param_str": ""
        }
      ],
      "finishExec": [],
      "failExec": [],
      "guide": {
        "type": "QUEST_GUIDE_LOCATION",
        "autoGuide": "QUEST_GUIDE_AUTO_ENABLE",
        "param": ["Q13013SearchEventA2"],
        "guideScene": 3,
        "guideStyle": "QUEST_GUIDE_STYLE_POINT",
        "guideLayer": "QUEST_GUIDE_LAYER_SCENE"
      }
    },
    {
      "subId": 1301307,
      "mainId": 13013,
      "order": 11,
      "descTextMapHash": 203312380,
      "acceptCondComb": "LOGIC_NONE",
      "finishCondComb": "LOGIC_NONE",
      "acceptCond": [
        {
          "type": "QUEST_COND_STATE_EQUAL",
          "param": [1301306, 3],
          "param_str": ""
        }
      ],
      "finishCond": [
        {
          "type": "QUEST_CONTENT_COMPLETE_TALK",
          "param": [1301304, 0],
          "param_str": ""
        }
      ],
      "failCond": [],
      "beginExec": [],
      "finishExec": [
        {
          "type": "QUEST_EXEC_UNREGISTER_DYNAMIC_GROUP",
          "param": ["133304442", "0"],
          "param_str": ""
        }
      ],
      "failExec": [],
      "guide": {
        "type": "QUEST_GUIDE_LOCATION",
        "autoGuide": "QUEST_GUIDE_AUTO_ENABLE",
        "param": ["Q13013BaseClubMemberA"],
        "guideScene": 3,
        "guideStyle": "QUEST_GUIDE_STYLE_POINT",
        "guideLayer": "QUEST_GUIDE_LAYER_SCENE"
      }
    },
    {
      "subId": 1301308,
      "mainId": 13013,
      "order": 4,
      "descTextMapHash": 3846069084,
      "acceptCondComb": "LOGIC_NONE",
      "finishCondComb": "LOGIC_NONE",
      "acceptCond": [
        {
          "type": "QUEST_COND_STATE_EQUAL",
          "param": [1301303, 3],
          "param_str": ""
        }
      ],
      "finishCond": [
        {
          "type": "QUEST_CONTENT_COMPLETE_TALK",
          "param": [1301306, 0],
          "param_str": ""
        }
      ],
      "failCond": [],
      "beginExec": [],
      "finishExec": [],
      "failExec": [],
      "guide": {
        "type": "QUEST_GUIDE_LOCATION",
        "autoGuide": "QUEST_GUIDE_AUTO_ENABLE",
        "param": ["Q13013BasePos", "20"],
        "guideScene": 3,
        "guideStyle": "QUEST_GUIDE_STYLE_TARGET",
        "guideLayer": "QUEST_GUIDE_LAYER_SCENE"
      }
    },
    {
      "subId": 1301309,
      "mainId": 13013,
      "order": 6,
      "descTextMapHash": 535055276,
      "acceptCondComb": "LOGIC_NONE",
      "finishCondComb": "LOGIC_NONE",
      "acceptCond": [
        {
          "type": "QUEST_COND_STATE_EQUAL",
          "param": [1301304, 3],
          "param_str": ""
        }
      ],
      "finishCond": [
        {
          "type": "QUEST_CONTENT_COMPLETE_TALK",
          "param": [1301314, 0],
          "param_str": ""
        }
      ],
      "failCond": [],
      "beginExec": [],
      "finishExec": [],
      "failExec": [],
      "guide": {
        "type": "QUEST_GUIDE_LOCATION",
        "autoGuide": "QUEST_GUIDE_AUTO_ENABLE",
        "param": ["Q13013MemberAEventA"],
        "guideScene": 3,
        "guideStyle": "QUEST_GUIDE_STYLE_POINT",
        "guideLayer": "QUEST_GUIDE_LAYER_SCENE"
      }
    },
    {
      "subId": 1301310,
      "mainId": 13013,
      "order": 7,
      "descTextMapHash": 1397124020,
      "acceptCondComb": "LOGIC_NONE",
      "finishCondComb": "LOGIC_NONE",
      "acceptCond": [
        {
          "type": "QUEST_COND_STATE_EQUAL",
          "param": [1301309, 3],
          "param_str": ""
        }
      ],
      "finishCond": [
        {
          "type": "QUEST_CONTENT_COMPLETE_TALK",
          "param": [1301316, 0],
          "param_str": ""
        }
      ],
      "failCond": [],
      "beginExec": [
        {
          "type": "QUEST_EXEC_REGISTER_DYNAMIC_GROUP",
          "param": ["3", "133304442"],
          "param_str": ""
        }
      ],
      "finishExec": [],
      "failExec": [],
      "guide": {
        "type": "QUEST_GUIDE_LOCATION",
        "autoGuide": "QUEST_GUIDE_AUTO_ENABLE",
        "param": ["Q13013PreBattleEventAPlayer"],
        "guideScene": 3,
        "guideStyle": "QUEST_GUIDE_STYLE_POINT",
        "guideLayer": "QUEST_GUIDE_LAYER_SCENE"
      }
    },
    {
      "subId": 1301311,
      "mainId": 13013,
      "order": 8,
      "descTextMapHash": 1331489212,
      "failCondComb": "QUEST_HIDDEN",
      "acceptCondComb": "LOGIC_NONE",
      "showGuide": "QUEST_GUIDE_ITEM_DISABLE",
      "finishCondComb": "LOGIC_NONE",
      "failParentShow": "QUEST_HIDDEN",
      "acceptCond": [
        {
          "type": "QUEST_COND_STATE_EQUAL",
          "param": [1301309, 3],
          "param_str": ""
        }
      ],
      "finishCond": [
        {
          "type": "QUEST_CONTENT_FINISH_PLOT",
          "param": [1301311, 0],
          "param_str": ""
        }
      ],
      "failCond": [],
      "beginExec": [],
      "finishExec": [
        {
          "type": "QUEST_EXEC_REGISTER_DYNAMIC_GROUP",
          "param": ["3", "133304442"],
          "param_str": ""
        }
      ],
      "failExec": [],
      "guide": {}
    }
  ],
  "talks": [
    {
      "id": 1301301,
      "beginWay": "TALK_BEGIN_MANUAL",
      "activeMode": "PLAY_MODE_SINGLE",
      "beginCond": [
        {
          "type": "QUEST_COND_STATE_EQUAL",
          "param": ["1301302", "2"],
          "param_str": ""
        }
      ],
      "priority": 5,
      "initDialog": 130130101,
      "npcId": [12839],
      "performCfg": "QuestDialogue/LQ/Nahida1_13013/Q1301301",
      "heroTalk": "TALK_HERO_MAIN",
      "questId": 13013,
      "prePerformCfg": ""
    },
    {
      "id": 1301302,
      "beginWay": "TALK_BEGIN_MANUAL",
      "activeMode": "PLAY_MODE_SINGLE",
      "beginCond": [
        {
          "type": "QUEST_COND_STATE_EQUAL",
          "param": ["1301303", "2"],
          "param_str": ""
        }
      ],
      "priority": 5,
      "nextTalks": [1301305],
      "initDialog": 130130201,
      "npcId": [12839],
      "performCfg": "QuestDialogue/LQ/Nahida1_13013/Q1301302",
      "heroTalk": "TALK_HERO_MAIN",
      "questId": 13013,
      "prePerformCfg": ""
    },
    {
      "id": 1301303,
      "beginWay": "TALK_BEGIN_MANUAL",
      "activeMode": "PLAY_MODE_SINGLE",
      "beginCond": [
        {
          "type": "QUEST_COND_STATE_EQUAL",
          "param": ["1301306", "2"],
          "param_str": ""
        }
      ],
      "priority": 5,
      "initDialog": 130130301,
      "npcId": [12840],
      "performCfg": "QuestDialogue/LQ/Nahida1_13013/Q1301303",
      "heroTalk": "TALK_HERO_MAIN",
      "questId": 13013,
      "prePerformCfg": "",
      "lockGameTime": true
    },
    {
      "id": 1301304,
      "beginWay": "TALK_BEGIN_MANUAL",
      "activeMode": "PLAY_MODE_SINGLE",
      "beginCond": [
        {
          "type": "QUEST_COND_STATE_EQUAL",
          "param": ["1301307", "2"],
          "param_str": ""
        }
      ],
      "priority": 5,
      "initDialog": 130130401,
      "npcId": [12839],
      "performCfg": "QuestDialogue/LQ/Nahida1_13013/Q1301304",
      "heroTalk": "TALK_HERO_MAIN",
      "questId": 13013,
      "prePerformCfg": ""
    },
    {
      "id": 1301305,
      "activeMode": "PLAY_MODE_SINGLE",
      "beginCond": [
        {
          "type": "QUEST_COND_STATE_EQUAL",
          "param": ["1301303", "2"],
          "param_str": ""
        }
      ],
      "priority": 5,
      "initDialog": 130130501,
      "npcId": [12839, 1056, 12840, 12951],
      "performCfg": "QuestDialogue/LQ/Nahida1_13013/Q1301305",
      "heroTalk": "TALK_HERO_MAIN",
      "questId": 13013,
      "prePerformCfg": ""
    },
    {
      "id": 1301306,
      "beginWay": "TALK_BEGIN_MANUAL",
      "activeMode": "PLAY_MODE_SINGLE",
      "beginCond": [
        {
          "type": "QUEST_COND_STATE_EQUAL",
          "param": ["1301308", "2"],
          "param_str": ""
        }
      ],
      "priority": 5,
      "initDialog": 130130601,
      "npcId": [12840],
      "performCfg": "QuestDialogue/LQ/Nahida1_13013/Q1301306",
      "heroTalk": "TALK_HERO_MAIN",
      "questId": 13013,
      "prePerformCfg": ""
    },
    {
      "id": 1301307,
      "beginWay": "TALK_BEGIN_MANUAL",
      "activeMode": "PLAY_MODE_SINGLE",
      "beginCondComb": "LOGIC_OR",
      "beginCond": [
        {
          "type": "QUEST_COND_STATE_EQUAL",
          "param": ["1301304", "2"],
          "param_str": ""
        },
        {
          "type": "QUEST_COND_STATE_EQUAL",
          "param": ["1301309", "2"],
          "param_str": ""
        },
        {
          "type": "QUEST_COND_STATE_EQUAL",
          "param": ["1301305", "2"],
          "param_str": ""
        },
        {
          "type": "QUEST_COND_STATE_EQUAL",
          "param": ["1301306", "2"],
          "param_str": ""
        },
        {
          "type": "QUEST_COND_STATE_EQUAL",
          "param": ["1301310", "2"],
          "param_str": ""
        },
        {
          "type": "QUEST_COND_STATE_EQUAL",
          "param": ["1301307", "2"],
          "param_str": ""
        }
      ],
      "priority": 5,
      "initDialog": 130130701,
      "npcId": [12843],
      "performCfg": "QuestDialogue/LQ/Nahida1_13013/Q1301307",
      "heroTalk": "TALK_HERO_MAIN",
      "questId": 13013,
      "prePerformCfg": ""
    },
    {
      "id": 1301308,
      "beginWay": "TALK_BEGIN_MANUAL",
      "activeMode": "PLAY_MODE_SINGLE",
      "beginCondComb": "LOGIC_OR",
      "beginCond": [
        {
          "type": "QUEST_COND_STATE_EQUAL",
          "param": ["1301308", "2"],
          "param_str": ""
        },
        {
          "type": "QUEST_COND_STATE_EQUAL",
          "param": ["1301304", "2"],
          "param_str": ""
        },
        {
          "type": "QUEST_COND_STATE_EQUAL",
          "param": ["1301305", "2"],
          "param_str": ""
        },
        {
          "type": "QUEST_COND_STATE_EQUAL",
          "param": ["1301306", "2"],
          "param_str": ""
        },
        {
          "type": "QUEST_COND_STATE_EQUAL",
          "param": ["1301310", "2"],
          "param_str": ""
        }
      ],
      "priority": 5,
      "initDialog": 130130801,
      "npcId": [12839],
      "performCfg": "QuestDialogue/LQ/Nahida1_13013/Q1301308",
      "heroTalk": "TALK_HERO_MAIN",
      "questId": 13013,
      "prePerformCfg": ""
    },
    {
      "id": 1301309,
      "beginWay": "TALK_BEGIN_MANUAL",
      "activeMode": "PLAY_MODE_SINGLE",
      "beginCondComb": "LOGIC_OR",
      "beginCond": [
        {
          "type": "QUEST_COND_STATE_EQUAL",
          "param": ["1301308", "2"],
          "param_str": ""
        },
        {
          "type": "QUEST_COND_STATE_EQUAL",
          "param": ["1301304", "2"],
          "param_str": ""
        },
        {
          "type": "QUEST_COND_STATE_EQUAL",
          "param": ["1301305", "2"],
          "param_str": ""
        },
        {
          "type": "QUEST_COND_STATE_EQUAL",
          "param": ["1301306", "2"],
          "param_str": ""
        },
        {
          "type": "QUEST_COND_STATE_EQUAL",
          "param": ["1301310", "2"],
          "param_str": ""
        },
        {
          "type": "QUEST_COND_STATE_EQUAL",
          "param": ["1301307", "2"],
          "param_str": ""
        }
      ],
      "priority": 5,
      "initDialog": 130130901,
      "npcId": [12842],
      "performCfg": "QuestDialogue/LQ/Nahida1_13013/Q1301309",
      "heroTalk": "TALK_HERO_MAIN",
      "questId": 13013,
      "prePerformCfg": ""
    },
    {
      "id": 1301310,
      "beginWay": "TALK_BEGIN_MANUAL",
      "activeMode": "PLAY_MODE_SINGLE",
      "beginCondComb": "LOGIC_OR",
      "beginCond": [
        {
          "type": "QUEST_COND_STATE_EQUAL",
          "param": ["1301308", "2"],
          "param_str": ""
        },
        {
          "type": "QUEST_COND_STATE_EQUAL",
          "param": ["1301304", "2"],
          "param_str": ""
        },
        {
          "type": "QUEST_COND_STATE_EQUAL",
          "param": ["1301305", "2"],
          "param_str": ""
        },
        {
          "type": "QUEST_COND_STATE_EQUAL",
          "param": ["1301306", "2"],
          "param_str": ""
        },
        {
          "type": "QUEST_COND_STATE_EQUAL",
          "param": ["1301310", "2"],
          "param_str": ""
        },
        {
          "type": "QUEST_COND_STATE_EQUAL",
          "param": ["1301307", "2"],
          "param_str": ""
        }
      ],
      "priority": 5,
      "initDialog": 130131001,
      "npcId": [12967],
      "performCfg": "QuestDialogue/LQ/Nahida1_13013/Q1301310",
      "heroTalk": "TALK_HERO_MAIN",
      "questId": 13013,
      "prePerformCfg": ""
    },
    {
      "id": 1301311,
      "beginWay": "TALK_BEGIN_MANUAL",
      "activeMode": "PLAY_MODE_SINGLE",
      "beginCond": [
        {
          "type": "QUEST_COND_STATE_EQUAL",
          "param": ["99902", "3"],
          "param_str": ""
        }
      ],
      "priority": 5,
      "initDialog": 130131101,
      "npcId": [12843],
      "performCfg": "QuestDialogue/LQ/Nahida1_13013/Q1301311",
      "heroTalk": "TALK_HERO_MAIN",
      "questId": 13013,
      "prePerformCfg": ""
    },
    {
      "id": 1301312,
      "beginWay": "TALK_BEGIN_MANUAL",
      "activeMode": "PLAY_MODE_SINGLE",
      "beginCond": [
        {
          "type": "QUEST_COND_STATE_EQUAL",
          "param": ["99902", "3"],
          "param_str": ""
        }
      ],
      "priority": 5,
      "initDialog": 130131201,
      "npcId": [12842],
      "performCfg": "QuestDialogue/LQ/Nahida1_13013/Q1301312",
      "heroTalk": "TALK_HERO_MAIN",
      "questId": 13013,
      "prePerformCfg": ""
    },
    {
      "id": 1301313,
      "beginWay": "TALK_BEGIN_MANUAL",
      "activeMode": "PLAY_MODE_SINGLE",
      "beginCond": [
        {
          "type": "QUEST_COND_STATE_EQUAL",
          "param": ["99902", "3"],
          "param_str": ""
        }
      ],
      "priority": 5,
      "initDialog": 130131301,
      "npcId": [12967],
      "performCfg": "QuestDialogue/LQ/Nahida1_13013/Q1301313",
      "heroTalk": "TALK_HERO_MAIN",
      "questId": 13013,
      "prePerformCfg": ""
    },
    {
      "id": 1301314,
      "beginWay": "TALK_BEGIN_MANUAL",
      "activeMode": "PLAY_MODE_SINGLE",
      "beginCond": [
        {
          "type": "QUEST_COND_STATE_EQUAL",
          "param": ["1301309", "2"],
          "param_str": ""
        }
      ],
      "priority": 5,
      "initDialog": 130131401,
      "npcId": [12840],
      "performCfg": "QuestDialogue/LQ/Nahida1_13013/Q1301314",
      "heroTalk": "TALK_HERO_MAIN",
      "questId": 13013,
      "prePerformCfg": "",
      "lockGameTime": true
    },
    {
      "id": 1301315,
      "beginWay": "TALK_BEGIN_MANUAL",
      "activeMode": "PLAY_MODE_SINGLE",
      "beginCond": [
        {
          "type": "QUEST_COND_STATE_EQUAL",
          "param": ["1301308", "2"],
          "param_str": ""
        }
      ],
      "priority": 5,
      "initDialog": 130131501,
      "npcId": [1056, 12843],
      "performCfg": "QuestDialogue/LQ/Nahida1_13013/Q1301315",
      "heroTalk": "TALK_HERO_MAIN",
      "questId": 13013,
      "prePerformCfg": ""
    },
    {
      "id": 1301316,
      "beginWay": "TALK_BEGIN_MANUAL",
      "activeMode": "PLAY_MODE_SINGLE",
      "beginCond": [
        {
          "type": "QUEST_COND_STATE_EQUAL",
          "param": ["1301310", "2"],
          "param_str": ""
        }
      ],
      "priority": 5,
      "initDialog": 130131601,
      "npcId": [1056],
      "performCfg": "QuestDialogue/LQ/Nahida1_13013/Q1301316",
      "heroTalk": "TALK_HERO_MAIN",
      "questId": 13013,
      "prePerformCfg": ""
    }
  ]
}
