{
  "id": 13015,
  "type": "LQ",
  "series": 2034,
  "titleTextMapHash": 3717077759,
  "descTextMapHash": 2378893790,
  "luaPath": "Actor/Quest/LQ13015",
  "rewardIdList": [113015],
  "chapterId": 2034,
  "subQuests": [
    {
      "subId": 1301501,
      "mainId": 13015,
      "order": 1,
      "descTextMapHash": 3866498644,
      "acceptCondComb": "LOGIC_NONE",
      "finishCondComb": "LOGIC_NONE",
      "acceptCond": [
        {
          "type": "QUEST_COND_STATE_EQUAL",
          "param": [1301419, 3],
          "param_str": ""
        }
      ],
      "finishCond": [
        {
          "type": "QUEST_CONTENT_COMPLETE_TALK",
          "param": [1301501, 0],
          "param_str": ""
        }
      ],
      "failCond": [],
      "beginExec": [
        {
          "type": "QUEST_EXEC_REGISTER_DYNAMIC_GROUP",
          "param": ["3", "133302714"],
          "param_str": ""
        }
      ],
      "finishExec": [],
      "failExec": [],
      "guide": {
        "type": "QUEST_GUIDE_LOCATION",
        "autoGuide": "QUEST_GUIDE_AUTO_ENABLE",
        "param": ["Q13013BaseManager"],
        "guideScene": 3,
        "guideStyle": "QUEST_GUIDE_STYLE_POINT",
        "guideLayer": "QUEST_GUIDE_LAYER_SCENE"
      }
    },
    {
      "subId": 1301502,
      "mainId": 13015,
      "order": 2,
      "descTextMapHash": 3547620628,
      "acceptCondComb": "LOGIC_NONE",
      "finishCondComb": "LOGIC_NONE",
      "acceptCond": [
        {
          "type": "QUEST_COND_STATE_EQUAL",
          "param": [1301501, 3],
          "param_str": ""
        }
      ],
      "finishCond": [
        {
          "type": "QUEST_CONTENT_COMPLETE_TALK",
          "param": [1301502, 0],
          "param_str": ""
        }
      ],
      "failCond": [],
      "beginExec": [],
      "finishExec": [
        {
          "type": "QUEST_EXEC_UNREGISTER_DYNAMIC_GROUP",
          "param": ["133302714", "0"],
          "param_str": ""
        }
      ],
      "failExec": [],
      "guide": {
        "type": "QUEST_GUIDE_NPC",
        "autoGuide": "QUEST_GUIDE_AUTO_ENABLE",
        "param": ["4096"],
        "guideScene": 3,
        "guideStyle": "QUEST_GUIDE_STYLE_TARGET",
        "guideLayer": "QUEST_GUIDE_LAYER_SCENE"
      }
    },
    {
      "subId": 1301503,
      "mainId": 13015,
      "order": 3,
      "descTextMapHash": 894258356,
      "acceptCondComb": "LOGIC_NONE",
      "finishCondComb": "LOGIC_NONE",
      "acceptCond": [
        {
          "type": "QUEST_COND_STATE_EQUAL",
          "param": [1301502, 3],
          "param_str": ""
        }
      ],
      "finishCond": [
        {
          "type": "QUEST_CONTENT_COMPLETE_TALK",
          "param": [1301503, 0],
          "param_str": ""
        }
      ],
      "failCond": [],
      "beginExec": [
        {
          "type": "QUEST_EXEC_REGISTER_DYNAMIC_GROUP",
          "param": ["3", "133302723"],
          "param_str": ""
        }
      ],
      "finishExec": [
        {
          "type": "QUEST_EXEC_SET_GAME_TIME",
          "param": ["23", "0"],
          "param_str": ""
        }
      ],
      "failExec": [],
      "guide": {
        "type": "QUEST_GUIDE_LOCATION",
        "autoGuide": "QUEST_GUIDE_AUTO_ENABLE",
        "param": ["Q13015ClubFinNahida"],
        "guideScene": 3,
        "guideStyle": "QUEST_GUIDE_STYLE_POINT",
        "guideLayer": "QUEST_GUIDE_LAYER_SCENE"
      }
    },
    {
      "subId": 1301504,
      "mainId": 13015,
      "order": 4,
      "descTextMapHash": 770327212,
      "acceptCondComb": "LOGIC_NONE",
      "finishCondComb": "LOGIC_NONE",
      "acceptCond": [
        {
          "type": "QUEST_COND_STATE_EQUAL",
          "param": [1301503, 3],
          "param_str": ""
        }
      ],
      "finishCond": [
        {
          "type": "QUEST_CONTENT_COMPLETE_TALK",
          "param": [1301504, 0],
          "param_str": ""
        }
      ],
      "failCond": [],
      "beginExec": [
        {
          "type": "QUEST_EXEC_REGISTER_DYNAMIC_GROUP",
          "param": ["3", "133302723"],
          "param_str": ""
        }
      ],
      "finishExec": [
        {
          "type": "QUEST_EXEC_DEL_SCENE_TAG",
          "param": ["3", "1204"],
          "param_str": ""
        },
        {
          "type": "QUEST_EXEC_UNREGISTER_DYNAMIC_GROUP",
          "param": ["133302723", "0"],
          "param_str": ""
        },
        {
          "type": "QUEST_EXEC_SET_QUEST_GLOBAL_VAR",
          "param": ["1301501", "1"],
          "param_str": ""
        }
      ],
      "failExec": [],
      "guide": {
        "type": "QUEST_GUIDE_NPC",
        "autoGuide": "QUEST_GUIDE_AUTO_ENABLE",
        "param": ["1056"],
        "guideScene": 3,
        "guideStyle": "QUEST_GUIDE_STYLE_TARGET",
        "guideLayer": "QUEST_GUIDE_LAYER_SCENE"
      }
    }
  ],
  "talks": [
    {
      "id": 1301501,
      "beginWay": "TALK_BEGIN_MANUAL",
      "activeMode": "PLAY_MODE_SINGLE",
      "beginCond": [
        {
          "type": "QUEST_COND_STATE_EQUAL",
          "param": ["1301501", "2"],
          "param_str": ""
        }
      ],
      "priority": 5,
      "initDialog": 130150101,
      "npcId": [12839, 1056],
      "performCfg": "QuestDialogue/LQ/Nahida1_13015/Q1301501",
      "heroTalk": "TALK_HERO_MAIN",
      "questId": 13015,
      "prePerformCfg": ""
    },
    {
      "id": 1301502,
      "beginWay": "TALK_BEGIN_MANUAL",
      "activeMode": "PLAY_MODE_SINGLE",
      "beginCond": [
        {
          "type": "QUEST_COND_STATE_EQUAL",
          "param": ["1301502", "2"],
          "param_str": ""
        }
      ],
      "priority": 5,
      "initDialog": 130150201,
      "npcId": [4096, 1056],
      "performCfg": "QuestDialogue/LQ/Nahida1_13015/Q1301502",
      "heroTalk": "TALK_HERO_MAIN",
      "questId": 13015,
      "prePerformCfg": ""
    },
    {
      "id": 1301503,
      "beginWay": "TALK_BEGIN_MANUAL",
      "activeMode": "PLAY_MODE_SINGLE",
      "beginCond": [
        {
          "type": "QUEST_COND_STATE_EQUAL",
          "param": ["1301503", "2"],
          "param_str": ""
        }
      ],
      "priority": 5,
      "initDialog": 130150301,
      "npcId": [1056],
      "performCfg": "QuestDialogue/LQ/Nahida1_13015/Q1301503",
      "heroTalk": "TALK_HERO_MAIN",
      "questId": 13015,
      "prePerformCfg": ""
    },
    {
      "id": 1301504,
      "beginWay": "TALK_BEGIN_AUTO",
      "activeMode": "PLAY_MODE_SINGLE",
      "beginCond": [
        {
          "type": "QUEST_COND_STATE_EQUAL",
          "param": ["1301504", "2"],
          "param_str": ""
        }
      ],
      "priority": 5,
      "initDialog": 130150401,
      "npcId": [1056],
      "performCfg": "QuestDialogue/LQ/Nahida1_13015/Q1301504",
      "heroTalk": "TALK_HERO_MAIN",
      "questId": 13015,
      "prePerformCfg": "",
      "lockGameTime": true
    },
    {
      "id": 1301505,
      "beginWay": "TALK_BEGIN_MANUAL",
      "activeMode": "PLAY_MODE_SINGLE",
      "beginCond": [
        {
          "type": "QUEST_COND_STATE_EQUAL",
          "param": ["1301504", "2"],
          "param_str": ""
        }
      ],
      "priority": 5,
      "initDialog": 130150501,
      "npcId": [12840, 12847],
      "performCfg": "QuestDialogue/LQ/Nahida1_13015/Q1301505",
      "heroTalk": "TALK_HERO_MAIN",
      "questId": 13015,
      "prePerformCfg": ""
    },
    {
      "id": 1301506,
      "beginWay": "TALK_BEGIN_MANUAL",
      "activeMode": "PLAY_MODE_SINGLE",
      "beginCond": [
        {
          "type": "QUEST_COND_STATE_EQUAL",
          "param": ["1301504", "2"],
          "param_str": ""
        }
      ],
      "priority": 5,
      "initDialog": 130150601,
      "npcId": [12990],
      "performCfg": "QuestDialogue/LQ/Nahida1_13015/Q1301506",
      "heroTalk": "TALK_HERO_MAIN",
      "questId": 13015,
      "prePerformCfg": ""
    },
    {
      "id": 1301507,
      "beginWay": "TALK_BEGIN_MANUAL",
      "activeMode": "PLAY_MODE_SINGLE",
      "beginCond": [
        {
          "type": "QUEST_COND_STATE_EQUAL",
          "param": ["1301504", "2"],
          "param_str": ""
        }
      ],
      "priority": 5,
      "initDialog": 130150701,
      "npcId": [12843, 12842],
      "performCfg": "QuestDialogue/LQ/Nahida1_13015/Q1301507",
      "heroTalk": "TALK_HERO_MAIN",
      "questId": 13015,
      "prePerformCfg": ""
    },
    {
      "id": 1301508,
      "beginWay": "TALK_BEGIN_MANUAL",
      "activeMode": "PLAY_MODE_SINGLE",
      "beginCond": [
        {
          "type": "QUEST_COND_STATE_EQUAL",
          "param": ["1301504", "2"],
          "param_str": ""
        }
      ],
      "priority": 5,
      "initDialog": 130150801,
      "npcId": [12850],
      "performCfg": "QuestDialogue/LQ/Nahida1_13015/Q1301508",
      "heroTalk": "TALK_HERO_MAIN",
      "questId": 13015,
      "prePerformCfg": ""
    },
    {
      "id": 1301509,
      "beginWay": "TALK_BEGIN_MANUAL",
      "activeMode": "PLAY_MODE_SINGLE",
      "beginCond": [
        {
          "type": "QUEST_COND_STATE_EQUAL",
          "param": ["1301504", "2"],
          "param_str": ""
        }
      ],
      "priority": 5,
      "initDialog": 130150901,
      "npcId": [12853, 12964],
      "performCfg": "QuestDialogue/LQ/Nahida1_13015/Q1301509",
      "heroTalk": "TALK_HERO_MAIN",
      "questId": 13015,
      "prePerformCfg": ""
    },
    {
      "id": 1301510,
      "beginWay": "TALK_BEGIN_MANUAL",
      "activeMode": "PLAY_MODE_SINGLE",
      "beginCondComb": "LOGIC_OR",
      "beginCond": [
        {
          "type": "QUEST_COND_STATE_EQUAL",
          "param": ["1301502", "2"],
          "param_str": ""
        },
        {
          "type": "QUEST_COND_STATE_EQUAL",
          "param": ["1301503", "2"],
          "param_str": ""
        }
      ],
      "priority": 5,
      "initDialog": 130151001,
      "npcId": [12843],
      "performCfg": "QuestDialogue/LQ/Nahida1_13015/Q1301510",
      "heroTalk": "TALK_HERO_MAIN",
      "questId": 13015,
      "prePerformCfg": ""
    },
    {
      "id": 1301512,
      "beginWay": "TALK_BEGIN_MANUAL",
      "activeMode": "PLAY_MODE_SINGLE",
      "beginCondComb": "LOGIC_OR",
      "beginCond": [
        {
          "type": "QUEST_COND_STATE_EQUAL",
          "param": ["1301502", "2"],
          "param_str": ""
        },
        {
          "type": "QUEST_COND_STATE_EQUAL",
          "param": ["1301503", "2"],
          "param_str": ""
        }
      ],
      "priority": 5,
      "initDialog": 130151201,
      "npcId": [12842],
      "performCfg": "QuestDialogue/LQ/Nahida1_13015/Q1301512",
      "heroTalk": "TALK_HERO_MAIN",
      "questId": 13015,
      "prePerformCfg": ""
    },
    {
      "id": 1301514,
      "beginWay": "TALK_BEGIN_MANUAL",
      "activeMode": "PLAY_MODE_SINGLE",
      "beginCondComb": "LOGIC_OR",
      "beginCond": [
        {
          "type": "QUEST_COND_STATE_EQUAL",
          "param": ["1301503", "2"],
          "param_str": ""
        }
      ],
      "priority": 5,
      "initDialog": 130151401,
      "npcId": [4096],
      "performCfg": "QuestDialogue/LQ/Nahida1_13015/Q1301514",
      "heroTalk": "TALK_HERO_MAIN",
      "questId": 13015,
      "prePerformCfg": ""
    },
    {
      "id": 1301516,
      "beginWay": "TALK_BEGIN_MANUAL",
      "activeMode": "PLAY_MODE_SINGLE",
      "beginCondComb": "LOGIC_OR",
      "beginCond": [
        {
          "type": "QUEST_COND_STATE_EQUAL",
          "param": ["1301504", "2"],
          "param_str": ""
        },
        {
          "type": "QUEST_COND_STATE_EQUAL",
          "param": ["1301502", "2"],
          "param_str": ""
        },
        {
          "type": "QUEST_COND_STATE_EQUAL",
          "param": ["1301503", "2"],
          "param_str": ""
        }
      ],
      "priority": 5,
      "initDialog": 130151601,
      "npcId": [12839],
      "performCfg": "QuestDialogue/LQ/Nahida1_13015/Q1301516",
      "heroTalk": "TALK_HERO_MAIN",
      "questId": 13015,
      "prePerformCfg": ""
    }
  ]
}
