{
  "id": 13012,
  "type": "LQ",
  "series": 2032,
  "titleTextMapHash": 660099895,
  "descTextMapHash": 3503283638,
  "luaPath": "Actor/Quest/LQ13012",
  "showType": "QUEST_HIDDEN",
  "subQuests": [
    {
      "subId": 1301201,
      "mainId": 13012,
      "order": 1,
      "descTextMapHash": 1140216572,
      "failCondComb": "QUEST_HIDDEN",
      "acceptCondComb": "LOGIC_NONE",
      "showGuide": "QUEST_GUIDE_ITEM_DISABLE",
      "finishCondComb": "LOGIC_OR",
      "failParentShow": "QUEST_HIDDEN",
      "acceptCond": [
        {
          "type": "QUEST_COND_STATE_EQUAL",
          "param": [1301118, 3],
          "param_str": ""
        }
      ],
      "finishCond": [
        {
          "type": "QUEST_CONTENT_LEAVE_SCENE_RANGE",
          "param": [3, 80],
          "param_str": "Q1300905_N1058"
        },
        {
          "type": "QUEST_CONTENT_ANY_MANUAL_TRANSPORT",
          "param": [0, 0],
          "param_str": ""
        },
        {
          "type": "QUEST_CONTENT_QUEST_STATE_EQUAL",
          "param": [7380021, 2],
          "param_str": ""
        }
      ],
      "failCond": [],
      "beginExec": [],
      "finishExec": [],
      "failExec": [],
      "guide": {}
    },
    {
      "subId": 1301202,
      "mainId": 13012,
      "order": 2,
      "descTextMapHash": 4027530148,
      "acceptCondComb": "LOGIC_NONE",
      "showGuide": "QUEST_GUIDE_ITEM_DISABLE",
      "finishCondComb": "LOGIC_NONE",
      "acceptCond": [
        {
          "type": "QUEST_COND_STATE_EQUAL",
          "param": [99902, 3],
          "param_str": ""
        }
      ],
      "finishCond": [
        {
          "type": "QUEST_CONTENT_FINISH_PLOT",
          "param": [1301202, 0],
          "param_str": ""
        }
      ],
      "failCond": [],
      "beginExec": [],
      "finishExec": [],
      "failExec": [],
      "guide": {}
    }
  ],
  "talks": [
    {
      "id": 1301202,
      "beginWay": "TALK_BEGIN_MANUAL",
      "activeMode": "PLAY_MODE_SINGLE",
      "beginCond": [
        {
          "type": "QUEST_COND_STATE_EQUAL",
          "param": ["1301201", "2"],
          "param_str": ""
        }
      ],
      "priority": 5,
      "initDialog": 130120201,
      "npcId": [1058],
      "performCfg": "QuestDialogue/LQ/Cyno_13012/Q1301202",
      "heroTalk": "TALK_HERO_MAIN",
      "questId": 13012,
      "prePerformCfg": "",
      "questIdleTalk": true
    }
  ]
}
