{
  "id": 13016,
  "type": "LQ",
  "series": 13000,
  "titleTextMapHash": 2140428879,
  "descTextMapHash": 1797340838,
  "luaPath": "Actor/Quest/LQ13016",
  "showType": "QUEST_HIDDEN",
  "subQuests": [
    {
      "subId": 1301601,
      "mainId": 13016,
      "order": 1,
      "descTextMapHash": 4263295804,
      "failCondComb": "QUEST_HIDDEN",
      "acceptCondComb": "LOGIC_NONE",
      "showGuide": "QUEST_GUIDE_ITEM_DISABLE",
      "finishCondComb": "LOGIC_NONE",
      "acceptCond": [
        {
          "type": "QUEST_COND_STATE_EQUAL",
          "param": [1300111, 3],
          "param_str": ""
        }
      ],
      "finishCond": [
        {
          "type": "QUEST_CONTENT_QUEST_STATE_EQUAL",
          "param": [1300114, 3],
          "param_str": ""
        }
      ],
      "failCond": [
        {
          "type": "QUEST_CONTENT_GADGET_STATE_CHANGE",
          "param": [133302029, 29003],
          "param_str": "0"
        }
      ],
      "beginExec": [],
      "finishExec": [],
      "failExec": [],
      "guide": {}
    },
    {
      "subId": 1301602,
      "mainId": 13016,
      "order": 2,
      "descTextMapHash": 1241222732,
      "failCondComb": "QUEST_HIDDEN",
      "acceptCondComb": "LOGIC_NONE",
      "showGuide": "QUEST_GUIDE_ITEM_DISABLE",
      "finishCondComb": "LOGIC_NONE",
      "acceptCond": [
        {
          "type": "QUEST_COND_STATE_EQUAL",
          "param": [1301601, 4],
          "param_str": ""
        }
      ],
      "finishCond": [
        {
          "type": "QUEST_CONTENT_QUEST_STATE_EQUAL",
          "param": [1300114, 3],
          "param_str": ""
        }
      ],
      "failCond": [
        {
          "type": "QUEST_CONTENT_GADGET_STATE_CHANGE",
          "param": [133302029, 29003],
          "param_str": "201"
        }
      ],
      "beginExec": [],
      "finishExec": [],
      "failExec": [
        {
          "type": "QUEST_EXEC_ROLLBACK_QUEST",
          "param": ["1301601", "0"],
          "param_str": ""
        }
      ],
      "guide": {}
    }
  ]
}
