{
  "id": 13010,
  "type": "LQ",
  "series": 2032,
  "titleTextMapHash": 1058219111,
  "descTextMapHash": 2158871038,
  "luaPath": "Actor/Quest/LQ13010",
  "suggestTrackMainQuestList": [13011],
  "rewardIdList": [113010],
  "chapterId": 2032,
  "subQuests": [
    {
      "subId": 1301001,
      "mainId": 13010,
      "order": 1,
      "descTextMapHash": 3745289508,
      "acceptCondComb": "LOGIC_NONE",
      "finishCondComb": "LOGIC_NONE",
      "acceptCond": [
        {
          "type": "QUEST_COND_STATE_EQUAL",
          "param": [1300909, 3],
          "param_str": ""
        }
      ],
      "finishCond": [
        {
          "type": "QUEST_CONTENT_FINISH_PLOT",
          "param": [1301001, 0],
          "param_str": ""
        }
      ],
      "failCond": [],
      "beginExec": [
        {
          "type": "QUEST_EXEC_REGISTER_DYNAMIC_GROUP",
          "param": ["3", "133308029"],
          "param_str": ""
        },
        {
          "type": "QUEST_EXEC_REGISTER_DYNAMIC_GROUP",
          "param": ["3", "133308030"],
          "param_str": ""
        }
      ],
      "finishExec": [
        {
          "type": "QUEST_EXEC_UNREGISTER_DYNAMIC_GROUP",
          "param": ["133308029", "0"],
          "param_str": ""
        }
      ],
      "failExec": [],
      "guide": {
        "type": "QUEST_GUIDE_LOCATION",
        "param": ["Q1301001"],
        "guideScene": 3,
        "guideStyle": "QUEST_GUIDE_STYLE_POINT",
        "guideLayer": "QUEST_GUIDE_LAYER_SCENE"
      }
    },
    {
      "subId": 1301002,
      "mainId": 13010,
      "order": 2,
      "descTextMapHash": 2215698748,
      "acceptCondComb": "LOGIC_NONE",
      "finishCondComb": "LOGIC_NONE",
      "acceptCond": [
        {
          "type": "QUEST_COND_STATE_EQUAL",
          "param": [1301001, 3],
          "param_str": ""
        }
      ],
      "finishCond": [
        {
          "type": "QUEST_CONTENT_COMPLETE_TALK",
          "param": [1301002, 0],
          "param_str": ""
        }
      ],
      "failCond": [],
      "beginExec": [],
      "finishExec": [],
      "failExec": [],
      "guide": {
        "type": "QUEST_GUIDE_NPC",
        "param": ["1058"],
        "guideScene": 3,
        "guideStyle": "QUEST_GUIDE_STYLE_TARGET",
        "guideLayer": "QUEST_GUIDE_LAYER_SCENE"
      }
    },
    {
      "subId": 1301003,
      "mainId": 13010,
      "order": 4,
      "descTextMapHash": 1151375020,
      "acceptCondComb": "LOGIC_NONE",
      "finishCondComb": "LOGIC_NONE",
      "acceptCond": [
        {
          "type": "QUEST_COND_STATE_EQUAL",
          "param": [1301002, 3],
          "param_str": ""
        }
      ],
      "finishCond": [
        {
          "type": "QUEST_CONTENT_LUA_NOTIFY",
          "param": [0, 0],
          "param_str": "1301003",
          "count": 1
        }
      ],
      "failCond": [],
      "beginExec": [
        {
          "type": "QUEST_EXEC_REGISTER_DYNAMIC_GROUP_ONLY",
          "param": ["133308030", "0"],
          "param_str": ""
        },
        {
          "type": "QUEST_EXEC_REFRESH_GROUP_SUITE",
          "param": ["3", "133308030,1"],
          "param_str": ""
        }
      ],
      "finishExec": [
        {
          "type": "QUEST_EXEC_UNREGISTER_DYNAMIC_GROUP",
          "param": ["133308030", "0"],
          "param_str": ""
        }
      ],
      "failExec": [],
      "guide": {
        "type": "QUEST_GUIDE_LOCATION",
        "param": ["Q1301001", "30"],
        "guideScene": 3,
        "guideStyle": "QUEST_GUIDE_STYLE_POINT",
        "guideLayer": "QUEST_GUIDE_LAYER_SCENE"
      }
    },
    {
      "subId": 1301004,
      "mainId": 13010,
      "order": 5,
      "descTextMapHash": 4192183588,
      "acceptCondComb": "LOGIC_NONE",
      "finishCondComb": "LOGIC_NONE",
      "acceptCond": [
        {
          "type": "QUEST_COND_STATE_EQUAL",
          "param": [1301003, 3],
          "param_str": ""
        }
      ],
      "finishCond": [
        {
          "type": "QUEST_CONTENT_COMPLETE_TALK",
          "param": [1301004, 0],
          "param_str": ""
        }
      ],
      "failCond": [],
      "beginExec": [
        {
          "type": "QUEST_EXEC_REGISTER_DYNAMIC_GROUP",
          "param": ["3", "133308282"],
          "param_str": ""
        }
      ],
      "finishExec": [
        {
          "type": "QUEST_EXEC_UNREGISTER_DYNAMIC_GROUP",
          "param": ["133308282", "1"],
          "param_str": ""
        }
      ],
      "failExec": [],
      "guide": {
        "type": "QUEST_GUIDE_LOCATION",
        "param": ["Q1301001", "30"],
        "guideScene": 3,
        "guideStyle": "QUEST_GUIDE_STYLE_POINT",
        "guideLayer": "QUEST_GUIDE_LAYER_SCENE"
      }
    },
    {
      "subId": 1301005,
      "mainId": 13010,
      "order": 6,
      "descTextMapHash": 3610923036,
      "acceptCondComb": "LOGIC_NONE",
      "finishCondComb": "LOGIC_NONE",
      "acceptCond": [
        {
          "type": "QUEST_COND_STATE_EQUAL",
          "param": [1301004, 3],
          "param_str": ""
        }
      ],
      "finishCond": [
        {
          "type": "QUEST_CONTENT_FINISH_PLOT",
          "param": [1301005, 0],
          "param_str": ""
        }
      ],
      "failCond": [],
      "beginExec": [],
      "finishExec": [],
      "failExec": [],
      "guide": {
        "type": "QUEST_GUIDE_LOCATION",
        "param": ["C1301006_guide"],
        "guideScene": 3,
        "guideStyle": "QUEST_GUIDE_STYLE_POINT",
        "guideLayer": "QUEST_GUIDE_LAYER_SCENE"
      }
    },
    {
      "subId": 1301006,
      "mainId": 13010,
      "order": 7,
      "descTextMapHash": 3073940972,
      "acceptCondComb": "LOGIC_NONE",
      "finishCondComb": "LOGIC_NONE",
      "acceptCond": [
        {
          "type": "QUEST_COND_STATE_EQUAL",
          "param": [1301005, 3],
          "param_str": ""
        }
      ],
      "finishCond": [
        {
          "type": "QUEST_CONTENT_LUA_NOTIFY",
          "param": [0, 0],
          "param_str": "1301006",
          "count": 1
        }
      ],
      "failCond": [],
      "beginExec": [
        {
          "type": "QUEST_EXEC_REGISTER_DYNAMIC_GROUP",
          "param": ["3", "133308281"],
          "param_str": ""
        }
      ],
      "finishExec": [
        {
          "type": "QUEST_EXEC_UNREGISTER_DYNAMIC_GROUP",
          "param": ["133308281", "0"],
          "param_str": ""
        }
      ],
      "failExec": [],
      "guide": {
        "type": "QUEST_GUIDE_LOCATION",
        "param": ["C1301006_guide", "20"],
        "guideScene": 3,
        "guideStyle": "QUEST_GUIDE_STYLE_POINT",
        "guideLayer": "QUEST_GUIDE_LAYER_SCENE"
      }
    },
    {
      "subId": 1301007,
      "mainId": 13010,
      "order": 17,
      "descTextMapHash": 2835783556,
      "acceptCondComb": "LOGIC_NONE",
      "finishCondComb": "LOGIC_NONE",
      "acceptCond": [
        {
          "type": "QUEST_COND_STATE_EQUAL",
          "param": [1301011, 3],
          "param_str": ""
        }
      ],
      "finishCond": [
        {
          "type": "QUEST_CONTENT_FINISH_PLOT",
          "param": [1301007, 0],
          "param_str": ""
        }
      ],
      "failCond": [],
      "beginExec": [
        {
          "type": "QUEST_EXEC_REGISTER_DYNAMIC_GROUP",
          "param": ["3", "133303402"],
          "param_str": ""
        },
        {
          "type": "QUEST_EXEC_REFRESH_GROUP_SUITE",
          "param": ["3", "133303402,1"],
          "param_str": ""
        }
      ],
      "finishExec": [],
      "failExec": [],
      "guide": {
        "type": "QUEST_GUIDE_LOCATION",
        "param": ["Q1301011", "30"],
        "guideScene": 3,
        "guideStyle": "QUEST_GUIDE_STYLE_POINT",
        "guideLayer": "QUEST_GUIDE_LAYER_SCENE"
      }
    },
    {
      "subId": 1301008,
      "mainId": 13010,
      "order": 18,
      "descTextMapHash": 4210764340,
      "acceptCondComb": "LOGIC_NONE",
      "finishCondComb": "LOGIC_NONE",
      "acceptCond": [
        {
          "type": "QUEST_COND_STATE_EQUAL",
          "param": [1301007, 3],
          "param_str": ""
        }
      ],
      "finishCond": [
        {
          "type": "QUEST_CONTENT_COMPLETE_TALK",
          "param": [1301008, 0],
          "param_str": ""
        }
      ],
      "failCond": [],
      "beginExec": [],
      "finishExec": [
        {
          "type": "QUEST_EXEC_UNREGISTER_DYNAMIC_GROUP",
          "param": ["133303402", "0"],
          "param_str": ""
        }
      ],
      "failExec": [],
      "guide": {
        "type": "QUEST_GUIDE_NPC",
        "param": ["1058"],
        "guideScene": 3,
        "guideStyle": "QUEST_GUIDE_STYLE_TARGET",
        "guideLayer": "QUEST_GUIDE_LAYER_SCENE"
      }
    },
    {
      "subId": 1301009,
      "mainId": 13010,
      "order": 8,
      "descTextMapHash": 1478253652,
      "acceptCondComb": "LOGIC_NONE",
      "finishCondComb": "LOGIC_NONE",
      "acceptCond": [
        {
          "type": "QUEST_COND_STATE_EQUAL",
          "param": [1301006, 3],
          "param_str": ""
        }
      ],
      "finishCond": [
        {
          "type": "QUEST_CONTENT_COMPLETE_TALK",
          "param": [1301006, 0],
          "param_str": ""
        }
      ],
      "failCond": [],
      "beginExec": [
        {
          "type": "QUEST_EXEC_REGISTER_DYNAMIC_GROUP",
          "param": ["3", "133308031"],
          "param_str": ""
        }
      ],
      "finishExec": [],
      "failExec": [],
      "guide": {
        "type": "QUEST_GUIDE_LOCATION",
        "param": ["Q1301008"],
        "guideScene": 3,
        "guideStyle": "QUEST_GUIDE_STYLE_POINT",
        "guideLayer": "QUEST_GUIDE_LAYER_SCENE"
      }
    },
    {
      "subId": 1301010,
      "mainId": 13010,
      "order": 15,
      "descTextMapHash": 3717696924,
      "acceptCondComb": "LOGIC_NONE",
      "finishCondComb": "LOGIC_NONE",
      "acceptCond": [
        {
          "type": "QUEST_COND_STATE_EQUAL",
          "param": [1301013, 3],
          "param_str": ""
        }
      ],
      "finishCond": [
        {
          "type": "QUEST_CONTENT_COMPLETE_TALK",
          "param": [1301010, 0],
          "param_str": ""
        }
      ],
      "failCond": [],
      "beginExec": [
        {
          "type": "QUEST_EXEC_REGISTER_DYNAMIC_GROUP_ONLY",
          "param": ["133308031", "0"],
          "param_str": ""
        }
      ],
      "finishExec": [],
      "failExec": [],
      "guide": {
        "type": "QUEST_GUIDE_LOCATION",
        "param": ["Q1301010_N10000005"],
        "guideScene": 3,
        "guideStyle": "QUEST_GUIDE_STYLE_POINT",
        "guideLayer": "QUEST_GUIDE_LAYER_SCENE"
      }
    },
    {
      "subId": 1301011,
      "mainId": 13010,
      "order": 16,
      "descTextMapHash": 3282109740,
      "acceptCondComb": "LOGIC_NONE",
      "finishCondComb": "LOGIC_NONE",
      "acceptCond": [
        {
          "type": "QUEST_COND_STATE_EQUAL",
          "param": [1301010, 3],
          "param_str": ""
        }
      ],
      "finishCond": [
        {
          "type": "QUEST_CONTENT_COMPLETE_TALK",
          "param": [1301007, 0],
          "param_str": ""
        }
      ],
      "failCond": [],
      "beginExec": [
        {
          "type": "QUEST_EXEC_REGISTER_DYNAMIC_GROUP_ONLY",
          "param": ["133308031", "0"],
          "param_str": ""
        }
      ],
      "finishExec": [
        {
          "type": "QUEST_EXEC_UNREGISTER_DYNAMIC_GROUP",
          "param": ["133308031", "1"],
          "param_str": ""
        }
      ],
      "failExec": [],
      "guide": {
        "type": "QUEST_GUIDE_LOCATION",
        "param": ["Q1301008", "30"],
        "guideScene": 3,
        "guideStyle": "QUEST_GUIDE_STYLE_POINT",
        "guideLayer": "QUEST_GUIDE_LAYER_SCENE"
      }
    },
    {
      "subId": 1301012,
      "mainId": 13010,
      "order": 3,
      "descTextMapHash": 3844465652,
      "failCondComb": "QUEST_HIDDEN",
      "acceptCondComb": "LOGIC_NONE",
      "finishCondComb": "LOGIC_NONE",
      "failParentShow": "QUEST_HIDDEN",
      "acceptCond": [
        {
          "type": "QUEST_COND_STATE_EQUAL",
          "param": [1301001, 3],
          "param_str": ""
        }
      ],
      "finishCond": [
        {
          "type": "QUEST_CONTENT_FINISH_PLOT",
          "param": [1301012, 0],
          "param_str": ""
        }
      ],
      "failCond": [],
      "beginExec": [],
      "finishExec": [
        {
          "type": "QUEST_EXEC_REGISTER_DYNAMIC_GROUP_ONLY",
          "param": ["133308030", "0"],
          "param_str": ""
        },
        {
          "type": "QUEST_EXEC_REFRESH_GROUP_SUITE",
          "param": ["3", "133308030,3"],
          "param_str": ""
        }
      ],
      "failExec": [],
      "guide": {}
    },
    {
      "subId": 1301013,
      "mainId": 13010,
      "order": 14,
      "descTextMapHash": 836518068,
      "acceptCondComb": "LOGIC_NONE",
      "finishCondComb": "LOGIC_NONE",
      "acceptCond": [
        {
          "type": "QUEST_COND_STATE_EQUAL",
          "param": [1301014, 3],
          "param_str": ""
        }
      ],
      "finishCond": [
        {
          "type": "QUEST_CONTENT_COMPLETE_TALK",
          "param": [1301012, 0],
          "param_str": ""
        }
      ],
      "failCond": [],
      "beginExec": [
        {
          "type": "QUEST_EXEC_REGISTER_DYNAMIC_GROUP_ONLY",
          "param": ["133308031", "0"],
          "param_str": ""
        }
      ],
      "finishExec": [],
      "failExec": [],
      "guide": {
        "type": "QUEST_GUIDE_LOCATION",
        "param": ["Q1301008", "30"],
        "guideScene": 3,
        "guideStyle": "QUEST_GUIDE_STYLE_POINT",
        "guideLayer": "QUEST_GUIDE_LAYER_SCENE"
      }
    },
    {
      "subId": 1301014,
      "mainId": 13010,
      "order": 13,
      "descTextMapHash": 3553467596,
      "failCondComb": "QUEST_HIDDEN",
      "acceptCondComb": "LOGIC_NONE",
      "finishCondComb": "LOGIC_AND",
      "failParentShow": "QUEST_HIDDEN",
      "acceptCond": [
        {
          "type": "QUEST_COND_STATE_EQUAL",
          "param": [1301009, 3],
          "param_str": ""
        }
      ],
      "finishCond": [
        {
          "type": "QUEST_CONTENT_QUEST_STATE_EQUAL",
          "param": [1301018, 3],
          "param_str": ""
        },
        {
          "type": "QUEST_CONTENT_QUEST_STATE_EQUAL",
          "param": [1301017, 3],
          "param_str": ""
        },
        {
          "type": "QUEST_CONTENT_QUEST_STATE_EQUAL",
          "param": [1301016, 3],
          "param_str": ""
        },
        {
          "type": "QUEST_CONTENT_QUEST_STATE_EQUAL",
          "param": [1301015, 3],
          "param_str": ""
        }
      ],
      "failCond": [],
      "beginExec": [
        {
          "type": "QUEST_EXEC_REGISTER_DYNAMIC_GROUP_ONLY",
          "param": ["133308031", "0"],
          "param_str": ""
        },
        {
          "type": "QUEST_EXEC_REGISTER_DYNAMIC_GROUP_ONLY",
          "param": ["133308368", "0"],
          "param_str": ""
        }
      ],
      "finishExec": [
        {
          "type": "QUEST_EXEC_UNREGISTER_DYNAMIC_GROUP",
          "param": ["133308368", "0"],
          "param_str": ""
        }
      ],
      "failExec": [],
      "guide": {}
    },
    {
      "subId": 1301015,
      "mainId": 13010,
      "order": 12,
      "subIdSet": 1,
      "descTextMapHash": 2769972932,
      "acceptCondComb": "LOGIC_NONE",
      "finishCondComb": "LOGIC_NONE",
      "acceptCond": [
        {
          "type": "QUEST_COND_STATE_EQUAL",
          "param": [1301009, 3],
          "param_str": ""
        }
      ],
      "finishCond": [
        {
          "type": "QUEST_CONTENT_COMPLETE_TALK",
          "param": [1301016, 0],
          "param_str": ""
        }
      ],
      "failCond": [],
      "beginExec": [],
      "finishExec": [],
      "failExec": [],
      "guide": {
        "type": "QUEST_GUIDE_LOCATION",
        "param": ["Q1301015"],
        "guideScene": 3,
        "guideStyle": "QUEST_GUIDE_STYLE_TARGET",
        "guideLayer": "QUEST_GUIDE_LAYER_SCENE"
      }
    },
    {
      "subId": 1301016,
      "mainId": 13010,
      "order": 11,
      "subIdSet": 1,
      "descTextMapHash": 1993185748,
      "acceptCondComb": "LOGIC_NONE",
      "finishCondComb": "LOGIC_NONE",
      "acceptCond": [
        {
          "type": "QUEST_COND_STATE_EQUAL",
          "param": [1301009, 3],
          "param_str": ""
        }
      ],
      "finishCond": [
        {
          "type": "QUEST_CONTENT_COMPLETE_TALK",
          "param": [1301015, 0],
          "param_str": ""
        }
      ],
      "failCond": [],
      "beginExec": [],
      "finishExec": [],
      "failExec": [],
      "guide": {
        "type": "QUEST_GUIDE_LOCATION",
        "param": ["Q1301016"],
        "guideScene": 3,
        "guideStyle": "QUEST_GUIDE_STYLE_TARGET",
        "guideLayer": "QUEST_GUIDE_LAYER_SCENE"
      }
    },
    {
      "subId": 1301017,
      "mainId": 13010,
      "order": 10,
      "subIdSet": 1,
      "descTextMapHash": 2090209732,
      "acceptCondComb": "LOGIC_NONE",
      "finishCondComb": "LOGIC_NONE",
      "acceptCond": [
        {
          "type": "QUEST_COND_STATE_EQUAL",
          "param": [1301009, 3],
          "param_str": ""
        }
      ],
      "finishCond": [
        {
          "type": "QUEST_CONTENT_COMPLETE_TALK",
          "param": [1301014, 0],
          "param_str": ""
        }
      ],
      "failCond": [],
      "beginExec": [],
      "finishExec": [],
      "failExec": [],
      "guide": {
        "type": "QUEST_GUIDE_LOCATION",
        "param": ["Q1301017"],
        "guideScene": 3,
        "guideStyle": "QUEST_GUIDE_STYLE_TARGET",
        "guideLayer": "QUEST_GUIDE_LAYER_SCENE"
      }
    },
    {
      "subId": 1301018,
      "mainId": 13010,
      "order": 9,
      "subIdSet": 1,
      "descTextMapHash": 2369515676,
      "acceptCondComb": "LOGIC_NONE",
      "finishCondComb": "LOGIC_NONE",
      "acceptCond": [
        {
          "type": "QUEST_COND_STATE_EQUAL",
          "param": [1301009, 3],
          "param_str": ""
        }
      ],
      "finishCond": [
        {
          "type": "QUEST_CONTENT_COMPLETE_TALK",
          "param": [1301013, 0],
          "param_str": ""
        }
      ],
      "failCond": [],
      "beginExec": [
        {
          "type": "QUEST_EXEC_REGISTER_DYNAMIC_GROUP",
          "param": ["3", "133308368"],
          "param_str": ""
        }
      ],
      "finishExec": [
        {
          "type": "QUEST_EXEC_REFRESH_GROUP_SUITE",
          "param": ["3", "133308368,2"],
          "param_str": ""
        }
      ],
      "failExec": [],
      "guide": {
        "type": "QUEST_GUIDE_LOCATION",
        "param": ["Q1301018"],
        "guideScene": 3,
        "guideStyle": "QUEST_GUIDE_STYLE_TARGET",
        "guideLayer": "QUEST_GUIDE_LAYER_SCENE"
      }
    },
    {
      "subId": 1301019,
      "mainId": 13010,
      "order": 19,
      "descTextMapHash": 2684408852,
      "failCondComb": "QUEST_HIDDEN",
      "acceptCondComb": "LOGIC_NONE",
      "showGuide": "QUEST_GUIDE_ITEM_DISABLE",
      "finishCondComb": "LOGIC_NONE",
      "failParentShow": "QUEST_HIDDEN",
      "acceptCond": [
        {
          "type": "QUEST_COND_STATE_EQUAL",
          "param": [1301007, 3],
          "param_str": ""
        }
      ],
      "finishCond": [
        {
          "type": "QUEST_CONTENT_FINISH_PLOT",
          "param": [1301019, 0],
          "param_str": ""
        }
      ],
      "failCond": [],
      "beginExec": [],
      "finishExec": [
        {
          "type": "QUEST_EXEC_REFRESH_GROUP_SUITE",
          "param": ["3", "133303402,2"],
          "param_str": ""
        }
      ],
      "failExec": [],
      "guide": {}
    }
  ],
  "talks": [
    {
      "id": 1301002,
      "beginWay": "TALK_BEGIN_MANUAL",
      "activeMode": "PLAY_MODE_SINGLE",
      "beginCond": [
        {
          "type": "QUEST_COND_STATE_EQUAL",
          "param": ["1301002", "2"],
          "param_str": ""
        }
      ],
      "priority": 5,
      "initDialog": 130100201,
      "npcId": [1058],
      "performCfg": "QuestDialogue/LQ/Cyno_13010/Q1301002",
      "heroTalk": "TALK_HERO_MAIN",
      "questId": 13010,
      "prePerformCfg": "",
      "lockGameTime": true
    },
    {
      "id": 1301004,
      "beginWay": "TALK_BEGIN_MANUAL",
      "activeMode": "PLAY_MODE_SINGLE",
      "beginCond": [
        {
          "type": "QUEST_COND_STATE_EQUAL",
          "param": ["1301004", "2"],
          "param_str": ""
        }
      ],
      "priority": 5,
      "initDialog": 130100401,
      "npcId": [1058],
      "performCfg": "QuestDialogue/LQ/Cyno_13010/Q1301004",
      "heroTalk": "TALK_HERO_MAIN",
      "questId": 13010,
      "prePerformCfg": "",
      "lockGameTime": true
    },
    {
      "id": 1301006,
      "beginWay": "TALK_BEGIN_MANUAL",
      "activeMode": "PLAY_MODE_SINGLE",
      "beginCond": [
        {
          "type": "QUEST_COND_STATE_EQUAL",
          "param": ["1301009", "2"],
          "param_str": ""
        }
      ],
      "priority": 5,
      "initDialog": 130100601,
      "npcId": [1058],
      "performCfg": "QuestDialogue/LQ/Cyno_13010/Q1301006",
      "heroTalk": "TALK_HERO_MAIN",
      "questId": 13010,
      "prePerformCfg": ""
    },
    {
      "id": 1301007,
      "beginWay": "TALK_BEGIN_MANUAL",
      "activeMode": "PLAY_MODE_SINGLE",
      "beginCond": [
        {
          "type": "QUEST_COND_STATE_EQUAL",
          "param": ["1301011", "2"],
          "param_str": ""
        }
      ],
      "priority": 5,
      "initDialog": 130100701,
      "npcId": [1058, 12780],
      "performCfg": "QuestDialogue/LQ/Cyno_13010/Q1301007",
      "heroTalk": "TALK_HERO_MAIN",
      "questId": 13010,
      "prePerformCfg": ""
    },
    {
      "id": 1301008,
      "beginWay": "TALK_BEGIN_MANUAL",
      "activeMode": "PLAY_MODE_SINGLE",
      "beginCond": [
        {
          "type": "QUEST_COND_STATE_EQUAL",
          "param": ["1301008", "2"],
          "param_str": ""
        }
      ],
      "priority": 5,
      "initDialog": 130100801,
      "npcId": [12781, 12780, 1058],
      "performCfg": "QuestDialogue/LQ/Cyno_13010/Q1301008",
      "heroTalk": "TALK_HERO_MAIN",
      "questId": 13010,
      "prePerformCfg": ""
    },
    {
      "id": 1301010,
      "beginWay": "TALK_BEGIN_MANUAL",
      "activeMode": "PLAY_MODE_SINGLE",
      "beginCond": [
        {
          "type": "QUEST_COND_STATE_EQUAL",
          "param": ["1301010", "2"],
          "param_str": ""
        }
      ],
      "priority": 5,
      "initDialog": 130101001,
      "npcId": [1005],
      "performCfg": "QuestDialogue/LQ/Cyno_13010/Q1301010",
      "heroTalk": "TALK_HERO_MAIN",
      "questId": 13010,
      "prePerformCfg": ""
    },
    {
      "id": 1301011,
      "beginWay": "TALK_BEGIN_MANUAL",
      "activeMode": "PLAY_MODE_SINGLE",
      "beginCond": [
        {
          "type": "QUEST_COND_STATE_EQUAL",
          "param": ["1301010", "2"],
          "param_str": ""
        }
      ],
      "priority": 5,
      "initDialog": 130101101,
      "npcId": [1058],
      "performCfg": "QuestDialogue/LQ/Cyno_13010/Q1301011",
      "heroTalk": "TALK_HERO_MAIN",
      "questId": 13010,
      "prePerformCfg": ""
    },
    {
      "id": 1301012,
      "beginWay": "TALK_BEGIN_MANUAL",
      "activeMode": "PLAY_MODE_SINGLE",
      "beginCond": [
        {
          "type": "QUEST_COND_STATE_EQUAL",
          "param": ["1301013", "2"],
          "param_str": ""
        }
      ],
      "priority": 5,
      "initDialog": 130100610,
      "npcId": [1058],
      "performCfg": "QuestDialogue/LQ/Cyno_13010/Q1301012",
      "heroTalk": "TALK_HERO_MAIN",
      "questId": 13010,
      "prePerformCfg": ""
    },
    {
      "id": 1301013,
      "beginWay": "TALK_BEGIN_MANUAL",
      "activeMode": "PLAY_MODE_SINGLE",
      "beginCond": [
        {
          "type": "QUEST_COND_STATE_EQUAL",
          "param": ["1301018", "2"],
          "param_str": ""
        }
      ],
      "priority": 5,
      "initDialog": 130101301,
      "npcId": [12946],
      "performCfg": "",
      "heroTalk": "TALK_HERO_MAIN",
      "questId": 13010,
      "prePerformCfg": ""
    },
    {
      "id": 1301014,
      "beginWay": "TALK_BEGIN_MANUAL",
      "activeMode": "PLAY_MODE_SINGLE",
      "beginCond": [
        {
          "type": "QUEST_COND_STATE_EQUAL",
          "param": ["1301017", "2"],
          "param_str": ""
        }
      ],
      "priority": 5,
      "initDialog": 130101401,
      "npcId": [12948],
      "performCfg": "",
      "heroTalk": "TALK_HERO_MAIN",
      "questId": 13010,
      "prePerformCfg": ""
    },
    {
      "id": 1301015,
      "beginWay": "TALK_BEGIN_MANUAL",
      "activeMode": "PLAY_MODE_SINGLE",
      "beginCond": [
        {
          "type": "QUEST_COND_STATE_EQUAL",
          "param": ["1301016", "2"],
          "param_str": ""
        }
      ],
      "priority": 5,
      "initDialog": 130101501,
      "npcId": [12949],
      "performCfg": "",
      "heroTalk": "TALK_HERO_MAIN",
      "questId": 13010,
      "prePerformCfg": ""
    },
    {
      "id": 1301016,
      "beginWay": "TALK_BEGIN_MANUAL",
      "activeMode": "PLAY_MODE_SINGLE",
      "beginCond": [
        {
          "type": "QUEST_COND_STATE_EQUAL",
          "param": ["1301015", "2"],
          "param_str": ""
        }
      ],
      "priority": 5,
      "initDialog": 130101601,
      "npcId": [12950],
      "performCfg": "",
      "heroTalk": "TALK_HERO_MAIN",
      "questId": 13010,
      "prePerformCfg": ""
    }
  ]
}
