{
  "id": 13021,
  "type": "LQ",
  "series": 13020,
  "titleTextMapHash": 397615079,
  "descTextMapHash": 1739958830,
  "luaPath": "Actor/Quest/LQ13021",
  "suggestTrackMainQuestList": [13022],
  "rewardIdList": [113021],
  "chapterId": 2035,
  "subQuests": [
    {
      "subId": 1302101,
      "mainId": 13021,
      "order": 1,
      "descTextMapHash": 2943908292,
      "acceptCondComb": "LOGIC_NONE",
      "finishCondComb": "LOGIC_NONE",
      "acceptCond": [
        {
          "type": "QUEST_COND_UNKNOWN",
          "param": [0, 0],
          "param_str": ""
        }
      ],
      "finishCond": [],
      "failCond": [],
      "beginExec": [],
      "finishExec": [],
      "failExec": [],
      "guide": {}
    },
    {
      "subId": 1302102,
      "mainId": 13021,
      "order": 2,
      "descTextMapHash": 1830499340,
      "acceptCondComb": "LOGIC_NONE",
      "finishCondComb": "LOGIC_NONE",
      "acceptCond": [
        {
          "type": "QUEST_COND_UNKNOWN",
          "param": [0, 0],
          "param_str": ""
        }
      ],
      "finishCond": [],
      "failCond": [],
      "beginExec": [],
      "finishExec": [],
      "failExec": [],
      "guide": {}
    },
    {
      "subId": 1302103,
      "mainId": 13021,
      "order": 3,
      "descTextMapHash": 890026972,
      "acceptCondComb": "LOGIC_NONE",
      "finishCondComb": "LOGIC_NONE",
      "acceptCond": [
        {
          "type": "QUEST_COND_UNKNOWN",
          "param": [0, 0],
          "param_str": ""
        }
      ],
      "finishCond": [],
      "failCond": [],
      "beginExec": [],
      "finishExec": [],
      "failExec": [],
      "guide": {}
    },
    {
      "subId": 1302104,
      "mainId": 13021,
      "order": 4,
      "descTextMapHash": 2438295852,
      "acceptCondComb": "LOGIC_NONE",
      "finishCondComb": "LOGIC_NONE",
      "acceptCond": [
        {
          "type": "QUEST_COND_UNKNOWN",
          "param": [0, 0],
          "param_str": ""
        }
      ],
      "finishCond": [],
      "failCond": [],
      "beginExec": [],
      "finishExec": [],
      "failExec": [],
      "guide": {}
    },
    {
      "subId": 1302105,
      "mainId": 13021,
      "order": 5,
      "descTextMapHash": 2731320876,
      "acceptCondComb": "LOGIC_NONE",
      "finishCondComb": "LOGIC_NONE",
      "acceptCond": [
        {
          "type": "QUEST_COND_UNKNOWN",
          "param": [0, 0],
          "param_str": ""
        }
      ],
      "finishCond": [],
      "failCond": [],
      "beginExec": [],
      "finishExec": [],
      "failExec": [],
      "guide": {}
    },
    {
      "subId": 1302106,
      "mainId": 13021,
      "order": 6,
      "descTextMapHash": 1588893700,
      "acceptCondComb": "LOGIC_NONE",
      "finishCondComb": "LOGIC_NONE",
      "acceptCond": [
        {
          "type": "QUEST_COND_UNKNOWN",
          "param": [0, 0],
          "param_str": ""
        }
      ],
      "finishCond": [],
      "failCond": [],
      "beginExec": [],
      "finishExec": [],
      "failExec": [],
      "guide": {}
    },
    {
      "subId": 1302107,
      "mainId": 13021,
      "order": 7,
      "descTextMapHash": 2309100188,
      "acceptCondComb": "LOGIC_NONE",
      "finishCondComb": "LOGIC_NONE",
      "acceptCond": [
        {
          "type": "QUEST_COND_UNKNOWN",
          "param": [0, 0],
          "param_str": ""
        }
      ],
      "finishCond": [],
      "failCond": [],
      "beginExec": [],
      "finishExec": [],
      "failExec": [],
      "guide": {}
    },
    {
      "subId": 1302108,
      "mainId": 13021,
      "order": 8,
      "descTextMapHash": 3959758052,
      "acceptCondComb": "LOGIC_NONE",
      "finishCondComb": "LOGIC_NONE",
      "acceptCond": [
        {
          "type": "QUEST_COND_UNKNOWN",
          "param": [0, 0],
          "param_str": ""
        }
      ],
      "finishCond": [],
      "failCond": [],
      "beginExec": [],
      "finishExec": [],
      "failExec": [],
      "guide": {}
    },
    {
      "subId": 1302109,
      "mainId": 13021,
      "order": 9,
      "descTextMapHash": 3908113260,
      "acceptCondComb": "LOGIC_NONE",
      "finishCondComb": "LOGIC_NONE",
      "acceptCond": [
        {
          "type": "QUEST_COND_UNKNOWN",
          "param": [0, 0],
          "param_str": ""
        }
      ],
      "finishCond": [],
      "failCond": [],
      "beginExec": [],
      "finishExec": [],
      "failExec": [],
      "guide": {}
    },
    {
      "subId": 1302110,
      "mainId": 13021,
      "order": 11,
      "descTextMapHash": 2665334588,
      "acceptCondComb": "LOGIC_NONE",
      "finishCondComb": "LOGIC_NONE",
      "acceptCond": [
        {
          "type": "QUEST_COND_UNKNOWN",
          "param": [0, 0],
          "param_str": ""
        }
      ],
      "finishCond": [],
      "failCond": [],
      "beginExec": [],
      "finishExec": [],
      "failExec": [],
      "guide": {}
    },
    {
      "subId": 1302111,
      "mainId": 13021,
      "order": 13,
      "descTextMapHash": 1026405532,
      "acceptCondComb": "LOGIC_NONE",
      "finishCondComb": "LOGIC_NONE",
      "acceptCond": [
        {
          "type": "QUEST_COND_UNKNOWN",
          "param": [0, 0],
          "param_str": ""
        }
      ],
      "finishCond": [],
      "failCond": [],
      "beginExec": [],
      "finishExec": [],
      "failExec": [],
      "guide": {}
    },
    {
      "subId": 1302112,
      "mainId": 13021,
      "order": 14,
      "descTextMapHash": 2653921932,
      "acceptCondComb": "LOGIC_NONE",
      "finishCondComb": "LOGIC_NONE",
      "acceptCond": [
        {
          "type": "QUEST_COND_UNKNOWN",
          "param": [0, 0],
          "param_str": ""
        }
      ],
      "finishCond": [],
      "failCond": [],
      "beginExec": [],
      "finishExec": [],
      "failExec": [],
      "guide": {}
    },
    {
      "subId": 1302113,
      "mainId": 13021,
      "order": 12,
      "descTextMapHash": 532344204,
      "acceptCondComb": "LOGIC_NONE",
      "finishCondComb": "LOGIC_NONE",
      "acceptCond": [
        {
          "type": "QUEST_COND_UNKNOWN",
          "param": [0, 0],
          "param_str": ""
        }
      ],
      "finishCond": [],
      "failCond": [],
      "beginExec": [],
      "finishExec": [],
      "failExec": [],
      "guide": {}
    },
    {
      "subId": 1302114,
      "mainId": 13021,
      "order": 10,
      "descTextMapHash": 4281077876,
      "failCondComb": "QUEST_HIDDEN",
      "acceptCondComb": "LOGIC_NONE",
      "finishCondComb": "LOGIC_NONE",
      "acceptCond": [
        {
          "type": "QUEST_COND_UNKNOWN",
          "param": [0, 0],
          "param_str": ""
        }
      ],
      "finishCond": [],
      "failCond": [],
      "beginExec": [],
      "finishExec": [],
      "failExec": [],
      "guide": {}
    }
  ],
  "talks": [
    {
      "id": 1302102,
      "beginWay": "TALK_BEGIN_MANUAL",
      "activeMode": "PLAY_MODE_SINGLE",
      "beginCond": [
        {
          "type": "QUEST_COND_STATE_EQUAL",
          "param": ["1302102", "2"],
          "param_str": ""
        }
      ],
      "priority": 5,
      "initDialog": 130210201,
      "npcId": [13007],
      "performCfg": "QuestDialogue/LQ/Alhm_13021/Q1302102",
      "heroTalk": "TALK_HERO_MAIN",
      "questId": 13021,
      "prePerformCfg": ""
    },
    {
      "id": 1302104,
      "beginWay": "TALK_BEGIN_MANUAL",
      "activeMode": "PLAY_MODE_SINGLE",
      "beginCond": [
        {
          "type": "QUEST_COND_STATE_EQUAL",
          "param": ["1302104", "2"],
          "param_str": ""
        }
      ],
      "priority": 5,
      "initDialog": 130210401,
      "npcId": [13005],
      "performCfg": "QuestDialogue/LQ/Alhm_13021/Q1302104",
      "heroTalk": "TALK_HERO_MAIN",
      "questId": 13021,
      "prePerformCfg": ""
    },
    {
      "id": 1302106,
      "beginWay": "TALK_BEGIN_MANUAL",
      "activeMode": "PLAY_MODE_SINGLE",
      "beginCond": [
        {
          "type": "QUEST_COND_STATE_EQUAL",
          "param": ["1302106", "2"],
          "param_str": ""
        }
      ],
      "priority": 5,
      "initDialog": 130210601,
      "npcId": [13006],
      "performCfg": "QuestDialogue/LQ/Alhm_13021/Q1302106",
      "heroTalk": "TALK_HERO_MAIN",
      "questId": 13021,
      "prePerformCfg": ""
    },
    {
      "id": 1302107,
      "beginWay": "TALK_BEGIN_MANUAL",
      "activeMode": "PLAY_MODE_SINGLE",
      "beginCond": [
        {
          "type": "QUEST_COND_STATE_EQUAL",
          "param": ["1302107", "2"],
          "param_str": ""
        }
      ],
      "priority": 5,
      "initDialog": 130210701,
      "npcId": [1053],
      "performCfg": "QuestDialogue/LQ/Alhm_13021/Q1302107",
      "heroTalk": "TALK_HERO_MAIN",
      "questId": 13021,
      "prePerformCfg": ""
    },
    {
      "id": 1302108,
      "beginWay": "TALK_BEGIN_MANUAL",
      "activeMode": "PLAY_MODE_SINGLE",
      "beginCond": [
        {
          "type": "QUEST_COND_STATE_EQUAL",
          "param": ["1302108", "2"],
          "param_str": ""
        }
      ],
      "priority": 5,
      "initDialog": 130210801,
      "npcId": [1053],
      "performCfg": "QuestDialogue/LQ/Alhm_13021/Q1302108",
      "heroTalk": "TALK_HERO_MAIN",
      "questId": 13021,
      "prePerformCfg": ""
    },
    {
      "id": 1302110,
      "beginWay": "TALK_BEGIN_MANUAL",
      "activeMode": "PLAY_MODE_SINGLE",
      "beginCond": [
        {
          "type": "QUEST_COND_STATE_EQUAL",
          "param": ["1302110", "2"],
          "param_str": ""
        }
      ],
      "priority": 5,
      "initDialog": 130211001,
      "npcId": [1053],
      "performCfg": "QuestDialogue/LQ/Alhm_13021/Q1302110",
      "heroTalk": "TALK_HERO_MAIN",
      "questId": 13021,
      "prePerformCfg": ""
    },
    {
      "id": 1302112,
      "beginWay": "TALK_BEGIN_MANUAL",
      "activeMode": "PLAY_MODE_SINGLE",
      "beginCond": [
        {
          "type": "QUEST_COND_STATE_EQUAL",
          "param": ["1302112", "2"],
          "param_str": ""
        }
      ],
      "priority": 5,
      "initDialog": 130211201,
      "npcId": [13003],
      "performCfg": "QuestDialogue/LQ/Alhm_13021/Q1302112",
      "heroTalk": "TALK_HERO_MAIN",
      "questId": 13021,
      "prePerformCfg": ""
    },
    {
      "id": 1302113,
      "beginWay": "TALK_BEGIN_MANUAL",
      "activeMode": "PLAY_MODE_SINGLE",
      "beginCond": [
        {
          "type": "QUEST_COND_STATE_EQUAL",
          "param": ["1302113", "2"],
          "param_str": ""
        }
      ],
      "priority": 5,
      "initDialog": 130211301,
      "npcId": [13003],
      "performCfg": "QuestDialogue/LQ/Alhm_13021/Q1302113",
      "heroTalk": "TALK_HERO_MAIN",
      "questId": 13021,
      "prePerformCfg": ""
    },
    {
      "id": 1302117,
      "beginWay": "TALK_BEGIN_MANUAL",
      "activeMode": "PLAY_MODE_SINGLE",
      "beginCondComb": "LOGIC_OR",
      "beginCond": [
        {
          "type": "QUEST_COND_STATE_EQUAL",
          "param": ["1302103", "2"],
          "param_str": ""
        },
        {
          "type": "QUEST_COND_STATE_EQUAL",
          "param": ["1302104", "2"],
          "param_str": ""
        }
      ],
      "priority": 5,
      "initDialog": 130211701,
      "npcId": [13007],
      "performCfg": "QuestDialogue/LQ/Alhm_13021/Q1302117",
      "heroTalk": "TALK_HERO_MAIN",
      "questId": 13021,
      "prePerformCfg": ""
    },
    {
      "id": 1302118,
      "beginWay": "TALK_BEGIN_MANUAL",
      "activeMode": "PLAY_MODE_SINGLE",
      "beginCond": [
        {
          "type": "QUEST_COND_STATE_EQUAL",
          "param": ["1302105", "2"],
          "param_str": ""
        }
      ],
      "priority": 5,
      "initDialog": 130211801,
      "npcId": [13005],
      "performCfg": "QuestDialogue/LQ/Alhm_13021/Q1302118",
      "heroTalk": "TALK_HERO_MAIN",
      "questId": 13021,
      "prePerformCfg": ""
    },
    {
      "id": 1302119,
      "beginWay": "TALK_BEGIN_MANUAL",
      "activeMode": "PLAY_MODE_SINGLE",
      "beginCondComb": "LOGIC_OR",
      "beginCond": [
        {
          "type": "QUEST_COND_STATE_EQUAL",
          "param": ["1302108", "2"],
          "param_str": ""
        },
        {
          "type": "QUEST_COND_STATE_EQUAL",
          "param": ["1302109", "2"],
          "param_str": ""
        }
      ],
      "priority": 5,
      "initDialog": 130211901,
      "npcId": [13007, 13003],
      "performCfg": "QuestDialogue/LQ/Alhm_13021/Q1302119",
      "heroTalk": "TALK_HERO_MAIN",
      "questId": 13021,
      "prePerformCfg": ""
    },
    {
      "id": 1302120,
      "beginWay": "TALK_BEGIN_MANUAL",
      "activeMode": "PLAY_MODE_SINGLE",
      "beginCond": [
        {
          "type": "QUEST_COND_STATE_EQUAL",
          "param": ["1302109", "2"],
          "param_str": ""
        }
      ],
      "priority": 5,
      "initDialog": 130212001,
      "npcId": [13094],
      "performCfg": "",
      "heroTalk": "TALK_HERO_MAIN",
      "questId": 13021,
      "prePerformCfg": ""
    },
    {
      "id": 1302121,
      "beginWay": "TALK_BEGIN_MANUAL",
      "activeMode": "PLAY_MODE_SINGLE",
      "beginCond": [
        {
          "type": "QUEST_COND_STATE_EQUAL",
          "param": ["1302109", "2"],
          "param_str": ""
        }
      ],
      "priority": 5,
      "initDialog": 130212101,
      "npcId": [13095],
      "performCfg": "",
      "heroTalk": "TALK_HERO_MAIN",
      "questId": 13021,
      "prePerformCfg": ""
    },
    {
      "id": 1302122,
      "beginWay": "TALK_BEGIN_MANUAL",
      "activeMode": "PLAY_MODE_SINGLE",
      "beginCondComb": "LOGIC_AND",
      "beginCond": [
        {
          "type": "QUEST_COND_STATE_EQUAL",
          "param": ["1302109", "2"],
          "param_str": ""
        },
        {
          "type": "QUEST_COND_QUEST_GLOBAL_VAR_EQUAL",
          "param": ["13003", "1"],
          "param_str": ""
        }
      ],
      "priority": 5,
      "initDialog": 130212201,
      "npcId": [13096],
      "performCfg": "",
      "heroTalk": "TALK_HERO_MAIN",
      "questId": 13021,
      "prePerformCfg": ""
    },
    {
      "id": 1302123,
      "beginWay": "TALK_BEGIN_MANUAL",
      "activeMode": "PLAY_MODE_SINGLE",
      "beginCondComb": "LOGIC_AND",
      "beginCond": [
        {
          "type": "QUEST_COND_STATE_EQUAL",
          "param": ["1302109", "2"],
          "param_str": ""
        },
        {
          "type": "QUEST_COND_QUEST_GLOBAL_VAR_EQUAL",
          "param": ["13003", "0"],
          "param_str": ""
        }
      ],
      "priority": 5,
      "initDialog": 130212301,
      "npcId": [13096],
      "performCfg": "",
      "heroTalk": "TALK_HERO_MAIN",
      "questId": 13021,
      "prePerformCfg": ""
    }
  ]
}
