{
  "id": 13022,
  "type": "LQ",
  "series": 13020,
  "titleTextMapHash": 4187279391,
  "descTextMapHash": 447860846,
  "luaPath": "Actor/Quest/LQ13022",
  "rewardIdList": [113022],
  "chapterId": 2035,
  "subQuests": [
    {
      "subId": 1302201,
      "mainId": 13022,
      "order": 1,
      "descTextMapHash": 2507284324,
      "acceptCondComb": "LOGIC_NONE",
      "finishCondComb": "LOGIC_NONE",
      "acceptCond": [
        {
          "type": "QUEST_COND_UNKNOWN",
          "param": [0, 0],
          "param_str": ""
        }
      ],
      "finishCond": [],
      "failCond": [],
      "beginExec": [],
      "finishExec": [],
      "failExec": [],
      "guide": {}
    },
    {
      "subId": 1302202,
      "mainId": 13022,
      "order": 2,
      "descTextMapHash": 3535953964,
      "acceptCondComb": "LOGIC_NONE",
      "finishCondComb": "LOGIC_NONE",
      "acceptCond": [
        {
          "type": "QUEST_COND_UNKNOWN",
          "param": [0, 0],
          "param_str": ""
        }
      ],
      "finishCond": [],
      "failCond": [],
      "beginExec": [],
      "finishExec": [],
      "failExec": [],
      "guide": {}
    },
    {
      "subId": 1302203,
      "mainId": 13022,
      "order": 3,
      "descTextMapHash": 1566971748,
      "acceptCondComb": "LOGIC_NONE",
      "finishCondComb": "LOGIC_NONE",
      "acceptCond": [
        {
          "type": "QUEST_COND_UNKNOWN",
          "param": [0, 0],
          "param_str": ""
        }
      ],
      "finishCond": [],
      "failCond": [],
      "beginExec": [],
      "finishExec": [],
      "failExec": [],
      "guide": {}
    },
    {
      "subId": 1302204,
      "mainId": 13022,
      "order": 10,
      "isMpBlock": true,
      "descTextMapHash": 1569560348,
      "acceptCondComb": "LOGIC_NONE",
      "finishCondComb": "LOGIC_NONE",
      "acceptCond": [
        {
          "type": "QUEST_COND_UNKNOWN",
          "param": [0, 0],
          "param_str": ""
        }
      ],
      "finishCond": [],
      "failCond": [],
      "beginExec": [],
      "finishExec": [],
      "failExec": [],
      "guide": {}
    },
    {
      "subId": 1302205,
      "mainId": 13022,
      "order": 19,
      "isMpBlock": true,
      "descTextMapHash": 3687610972,
      "acceptCondComb": "LOGIC_NONE",
      "showGuide": "QUEST_GUIDE_ITEM_DISABLE",
      "finishCondComb": "LOGIC_NONE",
      "acceptCond": [
        {
          "type": "QUEST_COND_UNKNOWN",
          "param": [0, 0],
          "param_str": ""
        }
      ],
      "finishCond": [],
      "failCond": [],
      "beginExec": [],
      "finishExec": [],
      "failExec": [],
      "guide": {}
    },
    {
      "subId": 1302206,
      "mainId": 13022,
      "order": 17,
      "isMpBlock": true,
      "descTextMapHash": 877945788,
      "acceptCondComb": "LOGIC_NONE",
      "finishCondComb": "LOGIC_NONE",
      "acceptCond": [
        {
          "type": "QUEST_COND_UNKNOWN",
          "param": [0, 0],
          "param_str": ""
        }
      ],
      "finishCond": [],
      "failCond": [],
      "beginExec": [],
      "finishExec": [],
      "failExec": [],
      "guide": {}
    },
    {
      "subId": 1302207,
      "mainId": 13022,
      "order": 15,
      "isMpBlock": true,
      "descTextMapHash": 3168740020,
      "acceptCondComb": "LOGIC_NONE",
      "showGuide": "QUEST_GUIDE_ITEM_DISABLE",
      "finishCondComb": "LOGIC_NONE",
      "acceptCond": [
        {
          "type": "QUEST_COND_UNKNOWN",
          "param": [0, 0],
          "param_str": ""
        }
      ],
      "finishCond": [],
      "failCond": [],
      "beginExec": [],
      "finishExec": [],
      "failExec": [],
      "guide": {}
    },
    {
      "subId": 1302208,
      "mainId": 13022,
      "order": 21,
      "isMpBlock": true,
      "descTextMapHash": 573394020,
      "acceptCondComb": "LOGIC_NONE",
      "finishCondComb": "LOGIC_NONE",
      "acceptCond": [
        {
          "type": "QUEST_COND_UNKNOWN",
          "param": [0, 0],
          "param_str": ""
        }
      ],
      "finishCond": [],
      "failCond": [],
      "beginExec": [],
      "finishExec": [],
      "failExec": [],
      "guide": {}
    },
    {
      "subId": 1302209,
      "mainId": 13022,
      "order": 31,
      "isMpBlock": true,
      "descTextMapHash": 2808886484,
      "acceptCondComb": "LOGIC_NONE",
      "showGuide": "QUEST_GUIDE_ITEM_DISABLE",
      "finishCondComb": "LOGIC_NONE",
      "acceptCond": [
        {
          "type": "QUEST_COND_UNKNOWN",
          "param": [0, 0],
          "param_str": ""
        }
      ],
      "finishCond": [],
      "failCond": [],
      "beginExec": [],
      "finishExec": [],
      "failExec": [],
      "guide": {}
    },
    {
      "subId": 1302210,
      "mainId": 13022,
      "order": 33,
      "isMpBlock": true,
      "descTextMapHash": 951638228,
      "acceptCondComb": "LOGIC_NONE",
      "finishCondComb": "LOGIC_NONE",
      "acceptCond": [
        {
          "type": "QUEST_COND_UNKNOWN",
          "param": [0, 0],
          "param_str": ""
        }
      ],
      "finishCond": [],
      "failCond": [],
      "beginExec": [],
      "finishExec": [],
      "failExec": [],
      "guide": {}
    },
    {
      "subId": 1302211,
      "mainId": 13022,
      "order": 35,
      "isMpBlock": true,
      "descTextMapHash": 3939846716,
      "acceptCondComb": "LOGIC_NONE",
      "showGuide": "QUEST_GUIDE_ITEM_DISABLE",
      "finishCondComb": "LOGIC_NONE",
      "acceptCond": [
        {
          "type": "QUEST_COND_UNKNOWN",
          "param": [0, 0],
          "param_str": ""
        }
      ],
      "finishCond": [],
      "failCond": [],
      "beginExec": [],
      "finishExec": [],
      "failExec": [],
      "guide": {}
    },
    {
      "subId": 1302212,
      "mainId": 13022,
      "order": 37,
      "isMpBlock": true,
      "descTextMapHash": 4250780556,
      "acceptCondComb": "LOGIC_NONE",
      "finishCondComb": "LOGIC_NONE",
      "acceptCond": [
        {
          "type": "QUEST_COND_UNKNOWN",
          "param": [0, 0],
          "param_str": ""
        }
      ],
      "finishCond": [],
      "failCond": [],
      "beginExec": [],
      "finishExec": [],
      "failExec": [],
      "guide": {}
    },
    {
      "subId": 1302213,
      "mainId": 13022,
      "order": 39,
      "isMpBlock": true,
      "descTextMapHash": 3728185892,
      "acceptCondComb": "LOGIC_NONE",
      "showGuide": "QUEST_GUIDE_ITEM_DISABLE",
      "finishCondComb": "LOGIC_NONE",
      "acceptCond": [
        {
          "type": "QUEST_COND_UNKNOWN",
          "param": [0, 0],
          "param_str": ""
        }
      ],
      "finishCond": [],
      "failCond": [],
      "beginExec": [],
      "finishExec": [],
      "failExec": [],
      "guide": {}
    },
    {
      "subId": 1302214,
      "mainId": 13022,
      "order": 41,
      "isMpBlock": true,
      "descTextMapHash": 2741219964,
      "acceptCondComb": "LOGIC_NONE",
      "finishCondComb": "LOGIC_NONE",
      "acceptCond": [
        {
          "type": "QUEST_COND_UNKNOWN",
          "param": [0, 0],
          "param_str": ""
        }
      ],
      "finishCond": [],
      "failCond": [],
      "beginExec": [],
      "finishExec": [],
      "failExec": [],
      "guide": {}
    },
    {
      "subId": 1302215,
      "mainId": 13022,
      "order": 50,
      "isMpBlock": true,
      "descTextMapHash": 1243263740,
      "acceptCondComb": "LOGIC_NONE",
      "finishCondComb": "LOGIC_NONE",
      "acceptCond": [
        {
          "type": "QUEST_COND_UNKNOWN",
          "param": [0, 0],
          "param_str": ""
        }
      ],
      "finishCond": [],
      "failCond": [],
      "beginExec": [],
      "finishExec": [],
      "failExec": [],
      "guide": {}
    },
    {
      "subId": 1302216,
      "mainId": 13022,
      "order": 53,
      "isMpBlock": true,
      "descTextMapHash": 1943716732,
      "acceptCondComb": "LOGIC_NONE",
      "finishCondComb": "LOGIC_NONE",
      "acceptCond": [
        {
          "type": "QUEST_COND_UNKNOWN",
          "param": [0, 0],
          "param_str": ""
        }
      ],
      "finishCond": [],
      "failCond": [],
      "beginExec": [],
      "finishExec": [],
      "failExec": [],
      "guide": {}
    },
    {
      "subId": 1302217,
      "mainId": 13022,
      "order": 60,
      "descTextMapHash": 3546195876,
      "acceptCondComb": "LOGIC_NONE",
      "finishCondComb": "LOGIC_NONE",
      "acceptCond": [
        {
          "type": "QUEST_COND_UNKNOWN",
          "param": [0, 0],
          "param_str": ""
        }
      ],
      "finishCond": [],
      "failCond": [],
      "beginExec": [],
      "finishExec": [],
      "failExec": [],
      "guide": {}
    },
    {
      "subId": 1302218,
      "mainId": 13022,
      "order": 62,
      "descTextMapHash": 233999204,
      "acceptCondComb": "LOGIC_NONE",
      "finishCondComb": "LOGIC_NONE",
      "acceptCond": [
        {
          "type": "QUEST_COND_UNKNOWN",
          "param": [0, 0],
          "param_str": ""
        }
      ],
      "finishCond": [],
      "failCond": [],
      "beginExec": [],
      "finishExec": [],
      "failExec": [],
      "guide": {}
    },
    {
      "subId": 1302219,
      "mainId": 13022,
      "order": 30,
      "isMpBlock": true,
      "descTextMapHash": 1918474940,
      "acceptCondComb": "LOGIC_NONE",
      "finishCondComb": "LOGIC_NONE",
      "acceptCond": [
        {
          "type": "QUEST_COND_UNKNOWN",
          "param": [0, 0],
          "param_str": ""
        }
      ],
      "finishCond": [],
      "failCond": [],
      "beginExec": [],
      "finishExec": [],
      "failExec": [],
      "guide": {}
    },
    {
      "subId": 1302220,
      "mainId": 13022,
      "order": 13,
      "isMpBlock": true,
      "descTextMapHash": 1869865580,
      "acceptCondComb": "LOGIC_NONE",
      "finishCondComb": "LOGIC_NONE",
      "acceptCond": [
        {
          "type": "QUEST_COND_UNKNOWN",
          "param": [0, 0],
          "param_str": ""
        }
      ],
      "finishCond": [],
      "failCond": [],
      "beginExec": [],
      "finishExec": [],
      "failExec": [],
      "guide": {}
    },
    {
      "subId": 1302221,
      "mainId": 13022,
      "order": 51,
      "isMpBlock": true,
      "descTextMapHash": 2195603388,
      "acceptCondComb": "LOGIC_NONE",
      "finishCondComb": "LOGIC_NONE",
      "acceptCond": [
        {
          "type": "QUEST_COND_UNKNOWN",
          "param": [0, 0],
          "param_str": ""
        }
      ],
      "finishCond": [],
      "failCond": [],
      "beginExec": [],
      "finishExec": [],
      "failExec": [],
      "guide": {}
    },
    {
      "subId": 1302222,
      "mainId": 13022,
      "order": 55,
      "descTextMapHash": 1629729308,
      "acceptCondComb": "LOGIC_NONE",
      "finishCondComb": "LOGIC_NONE",
      "acceptCond": [
        {
          "type": "QUEST_COND_UNKNOWN",
          "param": [0, 0],
          "param_str": ""
        }
      ],
      "finishCond": [],
      "failCond": [],
      "beginExec": [],
      "finishExec": [],
      "failExec": [],
      "guide": {}
    },
    {
      "subId": 1302223,
      "mainId": 13022,
      "order": 12,
      "isMpBlock": true,
      "descTextMapHash": 1704780100,
      "acceptCondComb": "LOGIC_NONE",
      "showGuide": "QUEST_GUIDE_ITEM_DISABLE",
      "finishCondComb": "LOGIC_NONE",
      "acceptCond": [
        {
          "type": "QUEST_COND_UNKNOWN",
          "param": [0, 0],
          "param_str": ""
        }
      ],
      "finishCond": [],
      "failCond": [],
      "beginExec": [],
      "finishExec": [],
      "failExec": [],
      "guide": {}
    },
    {
      "subId": 1302224,
      "mainId": 13022,
      "order": 4,
      "isMpBlock": true,
      "descTextMapHash": 2175938868,
      "acceptCondComb": "LOGIC_NONE",
      "finishCondComb": "LOGIC_NONE",
      "acceptCond": [
        {
          "type": "QUEST_COND_UNKNOWN",
          "param": [0, 0],
          "param_str": ""
        }
      ],
      "finishCond": [],
      "failCond": [],
      "beginExec": [],
      "finishExec": [],
      "failExec": [],
      "guide": {}
    },
    {
      "subId": 1302225,
      "mainId": 13022,
      "order": 36,
      "descTextMapHash": 3500213820,
      "failCondComb": "QUEST_HIDDEN",
      "acceptCondComb": "LOGIC_NONE",
      "showGuide": "QUEST_GUIDE_ITEM_DISABLE",
      "finishCondComb": "LOGIC_NONE",
      "acceptCond": [
        {
          "type": "QUEST_COND_UNKNOWN",
          "param": [0, 0],
          "param_str": ""
        }
      ],
      "finishCond": [],
      "failCond": [],
      "beginExec": [],
      "finishExec": [],
      "failExec": [],
      "guide": {}
    },
    {
      "subId": 1302226,
      "mainId": 13022,
      "order": 40,
      "descTextMapHash": 4101703076,
      "failCondComb": "QUEST_HIDDEN",
      "acceptCondComb": "LOGIC_NONE",
      "showGuide": "QUEST_GUIDE_ITEM_DISABLE",
      "finishCondComb": "LOGIC_NONE",
      "acceptCond": [
        {
          "type": "QUEST_COND_UNKNOWN",
          "param": [0, 0],
          "param_str": ""
        }
      ],
      "finishCond": [],
      "failCond": [],
      "beginExec": [],
      "finishExec": [],
      "failExec": [],
      "guide": {}
    },
    {
      "subId": 1302227,
      "mainId": 13022,
      "order": 32,
      "descTextMapHash": 2234177668,
      "failCondComb": "QUEST_HIDDEN",
      "acceptCondComb": "LOGIC_NONE",
      "showGuide": "QUEST_GUIDE_ITEM_DISABLE",
      "finishCondComb": "LOGIC_NONE",
      "acceptCond": [
        {
          "type": "QUEST_COND_UNKNOWN",
          "param": [0, 0],
          "param_str": ""
        }
      ],
      "finishCond": [],
      "failCond": [],
      "beginExec": [],
      "finishExec": [],
      "failExec": [],
      "guide": {}
    },
    {
      "subId": 1302228,
      "mainId": 13022,
      "order": 99,
      "descTextMapHash": 3964627412,
      "failCondComb": "QUEST_HIDDEN",
      "acceptCondComb": "LOGIC_NONE",
      "showGuide": "QUEST_GUIDE_ITEM_DISABLE",
      "finishCondComb": "LOGIC_NONE",
      "acceptCond": [
        {
          "type": "QUEST_COND_UNKNOWN",
          "param": [0, 0],
          "param_str": ""
        }
      ],
      "finishCond": [],
      "failCond": [],
      "beginExec": [],
      "finishExec": [],
      "failExec": [],
      "guide": {}
    }
  ],
  "talks": [
    {
      "id": 1302202,
      "beginWay": "TALK_BEGIN_MANUAL",
      "activeMode": "PLAY_MODE_SINGLE",
      "beginCond": [
        {
          "type": "QUEST_COND_STATE_EQUAL",
          "param": ["1302202", "2"],
          "param_str": ""
        }
      ],
      "priority": 5,
      "initDialog": 130220201,
      "npcId": [13003],
      "performCfg": "QuestDialogue/LQ/Alhm_13022/Q1302202",
      "heroTalk": "TALK_HERO_MAIN",
      "questId": 13022,
      "prePerformCfg": ""
    },
    {
      "id": 1302204,
      "beginWay": "TALK_BEGIN_MANUAL",
      "activeMode": "PLAY_MODE_SINGLE",
      "beginCond": [
        {
          "type": "QUEST_COND_STATE_EQUAL",
          "param": ["1302204", "2"],
          "param_str": ""
        }
      ],
      "priority": 5,
      "initDialog": 130220401,
      "npcId": [1053],
      "performCfg": "QuestDialogue/LQ/Alhm_13022/Q1302204",
      "heroTalk": "TALK_HERO_MAIN",
      "questId": 13022,
      "prePerformCfg": ""
    },
    {
      "id": 1302205,
      "beginWay": "TALK_BEGIN_MANUAL",
      "activeMode": "PLAY_MODE_SINGLE",
      "beginCond": [
        {
          "type": "QUEST_COND_STATE_EQUAL",
          "param": ["1302220", "2"],
          "param_str": ""
        }
      ],
      "priority": 5,
      "initDialog": 130220501,
      "npcId": [1053],
      "performCfg": "QuestDialogue/LQ/Alhm_13022/Q1302205",
      "heroTalk": "TALK_HERO_MAIN",
      "questId": 13022,
      "prePerformCfg": "",
      "forceNpcNotDestroy": true
    },
    {
      "id": 1302206,
      "beginWay": "TALK_BEGIN_MANUAL",
      "activeMode": "PLAY_MODE_SINGLE",
      "beginCond": [
        {
          "type": "QUEST_COND_STATE_EQUAL",
          "param": ["1302206", "2"],
          "param_str": ""
        }
      ],
      "priority": 5,
      "initDialog": 130220601,
      "npcId": [13003],
      "performCfg": "",
      "heroTalk": "TALK_HERO_MAIN",
      "questId": 13022,
      "prePerformCfg": ""
    },
    {
      "id": 1302207,
      "beginWay": "TALK_BEGIN_MANUAL",
      "activeMode": "PLAY_MODE_SINGLE",
      "beginCond": [
        {
          "type": "QUEST_COND_STATE_EQUAL",
          "param": ["1302206", "2"],
          "param_str": ""
        }
      ],
      "priority": 5,
      "initDialog": 130220701,
      "npcId": [1053],
      "performCfg": "QuestDialogue/LQ/Alhm_13022/Q1302207",
      "heroTalk": "TALK_HERO_MAIN",
      "questId": 13022,
      "prePerformCfg": "",
      "forceNpcNotDestroy": true
    },
    {
      "id": 1302208,
      "beginWay": "TALK_BEGIN_MANUAL",
      "activeMode": "PLAY_MODE_SINGLE",
      "beginCond": [
        {
          "type": "QUEST_COND_STATE_EQUAL",
          "param": ["1302208", "2"],
          "param_str": ""
        }
      ],
      "priority": 5,
      "initDialog": 130220801,
      "npcId": [1053],
      "performCfg": "QuestDialogue/LQ/Alhm_13022/Q1302208",
      "heroTalk": "TALK_HERO_MAIN",
      "questId": 13022,
      "prePerformCfg": "",
      "forceNpcNotDestroy": true
    },
    {
      "id": 1302210,
      "beginWay": "TALK_BEGIN_MANUAL",
      "activeMode": "PLAY_MODE_SINGLE",
      "beginCond": [
        {
          "type": "QUEST_COND_STATE_EQUAL",
          "param": ["1302210", "2"],
          "param_str": ""
        }
      ],
      "priority": 5,
      "initDialog": 130221001,
      "npcId": [13004],
      "performCfg": "QuestDialogue/LQ/Alhm_13022/Q1302210",
      "heroTalk": "TALK_HERO_MAIN",
      "questId": 13022,
      "prePerformCfg": ""
    },
    {
      "id": 1302212,
      "beginWay": "TALK_BEGIN_MANUAL",
      "activeMode": "PLAY_MODE_SINGLE",
      "beginCond": [
        {
          "type": "QUEST_COND_STATE_EQUAL",
          "param": ["1302212", "2"],
          "param_str": ""
        }
      ],
      "priority": 5,
      "initDialog": 130221201,
      "npcId": [13004],
      "performCfg": "QuestDialogue/LQ/Alhm_13022/Q1302212",
      "heroTalk": "TALK_HERO_MAIN",
      "questId": 13022,
      "prePerformCfg": ""
    },
    {
      "id": 1302214,
      "beginWay": "TALK_BEGIN_MANUAL",
      "activeMode": "PLAY_MODE_SINGLE",
      "beginCond": [
        {
          "type": "QUEST_COND_STATE_EQUAL",
          "param": ["1302221", "2"],
          "param_str": ""
        }
      ],
      "priority": 5,
      "initDialog": 130221401,
      "npcId": [13003],
      "performCfg": "QuestDialogue/LQ/Alhm_13022/Q1302214",
      "heroTalk": "TALK_HERO_MAIN",
      "questId": 13022,
      "prePerformCfg": ""
    },
    {
      "id": 1302215,
      "beginWay": "TALK_BEGIN_MANUAL",
      "activeMode": "PLAY_MODE_SINGLE",
      "beginCond": [
        {
          "type": "QUEST_COND_STATE_EQUAL",
          "param": ["1302215", "2"],
          "param_str": ""
        }
      ],
      "priority": 5,
      "initDialog": 130221501,
      "npcId": [1053],
      "performCfg": "QuestDialogue/LQ/Alhm_13022/Q1302215",
      "heroTalk": "TALK_HERO_MAIN",
      "questId": 13022,
      "prePerformCfg": ""
    },
    {
      "id": 1302216,
      "beginWay": "TALK_BEGIN_MANUAL",
      "activeMode": "PLAY_MODE_SINGLE",
      "beginCond": [
        {
          "type": "QUEST_COND_STATE_EQUAL",
          "param": ["1302222", "2"],
          "param_str": ""
        }
      ],
      "priority": 5,
      "initDialog": 130221601,
      "npcId": [1053],
      "performCfg": "QuestDialogue/LQ/Alhm_13022/Q1302216",
      "heroTalk": "TALK_HERO_MAIN",
      "questId": 13022,
      "prePerformCfg": ""
    },
    {
      "id": 1302218,
      "beginWay": "TALK_BEGIN_MANUAL",
      "activeMode": "PLAY_MODE_SINGLE",
      "beginCond": [
        {
          "type": "QUEST_COND_STATE_EQUAL",
          "param": ["1302218", "2"],
          "param_str": ""
        }
      ],
      "priority": 5,
      "initDialog": 130221801,
      "npcId": [1053],
      "performCfg": "QuestDialogue/LQ/Alhm_13022/Q1302218",
      "heroTalk": "TALK_HERO_MAIN",
      "questId": 13022,
      "prePerformCfg": "",
      "lockGameTime": true
    },
    {
      "id": 1302220,
      "beginWay": "TALK_BEGIN_MANUAL",
      "activeMode": "PLAY_MODE_SINGLE",
      "beginCond": [
        {
          "type": "QUEST_COND_STATE_EQUAL",
          "param": ["1302219", "2"],
          "param_str": ""
        }
      ],
      "priority": 5,
      "initDialog": 130222001,
      "npcId": [13003, 13004],
      "performCfg": "QuestDialogue/LQ/Alhm_13022/Q1302220",
      "heroTalk": "TALK_HERO_MAIN",
      "questId": 13022,
      "prePerformCfg": ""
    }
  ],
  "videoKey": 3392155838449487
}
