{
  "id": 13028,
  "type": "WQ",
  "titleTextMapHash": 2473401415,
  "descTextMapHash": 3928170766,
  "luaPath": "Actor/Quest/WQ13028",
  "rewardIdList": [113028],
  "subQuests": [
    {
      "subId": 1302801,
      "mainId": 13028,
      "order": 1,
      "descTextMapHash": 1960185636,
      "acceptCondComb": "LOGIC_NONE",
      "finishCondComb": "LOGIC_NONE",
      "acceptCond": [
        {
          "type": "QUEST_COND_UNKNOWN",
          "param": [0, 0],
          "param_str": ""
        }
      ],
      "finishCond": [],
      "failCond": [],
      "beginExec": [],
      "finishExec": [],
      "failExec": [],
      "guide": {}
    },
    {
      "subId": 1302802,
      "mainId": 13028,
      "order": 2,
      "descTextMapHash": 3423158948,
      "acceptCondComb": "LOGIC_NONE",
      "finishCondComb": "LOGIC_NONE",
      "acceptCond": [
        {
          "type": "QUEST_COND_UNKNOWN",
          "param": [0, 0],
          "param_str": ""
        }
      ],
      "finishCond": [],
      "failCond": [],
      "beginExec": [],
      "finishExec": [],
      "failExec": [],
      "guide": {}
    }
  ],
  "talks": [
    {
      "id": 1302801,
      "beginWay": "TALK_BEGIN_MANUAL",
      "activeMode": "PLAY_MODE_SINGLE",
      "beginCond": [
        {
          "type": "QUEST_COND_STATE_EQUAL",
          "param": ["1302801", "2"],
          "param_str": ""
        }
      ],
      "priority": 5,
      "initDialog": 130280113,
      "npcId": [13164, 13163],
      "performCfg": "QuestDialogue/WQ/Sumeru_13028/Q1302801",
      "heroTalk": "TALK_HERO_MAIN",
      "questId": 13028,
      "prePerformCfg": ""
    },
    {
      "id": 1302802,
      "beginWay": "TALK_BEGIN_MANUAL",
      "activeMode": "PLAY_MODE_SINGLE",
      "beginCond": [
        {
          "type": "QUEST_COND_STATE_EQUAL",
          "param": ["1302802", "2"],
          "param_str": ""
        }
      ],
      "priority": 5,
      "initDialog": 130280201,
      "npcId": [1056],
      "performCfg": "QuestDialogue/WQ/Sumeru_13028/Q1302802",
      "heroTalk": "TALK_HERO_MAIN",
      "questId": 13028,
      "prePerformCfg": ""
    }
  ]
}
