{
  "id": 13023,
  "type": "LQ",
  "series": 13020,
  "titleTextMapHash": 2890683759,
  "descTextMapHash": 2159790950,
  "luaPath": "Actor/Quest/LQ13023",
  "showType": "QUEST_HIDDEN",
  "subQuests": [
    {
      "subId": 1302301,
      "mainId": 13023,
      "order": 99,
      "descTextMapHash": 4245411700,
      "failCondComb": "QUEST_HIDDEN",
      "acceptCondComb": "LOGIC_NONE",
      "finishCondComb": "LOGIC_NONE",
      "acceptCond": [
        {
          "type": "QUEST_COND_UNKNOWN",
          "param": [0, 0],
          "param_str": ""
        }
      ],
      "finishCond": [],
      "failCond": [],
      "beginExec": [],
      "finishExec": [],
      "failExec": [],
      "guide": {}
    },
    {
      "subId": 1302302,
      "mainId": 13023,
      "order": 9,
      "descTextMapHash": 2272612668,
      "failCondComb": "QUEST_HIDDEN",
      "acceptCondComb": "LOGIC_NONE",
      "finishCondComb": "LOGIC_NONE",
      "acceptCond": [
        {
          "type": "QUEST_COND_UNKNOWN",
          "param": [0, 0],
          "param_str": ""
        }
      ],
      "finishCond": [],
      "failCond": [],
      "beginExec": [],
      "finishExec": [],
      "failExec": [],
      "guide": {}
    },
    {
      "subId": 1302303,
      "mainId": 13023,
      "order": 8,
      "descTextMapHash": 1647580956,
      "failCondComb": "QUEST_HIDDEN",
      "acceptCondComb": "LOGIC_NONE",
      "finishCondComb": "LOGIC_NONE",
      "acceptCond": [
        {
          "type": "QUEST_COND_UNKNOWN",
          "param": [0, 0],
          "param_str": ""
        }
      ],
      "finishCond": [],
      "failCond": [],
      "beginExec": [],
      "finishExec": [],
      "failExec": [],
      "guide": {}
    },
    {
      "subId": 1302304,
      "mainId": 13023,
      "order": 1,
      "descTextMapHash": 4282049244,
      "failCondComb": "QUEST_HIDDEN",
      "acceptCondComb": "LOGIC_NONE",
      "showGuide": "QUEST_GUIDE_ITEM_DISABLE",
      "finishCondComb": "LOGIC_NONE",
      "acceptCond": [
        {
          "type": "QUEST_COND_UNKNOWN",
          "param": [0, 0],
          "param_str": ""
        }
      ],
      "finishCond": [],
      "failCond": [],
      "beginExec": [],
      "finishExec": [],
      "failExec": [],
      "guide": {}
    }
  ],
  "talks": [
    {
      "id": 1302301,
      "beginWay": "TALK_BEGIN_MANUAL",
      "activeMode": "PLAY_MODE_SINGLE",
      "beginCond": [
        {
          "type": "QUEST_COND_STATE_EQUAL",
          "param": ["1302304", "2"],
          "param_str": ""
        }
      ],
      "priority": 5,
      "initDialog": 130230101,
      "npcId": [1064, 1053],
      "performCfg": "QuestDialogue/Q1302301",
      "heroTalk": "TALK_HERO_MAIN",
      "questId": 13023,
      "prePerformCfg": ""
    }
  ]
}
