{
  "id": 13026,
  "type": "LQ",
  "series": 2036,
  "titleTextMapHash": 3217866799,
  "descTextMapHash": 2601914414,
  "luaPath": "Actor/Quest/LQ13026",
  "rewardIdList": [113026],
  "chapterId": 2036,
  "subQuests": [
    {
      "subId": 1302601,
      "mainId": 13026,
      "order": 1,
      "descTextMapHash": 3573074652,
      "acceptCondComb": "LOGIC_NONE",
      "finishCondComb": "LOGIC_NONE",
      "acceptCond": [
        {
          "type": "QUEST_COND_UNKNOWN",
          "param": [0, 0],
          "param_str": ""
        }
      ],
      "finishCond": [],
      "failCond": [],
      "beginExec": [],
      "finishExec": [],
      "failExec": [],
      "guide": {}
    },
    {
      "subId": 1302602,
      "mainId": 13026,
      "order": 2,
      "descTextMapHash": 1088608860,
      "acceptCondComb": "LOGIC_NONE",
      "finishCondComb": "LOGIC_NONE",
      "acceptCond": [
        {
          "type": "QUEST_COND_UNKNOWN",
          "param": [0, 0],
          "param_str": ""
        }
      ],
      "finishCond": [],
      "failCond": [],
      "beginExec": [],
      "finishExec": [],
      "failExec": [],
      "guide": {}
    },
    {
      "subId": 1302603,
      "mainId": 13026,
      "order": 3,
      "descTextMapHash": 312611404,
      "acceptCondComb": "LOGIC_NONE",
      "finishCondComb": "LOGIC_NONE",
      "acceptCond": [
        {
          "type": "QUEST_COND_UNKNOWN",
          "param": [0, 0],
          "param_str": ""
        }
      ],
      "finishCond": [],
      "failCond": [],
      "beginExec": [],
      "finishExec": [],
      "failExec": [],
      "guide": {}
    },
    {
      "subId": 1302604,
      "mainId": 13026,
      "order": 4,
      "descTextMapHash": 3431565788,
      "acceptCondComb": "LOGIC_NONE",
      "finishCondComb": "LOGIC_NONE",
      "acceptCond": [
        {
          "type": "QUEST_COND_UNKNOWN",
          "param": [0, 0],
          "param_str": ""
        }
      ],
      "finishCond": [],
      "failCond": [],
      "beginExec": [],
      "finishExec": [],
      "failExec": [],
      "guide": {}
    },
    {
      "subId": 1302605,
      "mainId": 13026,
      "order": 5,
      "descTextMapHash": 4250714468,
      "acceptCondComb": "LOGIC_NONE",
      "finishCondComb": "LOGIC_NONE",
      "acceptCond": [
        {
          "type": "QUEST_COND_UNKNOWN",
          "param": [0, 0],
          "param_str": ""
        }
      ],
      "finishCond": [],
      "failCond": [],
      "beginExec": [],
      "finishExec": [],
      "failExec": [],
      "guide": {}
    },
    {
      "subId": 1302606,
      "mainId": 13026,
      "order": 7,
      "descTextMapHash": 3500405804,
      "acceptCondComb": "LOGIC_NONE",
      "finishCondComb": "LOGIC_NONE",
      "acceptCond": [
        {
          "type": "QUEST_COND_UNKNOWN",
          "param": [0, 0],
          "param_str": ""
        }
      ],
      "finishCond": [],
      "failCond": [],
      "beginExec": [],
      "finishExec": [],
      "failExec": [],
      "guide": {}
    },
    {
      "subId": 1302607,
      "mainId": 13026,
      "order": 8,
      "descTextMapHash": 747053836,
      "acceptCondComb": "LOGIC_NONE",
      "finishCondComb": "LOGIC_NONE",
      "acceptCond": [
        {
          "type": "QUEST_COND_UNKNOWN",
          "param": [0, 0],
          "param_str": ""
        }
      ],
      "finishCond": [],
      "failCond": [],
      "beginExec": [],
      "finishExec": [],
      "failExec": [],
      "guide": {}
    },
    {
      "subId": 1302608,
      "mainId": 13026,
      "order": 9,
      "descTextMapHash": 3274229732,
      "acceptCondComb": "LOGIC_NONE",
      "finishCondComb": "LOGIC_NONE",
      "acceptCond": [
        {
          "type": "QUEST_COND_UNKNOWN",
          "param": [0, 0],
          "param_str": ""
        }
      ],
      "finishCond": [],
      "failCond": [],
      "beginExec": [],
      "finishExec": [],
      "failExec": [],
      "guide": {}
    },
    {
      "subId": 1302609,
      "mainId": 13026,
      "order": 13,
      "descTextMapHash": 1968199668,
      "acceptCondComb": "LOGIC_NONE",
      "finishCondComb": "LOGIC_NONE",
      "acceptCond": [
        {
          "type": "QUEST_COND_UNKNOWN",
          "param": [0, 0],
          "param_str": ""
        }
      ],
      "finishCond": [],
      "failCond": [],
      "beginExec": [],
      "finishExec": [],
      "failExec": [],
      "guide": {}
    },
    {
      "subId": 1302610,
      "mainId": 13026,
      "order": 19,
      "descTextMapHash": 3859974852,
      "acceptCondComb": "LOGIC_NONE",
      "finishCondComb": "LOGIC_NONE",
      "acceptCond": [
        {
          "type": "QUEST_COND_UNKNOWN",
          "param": [0, 0],
          "param_str": ""
        }
      ],
      "finishCond": [],
      "failCond": [],
      "beginExec": [],
      "finishExec": [],
      "failExec": [],
      "guide": {}
    },
    {
      "subId": 1302611,
      "mainId": 13026,
      "order": 20,
      "descTextMapHash": 1010871396,
      "acceptCondComb": "LOGIC_NONE",
      "finishCondComb": "LOGIC_NONE",
      "acceptCond": [
        {
          "type": "QUEST_COND_UNKNOWN",
          "param": [0, 0],
          "param_str": ""
        }
      ],
      "finishCond": [],
      "failCond": [],
      "beginExec": [],
      "finishExec": [],
      "failExec": [],
      "guide": {}
    },
    {
      "subId": 1302612,
      "mainId": 13026,
      "order": 16,
      "descTextMapHash": 399747476,
      "acceptCondComb": "LOGIC_NONE",
      "finishCondComb": "LOGIC_NONE",
      "acceptCond": [
        {
          "type": "QUEST_COND_UNKNOWN",
          "param": [0, 0],
          "param_str": ""
        }
      ],
      "finishCond": [],
      "failCond": [],
      "beginExec": [],
      "finishExec": [],
      "failExec": [],
      "guide": {}
    },
    {
      "subId": 1302613,
      "mainId": 13026,
      "order": 17,
      "descTextMapHash": 775916412,
      "acceptCondComb": "LOGIC_NONE",
      "finishCondComb": "LOGIC_NONE",
      "acceptCond": [
        {
          "type": "QUEST_COND_UNKNOWN",
          "param": [0, 0],
          "param_str": ""
        }
      ],
      "finishCond": [],
      "failCond": [],
      "beginExec": [],
      "finishExec": [],
      "failExec": [],
      "guide": {}
    },
    {
      "subId": 1302614,
      "mainId": 13026,
      "order": 21,
      "descTextMapHash": 1434492308,
      "acceptCondComb": "LOGIC_NONE",
      "finishCondComb": "LOGIC_NONE",
      "acceptCond": [
        {
          "type": "QUEST_COND_UNKNOWN",
          "param": [0, 0],
          "param_str": ""
        }
      ],
      "finishCond": [],
      "failCond": [],
      "beginExec": [],
      "finishExec": [],
      "failExec": [],
      "guide": {}
    },
    {
      "subId": 1302615,
      "mainId": 13026,
      "order": 6,
      "descTextMapHash": 4173111908,
      "failCondComb": "QUEST_HIDDEN",
      "acceptCondComb": "LOGIC_NONE",
      "finishCondComb": "LOGIC_NONE",
      "acceptCond": [
        {
          "type": "QUEST_COND_UNKNOWN",
          "param": [0, 0],
          "param_str": ""
        }
      ],
      "finishCond": [],
      "failCond": [],
      "beginExec": [],
      "finishExec": [],
      "failExec": [],
      "guide": {}
    },
    {
      "subId": 1302616,
      "mainId": 13026,
      "order": 10,
      "descTextMapHash": 2767572756,
      "failCondComb": "QUEST_HIDDEN",
      "acceptCondComb": "LOGIC_NONE",
      "finishCondComb": "LOGIC_NONE",
      "acceptCond": [
        {
          "type": "QUEST_COND_UNKNOWN",
          "param": [0, 0],
          "param_str": ""
        }
      ],
      "finishCond": [],
      "failCond": [],
      "beginExec": [],
      "finishExec": [],
      "failExec": [],
      "guide": {}
    },
    {
      "subId": 1302617,
      "mainId": 13026,
      "order": 11,
      "descTextMapHash": 3034915596,
      "failCondComb": "QUEST_HIDDEN",
      "acceptCondComb": "LOGIC_NONE",
      "finishCondComb": "LOGIC_NONE",
      "acceptCond": [
        {
          "type": "QUEST_COND_UNKNOWN",
          "param": [0, 0],
          "param_str": ""
        }
      ],
      "finishCond": [],
      "failCond": [],
      "beginExec": [],
      "finishExec": [],
      "failExec": [],
      "guide": {}
    },
    {
      "subId": 1302618,
      "mainId": 13026,
      "order": 15,
      "descTextMapHash": 1013260644,
      "failCondComb": "QUEST_HIDDEN",
      "acceptCondComb": "LOGIC_NONE",
      "finishCondComb": "LOGIC_NONE",
      "acceptCond": [
        {
          "type": "QUEST_COND_UNKNOWN",
          "param": [0, 0],
          "param_str": ""
        }
      ],
      "finishCond": [],
      "failCond": [],
      "beginExec": [],
      "finishExec": [],
      "failExec": [],
      "guide": {}
    },
    {
      "subId": 1302619,
      "mainId": 13026,
      "order": 18,
      "descTextMapHash": 3791923748,
      "failCondComb": "QUEST_HIDDEN",
      "acceptCondComb": "LOGIC_NONE",
      "finishCondComb": "LOGIC_NONE",
      "acceptCond": [
        {
          "type": "QUEST_COND_UNKNOWN",
          "param": [0, 0],
          "param_str": ""
        }
      ],
      "finishCond": [],
      "failCond": [],
      "beginExec": [],
      "finishExec": [],
      "failExec": [],
      "guide": {}
    },
    {
      "subId": 1302620,
      "mainId": 13026,
      "order": 12,
      "descTextMapHash": 984900052,
      "failCondComb": "QUEST_HIDDEN",
      "acceptCondComb": "LOGIC_NONE",
      "finishCondComb": "LOGIC_NONE",
      "acceptCond": [
        {
          "type": "QUEST_COND_UNKNOWN",
          "param": [0, 0],
          "param_str": ""
        }
      ],
      "finishCond": [],
      "failCond": [],
      "beginExec": [],
      "finishExec": [],
      "failExec": [],
      "guide": {}
    }
  ],
  "talks": [
    {
      "id": 1302603,
      "beginWay": "TALK_BEGIN_MANUAL",
      "activeMode": "PLAY_MODE_SINGLE",
      "beginCond": [
        {
          "type": "QUEST_COND_STATE_EQUAL",
          "param": ["1302603", "2"],
          "param_str": ""
        }
      ],
      "priority": 5,
      "initDialog": 130260301,
      "npcId": [13065, 1052, 13108],
      "performCfg": "QuestDialogue/LQ/Dehya1_13026/Q1302603",
      "heroTalk": "TALK_HERO_MAIN",
      "questId": 13026,
      "prePerformCfg": ""
    },
    {
      "id": 1302605,
      "beginWay": "TALK_BEGIN_MANUAL",
      "activeMode": "PLAY_MODE_SINGLE",
      "beginCond": [
        {
          "type": "QUEST_COND_STATE_EQUAL",
          "param": ["1302605", "2"],
          "param_str": ""
        }
      ],
      "priority": 5,
      "initDialog": 130260501,
      "npcId": [13065, 13107, 13108, 1052],
      "performCfg": "QuestDialogue/LQ/Dehya1_13026/Q1302605",
      "heroTalk": "TALK_HERO_MAIN",
      "questId": 13026,
      "prePerformCfg": ""
    },
    {
      "id": 1302607,
      "beginWay": "TALK_BEGIN_MANUAL",
      "activeMode": "PLAY_MODE_SINGLE",
      "beginCond": [
        {
          "type": "QUEST_COND_STATE_EQUAL",
          "param": ["1302607", "2"],
          "param_str": ""
        }
      ],
      "priority": 5,
      "initDialog": 130260701,
      "npcId": [1052],
      "performCfg": "QuestDialogue/LQ/Dehya1_13026/Q1302607",
      "heroTalk": "TALK_HERO_MAIN",
      "questId": 13026,
      "prePerformCfg": ""
    },
    {
      "id": 1302609,
      "beginWay": "TALK_BEGIN_MANUAL",
      "activeMode": "PLAY_MODE_SINGLE",
      "beginCond": [
        {
          "type": "QUEST_COND_STATE_EQUAL",
          "param": ["1302609", "2"],
          "param_str": ""
        }
      ],
      "priority": 5,
      "initDialog": 130260901,
      "npcId": [1052],
      "performCfg": "QuestDialogue/LQ/Dehya1_13026/Q1302609",
      "heroTalk": "TALK_HERO_MAIN",
      "questId": 13026,
      "prePerformCfg": ""
    },
    {
      "id": 1302611,
      "beginWay": "TALK_BEGIN_MANUAL",
      "activeMode": "PLAY_MODE_SINGLE",
      "beginCond": [
        {
          "type": "QUEST_COND_STATE_EQUAL",
          "param": ["1302611", "2"],
          "param_str": ""
        }
      ],
      "priority": 5,
      "initDialog": 130261101,
      "npcId": [1052],
      "performCfg": "QuestDialogue/LQ/Dehya1_13026/Q1302611",
      "heroTalk": "TALK_HERO_MAIN",
      "questId": 13026,
      "prePerformCfg": ""
    },
    {
      "id": 1302612,
      "beginWay": "TALK_BEGIN_MANUAL",
      "activeMode": "PLAY_MODE_SINGLE",
      "beginCond": [
        {
          "type": "QUEST_COND_STATE_EQUAL",
          "param": ["1302612", "2"],
          "param_str": ""
        }
      ],
      "priority": 5,
      "initDialog": 130261201,
      "npcId": [13107],
      "performCfg": "QuestDialogue/LQ/Dehya1_13026/Q1302612",
      "heroTalk": "TALK_HERO_MAIN",
      "questId": 13026,
      "prePerformCfg": ""
    },
    {
      "id": 1302613,
      "beginWay": "TALK_BEGIN_MANUAL",
      "activeMode": "PLAY_MODE_SINGLE",
      "beginCond": [
        {
          "type": "QUEST_COND_STATE_EQUAL",
          "param": ["1302613", "2"],
          "param_str": ""
        }
      ],
      "priority": 5,
      "initDialog": 130261301,
      "npcId": [13110],
      "performCfg": "QuestDialogue/LQ/Dehya1_13026/Q1302613",
      "heroTalk": "TALK_HERO_MAIN",
      "questId": 13026,
      "prePerformCfg": ""
    },
    {
      "id": 1302614,
      "beginWay": "TALK_BEGIN_MANUAL",
      "activeMode": "PLAY_MODE_SINGLE",
      "beginCond": [
        {
          "type": "QUEST_COND_STATE_EQUAL",
          "param": ["1302614", "2"],
          "param_str": ""
        }
      ],
      "priority": 5,
      "initDialog": 130261401,
      "npcId": [13013, 1052],
      "performCfg": "QuestDialogue/LQ/Dehya1_13026/Q1302614",
      "heroTalk": "TALK_HERO_MAIN",
      "questId": 13026,
      "prePerformCfg": ""
    },
    {
      "id": 1302650,
      "beginWay": "TALK_BEGIN_MANUAL",
      "activeMode": "PLAY_MODE_SINGLE",
      "beginCond": [
        {
          "type": "QUEST_COND_STATE_EQUAL",
          "param": ["1302601", "2"],
          "param_str": ""
        }
      ],
      "priority": 5,
      "initDialog": 130265001,
      "npcId": [13126],
      "performCfg": "QuestDialogue/LQ/Dehya1_13026/Q1302650",
      "heroTalk": "TALK_HERO_MAIN",
      "questId": 13026,
      "prePerformCfg": "",
      "stayFreeStyle": true
    },
    {
      "id": 1302651,
      "beginWay": "TALK_BEGIN_MANUAL",
      "activeMode": "PLAY_MODE_SINGLE",
      "beginCond": [
        {
          "type": "QUEST_COND_STATE_EQUAL",
          "param": ["1302601", "2"],
          "param_str": ""
        }
      ],
      "priority": 5,
      "initDialog": 130265101,
      "npcId": [13127],
      "performCfg": "QuestDialogue/LQ/Dehya1_13026/Q1302651",
      "heroTalk": "TALK_HERO_MAIN",
      "questId": 13026,
      "prePerformCfg": "",
      "stayFreeStyle": true
    },
    {
      "id": 1302652,
      "beginWay": "TALK_BEGIN_MANUAL",
      "activeMode": "PLAY_MODE_SINGLE",
      "beginCond": [
        {
          "type": "QUEST_COND_STATE_EQUAL",
          "param": ["1302613", "2"],
          "param_str": ""
        }
      ],
      "priority": 5,
      "initDialog": 130265201,
      "npcId": [13109],
      "performCfg": "QuestDialogue/LQ/Dehya1_13026/Q1302652",
      "heroTalk": "TALK_HERO_MAIN",
      "questId": 13026,
      "prePerformCfg": "",
      "stayFreeStyle": true
    }
  ]
}
