{
  "id": 13030,
  "type": "LQ",
  "series": 13030,
  "titleTextMapHash": 2787772271,
  "descTextMapHash": 1310414790,
  "luaPath": "Actor/Quest/LQ13030",
  "suggestTrackMainQuestList": [13031],
  "rewardIdList": [113030],
  "chapterId": 2038,
  "subQuests": [
    {
      "subId": 1303001,
      "mainId": 13030,
      "order": 1,
      "descTextMapHash": 766629524,
      "exclusivePlaceList": [322001, 322002, 320906, 330312],
      "finishCond": [
        {
          "type": "QUEST_CONTENT_COMPLETE_TALK",
          "param": [1303001, 0],
          "param_str": ""
        }
      ],
      "guide": {
        "type": "QUEST_GUIDE_LOCATION",
        "autoGuide": "QUEST_GUIDE_AUTO_ENABLE",
        "param": ["Q1303001_xiaogong"],
        "guideScene": 3,
        "guideStyle": "QUEST_GUIDE_STYLE_POINT",
        "guideLayer": "QUEST_GUIDE_LAYER_SCENE"
      },
      "acceptCondComb": "LOGIC_NONE",
      "isRewind": true,
      "versionBegin": "",
      "versionEnd": "",
      "acceptCond": [
        {
          "type": "QUEST_COND_UNKNOWN",
          "param": [0, 0],
          "param_str": ""
        }
      ],
      "failCond": [],
      "beginExec": [],
      "finishExec": [],
      "failExec": []
    },
    {
      "subId": 1303002,
      "mainId": 13030,
      "order": 2,
      "descTextMapHash": 128842020,
      "exclusivePlaceList": [322002, 320906, 330312],
      "finishCond": [
        {
          "type": "QUEST_CONTENT_FINISH_PLOT",
          "param": [1303002, 0],
          "param_str": ""
        }
      ],
      "guide": {
        "type": "QUEST_GUIDE_LOCATION",
        "autoGuide": "QUEST_GUIDE_AUTO_ENABLE",
        "param": ["[3_320900499:-2520.067,202.021,-3645.274]"],
        "guideScene": 3,
        "guideStyle": "QUEST_GUIDE_STYLE_POINT",
        "guideLayer": "QUEST_GUIDE_LAYER_SCENE"
      },
      "acceptCondComb": "LOGIC_NONE",
      "isRewind": true,
      "versionBegin": "",
      "versionEnd": "",
      "acceptCond": [
        {
          "type": "QUEST_COND_UNKNOWN",
          "param": [0, 0],
          "param_str": ""
        }
      ],
      "failCond": [],
      "beginExec": [],
      "finishExec": [],
      "failExec": []
    },
    {
      "subId": 1303003,
      "mainId": 13030,
      "order": 4,
      "descTextMapHash": 974773148,
      "exclusivePlaceList": [330312, 330220, 330209, 330208, 330236, 330235],
      "finishCond": [
        {
          "type": "QUEST_CONTENT_COMPLETE_TALK",
          "param": [1303003, 0],
          "param_str": ""
        }
      ],
      "guide": {
        "type": "QUEST_GUIDE_LOCATION",
        "autoGuide": "QUEST_GUIDE_AUTO_ENABLE",
        "param": ["Q1303003_SHOP", "20"],
        "guideScene": 3,
        "guideStyle": "QUEST_GUIDE_STYLE_POINT",
        "guideLayer": "QUEST_GUIDE_LAYER_SCENE"
      },
      "acceptCondComb": "LOGIC_NONE",
      "isRewind": true,
      "versionBegin": "",
      "versionEnd": "",
      "acceptCond": [
        {
          "type": "QUEST_COND_UNKNOWN",
          "param": [0, 0],
          "param_str": ""
        }
      ],
      "failCond": [],
      "beginExec": [],
      "finishExec": [],
      "failExec": []
    },
    {
      "subId": 1303004,
      "mainId": 13030,
      "order": 5,
      "descTextMapHash": 2494639260,
      "exclusivePlaceList": [330312, 330220, 330209, 330208, 330236, 330235],
      "finishCond": [
        {
          "type": "QUEST_CONTENT_COMPLETE_TALK",
          "param": [1303004, 0],
          "param_str": ""
        }
      ],
      "guide": {
        "type": "QUEST_GUIDE_LOCATION",
        "autoGuide": "QUEST_GUIDE_AUTO_ENABLE",
        "param": ["Q1303004_XIAOGONG"],
        "guideScene": 3,
        "guideStyle": "QUEST_GUIDE_STYLE_POINT",
        "guideLayer": "QUEST_GUIDE_LAYER_SCENE"
      },
      "acceptCondComb": "LOGIC_NONE",
      "isRewind": true,
      "finishExec": [
        {
          "type": "QUEST_EXEC_UNREGISTER_DYNAMIC_GROUP",
          "param": ["133304597", "0"],
          "param_str": ""
        }
      ],
      "versionBegin": "",
      "versionEnd": "",
      "acceptCond": [
        {
          "type": "QUEST_COND_UNKNOWN",
          "param": [0, 0],
          "param_str": ""
        }
      ],
      "failCond": [],
      "beginExec": [],
      "failExec": []
    },
    {
      "subId": 1303005,
      "mainId": 13030,
      "order": 6,
      "descTextMapHash": 4235486380,
      "exclusivePlaceList": [330209, 330208, 330236, 330220, 330235],
      "finishCond": [
        {
          "type": "QUEST_CONTENT_COMPLETE_TALK",
          "param": [1303006, 0],
          "param_str": ""
        }
      ],
      "guide": {
        "type": "QUEST_GUIDE_LOCATION",
        "autoGuide": "QUEST_GUIDE_AUTO_ENABLE",
        "param": ["Q1303005_NXD", "20"],
        "guideScene": 3,
        "guideStyle": "QUEST_GUIDE_STYLE_POINT",
        "guideLayer": "QUEST_GUIDE_LAYER_SCENE"
      },
      "acceptCondComb": "LOGIC_NONE",
      "isRewind": true,
      "versionBegin": "",
      "versionEnd": "",
      "acceptCond": [
        {
          "type": "QUEST_COND_UNKNOWN",
          "param": [0, 0],
          "param_str": ""
        }
      ],
      "failCond": [],
      "beginExec": [],
      "finishExec": [],
      "failExec": []
    },
    {
      "subId": 1303006,
      "mainId": 13030,
      "order": 90,
      "descTextMapHash": 2370072332,
      "finishCond": [
        {
          "type": "QUEST_CONTENT_COMPLETE_TALK",
          "param": [1303006, 0],
          "param_str": ""
        }
      ],
      "guide": {
        "type": "QUEST_GUIDE_LOCATION",
        "autoGuide": "QUEST_GUIDE_AUTO_ENABLE",
        "param": ["Q1303006_PAIMON"],
        "guideScene": 3,
        "guideStyle": "QUEST_GUIDE_STYLE_POINT",
        "guideLayer": "QUEST_GUIDE_LAYER_SCENE"
      },
      "showGuide": "QUEST_GUIDE_ITEM_DISABLE",
      "acceptCondComb": "LOGIC_NONE",
      "isRewind": true,
      "versionBegin": "",
      "versionEnd": "",
      "acceptCond": [
        {
          "type": "QUEST_COND_UNKNOWN",
          "param": [0, 0],
          "param_str": ""
        }
      ],
      "failCond": [],
      "beginExec": [],
      "finishExec": [],
      "failExec": []
    },
    {
      "subId": 1303007,
      "mainId": 13030,
      "order": 8,
      "descTextMapHash": 910181580,
      "exclusivePlaceList": [330259, 330218, 330219],
      "finishCond": [
        {
          "type": "QUEST_CONTENT_COMPLETE_TALK",
          "param": [1303007, 0],
          "param_str": ""
        }
      ],
      "guide": {
        "type": "QUEST_GUIDE_LOCATION",
        "autoGuide": "QUEST_GUIDE_AUTO_ENABLE",
        "param": ["Q1303007_XIAOGONG", "20"],
        "guideScene": 3,
        "guideStyle": "QUEST_GUIDE_STYLE_POINT",
        "guideLayer": "QUEST_GUIDE_LAYER_SCENE"
      },
      "acceptCondComb": "LOGIC_NONE",
      "finishParent": true,
      "isRewind": true,
      "versionBegin": "",
      "versionEnd": "",
      "acceptCond": [
        {
          "type": "QUEST_COND_UNKNOWN",
          "param": [0, 0],
          "param_str": ""
        }
      ],
      "failCond": [],
      "beginExec": [],
      "finishExec": [],
      "failExec": []
    },
    {
      "subId": 1303009,
      "mainId": 13030,
      "order": 3,
      "descTextMapHash": 3640412292,
      "exclusivePlaceList": [330312],
      "finishCond": [
        {
          "type": "QUEST_CONTENT_COMPLETE_TALK",
          "param": [1303002, 0],
          "param_str": ""
        }
      ],
      "guide": {
        "type": "QUEST_GUIDE_LOCATION",
        "autoGuide": "QUEST_GUIDE_AUTO_ENABLE",
        "param": ["Q1303002_XIAOGONG"],
        "guideScene": 3,
        "guideStyle": "QUEST_GUIDE_STYLE_POINT",
        "guideLayer": "QUEST_GUIDE_LAYER_SCENE"
      },
      "acceptCondComb": "LOGIC_NONE",
      "isRewind": true,
      "versionBegin": "",
      "versionEnd": "",
      "acceptCond": [
        {
          "type": "QUEST_COND_UNKNOWN",
          "param": [0, 0],
          "param_str": ""
        }
      ],
      "failCond": [],
      "beginExec": [],
      "finishExec": [],
      "failExec": []
    }
  ],
  "talks": [
    {
      "id": 1303001,
      "beginWay": "TALK_BEGIN_MANUAL",
      "activeMode": "PLAY_MODE_SINGLE",
      "beginCond": [
        {
          "type": "QUEST_COND_STATE_EQUAL",
          "param": ["1303001", "2"],
          "param_str": ""
        }
      ],
      "priority": 5,
      "initDialog": 130300101,
      "npcId": [3035, 1035],
      "performCfg": "QuestDialogue/LQ/Yoimiya_13030/Q1303001",
      "heroTalk": "TALK_HERO_MAIN",
      "questId": 13030,
      "prePerformCfg": "",
      "crowdLOD0List": [1]
    },
    {
      "id": 1303002,
      "beginWay": "TALK_BEGIN_MANUAL",
      "activeMode": "PLAY_MODE_SINGLE",
      "beginCond": [
        {
          "type": "QUEST_COND_STATE_EQUAL",
          "param": ["1303009", "2"],
          "param_str": ""
        }
      ],
      "priority": 5,
      "initDialog": 130300201,
      "npcId": [1035],
      "performCfg": "QuestDialogue/LQ/Yoimiya_13030/Q1303002",
      "heroTalk": "TALK_HERO_MAIN",
      "questId": 13030,
      "prePerformCfg": "",
      "crowdLOD0List": [1]
    },
    {
      "id": 1303003,
      "beginWay": "TALK_BEGIN_MANUAL",
      "activeMode": "PLAY_MODE_SINGLE",
      "beginCond": [
        {
          "type": "QUEST_COND_STATE_EQUAL",
          "param": ["1303003", "2"],
          "param_str": ""
        }
      ],
      "priority": 5,
      "initDialog": 130300301,
      "npcId": [30213, 1035],
      "performCfg": "QuestDialogue/LQ/Yoimiya_13030/Q1303003",
      "heroTalk": "TALK_HERO_MAIN",
      "questId": 13030,
      "prePerformCfg": ""
    },
    {
      "id": 1303004,
      "beginWay": "TALK_BEGIN_MANUAL",
      "activeMode": "PLAY_MODE_SINGLE",
      "beginCond": [
        {
          "type": "QUEST_COND_STATE_EQUAL",
          "param": ["1303004", "2"],
          "param_str": ""
        }
      ],
      "priority": 5,
      "initDialog": 130300401,
      "npcId": [1035],
      "performCfg": "QuestDialogue/LQ/Yoimiya_13030/Q1303004",
      "heroTalk": "TALK_HERO_MAIN",
      "questId": 13030,
      "prePerformCfg": ""
    },
    {
      "id": 1303005,
      "beginWay": "TALK_BEGIN_MANUAL",
      "activeMode": "PLAY_MODE_SINGLE",
      "beginCond": [
        {
          "type": "QUEST_COND_STATE_EQUAL",
          "param": ["1303005", "2"],
          "param_str": ""
        }
      ],
      "priority": 10,
      "nextTalks": [1303081, 1303080],
      "initDialog": 130300501,
      "npcId": [1056],
      "performCfg": "QuestDialogue/LQ/Yoimiya_13030/Q1303005",
      "heroTalk": "TALK_HERO_MAIN",
      "questId": 13030,
      "prePerformCfg": ""
    },
    {
      "id": 1303006,
      "activeMode": "PLAY_MODE_SINGLE",
      "beginCond": [
        {
          "type": "QUEST_COND_STATE_EQUAL",
          "param": ["1303005", "2"],
          "param_str": ""
        }
      ],
      "priority": 5,
      "initDialog": 130300601,
      "npcId": [1005],
      "performCfg": "QuestDialogue/LQ/Yoimiya_13030/Q1303006",
      "heroTalk": "TALK_HERO_MAIN",
      "questId": 13030,
      "prePerformCfg": ""
    },
    {
      "id": 1303007,
      "beginWay": "TALK_BEGIN_MANUAL",
      "activeMode": "PLAY_MODE_SINGLE",
      "beginCond": [
        {
          "type": "QUEST_COND_STATE_EQUAL",
          "param": ["1303007", "2"],
          "param_str": ""
        }
      ],
      "priority": 5,
      "initDialog": 130300701,
      "npcId": [1035, 13261],
      "performCfg": "QuestDialogue/LQ/Yoimiya_13030/Q1303007",
      "heroTalk": "TALK_HERO_MAIN",
      "questId": 13030,
      "prePerformCfg": ""
    },
    {
      "id": 1303009,
      "beginWay": "TALK_BEGIN_MANUAL",
      "activeMode": "PLAY_MODE_SINGLE",
      "beginCond": [
        {
          "type": "QUEST_COND_STATE_EQUAL",
          "param": ["1303002", "2"],
          "param_str": ""
        }
      ],
      "priority": 5,
      "initDialog": 130300901,
      "npcId": [3035],
      "performCfg": "QuestDialogue/LQ/Yoimiya_13030/Q1303009",
      "heroTalk": "TALK_HERO_MAIN",
      "questId": 13030,
      "prePerformCfg": ""
    },
    {
      "id": 1303013,
      "beginWay": "TALK_BEGIN_MANUAL",
      "activeMode": "PLAY_MODE_SINGLE",
      "beginCond": [
        {
          "type": "QUEST_COND_STATE_EQUAL",
          "param": ["1303004", "2"],
          "param_str": ""
        }
      ],
      "priority": 5,
      "initDialog": 130301301,
      "npcId": [30213],
      "performCfg": "QuestDialogue/LQ/Yoimiya_13030/Q1303013",
      "heroTalk": "TALK_HERO_MAIN",
      "questId": 13030,
      "prePerformCfg": ""
    },
    {
      "id": 1303015,
      "beginWay": "TALK_BEGIN_MANUAL",
      "activeMode": "PLAY_MODE_SINGLE",
      "beginCond": [
        {
          "type": "QUEST_COND_STATE_EQUAL",
          "param": ["1303005", "2"],
          "param_str": ""
        }
      ],
      "priority": 5,
      "initDialog": 130301501,
      "npcId": [1035],
      "performCfg": "QuestDialogue/LQ/Yoimiya_13030/Q1303015",
      "heroTalk": "TALK_HERO_MAIN",
      "questId": 13030,
      "prePerformCfg": ""
    },
    {
      "id": 1303080,
      "beginWay": "TALK_BEGIN_MANUAL",
      "activeMode": "PLAY_MODE_SINGLE",
      "beginCondComb": "LOGIC_A_AND_ETCOR",
      "beginCond": [
        {
          "type": "QUEST_COND_STATE_EQUAL",
          "param": ["1303005", "2"],
          "param_str": ""
        },
        {
          "type": "QUEST_COND_QUEST_GLOBAL_VAR_EQUAL",
          "param": ["4008110", "1"],
          "param_str": ""
        },
        {
          "type": "QUEST_COND_QUEST_GLOBAL_VAR_EQUAL",
          "param": ["4010006", "1"],
          "param_str": ""
        },
        {
          "type": "QUEST_COND_QUEST_GLOBAL_VAR_EQUAL",
          "param": ["1915001", "1"],
          "param_str": ""
        }
      ],
      "priority": 5,
      "nextTalks": [1303082],
      "initDialog": 130300503,
      "npcId": [1056],
      "performCfg": "QuestDialogue/LQ/Yoimiya_13030/Q1303080",
      "heroTalk": "TALK_HERO_MAIN",
      "questId": 13030,
      "prePerformCfg": ""
    },
    {
      "id": 1303081,
      "beginWay": "TALK_BEGIN_MANUAL",
      "activeMode": "PLAY_MODE_SINGLE",
      "beginCond": [
        {
          "type": "QUEST_COND_STATE_EQUAL",
          "param": ["1303005", "2"],
          "param_str": ""
        }
      ],
      "priority": 5,
      "nextTalks": [1303082],
      "initDialog": 130300502,
      "npcId": [1056],
      "performCfg": "QuestDialogue/LQ/Yoimiya_13030/Q1303081",
      "heroTalk": "TALK_HERO_MAIN",
      "questId": 13030,
      "prePerformCfg": ""
    },
    {
      "id": 1303082,
      "beginWay": "TALK_BEGIN_MANUAL",
      "activeMode": "PLAY_MODE_SINGLE",
      "beginCond": [
        {
          "type": "QUEST_COND_STATE_EQUAL",
          "param": ["1303005", "2"],
          "param_str": ""
        }
      ],
      "priority": 5,
      "nextTalks": [1303006],
      "initDialog": 130300504,
      "npcId": [1056],
      "performCfg": "QuestDialogue/LQ/Yoimiya_13030/Q1303082",
      "heroTalk": "TALK_HERO_MAIN",
      "questId": 13030,
      "prePerformCfg": ""
    }
  ]
}
