{
  "id": 13033,
  "type": "LQ",
  "titleTextMapHash": 801815807,
  "descTextMapHash": 2101528582,
  "luaPath": "Actor/Quest/LQ13033",
  "showType": "QUEST_HIDDEN",
  "rewardIdList": [113033],
  "subQuests": [
    {
      "subId": 1303301,
      "mainId": 13033,
      "order": 1,
      "descTextMapHash": 1398958724,
      "failCondComb": "QUEST_HIDDEN",
      "acceptCondComb": "LOGIC_NONE",
      "showGuide": "QUEST_GUIDE_ITEM_DISABLE",
      "finishCondComb": "LOGIC_NONE",
      "failParentShow": "QUEST_HIDDEN",
      "acceptCond": [
        {
          "type": "QUEST_COND_UNKNOWN",
          "param": [0, 0],
          "param_str": ""
        }
      ],
      "finishCond": [],
      "failCond": [],
      "beginExec": [],
      "finishExec": [],
      "failExec": [],
      "guide": {}
    }
  ]
}
