{
  "id": 14001,
  "type": "LQ",
  "titleTextMapHash": 3412648455,
  "descTextMapHash": 3306370422,
  "luaPath": "Actor/Quest/LQ14001",
  "suggestTrackMainQuestList": [14002],
  "rewardIdList": [114001],
  "chapterId": 2040,
  "subQuests": [
    {
      "subId": 1400101,
      "mainId": 14001,
      "order": 1,
      "descTextMapHash": 798078572,
      "exclusivePlaceList": [340308],
      "finishCond": [
        {
          "type": "QUEST_CONTENT_GAME_TIME_TICK",
          "param": [1, 0],
          "param_str": ""
        }
      ],
      "guide": {},
      "showGuide": "QUEST_GUIDE_ITEM_DISABLE",
      "acceptCondComb": "LOGIC_NONE",
      "isRewind": true,
      "finishExec": [
        {
          "type": "QUEST_EXEC_UNREGISTER_DYNAMIC_GROUP",
          "param": ["133403509", "1"],
          "param_str": ""
        }
      ],
      "versionBegin": "",
      "versionEnd": "",
      "acceptCond": [
        {
          "type": "QUEST_COND_UNKNOWN",
          "param": [0, 0],
          "param_str": ""
        }
      ],
      "failCond": [],
      "beginExec": [],
      "failExec": []
    },
    {
      "subId": 1400102,
      "mainId": 14001,
      "order": 2,
      "descTextMapHash": 2407924204,
      "exclusivePlaceList": [340114, 340116],
      "finishCond": [
        {
          "type": "QUEST_CONTENT_COMPLETE_TALK",
          "param": [1400102, 0],
          "param_str": ""
        }
      ],
      "guide": {
        "type": "QUEST_GUIDE_NPC",
        "autoGuide": "QUEST_GUIDE_AUTO_ENABLE",
        "param": ["1071"],
        "guideScene": 3,
        "guideStyle": "QUEST_GUIDE_STYLE_TARGET",
        "guideLayer": "QUEST_GUIDE_LAYER_SCENE"
      },
      "acceptCondComb": "LOGIC_NONE",
      "isRewind": true,
      "versionBegin": "",
      "versionEnd": "",
      "acceptCond": [
        {
          "type": "QUEST_COND_UNKNOWN",
          "param": [0, 0],
          "param_str": ""
        }
      ],
      "failCond": [],
      "beginExec": [],
      "finishExec": [],
      "failExec": []
    },
    {
      "subId": 1400103,
      "mainId": 14001,
      "order": 3,
      "descTextMapHash": 3010838316,
      "exclusivePlaceList": [340116, 108401],
      "finishCond": [
        {
          "type": "QUEST_CONTENT_COMPLETE_TALK",
          "param": [1400103, 0],
          "param_str": ""
        }
      ],
      "guide": {
        "type": "QUEST_GUIDE_NPC",
        "autoGuide": "QUEST_GUIDE_AUTO_ENABLE",
        "param": ["13388"],
        "guideScene": 1084,
        "guideStyle": "QUEST_GUIDE_STYLE_TARGET",
        "guideLayer": "QUEST_GUIDE_LAYER_SCENE"
      },
      "acceptCondComb": "LOGIC_NONE",
      "isRewind": true,
      "versionBegin": "",
      "versionEnd": "",
      "acceptCond": [
        {
          "type": "QUEST_COND_UNKNOWN",
          "param": [0, 0],
          "param_str": ""
        }
      ],
      "failCond": [],
      "beginExec": [],
      "finishExec": [],
      "failExec": []
    },
    {
      "subId": 1400104,
      "mainId": 14001,
      "order": 5,
      "descTextMapHash": 2315321324,
      "exclusivePlaceList": [340116, 340209],
      "finishCond": [
        {
          "type": "QUEST_CONTENT_COMPLETE_TALK",
          "param": [1400104, 0],
          "param_str": ""
        }
      ],
      "guide": {
        "type": "QUEST_GUIDE_LOCATION",
        "autoGuide": "QUEST_GUIDE_AUTO_ENABLE",
        "param": ["[3_4713:3737.058,478.738,3737.026,0.000,334.962,0.000]"],
        "guideScene": 3,
        "guideStyle": "QUEST_GUIDE_STYLE_POINT",
        "guideLayer": "QUEST_GUIDE_LAYER_SCENE"
      },
      "acceptCondComb": "LOGIC_NONE",
      "isRewind": true,
      "versionBegin": "",
      "versionEnd": "",
      "acceptCond": [
        {
          "type": "QUEST_COND_UNKNOWN",
          "param": [0, 0],
          "param_str": ""
        }
      ],
      "failCond": [],
      "beginExec": [],
      "finishExec": [],
      "failExec": []
    },
    {
      "subId": 1400105,
      "mainId": 14001,
      "order": 6,
      "isMpBlock": true,
      "descTextMapHash": 4149751476,
      "exclusivePlaceList": [340116, 340209],
      "finishCond": [
        {
          "type": "QUEST_CONTENT_LUA_NOTIFY",
          "param": [0, 0],
          "param_str": "",
          "count": 1
        }
      ],
      "failCond": [
        {
          "type": "QUEST_CONTENT_TEAM_DEAD",
          "param": [0, 0],
          "param_str": ""
        },
        {
          "type": "QUEST_CONTENT_LEAVE_SCENE_RANGE",
          "param": [3, 30],
          "param_str": ""
        },
        {
          "type": "QUEST_CONTENT_ANY_MANUAL_TRANSPORT",
          "param": [0, 0],
          "param_str": ""
        },
        {
          "type": "QUEST_CONTENT_LEAVE_SCENE",
          "param": [3, 0],
          "param_str": ""
        }
      ],
      "guide": {
        "type": "QUEST_GUIDE_LOCATION",
        "autoGuide": "QUEST_GUIDE_AUTO_ENABLE",
        "param": ["[3_4714:3735.905,479.371,3738.978]", "30"],
        "guideScene": 3,
        "guideStyle": "QUEST_GUIDE_STYLE_POINT",
        "guideLayer": "QUEST_GUIDE_LAYER_SCENE"
      },
      "acceptCondComb": "LOGIC_NONE",
      "finishExec": [
        {
          "type": "QUEST_EXEC_UNREGISTER_DYNAMIC_GROUP",
          "param": ["133402066", "0"],
          "param_str": ""
        },
        {
          "type": "QUEST_EXEC_REMOVE_TRIAL_AVATAR",
          "param": ["71", "0"],
          "param_str": ""
        }
      ],
      "failExec": [
        {
          "type": "QUEST_EXEC_ROLLBACK_QUEST",
          "param": ["1400104", "0"],
          "param_str": ""
        },
        {
          "type": "QUEST_EXEC_UNREGISTER_DYNAMIC_GROUP",
          "param": ["133402066", "0"],
          "param_str": ""
        },
        {
          "type": "QUEST_EXEC_REMOVE_TRIAL_AVATAR",
          "param": ["71", "0"],
          "param_str": ""
        }
      ],
      "versionBegin": "",
      "versionEnd": "",
      "acceptCond": [
        {
          "type": "QUEST_COND_UNKNOWN",
          "param": [0, 0],
          "param_str": ""
        }
      ],
      "beginExec": []
    },
    {
      "subId": 1400106,
      "mainId": 14001,
      "order": 7,
      "descTextMapHash": 866442436,
      "exclusivePlaceList": [340116, 340209],
      "finishCond": [
        {
          "type": "QUEST_CONTENT_COMPLETE_TALK",
          "param": [1400106, 0],
          "param_str": ""
        }
      ],
      "guide": {
        "type": "QUEST_GUIDE_LOCATION",
        "autoGuide": "QUEST_GUIDE_AUTO_ENABLE",
        "param": ["[3_4714:3735.905,479.371,3738.978]"],
        "guideScene": 3,
        "guideStyle": "QUEST_GUIDE_STYLE_POINT",
        "guideLayer": "QUEST_GUIDE_LAYER_SCENE"
      },
      "acceptCondComb": "LOGIC_NONE",
      "isRewind": true,
      "versionBegin": "",
      "versionEnd": "",
      "acceptCond": [
        {
          "type": "QUEST_COND_UNKNOWN",
          "param": [0, 0],
          "param_str": ""
        }
      ],
      "failCond": [],
      "beginExec": [],
      "finishExec": [],
      "failExec": []
    },
    {
      "subId": 1400107,
      "mainId": 14001,
      "order": 8,
      "descTextMapHash": 4245007636,
      "exclusivePlaceList": [340116],
      "finishCond": [
        {
          "type": "QUEST_CONTENT_COMPLETE_TALK",
          "param": [1400107, 0],
          "param_str": ""
        }
      ],
      "guide": {
        "type": "QUEST_GUIDE_NPC",
        "autoGuide": "QUEST_GUIDE_AUTO_ENABLE",
        "param": ["13387"],
        "guideScene": 3,
        "guideStyle": "QUEST_GUIDE_STYLE_TARGET",
        "guideLayer": "QUEST_GUIDE_LAYER_SCENE"
      },
      "acceptCondComb": "LOGIC_NONE",
      "isRewind": true,
      "versionBegin": "",
      "versionEnd": "",
      "acceptCond": [
        {
          "type": "QUEST_COND_UNKNOWN",
          "param": [0, 0],
          "param_str": ""
        }
      ],
      "failCond": [],
      "beginExec": [],
      "finishExec": [],
      "failExec": []
    },
    {
      "subId": 1400108,
      "mainId": 14001,
      "order": 9,
      "descTextMapHash": 3645237772,
      "exclusivePlaceList": [340116, 340129],
      "finishCond": [
        {
          "type": "QUEST_CONTENT_COMPLETE_TALK",
          "param": [1400108, 0],
          "param_str": ""
        }
      ],
      "guide": {
        "type": "QUEST_GUIDE_LOCATION",
        "autoGuide": "QUEST_GUIDE_AUTO_ENABLE",
        "param": [
          "[3_4723:3480.669,291.930,4403.123,0.000,98.183,0.000]",
          "15"
        ],
        "guideScene": 3,
        "guideStyle": "QUEST_GUIDE_STYLE_POINT",
        "guideLayer": "QUEST_GUIDE_LAYER_SCENE"
      },
      "acceptCondComb": "LOGIC_NONE",
      "isRewind": true,
      "versionBegin": "",
      "versionEnd": "",
      "acceptCond": [
        {
          "type": "QUEST_COND_UNKNOWN",
          "param": [0, 0],
          "param_str": ""
        }
      ],
      "failCond": [],
      "beginExec": [],
      "finishExec": [],
      "failExec": []
    },
    {
      "subId": 1400109,
      "mainId": 14001,
      "order": 16,
      "descTextMapHash": 2552171068,
      "exclusivePlaceList": [340116, 340129],
      "finishCond": [
        {
          "type": "QUEST_CONTENT_FINISH_PLOT",
          "param": [1400109, 0],
          "param_str": ""
        }
      ],
      "failCond": [
        {
          "type": "QUEST_CONTENT_FAIL_DUNGEON",
          "param": [1182, 0],
          "param_str": ""
        },
        {
          "type": "QUEST_CONTENT_LEAVE_SCENE",
          "param": [20187, 0],
          "param_str": ""
        },
        {
          "type": "QUEST_CONTENT_ENTER_MY_WORLD",
          "param": [3, 0],
          "param_str": ""
        },
        {
          "type": "QUEST_CONTENT_ANY_MANUAL_TRANSPORT",
          "param": [0, 0],
          "param_str": ""
        }
      ],
      "guide": {},
      "acceptCondComb": "LOGIC_NONE",
      "isRewind": true,
      "failExec": [
        {
          "type": "QUEST_EXEC_ROLLBACK_QUEST",
          "param": ["1400134", "0"],
          "param_str": ""
        },
        {
          "type": "QUEST_EXEC_REMOVE_TRIAL_AVATAR",
          "param": ["71", "0"],
          "param_str": ""
        }
      ],
      "versionBegin": "",
      "versionEnd": "",
      "acceptCond": [
        {
          "type": "QUEST_COND_UNKNOWN",
          "param": [0, 0],
          "param_str": ""
        }
      ],
      "beginExec": [],
      "finishExec": []
    },
    {
      "subId": 1400110,
      "mainId": 14001,
      "order": 18,
      "showType": "QUEST_HIDDEN",
      "finishCond": [
        {
          "type": "QUEST_CONTENT_FINISH_PLOT",
          "param": [1400110, 0],
          "param_str": ""
        },
        {
          "type": "QUEST_CONTENT_QUEST_STATE_EQUAL",
          "param": [1400111, 3],
          "param_str": ""
        }
      ],
      "guide": {},
      "acceptCondComb": "LOGIC_NONE",
      "failParentShow": "QUEST_HIDDEN",
      "finishExec": [
        {
          "type": "QUEST_EXEC_NOTIFY_GROUP_LUA",
          "param": ["20187", "220187010"],
          "param_str": ""
        }
      ],
      "versionBegin": "",
      "versionEnd": "",
      "acceptCond": [
        {
          "type": "QUEST_COND_UNKNOWN",
          "param": [0, 0],
          "param_str": ""
        }
      ],
      "failCond": [],
      "beginExec": [],
      "failExec": []
    },
    {
      "subId": 1400111,
      "mainId": 14001,
      "order": 17,
      "descTextMapHash": 4294548460,
      "exclusivePlaceList": [340116, 340129],
      "finishCond": [
        {
          "type": "QUEST_CONTENT_COMPLETE_TALK",
          "param": [1400111, 0],
          "param_str": ""
        }
      ],
      "failCond": [
        {
          "type": "QUEST_CONTENT_FAIL_DUNGEON",
          "param": [1182, 0],
          "param_str": ""
        },
        {
          "type": "QUEST_CONTENT_LEAVE_SCENE",
          "param": [20187, 0],
          "param_str": ""
        },
        {
          "type": "QUEST_CONTENT_ENTER_MY_WORLD",
          "param": [3, 0],
          "param_str": ""
        },
        {
          "type": "QUEST_CONTENT_ANY_MANUAL_TRANSPORT",
          "param": [0, 0],
          "param_str": ""
        }
      ],
      "guide": {},
      "acceptCondComb": "LOGIC_NONE",
      "isRewind": true,
      "finishExec": [
        {
          "type": "QUEST_EXEC_NOTIFY_GROUP_LUA",
          "param": ["20187", "220187010"],
          "param_str": ""
        }
      ],
      "failExec": [
        {
          "type": "QUEST_EXEC_ROLLBACK_QUEST",
          "param": ["1400134", "0"],
          "param_str": ""
        },
        {
          "type": "QUEST_EXEC_REMOVE_TRIAL_AVATAR",
          "param": ["71", "0"],
          "param_str": ""
        }
      ],
      "versionBegin": "",
      "versionEnd": "",
      "acceptCond": [
        {
          "type": "QUEST_COND_UNKNOWN",
          "param": [0, 0],
          "param_str": ""
        }
      ],
      "beginExec": []
    },
    {
      "subId": 1400112,
      "mainId": 14001,
      "order": 20,
      "descTextMapHash": 3889387964,
      "exclusivePlaceList": [340129, 340116],
      "finishCond": [
        {
          "type": "QUEST_CONTENT_COMPLETE_TALK",
          "param": [1400112, 0],
          "param_str": ""
        }
      ],
      "failCond": [
        {
          "type": "QUEST_CONTENT_FAIL_DUNGEON",
          "param": [1182, 0],
          "param_str": ""
        },
        {
          "type": "QUEST_CONTENT_LEAVE_SCENE",
          "param": [20187, 0],
          "param_str": ""
        },
        {
          "type": "QUEST_CONTENT_ENTER_MY_WORLD",
          "param": [3, 0],
          "param_str": ""
        },
        {
          "type": "QUEST_CONTENT_ANY_MANUAL_TRANSPORT",
          "param": [0, 0],
          "param_str": ""
        }
      ],
      "guide": {},
      "acceptCondComb": "LOGIC_NONE",
      "isRewind": true,
      "finishExec": [
        {
          "type": "QUEST_EXEC_NOTIFY_GROUP_LUA",
          "param": ["20187", "220187011"],
          "param_str": ""
        },
        {
          "type": "QUEST_EXEC_REMOVE_TRIAL_AVATAR",
          "param": ["71", "0"],
          "param_str": ""
        }
      ],
      "failExec": [
        {
          "type": "QUEST_EXEC_ROLLBACK_QUEST",
          "param": ["1400134", "0"],
          "param_str": ""
        },
        {
          "type": "QUEST_EXEC_REMOVE_TRIAL_AVATAR",
          "param": ["71", "0"],
          "param_str": ""
        }
      ],
      "versionBegin": "",
      "versionEnd": "",
      "acceptCond": [
        {
          "type": "QUEST_COND_UNKNOWN",
          "param": [0, 0],
          "param_str": ""
        }
      ],
      "beginExec": []
    },
    {
      "subId": 1400113,
      "mainId": 14001,
      "order": 23,
      "descTextMapHash": 3764178700,
      "exclusivePlaceList": [340116, 340129],
      "finishCond": [
        {
          "type": "QUEST_CONTENT_COMPLETE_TALK",
          "param": [1400113, 0],
          "param_str": ""
        }
      ],
      "failCond": [
        {
          "type": "QUEST_CONTENT_FAIL_DUNGEON",
          "param": [1182, 0],
          "param_str": ""
        },
        {
          "type": "QUEST_CONTENT_LEAVE_SCENE",
          "param": [20187, 0],
          "param_str": ""
        },
        {
          "type": "QUEST_CONTENT_ENTER_MY_WORLD",
          "param": [3, 0],
          "param_str": ""
        },
        {
          "type": "QUEST_CONTENT_ANY_MANUAL_TRANSPORT",
          "param": [0, 0],
          "param_str": ""
        }
      ],
      "guide": {},
      "acceptCondComb": "LOGIC_NONE",
      "isRewind": true,
      "finishExec": [
        {
          "type": "QUEST_EXEC_NOTIFY_GROUP_LUA",
          "param": ["20187", "220187011"],
          "param_str": ""
        }
      ],
      "failExec": [
        {
          "type": "QUEST_EXEC_ROLLBACK_QUEST",
          "param": ["1400134", "0"],
          "param_str": ""
        }
      ],
      "versionBegin": "",
      "versionEnd": "",
      "acceptCond": [
        {
          "type": "QUEST_COND_UNKNOWN",
          "param": [0, 0],
          "param_str": ""
        }
      ],
      "beginExec": []
    },
    {
      "subId": 1400114,
      "mainId": 14001,
      "order": 24,
      "descTextMapHash": 1901472860,
      "exclusivePlaceList": [340116, 340129],
      "finishCond": [
        {
          "type": "QUEST_CONTENT_COMPLETE_TALK",
          "param": [1400114, 0],
          "param_str": ""
        }
      ],
      "failCond": [
        {
          "type": "QUEST_CONTENT_FAIL_DUNGEON",
          "param": [1182, 0],
          "param_str": ""
        },
        {
          "type": "QUEST_CONTENT_LEAVE_SCENE",
          "param": [20187, 0],
          "param_str": ""
        },
        {
          "type": "QUEST_CONTENT_ENTER_MY_WORLD",
          "param": [3, 0],
          "param_str": ""
        },
        {
          "type": "QUEST_CONTENT_ANY_MANUAL_TRANSPORT",
          "param": [0, 0],
          "param_str": ""
        }
      ],
      "guide": {},
      "acceptCondComb": "LOGIC_NONE",
      "isRewind": true,
      "finishExec": [
        {
          "type": "QUEST_EXEC_NOTIFY_GROUP_LUA",
          "param": ["20187", "220187012"],
          "param_str": ""
        }
      ],
      "failExec": [
        {
          "type": "QUEST_EXEC_ROLLBACK_QUEST",
          "param": ["1400134", "0"],
          "param_str": ""
        }
      ],
      "versionBegin": "",
      "versionEnd": "",
      "acceptCond": [
        {
          "type": "QUEST_COND_UNKNOWN",
          "param": [0, 0],
          "param_str": ""
        }
      ],
      "beginExec": []
    },
    {
      "subId": 1400115,
      "mainId": 14001,
      "order": 25,
      "descTextMapHash": 2561102292,
      "exclusivePlaceList": [340116, 340129],
      "finishCond": [
        {
          "type": "QUEST_CONTENT_LUA_NOTIFY",
          "param": [0, 0],
          "param_str": "",
          "count": 1
        }
      ],
      "failCond": [
        {
          "type": "QUEST_CONTENT_FAIL_DUNGEON",
          "param": [1182, 0],
          "param_str": ""
        },
        {
          "type": "QUEST_CONTENT_LEAVE_SCENE",
          "param": [20187, 0],
          "param_str": ""
        },
        {
          "type": "QUEST_CONTENT_ENTER_MY_WORLD",
          "param": [3, 0],
          "param_str": ""
        },
        {
          "type": "QUEST_CONTENT_ANY_MANUAL_TRANSPORT",
          "param": [0, 0],
          "param_str": ""
        }
      ],
      "guide": {},
      "showGuide": "QUEST_GUIDE_ITEM_DISABLE",
      "acceptCondComb": "LOGIC_NONE",
      "isRewind": true,
      "failExec": [
        {
          "type": "QUEST_EXEC_ROLLBACK_QUEST",
          "param": ["1400134", "0"],
          "param_str": ""
        },
        {
          "type": "QUEST_EXEC_REMOVE_TRIAL_AVATAR",
          "param": ["71", "0"],
          "param_str": ""
        }
      ],
      "versionBegin": "",
      "versionEnd": "",
      "acceptCond": [
        {
          "type": "QUEST_COND_UNKNOWN",
          "param": [0, 0],
          "param_str": ""
        }
      ],
      "beginExec": [],
      "finishExec": []
    },
    {
      "subId": 1400116,
      "mainId": 14001,
      "order": 26,
      "descTextMapHash": 1000216604,
      "exclusivePlaceList": [340116, 340129],
      "finishCond": [
        {
          "type": "QUEST_CONTENT_COMPLETE_TALK",
          "param": [1400116, 0],
          "param_str": ""
        }
      ],
      "failCond": [
        {
          "type": "QUEST_CONTENT_FAIL_DUNGEON",
          "param": [1182, 0],
          "param_str": ""
        },
        {
          "type": "QUEST_CONTENT_LEAVE_SCENE",
          "param": [20187, 0],
          "param_str": ""
        },
        {
          "type": "QUEST_CONTENT_ENTER_MY_WORLD",
          "param": [3, 0],
          "param_str": ""
        },
        {
          "type": "QUEST_CONTENT_ANY_MANUAL_TRANSPORT",
          "param": [0, 0],
          "param_str": ""
        }
      ],
      "guide": {},
      "acceptCondComb": "LOGIC_NONE",
      "isRewind": true,
      "finishExec": [
        {
          "type": "QUEST_EXEC_REMOVE_TRIAL_AVATAR",
          "param": ["71", "0"],
          "param_str": ""
        }
      ],
      "failExec": [
        {
          "type": "QUEST_EXEC_ROLLBACK_QUEST",
          "param": ["1400134", "0"],
          "param_str": ""
        },
        {
          "type": "QUEST_EXEC_REMOVE_TRIAL_AVATAR",
          "param": ["71", "0"],
          "param_str": ""
        }
      ],
      "versionBegin": "",
      "versionEnd": "",
      "acceptCond": [
        {
          "type": "QUEST_COND_UNKNOWN",
          "param": [0, 0],
          "param_str": ""
        }
      ],
      "beginExec": []
    },
    {
      "subId": 1400117,
      "mainId": 14001,
      "order": 31,
      "descTextMapHash": 2336267756,
      "exclusivePlaceList": [340116, 340129],
      "finishCond": [
        {
          "type": "QUEST_CONTENT_ENTER_MY_WORLD",
          "param": [3, 0],
          "param_str": ""
        },
        {
          "type": "QUEST_CONTENT_LEAVE_SCENE",
          "param": [20187, 0],
          "param_str": ""
        },
        {
          "type": "QUEST_CONTENT_FINISH_PLOT",
          "param": [1400128, 0],
          "param_str": ""
        }
      ],
      "guide": {},
      "acceptCondComb": "LOGIC_NONE",
      "isRewind": true,
      "finishExec": [
        {
          "type": "QUEST_EXEC_LOCK_POINT",
          "param": ["3", "976"],
          "param_str": ""
        },
        {
          "type": "QUEST_EXEC_REFRESH_GROUP_SUITE",
          "param": ["3", "133401578,1"],
          "param_str": ""
        }
      ],
      "versionBegin": "",
      "versionEnd": "",
      "acceptCond": [
        {
          "type": "QUEST_COND_UNKNOWN",
          "param": [0, 0],
          "param_str": ""
        }
      ],
      "failCond": [],
      "beginExec": [],
      "failExec": []
    },
    {
      "subId": 1400118,
      "mainId": 14001,
      "order": 32,
      "descTextMapHash": 4154804732,
      "exclusivePlaceList": [340129, 340116],
      "finishCond": [
        {
          "type": "QUEST_CONTENT_COMPLETE_TALK",
          "param": [1400118, 0],
          "param_str": ""
        }
      ],
      "guide": {
        "type": "QUEST_GUIDE_LOCATION",
        "autoGuide": "QUEST_GUIDE_AUTO_ENABLE",
        "param": ["[3_4722:3479.198,291.931,4406.739]"],
        "guideScene": 3,
        "guideStyle": "QUEST_GUIDE_STYLE_POINT",
        "guideLayer": "QUEST_GUIDE_LAYER_SCENE"
      },
      "acceptCondComb": "LOGIC_NONE",
      "isRewind": true,
      "versionBegin": "",
      "versionEnd": "",
      "acceptCond": [
        {
          "type": "QUEST_COND_UNKNOWN",
          "param": [0, 0],
          "param_str": ""
        }
      ],
      "failCond": [],
      "beginExec": [],
      "finishExec": [],
      "failExec": []
    },
    {
      "subId": 1400119,
      "mainId": 14001,
      "order": 34,
      "descTextMapHash": 4046154092,
      "exclusivePlaceList": [340308],
      "finishCond": [
        {
          "type": "QUEST_CONTENT_COMPLETE_TALK",
          "param": [1400119, 0],
          "param_str": ""
        }
      ],
      "guide": {
        "type": "QUEST_GUIDE_LOCATION",
        "autoGuide": "QUEST_GUIDE_AUTO_ENABLE",
        "param": ["[3_4710:2637.903,463.118,4280.437,0.000,260.605,0.000]"],
        "guideScene": 3,
        "guideStyle": "QUEST_GUIDE_STYLE_POINT",
        "guideLayer": "QUEST_GUIDE_LAYER_SCENE"
      },
      "acceptCondComb": "LOGIC_NONE",
      "finishParent": true,
      "isRewind": true,
      "versionBegin": "",
      "versionEnd": "",
      "acceptCond": [
        {
          "type": "QUEST_COND_UNKNOWN",
          "param": [0, 0],
          "param_str": ""
        }
      ],
      "failCond": [],
      "beginExec": [],
      "finishExec": [],
      "failExec": []
    },
    {
      "subId": 1400120,
      "mainId": 14001,
      "order": 22,
      "descTextMapHash": 1238943668,
      "exclusivePlaceList": [340116, 340129],
      "finishCond": [
        {
          "type": "QUEST_CONTENT_FINISH_PLOT",
          "param": [1400120, 0],
          "param_str": ""
        },
        {
          "type": "QUEST_CONTENT_COMPLETE_TALK",
          "param": [1400120, 0],
          "param_str": ""
        }
      ],
      "failCond": [
        {
          "type": "QUEST_CONTENT_FAIL_DUNGEON",
          "param": [1182, 0],
          "param_str": ""
        },
        {
          "type": "QUEST_CONTENT_LEAVE_SCENE",
          "param": [20187, 0],
          "param_str": ""
        },
        {
          "type": "QUEST_CONTENT_ENTER_MY_WORLD",
          "param": [3, 0],
          "param_str": ""
        },
        {
          "type": "QUEST_CONTENT_ANY_MANUAL_TRANSPORT",
          "param": [0, 0],
          "param_str": ""
        }
      ],
      "guide": {},
      "acceptCondComb": "LOGIC_NONE",
      "isRewind": true,
      "finishExec": [
        {
          "type": "QUEST_EXEC_NOTIFY_GROUP_LUA",
          "param": ["20187", "220187011"],
          "param_str": ""
        }
      ],
      "failExec": [
        {
          "type": "QUEST_EXEC_ROLLBACK_QUEST",
          "param": ["1400134", "0"],
          "param_str": ""
        }
      ],
      "versionBegin": "",
      "versionEnd": "",
      "acceptCond": [
        {
          "type": "QUEST_COND_UNKNOWN",
          "param": [0, 0],
          "param_str": ""
        }
      ],
      "beginExec": []
    },
    {
      "subId": 1400121,
      "mainId": 14001,
      "order": 33,
      "descTextMapHash": 918573020,
      "exclusivePlaceList": [340116],
      "finishCond": [
        {
          "type": "QUEST_CONTENT_COMPLETE_TALK",
          "param": [1400131, 0],
          "param_str": ""
        }
      ],
      "guide": {
        "type": "QUEST_GUIDE_NPC",
        "autoGuide": "QUEST_GUIDE_AUTO_ENABLE",
        "param": ["1072"],
        "guideScene": 3,
        "guideStyle": "QUEST_GUIDE_STYLE_TARGET",
        "guideLayer": "QUEST_GUIDE_LAYER_SCENE"
      },
      "acceptCondComb": "LOGIC_NONE",
      "isRewind": true,
      "versionBegin": "",
      "versionEnd": "",
      "acceptCond": [
        {
          "type": "QUEST_COND_UNKNOWN",
          "param": [0, 0],
          "param_str": ""
        }
      ],
      "failCond": [],
      "beginExec": [],
      "finishExec": [],
      "failExec": []
    },
    {
      "subId": 1400122,
      "mainId": 14001,
      "order": 4,
      "descTextMapHash": 658545924,
      "exclusivePlaceList": [340114, 340116],
      "finishCond": [
        {
          "type": "QUEST_CONTENT_COMPLETE_TALK",
          "param": [1400136, 0],
          "param_str": ""
        }
      ],
      "guide": {
        "type": "QUEST_GUIDE_NPC",
        "autoGuide": "QUEST_GUIDE_AUTO_ENABLE",
        "param": ["13440"],
        "guideScene": 3,
        "guideStyle": "QUEST_GUIDE_STYLE_TARGET",
        "guideLayer": "QUEST_GUIDE_LAYER_SCENE"
      },
      "acceptCondComb": "LOGIC_NONE",
      "isRewind": true,
      "versionBegin": "",
      "versionEnd": "",
      "acceptCond": [
        {
          "type": "QUEST_COND_UNKNOWN",
          "param": [0, 0],
          "param_str": ""
        }
      ],
      "failCond": [],
      "beginExec": [],
      "finishExec": [],
      "failExec": []
    },
    {
      "subId": 1400123,
      "mainId": 14001,
      "order": 21,
      "descTextMapHash": 770222212,
      "exclusivePlaceList": [340116, 340129],
      "finishCond": [
        {
          "type": "QUEST_CONTENT_LUA_NOTIFY",
          "param": [0, 0],
          "param_str": "",
          "count": 1
        }
      ],
      "failCond": [
        {
          "type": "QUEST_CONTENT_FAIL_DUNGEON",
          "param": [1182, 0],
          "param_str": ""
        },
        {
          "type": "QUEST_CONTENT_LEAVE_SCENE",
          "param": [20187, 0],
          "param_str": ""
        },
        {
          "type": "QUEST_CONTENT_ENTER_MY_WORLD",
          "param": [3, 0],
          "param_str": ""
        },
        {
          "type": "QUEST_CONTENT_ANY_MANUAL_TRANSPORT",
          "param": [0, 0],
          "param_str": ""
        }
      ],
      "guide": {},
      "acceptCondComb": "LOGIC_NONE",
      "isRewind": true,
      "failExec": [
        {
          "type": "QUEST_EXEC_ROLLBACK_QUEST",
          "param": ["1400134", "0"],
          "param_str": ""
        }
      ],
      "versionBegin": "",
      "versionEnd": "",
      "acceptCond": [
        {
          "type": "QUEST_COND_UNKNOWN",
          "param": [0, 0],
          "param_str": ""
        }
      ],
      "beginExec": [],
      "finishExec": []
    },
    {
      "subId": 1400124,
      "mainId": 14001,
      "order": 12,
      "showType": "QUEST_HIDDEN",
      "finishCond": [
        {
          "type": "QUEST_CONTENT_LUA_NOTIFY",
          "param": [0, 0],
          "param_str": "",
          "count": 1
        }
      ],
      "guide": {},
      "acceptCondComb": "LOGIC_NONE",
      "failParentShow": "QUEST_HIDDEN",
      "isRewind": true,
      "versionBegin": "",
      "versionEnd": "",
      "acceptCond": [
        {
          "type": "QUEST_COND_UNKNOWN",
          "param": [0, 0],
          "param_str": ""
        }
      ],
      "failCond": [],
      "beginExec": [],
      "finishExec": [],
      "failExec": []
    },
    {
      "subId": 1400125,
      "mainId": 14001,
      "order": 13,
      "showType": "QUEST_HIDDEN",
      "finishCond": [
        {
          "type": "QUEST_CONTENT_LUA_NOTIFY",
          "param": [0, 0],
          "param_str": "",
          "count": 1
        }
      ],
      "guide": {},
      "acceptCondComb": "LOGIC_NONE",
      "failParentShow": "QUEST_HIDDEN",
      "isRewind": true,
      "versionBegin": "",
      "versionEnd": "",
      "acceptCond": [
        {
          "type": "QUEST_COND_UNKNOWN",
          "param": [0, 0],
          "param_str": ""
        }
      ],
      "failCond": [],
      "beginExec": [],
      "finishExec": [],
      "failExec": []
    },
    {
      "subId": 1400126,
      "mainId": 14001,
      "order": 14,
      "showType": "QUEST_HIDDEN",
      "finishCond": [
        {
          "type": "QUEST_CONTENT_LUA_NOTIFY",
          "param": [0, 0],
          "param_str": "",
          "count": 1
        }
      ],
      "guide": {},
      "acceptCondComb": "LOGIC_NONE",
      "failParentShow": "QUEST_HIDDEN",
      "isRewind": true,
      "versionBegin": "",
      "versionEnd": "",
      "acceptCond": [
        {
          "type": "QUEST_COND_UNKNOWN",
          "param": [0, 0],
          "param_str": ""
        }
      ],
      "failCond": [],
      "beginExec": [],
      "finishExec": [],
      "failExec": []
    },
    {
      "subId": 1400127,
      "mainId": 14001,
      "order": 15,
      "showType": "QUEST_HIDDEN",
      "finishCond": [
        {
          "type": "QUEST_CONTENT_LUA_NOTIFY",
          "param": [0, 0],
          "param_str": "",
          "count": 1
        }
      ],
      "guide": {},
      "acceptCondComb": "LOGIC_NONE",
      "failParentShow": "QUEST_HIDDEN",
      "isRewind": true,
      "versionBegin": "",
      "versionEnd": "",
      "acceptCond": [
        {
          "type": "QUEST_COND_UNKNOWN",
          "param": [0, 0],
          "param_str": ""
        }
      ],
      "failCond": [],
      "beginExec": [],
      "finishExec": [],
      "failExec": []
    },
    {
      "subId": 1400128,
      "mainId": 14001,
      "order": 27,
      "showType": "QUEST_HIDDEN",
      "finishCond": [
        {
          "type": "QUEST_CONTENT_FINISH_PLOT",
          "param": [1400117, 0],
          "param_str": ""
        }
      ],
      "guide": {},
      "acceptCondComb": "LOGIC_NONE",
      "failParentShow": "QUEST_HIDDEN",
      "versionBegin": "",
      "versionEnd": "",
      "acceptCond": [
        {
          "type": "QUEST_COND_UNKNOWN",
          "param": [0, 0],
          "param_str": ""
        }
      ],
      "failCond": [],
      "beginExec": [],
      "finishExec": [],
      "failExec": []
    },
    {
      "subId": 1400129,
      "mainId": 14001,
      "order": 28,
      "showType": "QUEST_HIDDEN",
      "finishCond": [
        {
          "type": "QUEST_CONTENT_FINISH_PLOT",
          "param": [1400117, 0],
          "param_str": ""
        }
      ],
      "guide": {},
      "acceptCondComb": "LOGIC_NONE",
      "failParentShow": "QUEST_HIDDEN",
      "versionBegin": "",
      "versionEnd": "",
      "acceptCond": [
        {
          "type": "QUEST_COND_UNKNOWN",
          "param": [0, 0],
          "param_str": ""
        }
      ],
      "failCond": [],
      "beginExec": [],
      "finishExec": [],
      "failExec": []
    },
    {
      "subId": 1400130,
      "mainId": 14001,
      "order": 29,
      "showType": "QUEST_HIDDEN",
      "finishCond": [
        {
          "type": "QUEST_CONTENT_FINISH_PLOT",
          "param": [1400117, 0],
          "param_str": ""
        }
      ],
      "guide": {},
      "acceptCondComb": "LOGIC_NONE",
      "failParentShow": "QUEST_HIDDEN",
      "versionBegin": "",
      "versionEnd": "",
      "acceptCond": [
        {
          "type": "QUEST_COND_UNKNOWN",
          "param": [0, 0],
          "param_str": ""
        }
      ],
      "failCond": [],
      "beginExec": [],
      "finishExec": [],
      "failExec": []
    },
    {
      "subId": 1400131,
      "mainId": 14001,
      "order": 30,
      "showType": "QUEST_HIDDEN",
      "finishCond": [
        {
          "type": "QUEST_CONTENT_FINISH_PLOT",
          "param": [1400117, 0],
          "param_str": ""
        }
      ],
      "guide": {},
      "acceptCondComb": "LOGIC_NONE",
      "failParentShow": "QUEST_HIDDEN",
      "versionBegin": "",
      "versionEnd": "",
      "acceptCond": [
        {
          "type": "QUEST_COND_UNKNOWN",
          "param": [0, 0],
          "param_str": ""
        }
      ],
      "failCond": [],
      "beginExec": [],
      "finishExec": [],
      "failExec": []
    },
    {
      "subId": 1400132,
      "mainId": 14001,
      "order": 10,
      "showType": "QUEST_HIDDEN",
      "finishCond": [
        {
          "type": "QUEST_CONTENT_FINISH_PLOT",
          "param": [1400132, 0],
          "param_str": ""
        },
        {
          "type": "QUEST_CONTENT_QUEST_STATE_EQUAL",
          "param": [1400108, 3],
          "param_str": ""
        }
      ],
      "guide": {},
      "acceptCondComb": "LOGIC_NONE",
      "finishExec": [
        {
          "type": "QUEST_EXEC_REFRESH_GROUP_SUITE",
          "param": ["3", "133401578,2"],
          "param_str": ""
        }
      ],
      "versionBegin": "",
      "versionEnd": "",
      "acceptCond": [
        {
          "type": "QUEST_COND_UNKNOWN",
          "param": [0, 0],
          "param_str": ""
        }
      ],
      "failCond": [],
      "beginExec": [],
      "failExec": []
    },
    {
      "subId": 1400133,
      "mainId": 14001,
      "order": 19,
      "descTextMapHash": 2309335564,
      "exclusivePlaceList": [340116, 340129],
      "finishCond": [
        {
          "type": "QUEST_CONTENT_LUA_NOTIFY",
          "param": [0, 0],
          "param_str": "",
          "count": 1
        }
      ],
      "failCond": [
        {
          "type": "QUEST_CONTENT_FAIL_DUNGEON",
          "param": [1182, 0],
          "param_str": ""
        },
        {
          "type": "QUEST_CONTENT_LEAVE_SCENE",
          "param": [20187, 0],
          "param_str": ""
        },
        {
          "type": "QUEST_CONTENT_ENTER_MY_WORLD",
          "param": [3, 0],
          "param_str": ""
        },
        {
          "type": "QUEST_CONTENT_ANY_MANUAL_TRANSPORT",
          "param": [0, 0],
          "param_str": ""
        }
      ],
      "guide": {},
      "acceptCondComb": "LOGIC_NONE",
      "isRewind": true,
      "failExec": [
        {
          "type": "QUEST_EXEC_ROLLBACK_QUEST",
          "param": ["1400134", "0"],
          "param_str": ""
        },
        {
          "type": "QUEST_EXEC_REMOVE_TRIAL_AVATAR",
          "param": ["71", "0"],
          "param_str": ""
        }
      ],
      "versionBegin": "",
      "versionEnd": "",
      "acceptCond": [
        {
          "type": "QUEST_COND_UNKNOWN",
          "param": [0, 0],
          "param_str": ""
        }
      ],
      "beginExec": [],
      "finishExec": []
    },
    {
      "subId": 1400134,
      "mainId": 14001,
      "order": 11,
      "descTextMapHash": 3438769180,
      "exclusivePlaceList": [340116, 340129],
      "finishCond": [
        {
          "type": "QUEST_CONTENT_ENTER_DUNGEON",
          "param": [1182, 976],
          "param_str": ""
        }
      ],
      "guide": {
        "type": "QUEST_GUIDE_GADGET",
        "autoGuide": "QUEST_GUIDE_AUTO_ENABLE",
        "param": ["133401578", "578027", "3483.588:291.837:4402.849"],
        "guideScene": 3,
        "guideStyle": "QUEST_GUIDE_STYLE_TARGET",
        "guideLayer": "QUEST_GUIDE_LAYER_SCENE"
      },
      "acceptCondComb": "LOGIC_NONE",
      "isRewind": true,
      "finishExec": [
        {
          "type": "QUEST_EXEC_REFRESH_GROUP_SUITE",
          "param": ["3", "133401578,1"],
          "param_str": ""
        }
      ],
      "versionBegin": "",
      "versionEnd": "",
      "acceptCond": [
        {
          "type": "QUEST_COND_UNKNOWN",
          "param": [0, 0],
          "param_str": ""
        }
      ],
      "failCond": [],
      "beginExec": [],
      "failExec": []
    }
  ],
  "talks": [
    {
      "id": 1400011,
      "beginWay": "TALK_BEGIN_MANUAL",
      "activeMode": "PLAY_MODE_SINGLE",
      "beginCond": [
        {
          "type": "QUEST_COND_STATE_EQUAL",
          "param": ["1400101", "2"],
          "param_str": ""
        }
      ],
      "priority": 5,
      "initDialog": 140001101,
      "npcId": [13391],
      "performCfg": "QuestDialogue/LQ/Liney1_14000/Q1400011",
      "heroTalk": "TALK_HERO_MAIN",
      "questId": 14001,
      "prePerformCfg": ""
    },
    {
      "id": 1400012,
      "beginWay": "TALK_BEGIN_MANUAL",
      "activeMode": "PLAY_MODE_SINGLE",
      "beginCond": [
        {
          "type": "QUEST_COND_STATE_EQUAL",
          "param": ["1400101", "2"],
          "param_str": ""
        }
      ],
      "priority": 5,
      "initDialog": 140001201,
      "npcId": [13389],
      "performCfg": "QuestDialogue/LQ/Liney1_14000/Q1400012",
      "heroTalk": "TALK_HERO_MAIN",
      "questId": 14001,
      "prePerformCfg": ""
    },
    {
      "id": 1400013,
      "beginWay": "TALK_BEGIN_MANUAL",
      "activeMode": "PLAY_MODE_SINGLE",
      "beginCond": [
        {
          "type": "QUEST_COND_STATE_EQUAL",
          "param": ["1400101", "2"],
          "param_str": ""
        }
      ],
      "priority": 5,
      "initDialog": 140001301,
      "npcId": [13390],
      "performCfg": "QuestDialogue/LQ/Liney1_14000/Q1400013",
      "heroTalk": "TALK_HERO_MAIN",
      "questId": 14001,
      "prePerformCfg": ""
    },
    {
      "id": 1400102,
      "beginWay": "TALK_BEGIN_MANUAL",
      "activeMode": "PLAY_MODE_SINGLE",
      "beginCond": [
        {
          "type": "QUEST_COND_STATE_EQUAL",
          "param": ["1400102", "2"],
          "param_str": ""
        }
      ],
      "priority": 5,
      "initDialog": 140010201,
      "npcId": [1071],
      "performCfg": "QuestDialogue/LQ/Liney1_14001/Q1400102",
      "heroTalk": "TALK_HERO_MAIN",
      "questId": 14001,
      "prePerformCfg": ""
    },
    {
      "id": 1400103,
      "beginWay": "TALK_BEGIN_MANUAL",
      "activeMode": "PLAY_MODE_SINGLE",
      "beginCond": [
        {
          "type": "QUEST_COND_STATE_EQUAL",
          "param": ["1400103", "2"],
          "param_str": ""
        }
      ],
      "priority": 5,
      "initDialog": 140010301,
      "npcId": [13388, 1071, 13440],
      "performCfg": "QuestDialogue/LQ/Liney1_14001/Q1400103",
      "heroTalk": "TALK_HERO_MAIN",
      "questId": 14001,
      "prePerformCfg": ""
    },
    {
      "id": 1400104,
      "beginWay": "TALK_BEGIN_MANUAL",
      "activeMode": "PLAY_MODE_SINGLE",
      "beginCond": [
        {
          "type": "QUEST_COND_STATE_EQUAL",
          "param": ["1400104", "2"],
          "param_str": ""
        }
      ],
      "priority": 5,
      "initDialog": 140010401,
      "npcId": [1071, 13441, 13442],
      "performCfg": "QuestDialogue/LQ/Liney1_14001/Q1400104",
      "heroTalk": "TALK_HERO_MAIN",
      "questId": 14001,
      "prePerformCfg": ""
    },
    {
      "id": 1400106,
      "beginWay": "TALK_BEGIN_MANUAL",
      "activeMode": "PLAY_MODE_SINGLE",
      "beginCond": [
        {
          "type": "QUEST_COND_STATE_EQUAL",
          "param": ["1400106", "2"],
          "param_str": ""
        }
      ],
      "priority": 5,
      "initDialog": 140010601,
      "npcId": [13441, 13442, 1071, 13393, 13457],
      "performCfg": "QuestDialogue/LQ/Liney1_14001/Q1400106",
      "heroTalk": "TALK_HERO_MAIN",
      "questId": 14001,
      "prePerformCfg": ""
    },
    {
      "id": 1400107,
      "beginWay": "TALK_BEGIN_MANUAL",
      "activeMode": "PLAY_MODE_SINGLE",
      "beginCond": [
        {
          "type": "QUEST_COND_STATE_EQUAL",
          "param": ["1400107", "2"],
          "param_str": ""
        }
      ],
      "priority": 5,
      "initDialog": 140010701,
      "npcId": [13387, 1072, 1071],
      "performCfg": "QuestDialogue/LQ/Liney1_14001/Q1400107",
      "heroTalk": "TALK_HERO_MAIN",
      "questId": 14001,
      "prePerformCfg": ""
    },
    {
      "id": 1400108,
      "beginWay": "TALK_BEGIN_MANUAL",
      "activeMode": "PLAY_MODE_SINGLE",
      "beginCond": [
        {
          "type": "QUEST_COND_STATE_EQUAL",
          "param": ["1400108", "2"],
          "param_str": ""
        }
      ],
      "priority": 5,
      "initDialog": 140010801,
      "npcId": [1071],
      "performCfg": "QuestDialogue/LQ/Liney1_14001/Q1400108",
      "heroTalk": "TALK_HERO_MAIN",
      "questId": 14001,
      "prePerformCfg": ""
    },
    {
      "id": 1400111,
      "beginWay": "TALK_BEGIN_MANUAL",
      "activeMode": "PLAY_MODE_SINGLE",
      "beginCond": [
        {
          "type": "QUEST_COND_STATE_EQUAL",
          "param": ["1400111", "2"],
          "param_str": ""
        }
      ],
      "priority": 5,
      "initDialog": 140011101,
      "npcId": [1071],
      "performCfg": "QuestDialogue/LQ/Liney1_14001/Q1400111",
      "heroTalk": "TALK_HERO_MAIN",
      "questId": 14001,
      "prePerformCfg": ""
    },
    {
      "id": 1400112,
      "beginWay": "TALK_BEGIN_MANUAL",
      "activeMode": "PLAY_MODE_SINGLE",
      "beginCond": [
        {
          "type": "QUEST_COND_STATE_EQUAL",
          "param": ["1400112", "2"],
          "param_str": ""
        }
      ],
      "priority": 5,
      "initDialog": 140011201,
      "npcId": [1071],
      "performCfg": "QuestDialogue/LQ/Liney1_14001/Q1400112",
      "heroTalk": "TALK_HERO_MAIN",
      "questId": 14001,
      "prePerformCfg": ""
    },
    {
      "id": 1400113,
      "activeMode": "PLAY_MODE_SINGLE",
      "beginCondComb": "LOGIC_AND",
      "beginCond": [
        {
          "type": "QUEST_COND_QUEST_VAR_EQUAL",
          "param": ["0", "1", "14001"],
          "param_str": ""
        },
        {
          "type": "QUEST_COND_QUEST_VAR_EQUAL",
          "param": ["1", "1", "14001"],
          "param_str": ""
        },
        {
          "type": "QUEST_COND_QUEST_VAR_EQUAL",
          "param": ["2", "1", "14001"],
          "param_str": ""
        },
        {
          "type": "QUEST_COND_QUEST_VAR_EQUAL",
          "param": ["3", "1", "14001"],
          "param_str": ""
        }
      ],
      "priority": 5,
      "initDialog": 140011301,
      "decoratorID": 3,
      "npcId": [1005, 13451],
      "performCfg": "QuestDialogue/LQ/Liney1_14001/Q1400113",
      "heroTalk": "TALK_HERO_MAIN",
      "questId": 14001,
      "prePerformCfg": ""
    },
    {
      "id": 1400114,
      "beginWay": "TALK_BEGIN_MANUAL",
      "activeMode": "PLAY_MODE_SINGLE",
      "beginCond": [
        {
          "type": "QUEST_COND_STATE_EQUAL",
          "param": ["1400114", "2"],
          "param_str": ""
        }
      ],
      "priority": 5,
      "initDialog": 140011401,
      "npcId": [1071, 13388, 1005, 13392],
      "performCfg": "QuestDialogue/LQ/Liney1_14001/Q1400114",
      "heroTalk": "TALK_HERO_MAIN",
      "questId": 14001,
      "prePerformCfg": ""
    },
    {
      "id": 1400115,
      "beginWay": "TALK_BEGIN_MANUAL",
      "activeMode": "PLAY_MODE_SINGLE",
      "beginCondComb": "LOGIC_OR",
      "beginCond": [
        {
          "type": "QUEST_COND_STATE_EQUAL",
          "param": ["1400113", "2"],
          "param_str": ""
        },
        {
          "type": "QUEST_COND_STATE_EQUAL",
          "param": ["1400123", "2"],
          "param_str": ""
        },
        {
          "type": "QUEST_COND_STATE_EQUAL",
          "param": ["1400120", "2"],
          "param_str": ""
        }
      ],
      "priority": 5,
      "initDialog": 140011501,
      "npcId": [1071],
      "performCfg": "QuestDialogue/LQ/Liney1_14001/Q1400115",
      "heroTalk": "TALK_HERO_MAIN",
      "questId": 14001,
      "prePerformCfg": ""
    },
    {
      "id": 1400116,
      "beginWay": "TALK_BEGIN_MANUAL",
      "activeMode": "PLAY_MODE_SINGLE",
      "beginCond": [
        {
          "type": "QUEST_COND_STATE_EQUAL",
          "param": ["1400116", "2"],
          "param_str": ""
        }
      ],
      "priority": 5,
      "initDialog": 140011601,
      "npcId": [13388, 1071],
      "performCfg": "QuestDialogue/LQ/Liney1_14001/Q1400116",
      "heroTalk": "TALK_HERO_MAIN",
      "questId": 14001,
      "prePerformCfg": ""
    },
    {
      "id": 1400118,
      "beginWay": "TALK_BEGIN_MANUAL",
      "activeMode": "PLAY_MODE_SINGLE",
      "beginCond": [
        {
          "type": "QUEST_COND_STATE_EQUAL",
          "param": ["1400118", "2"],
          "param_str": ""
        }
      ],
      "priority": 5,
      "initDialog": 140011801,
      "npcId": [13443, 13388, 13444, 1071],
      "performCfg": "QuestDialogue/LQ/Liney1_14001/Q1400118",
      "heroTalk": "TALK_HERO_MAIN",
      "questId": 14001,
      "prePerformCfg": ""
    },
    {
      "id": 1400119,
      "beginWay": "TALK_BEGIN_MANUAL",
      "activeMode": "PLAY_MODE_SINGLE",
      "beginCond": [
        {
          "type": "QUEST_COND_STATE_EQUAL",
          "param": ["1400119", "2"],
          "param_str": ""
        }
      ],
      "priority": 5,
      "initDialog": 140011901,
      "npcId": [13389, 13387, 13390, 13459, 1071, 1072],
      "performCfg": "QuestDialogue/LQ/Liney1_14001/Q1400119",
      "heroTalk": "TALK_HERO_MAIN",
      "questId": 14001,
      "prePerformCfg": ""
    },
    {
      "id": 1400120,
      "beginWay": "TALK_BEGIN_MANUAL",
      "activeMode": "PLAY_MODE_SINGLE",
      "beginCond": [
        {
          "type": "QUEST_COND_STATE_EQUAL",
          "param": ["1400120", "2"],
          "param_str": ""
        }
      ],
      "priority": 5,
      "initDialog": 140012001,
      "npcId": [13392],
      "performCfg": "QuestDialogue/LQ/Liney1_14001/Q1400120",
      "heroTalk": "TALK_HERO_MAIN",
      "questId": 14001,
      "prePerformCfg": ""
    },
    {
      "id": 1400128,
      "beginWay": "TALK_BEGIN_MANUAL",
      "activeMode": "PLAY_MODE_SINGLE",
      "beginCondComb": "LOGIC_AND",
      "beginCond": [
        {
          "type": "QUEST_COND_STATE_EQUAL",
          "param": ["1400128", "2"],
          "param_str": ""
        }
      ],
      "priority": 3,
      "initDialog": 140012801,
      "npcId": [13452],
      "performCfg": "",
      "heroTalk": "TALK_HERO_MAIN",
      "questId": 14001,
      "prePerformCfg": ""
    },
    {
      "id": 1400129,
      "beginWay": "TALK_BEGIN_MANUAL",
      "activeMode": "PLAY_MODE_SINGLE",
      "beginCondComb": "LOGIC_AND",
      "beginCond": [
        {
          "type": "QUEST_COND_STATE_EQUAL",
          "param": ["1400129", "2"],
          "param_str": ""
        }
      ],
      "priority": 3,
      "initDialog": 140012901,
      "npcId": [13453],
      "performCfg": "",
      "heroTalk": "TALK_HERO_MAIN",
      "questId": 14001,
      "prePerformCfg": ""
    },
    {
      "id": 1400130,
      "beginWay": "TALK_BEGIN_MANUAL",
      "activeMode": "PLAY_MODE_SINGLE",
      "beginCondComb": "LOGIC_AND",
      "beginCond": [
        {
          "type": "QUEST_COND_STATE_EQUAL",
          "param": ["1400130", "2"],
          "param_str": ""
        }
      ],
      "priority": 3,
      "initDialog": 140013001,
      "npcId": [13454],
      "performCfg": "",
      "heroTalk": "TALK_HERO_MAIN",
      "questId": 14001,
      "prePerformCfg": ""
    },
    {
      "id": 1400131,
      "beginWay": "TALK_BEGIN_MANUAL",
      "activeMode": "PLAY_MODE_SINGLE",
      "beginCond": [
        {
          "type": "QUEST_COND_STATE_EQUAL",
          "param": ["1400121", "2"],
          "param_str": ""
        }
      ],
      "priority": 5,
      "initDialog": 140013101,
      "npcId": [1072, 1071, 13387],
      "performCfg": "QuestDialogue/LQ/Liney1_14001/Q1400131",
      "heroTalk": "TALK_HERO_MAIN",
      "questId": 14001,
      "prePerformCfg": ""
    },
    {
      "id": 1400132,
      "beginWay": "TALK_BEGIN_MANUAL",
      "activeMode": "PLAY_MODE_SINGLE",
      "beginCondComb": "LOGIC_OR",
      "beginCond": [
        {
          "type": "QUEST_COND_STATE_EQUAL",
          "param": ["1400102", "2"],
          "param_str": ""
        },
        {
          "type": "QUEST_COND_STATE_EQUAL",
          "param": ["1400103", "2"],
          "param_str": ""
        },
        {
          "type": "QUEST_COND_STATE_EQUAL",
          "param": ["1400122", "2"],
          "param_str": ""
        },
        {
          "type": "QUEST_COND_STATE_EQUAL",
          "param": ["1400104", "2"],
          "param_str": ""
        },
        {
          "type": "QUEST_COND_STATE_EQUAL",
          "param": ["1400105", "2"],
          "param_str": ""
        },
        {
          "type": "QUEST_COND_STATE_EQUAL",
          "param": ["1400106", "2"],
          "param_str": ""
        }
      ],
      "priority": 5,
      "initDialog": 140013201,
      "npcId": [13387, 1072],
      "performCfg": "QuestDialogue/LQ/Liney1_14001/Q1400132",
      "heroTalk": "TALK_HERO_MAIN",
      "questId": 14001,
      "prePerformCfg": ""
    },
    {
      "id": 1400133,
      "beginWay": "TALK_BEGIN_MANUAL",
      "activeMode": "PLAY_MODE_SINGLE",
      "beginCondComb": "LOGIC_OR",
      "beginCond": [
        {
          "type": "QUEST_COND_STATE_EQUAL",
          "param": ["1400108", "2"],
          "param_str": ""
        },
        {
          "type": "QUEST_COND_STATE_EQUAL",
          "param": ["1400132", "2"],
          "param_str": ""
        },
        {
          "type": "QUEST_COND_STATE_EQUAL",
          "param": ["1400118", "2"],
          "param_str": ""
        },
        {
          "type": "QUEST_COND_STATE_EQUAL",
          "param": ["1400134", "2"],
          "param_str": ""
        }
      ],
      "priority": 5,
      "initDialog": 140013301,
      "npcId": [13387],
      "performCfg": "QuestDialogue/LQ/Liney1_14001/Q1400133",
      "heroTalk": "TALK_HERO_MAIN",
      "questId": 14001,
      "prePerformCfg": ""
    },
    {
      "id": 1400134,
      "beginWay": "TALK_BEGIN_MANUAL",
      "activeMode": "PLAY_MODE_SINGLE",
      "beginCondComb": "LOGIC_OR",
      "beginCond": [
        {
          "type": "QUEST_COND_STATE_EQUAL",
          "param": ["1400108", "2"],
          "param_str": ""
        },
        {
          "type": "QUEST_COND_STATE_EQUAL",
          "param": ["1400132", "2"],
          "param_str": ""
        },
        {
          "type": "QUEST_COND_STATE_EQUAL",
          "param": ["1400118", "2"],
          "param_str": ""
        },
        {
          "type": "QUEST_COND_STATE_EQUAL",
          "param": ["1400134", "2"],
          "param_str": ""
        }
      ],
      "priority": 5,
      "initDialog": 140013401,
      "npcId": [1072],
      "performCfg": "QuestDialogue/LQ/Liney1_14001/Q1400134",
      "heroTalk": "TALK_HERO_MAIN",
      "questId": 14001,
      "prePerformCfg": ""
    },
    {
      "id": 1400135,
      "beginWay": "TALK_BEGIN_MANUAL",
      "activeMode": "PLAY_MODE_SINGLE",
      "beginCond": [
        {
          "type": "QUEST_COND_STATE_EQUAL",
          "param": ["1400117", "2"],
          "param_str": ""
        }
      ],
      "priority": 5,
      "initDialog": 140013501,
      "npcId": [13388],
      "performCfg": "QuestDialogue/LQ/Liney1_14001/Q1400135",
      "heroTalk": "TALK_HERO_MAIN",
      "questId": 14001,
      "prePerformCfg": ""
    },
    {
      "id": 1400136,
      "beginWay": "TALK_BEGIN_MANUAL",
      "activeMode": "PLAY_MODE_SINGLE",
      "beginCond": [
        {
          "type": "QUEST_COND_STATE_EQUAL",
          "param": ["1400122", "2"],
          "param_str": ""
        }
      ],
      "priority": 5,
      "initDialog": 140013601,
      "npcId": [13440, 1071],
      "performCfg": "QuestDialogue/LQ/Liney1_14001/Q1400136",
      "heroTalk": "TALK_HERO_MAIN",
      "questId": 14001,
      "prePerformCfg": ""
    },
    {
      "id": 1400140,
      "beginWay": "TALK_BEGIN_MANUAL",
      "activeMode": "PLAY_MODE_SINGLE",
      "beginCondComb": "LOGIC_AND",
      "beginCond": [
        {
          "type": "QUEST_COND_STATE_EQUAL",
          "param": ["1400131", "2"],
          "param_str": ""
        }
      ],
      "priority": 3,
      "initDialog": 140014001,
      "npcId": [13475],
      "performCfg": "",
      "heroTalk": "TALK_HERO_MAIN",
      "questId": 14001,
      "prePerformCfg": ""
    },
    {
      "id": 1400145,
      "beginWay": "TALK_BEGIN_MANUAL",
      "activeMode": "PLAY_MODE_SINGLE",
      "beginCond": [
        {
          "type": "QUEST_COND_STATE_EQUAL",
          "param": ["1400113", "2"],
          "param_str": ""
        }
      ],
      "priority": 5,
      "nextTalks": [
        1400150, 1400146, 1400151, 1400147, 1400152, 1400148, 1400153, 1400149,
        1400113
      ],
      "initDialog": 140014501,
      "npcId": [1005, 13451],
      "performCfg": "QuestDialogue/LQ/Liney1_14001/Q1400145",
      "heroTalk": "TALK_HERO_MAIN",
      "questId": 14001,
      "prePerformCfg": ""
    },
    {
      "id": 1400146,
      "activeMode": "PLAY_MODE_SINGLE",
      "beginCond": [
        {
          "type": "QUEST_COND_QUEST_VAR_EQUAL",
          "param": ["0", "1", "14001"],
          "param_str": ""
        }
      ],
      "priority": 5,
      "nextTalks": [
        1400146, 1400150, 1400147, 1400151, 1400148, 1400152, 1400149, 1400153,
        1400113
      ],
      "initDialog": 140014601,
      "npcId": [13451],
      "performCfg": "QuestDialogue/LQ/Liney1_14001/Q1400146",
      "heroTalk": "TALK_HERO_MAIN",
      "questId": 14001,
      "prePerformCfg": ""
    },
    {
      "id": 1400147,
      "activeMode": "PLAY_MODE_SINGLE",
      "beginCond": [
        {
          "type": "QUEST_COND_QUEST_VAR_EQUAL",
          "param": ["1", "1", "14001"],
          "param_str": ""
        }
      ],
      "priority": 5,
      "nextTalks": [
        1400146, 1400150, 1400147, 1400151, 1400148, 1400152, 1400149, 1400153,
        1400113
      ],
      "initDialog": 140014701,
      "npcId": [13451],
      "performCfg": "QuestDialogue/LQ/Liney1_14001/Q1400147",
      "heroTalk": "TALK_HERO_MAIN",
      "questId": 14001,
      "prePerformCfg": ""
    },
    {
      "id": 1400148,
      "activeMode": "PLAY_MODE_SINGLE",
      "beginCond": [
        {
          "type": "QUEST_COND_QUEST_VAR_EQUAL",
          "param": ["2", "1", "14001"],
          "param_str": ""
        }
      ],
      "priority": 5,
      "nextTalks": [
        1400146, 1400150, 1400147, 1400151, 1400148, 1400152, 1400149, 1400153,
        1400113
      ],
      "initDialog": 140014801,
      "npcId": [13451],
      "performCfg": "QuestDialogue/LQ/Liney1_14001/Q1400148",
      "heroTalk": "TALK_HERO_MAIN",
      "questId": 14001,
      "prePerformCfg": ""
    },
    {
      "id": 1400149,
      "activeMode": "PLAY_MODE_SINGLE",
      "beginCond": [
        {
          "type": "QUEST_COND_QUEST_VAR_EQUAL",
          "param": ["3", "1", "14001"],
          "param_str": ""
        }
      ],
      "priority": 5,
      "nextTalks": [
        1400146, 1400150, 1400147, 1400151, 1400148, 1400152, 1400149, 1400153,
        1400113
      ],
      "initDialog": 140014901,
      "npcId": [13451],
      "performCfg": "QuestDialogue/LQ/Liney1_14001/Q1400149",
      "heroTalk": "TALK_HERO_MAIN",
      "questId": 14001,
      "prePerformCfg": ""
    },
    {
      "id": 1400150,
      "activeMode": "PLAY_MODE_SINGLE",
      "beginCond": [
        {
          "type": "QUEST_COND_QUEST_VAR_LESS",
          "param": ["0", "1", "14001"],
          "param_str": ""
        }
      ],
      "priority": 5,
      "nextTalks": [
        1400146, 1400150, 1400147, 1400151, 1400148, 1400152, 1400149, 1400153,
        1400113
      ],
      "initDialog": 140014601,
      "decoratorID": 3,
      "npcId": [13451],
      "performCfg": "QuestDialogue/LQ/Liney1_14001/Q1400150",
      "heroTalk": "TALK_HERO_MAIN",
      "questId": 14001,
      "prePerformCfg": "",
      "finishExec": [
        {
          "type": "TALK_EXEC_SET_QUEST_VAR",
          "param": ["0", "1", "14001"],
          "param_str": ""
        }
      ]
    },
    {
      "id": 1400151,
      "activeMode": "PLAY_MODE_SINGLE",
      "beginCond": [
        {
          "type": "QUEST_COND_QUEST_VAR_LESS",
          "param": ["1", "1", "14001"],
          "param_str": ""
        }
      ],
      "priority": 5,
      "nextTalks": [
        1400146, 1400150, 1400147, 1400151, 1400148, 1400152, 1400149, 1400153,
        1400113
      ],
      "initDialog": 140014701,
      "decoratorID": 3,
      "npcId": [13451],
      "performCfg": "QuestDialogue/LQ/Liney1_14001/Q1400151",
      "heroTalk": "TALK_HERO_MAIN",
      "questId": 14001,
      "prePerformCfg": "",
      "finishExec": [
        {
          "type": "TALK_EXEC_SET_QUEST_VAR",
          "param": ["1", "1", "14001"],
          "param_str": ""
        }
      ]
    },
    {
      "id": 1400152,
      "activeMode": "PLAY_MODE_SINGLE",
      "beginCond": [
        {
          "type": "QUEST_COND_QUEST_VAR_LESS",
          "param": ["2", "1", "14001"],
          "param_str": ""
        }
      ],
      "priority": 5,
      "nextTalks": [
        1400146, 1400150, 1400147, 1400151, 1400148, 1400152, 1400149, 1400153,
        1400113
      ],
      "initDialog": 140014801,
      "decoratorID": 3,
      "npcId": [13451],
      "performCfg": "QuestDialogue/LQ/Liney1_14001/Q1400152",
      "heroTalk": "TALK_HERO_MAIN",
      "questId": 14001,
      "prePerformCfg": "",
      "finishExec": [
        {
          "type": "TALK_EXEC_SET_QUEST_VAR",
          "param": ["2", "1", "14001"],
          "param_str": ""
        }
      ]
    },
    {
      "id": 1400153,
      "activeMode": "PLAY_MODE_SINGLE",
      "beginCond": [
        {
          "type": "QUEST_COND_QUEST_VAR_LESS",
          "param": ["3", "1", "14001"],
          "param_str": ""
        }
      ],
      "priority": 5,
      "nextTalks": [
        1400146, 1400150, 1400147, 1400151, 1400148, 1400152, 1400149, 1400153,
        1400113
      ],
      "initDialog": 140014901,
      "decoratorID": 3,
      "npcId": [13451],
      "performCfg": "QuestDialogue/LQ/Liney1_14001/Q1400153",
      "heroTalk": "TALK_HERO_MAIN",
      "questId": 14001,
      "prePerformCfg": "",
      "finishExec": [
        {
          "type": "TALK_EXEC_SET_QUEST_VAR",
          "param": ["3", "1", "14001"],
          "param_str": ""
        }
      ]
    }
  ]
}
