{
  "id": 19024,
  "type": "LQ",
  "series": 103601,
  "titleTextMapHash": 1817192119,
  "descTextMapHash": 4260963286,
  "luaPath": "Actor/Quest/LQ19024",
  "suggestTrackMainQuestList": [19025],
  "chapterId": 103601,
  "subQuests": [
    {
      "subId": 1902401,
      "mainId": 19024,
      "order": 2,
      "descTextMapHash": 4136749956,
      "acceptCondComb": "LOGIC_AND",
      "acceptCond": [
        {
          "type": "QUEST_COND_STATE_EQUAL",
          "param": [1902402, 3],
          "param_str": ""
        }
      ],
      "finishCondComb": "LOGIC_OR",
      "finishCond": [
        {
          "type": "QUEST_CONTENT_MAIN_COOP_ENTER_SAVE_POINT",
          "param": [103601, 1902403],
          "param_str": ""
        },
        {
          "type": "QUEST_CONTENT_MAIN_COOP_ENTER_SAVE_POINT",
          "param": [103601, 1902404],
          "param_str": ""
        },
        {
          "type": "QUEST_CONTENT_MAIN_COOP_ENTER_SAVE_POINT",
          "param": [103601, 1902405],
          "param_str": ""
        }
      ],
      "failCond": [
        {
          "param": [],
          "param_str": ""
        }
      ],
      "guide": {
        "type": "QUEST_GUIDE_NPC",
        "autoGuide": "QUEST_GUIDE_AUTO_ENABLE",
        "param": ["1023"],
        "guideScene": 3,
        "guideStyle": "QUEST_GUIDE_STYLE_TARGET",
        "guideLayer": "QUEST_GUIDE_LAYER_SCENE"
      },
      "isRewind": true,
      "finishExec": [
        {
          "param": [],
          "param_str": ""
        }
      ],
      "failExec": [
        {
          "param": [],
          "param_str": ""
        }
      ],
      "beginExec": [
        {
          "param": [],
          "param_str": ""
        }
      ],
      "exclusiveNpcList": [1023, 2045],
      "exclusiveNpcPriority": 1100
    },
    {
      "subId": 1902402,
      "mainId": 19024,
      "order": 1,
      "descTextMapHash": 853046492,
      "acceptCond": [
        {
          "type": "QUEST_COND_STATE_EQUAL",
          "param": [1902201, 3],
          "param_str": ""
        },
        {
          "type": "QUEST_COND_MAIN_COOP_ENTER_SAVE_POINT",
          "param": [103601, 1902401],
          "param_str": ""
        }
      ],
      "finishCondComb": "LOGIC_AND",
      "finishCond": [
        {
          "type": "QUEST_CONTENT_FINISH_PLOT",
          "param": [1902402, 0],
          "param_str": ""
        }
      ],
      "failCond": [
        {
          "param": [],
          "param_str": ""
        }
      ],
      "guide": {
        "type": "QUEST_GUIDE_LOCATION",
        "autoGuide": "QUEST_GUIDE_AUTO_ENABLE",
        "param": ["Q1902401CY"],
        "guideScene": 3,
        "guideStyle": "QUEST_GUIDE_STYLE_POINT",
        "guideLayer": "QUEST_GUIDE_LAYER_SCENE"
      },
      "isRewind": true,
      "finishExec": [
        {
          "param": [],
          "param_str": ""
        }
      ],
      "failExec": [
        {
          "param": [],
          "param_str": ""
        }
      ],
      "beginExec": [
        {
          "param": [],
          "param_str": ""
        }
      ],
      "exclusiveNpcList": [1023, 2045],
      "exclusiveNpcPriority": 1100
    },
    {
      "subId": 1902403,
      "mainId": 19024,
      "order": 4,
      "descTextMapHash": 26121324,
      "acceptCond": [
        {
          "type": "QUEST_COND_STATE_EQUAL",
          "param": [1902406, 3],
          "param_str": ""
        }
      ],
      "finishCondComb": "LOGIC_AND",
      "finishCond": [
        {
          "type": "QUEST_CONTENT_MAIN_COOP_ENTER_SAVE_POINT",
          "param": [103601, 1902501],
          "param_str": ""
        }
      ],
      "failCond": [
        {
          "param": [],
          "param_str": ""
        }
      ],
      "guide": {
        "type": "QUEST_GUIDE_NPC",
        "autoGuide": "QUEST_GUIDE_AUTO_ENABLE",
        "param": ["1023"],
        "guideScene": 3,
        "guideStyle": "QUEST_GUIDE_STYLE_TARGET",
        "guideLayer": "QUEST_GUIDE_LAYER_SCENE"
      },
      "finishParent": true,
      "isRewind": true,
      "finishExec": [
        {
          "param": [],
          "param_str": ""
        }
      ],
      "failExec": [
        {
          "param": [],
          "param_str": ""
        }
      ],
      "beginExec": [
        {
          "param": [],
          "param_str": ""
        }
      ],
      "exclusiveNpcList": [1023, 2045],
      "exclusiveNpcPriority": 1100
    },
    {
      "subId": 1902404,
      "mainId": 19024,
      "order": 6,
      "descTextMapHash": 2189449044,
      "acceptCondComb": "LOGIC_AND",
      "acceptCond": [
        {
          "type": "QUEST_COND_STATE_EQUAL",
          "param": [1902407, 3],
          "param_str": ""
        }
      ],
      "finishCondComb": "LOGIC_AND",
      "finishCond": [
        {
          "type": "QUEST_CONTENT_MAIN_COOP_ENTER_SAVE_POINT",
          "param": [103601, 1902501],
          "param_str": ""
        }
      ],
      "failCond": [
        {
          "param": [],
          "param_str": ""
        }
      ],
      "guide": {
        "type": "QUEST_GUIDE_NPC",
        "autoGuide": "QUEST_GUIDE_AUTO_ENABLE",
        "param": ["1023"],
        "guideScene": 3,
        "guideStyle": "QUEST_GUIDE_STYLE_TARGET",
        "guideLayer": "QUEST_GUIDE_LAYER_SCENE"
      },
      "finishParent": true,
      "isRewind": true,
      "finishExec": [
        {
          "param": [],
          "param_str": ""
        }
      ],
      "failExec": [
        {
          "param": [],
          "param_str": ""
        }
      ],
      "beginExec": [
        {
          "param": [],
          "param_str": ""
        }
      ],
      "exclusiveNpcList": [1023, 2045],
      "exclusiveNpcPriority": 1100
    },
    {
      "subId": 1902405,
      "mainId": 19024,
      "order": 8,
      "isMpBlock": true,
      "descTextMapHash": 4203008524,
      "acceptCondComb": "LOGIC_AND",
      "acceptCond": [
        {
          "type": "QUEST_COND_STATE_EQUAL",
          "param": [1902408, 3],
          "param_str": ""
        }
      ],
      "finishCondComb": "LOGIC_AND",
      "finishCond": [
        {
          "type": "QUEST_CONTENT_MAIN_COOP_ENTER_SAVE_POINT",
          "param": [103601, 1902491],
          "param_str": ""
        }
      ],
      "failCond": [
        {
          "param": [],
          "param_str": ""
        }
      ],
      "guide": {
        "type": "QUEST_GUIDE_NPC",
        "autoGuide": "QUEST_GUIDE_AUTO_ENABLE",
        "param": ["1023"],
        "guideScene": 3,
        "guideStyle": "QUEST_GUIDE_STYLE_TARGET",
        "guideLayer": "QUEST_GUIDE_LAYER_SCENE"
      },
      "finishParent": true,
      "isRewind": true,
      "finishExec": [
        {
          "param": [],
          "param_str": ""
        }
      ],
      "failExec": [
        {
          "param": [],
          "param_str": ""
        }
      ],
      "beginExec": [
        {
          "param": [],
          "param_str": ""
        }
      ],
      "exclusiveNpcList": [1023, 2045],
      "exclusiveNpcPriority": 1100
    },
    {
      "subId": 1902406,
      "mainId": 19024,
      "order": 3,
      "descTextMapHash": 2142663068,
      "acceptCondComb": "LOGIC_AND",
      "acceptCond": [
        {
          "type": "QUEST_COND_STATE_EQUAL",
          "param": [1902401, 3],
          "param_str": ""
        },
        {
          "type": "QUEST_COND_MAIN_COOP_ENTER_SAVE_POINT",
          "param": [103601, 1902403],
          "param_str": ""
        }
      ],
      "finishCondComb": "LOGIC_AND",
      "finishCond": [
        {
          "type": "QUEST_CONTENT_FINISH_ITEM_GIVING",
          "param": [1902401, 0],
          "param_str": ""
        }
      ],
      "failCond": [
        {
          "param": [],
          "param_str": ""
        }
      ],
      "guide": {
        "type": "QUEST_GUIDE_NPC",
        "autoGuide": "QUEST_GUIDE_AUTO_ENABLE",
        "param": ["1023"],
        "guideScene": 3,
        "guideStyle": "QUEST_GUIDE_STYLE_TARGET",
        "guideLayer": "QUEST_GUIDE_LAYER_SCENE"
      },
      "isRewind": true,
      "finishExec": [
        {
          "param": [],
          "param_str": ""
        }
      ],
      "failExec": [
        {
          "param": [],
          "param_str": ""
        }
      ],
      "beginExec": [
        {
          "type": "QUEST_EXEC_ACTIVE_ITEM_GIVING",
          "param": ["1902401", "0"],
          "param_str": ""
        }
      ],
      "exclusiveNpcList": [1023, 2045],
      "exclusiveNpcPriority": 1100
    },
    {
      "subId": 1902407,
      "mainId": 19024,
      "order": 5,
      "descTextMapHash": 825469300,
      "acceptCondComb": "LOGIC_AND",
      "acceptCond": [
        {
          "type": "QUEST_COND_STATE_EQUAL",
          "param": [1902401, 3],
          "param_str": ""
        },
        {
          "type": "QUEST_COND_MAIN_COOP_ENTER_SAVE_POINT",
          "param": [103601, 1902404],
          "param_str": ""
        }
      ],
      "finishCondComb": "LOGIC_AND",
      "finishCond": [
        {
          "type": "QUEST_CONTENT_FINISH_ITEM_GIVING",
          "param": [1902402, 0],
          "param_str": ""
        }
      ],
      "failCond": [
        {
          "param": [],
          "param_str": ""
        }
      ],
      "guide": {
        "type": "QUEST_GUIDE_NPC",
        "autoGuide": "QUEST_GUIDE_AUTO_ENABLE",
        "param": ["1023"],
        "guideScene": 3,
        "guideStyle": "QUEST_GUIDE_STYLE_TARGET",
        "guideLayer": "QUEST_GUIDE_LAYER_SCENE"
      },
      "isRewind": true,
      "finishExec": [
        {
          "param": [],
          "param_str": ""
        }
      ],
      "failExec": [
        {
          "param": [],
          "param_str": ""
        }
      ],
      "beginExec": [
        {
          "type": "QUEST_EXEC_ACTIVE_ITEM_GIVING",
          "param": ["1902402", "0"],
          "param_str": ""
        }
      ],
      "exclusiveNpcList": [1023, 2045],
      "exclusiveNpcPriority": 1100
    },
    {
      "subId": 1902408,
      "mainId": 19024,
      "order": 7,
      "descTextMapHash": 636962132,
      "acceptCondComb": "LOGIC_AND",
      "acceptCond": [
        {
          "type": "QUEST_COND_STATE_EQUAL",
          "param": [1902401, 3],
          "param_str": ""
        },
        {
          "type": "QUEST_COND_MAIN_COOP_ENTER_SAVE_POINT",
          "param": [103601, 1902405],
          "param_str": ""
        }
      ],
      "finishCondComb": "LOGIC_AND",
      "finishCond": [
        {
          "type": "QUEST_CONTENT_FINISH_ITEM_GIVING",
          "param": [1902403, 0],
          "param_str": ""
        }
      ],
      "failCond": [
        {
          "param": [],
          "param_str": ""
        }
      ],
      "guide": {
        "type": "QUEST_GUIDE_NPC",
        "autoGuide": "QUEST_GUIDE_AUTO_ENABLE",
        "param": ["1023"],
        "guideScene": 3,
        "guideStyle": "QUEST_GUIDE_STYLE_TARGET",
        "guideLayer": "QUEST_GUIDE_LAYER_SCENE"
      },
      "isRewind": true,
      "finishExec": [
        {
          "param": [],
          "param_str": ""
        }
      ],
      "failExec": [
        {
          "param": [],
          "param_str": ""
        }
      ],
      "beginExec": [
        {
          "type": "QUEST_EXEC_ACTIVE_ITEM_GIVING",
          "param": ["1902403", "0"],
          "param_str": ""
        }
      ],
      "exclusiveNpcList": [1023, 2045],
      "exclusiveNpcPriority": 1100
    }
  ],
  "talks": [
    {
      "id": 1902401,
      "beginWay": "TALK_BEGIN_MANUAL",
      "activeMode": "PLAY_MODE_SINGLE",
      "beginCondComb": "LOGIC_AND",
      "beginCond": [
        {
          "type": "QUEST_COND_STATE_EQUAL",
          "param": ["1902406", "2"],
          "param_str": ""
        },
        {
          "type": "QUEST_COND_ITEM_GIVING_ACTIVED",
          "param": ["1902401", "0"],
          "param_str": ""
        }
      ],
      "priority": 5,
      "initDialog": 190240101,
      "npcId": [1023],
      "performCfg": "QuestDialogue/COOP/CoopChongyun/Q1902401",
      "heroTalk": "TALK_HERO_MAIN",
      "questId": 19024,
      "prePerformCfg": ""
    },
    {
      "id": 1902402,
      "beginWay": "TALK_BEGIN_MANUAL",
      "activeMode": "PLAY_MODE_SINGLE",
      "beginCondComb": "LOGIC_AND",
      "beginCond": [
        {
          "type": "QUEST_COND_STATE_EQUAL",
          "param": ["1902407", "2"],
          "param_str": ""
        },
        {
          "type": "QUEST_COND_ITEM_GIVING_ACTIVED",
          "param": ["1902402", "0"],
          "param_str": ""
        }
      ],
      "priority": 5,
      "initDialog": 190240201,
      "npcId": [1023],
      "performCfg": "QuestDialogue/COOP/CoopChongyun/Q1902401",
      "heroTalk": "TALK_HERO_MAIN",
      "questId": 19024,
      "prePerformCfg": ""
    },
    {
      "id": 1902403,
      "beginWay": "TALK_BEGIN_MANUAL",
      "activeMode": "PLAY_MODE_SINGLE",
      "beginCondComb": "LOGIC_AND",
      "beginCond": [
        {
          "type": "QUEST_COND_STATE_EQUAL",
          "param": ["1902408", "2"],
          "param_str": ""
        },
        {
          "type": "QUEST_COND_ITEM_GIVING_ACTIVED",
          "param": ["1902403", "0"],
          "param_str": ""
        }
      ],
      "priority": 5,
      "initDialog": 190240301,
      "npcId": [1023],
      "performCfg": "QuestDialogue/COOP/CoopChongyun/Q1902401",
      "heroTalk": "TALK_HERO_MAIN",
      "questId": 19024,
      "prePerformCfg": ""
    }
  ]
}
