{
  "id": 19022,
  "type": "LQ",
  "series": 103601,
  "titleTextMapHash": 2063162935,
  "descTextMapHash": 4026717870,
  "luaPath": "Actor/Quest/LQ19022",
  "suggestTrackMainQuestList": [19023, 19024],
  "chapterId": 103601,
  "subQuests": [
    {
      "subId": 1902201,
      "mainId": 19022,
      "order": 1,
      "descTextMapHash": 327580780,
      "acceptCondComb": "LOGIC_AND",
      "acceptCond": [
        {
          "type": "QUEST_COND_STATE_EQUAL",
          "param": [1902101, 3],
          "param_str": ""
        },
        {
          "type": "QUEST_COND_MAIN_COOP_ENTER_SAVE_POINT",
          "param": [103601, 1902201],
          "param_str": ""
        }
      ],
      "finishCondComb": "LOGIC_OR",
      "finishCond": [
        {
          "type": "QUEST_CONTENT_MAIN_COOP_ENTER_SAVE_POINT",
          "param": [103601, 1902301],
          "param_str": ""
        },
        {
          "type": "QUEST_CONTENT_MAIN_COOP_ENTER_SAVE_POINT",
          "param": [103601, 1902401],
          "param_str": ""
        }
      ],
      "failCond": [
        {
          "param": [],
          "param_str": ""
        }
      ],
      "guide": {
        "type": "QUEST_GUIDE_NPC",
        "autoGuide": "QUEST_GUIDE_AUTO_ENABLE",
        "param": ["10901"],
        "guideScene": 3,
        "guideStyle": "QUEST_GUIDE_STYLE_TARGET",
        "guideLayer": "QUEST_GUIDE_LAYER_SCENE"
      },
      "finishParent": true,
      "isRewind": true,
      "finishExec": [
        {
          "param": [],
          "param_str": ""
        }
      ],
      "failExec": [
        {
          "param": [],
          "param_str": ""
        }
      ],
      "beginExec": [
        {
          "param": [],
          "param_str": ""
        }
      ],
      "exclusiveNpcList": [1023, 10901],
      "exclusiveNpcPriority": 1100
    },
    {
      "subId": 1902202,
      "mainId": 19022,
      "order": 2,
      "descTextMapHash": 809973812,
      "acceptCond": [
        {
          "type": "QUEST_COND_STATE_EQUAL",
          "param": [99902, 3],
          "param_str": ""
        }
      ],
      "finishCondComb": "LOGIC_OR",
      "finishCond": [
        {
          "type": "QUEST_CONTENT_MAIN_COOP_ENTER_SAVE_POINT",
          "param": [103601, 1902301],
          "param_str": ""
        },
        {
          "type": "QUEST_CONTENT_MAIN_COOP_ENTER_SAVE_POINT",
          "param": [103601, 1902401],
          "param_str": ""
        }
      ],
      "failCond": [
        {
          "param": [],
          "param_str": ""
        }
      ],
      "guide": {
        "type": "QUEST_GUIDE_NPC",
        "autoGuide": "QUEST_GUIDE_AUTO_ENABLE",
        "param": ["1023"],
        "guideScene": 3,
        "guideStyle": "QUEST_GUIDE_STYLE_TARGET",
        "guideLayer": "QUEST_GUIDE_LAYER_SCENE"
      },
      "finishParent": true,
      "finishExec": [
        {
          "param": [],
          "param_str": ""
        }
      ],
      "failExec": [
        {
          "param": [],
          "param_str": ""
        }
      ],
      "beginExec": [
        {
          "param": [],
          "param_str": ""
        }
      ],
      "exclusiveNpcList": [1023],
      "exclusiveNpcPriority": 1100
    }
  ]
}
