{
  "id": 19029,
  "type": "LQ",
  "titleTextMapHash": 1456753023,
  "descTextMapHash": 3645260950,
  "luaPath": "Actor/Quest/LQ19029",
  "subQuests": [
    {
      "subId": 1902901,
      "mainId": 19029,
      "order": 1,
      "descTextMapHash": 2579689540,
      "showType": "QUEST_HIDDEN",
      "acceptCondComb": "LOGIC_OR",
      "acceptCond": [
        {
          "type": "QUEST_COND_STATE_EQUAL",
          "param": [99902, 3],
          "param_str": ""
        }
      ],
      "finishCond": [
        {
          "type": "QUEST_CONTENT_GAME_TIME_TICK",
          "param": [2, 0],
          "param_str": "0,24"
        }
      ],
      "failCond": [
        {
          "param": [],
          "param_str": ""
        }
      ],
      "guide": {},
      "finishParent": true,
      "isRewind": true,
      "finishExec": [
        {
          "type": "QUEST_EXEC_UNREGISTER_DYNAMIC_GROUP",
          "param": ["133220686", "0"],
          "param_str": ""
        },
        {
          "type": "QUEST_EXEC_UNREGISTER_DYNAMIC_GROUP",
          "param": ["133220698", "0"],
          "param_str": ""
        }
      ],
      "failExec": [
        {
          "param": [],
          "param_str": ""
        }
      ],
      "beginExec": [
        {
          "param": [],
          "param_str": ""
        }
      ]
    }
  ]
}
