{
  "id": 19037,
  "type": "LQ",
  "series": 106401,
  "titleTextMapHash": 870876311,
  "descTextMapHash": 30164230,
  "luaPath": "Actor/Quest/LQ19037",
  "suggestTrackMainQuestList": [19038, 19040],
  "chapterId": 106401,
  "subQuests": [
    {
      "subId": 1903701,
      "mainId": 19037,
      "order": 1,
      "descTextMapHash": 4054003012,
      "acceptCond": [
        {
          "type": "QUEST_COND_MAIN_COOP_ENTER_SAVE_POINT",
          "param": [106401, 19017031],
          "param_str": ""
        }
      ],
      "finishCond": [
        {
          "type": "QUEST_CONTENT_GAME_TIME_TICK",
          "param": [1, 0],
          "param_str": "20,23"
        }
      ],
      "failCond": [
        {
          "param": [],
          "param_str": ""
        }
      ],
      "guide": {},
      "isRewind": true,
      "finishExec": [
        {
          "param": [],
          "param_str": ""
        }
      ],
      "failExec": [
        {
          "param": [],
          "param_str": ""
        }
      ],
      "beginExec": [
        {
          "param": [],
          "param_str": ""
        }
      ],
      "exclusiveNpcList": [
        1046, 12319, 12320, 1626, 2444, 2062, 2011, 2010, 2085, 2443
      ],
      "exclusiveNpcPriority": 1100
    },
    {
      "subId": 1903702,
      "mainId": 19037,
      "order": 2,
      "descTextMapHash": 3121919204,
      "acceptCond": [
        {
          "type": "QUEST_COND_STATE_EQUAL",
          "param": [1903701, 3],
          "param_str": ""
        }
      ],
      "finishCond": [
        {
          "type": "QUEST_CONTENT_MAIN_COOP_ENTER_SAVE_POINT",
          "param": [106401, 1903701],
          "param_str": ""
        }
      ],
      "failCond": [
        {
          "param": [],
          "param_str": ""
        }
      ],
      "guide": {
        "type": "QUEST_GUIDE_NPC",
        "param": ["509"],
        "guideScene": 3,
        "guideStyle": "QUEST_GUIDE_STYLE_TARGET",
        "guideLayer": "QUEST_GUIDE_LAYER_SCENE"
      },
      "isRewind": true,
      "finishExec": [
        {
          "param": [],
          "param_str": ""
        }
      ],
      "failExec": [
        {
          "param": [],
          "param_str": ""
        }
      ],
      "beginExec": [
        {
          "type": "QUEST_EXEC_REGISTER_DYNAMIC_GROUP",
          "param": ["3", "133107232"],
          "param_str": ""
        }
      ],
      "exclusiveNpcList": [
        1046, 12319, 12320, 1626, 2444, 2062, 2011, 2010, 2085, 2443
      ],
      "exclusiveNpcPriority": 1100
    },
    {
      "subId": 1903703,
      "mainId": 19037,
      "order": 3,
      "descTextMapHash": 1179231588,
      "acceptCond": [
        {
          "type": "QUEST_COND_STATE_EQUAL",
          "param": [1903702, 3],
          "param_str": ""
        }
      ],
      "finishCond": [
        {
          "type": "QUEST_CONTENT_FINISH_PLOT",
          "param": [1903703, 0],
          "param_str": ""
        }
      ],
      "failCond": [
        {
          "param": [],
          "param_str": ""
        }
      ],
      "guide": {
        "type": "QUEST_GUIDE_LOCATION",
        "param": ["Q1903703_guide"],
        "guideScene": 3,
        "guideStyle": "QUEST_GUIDE_STYLE_POINT"
      },
      "isRewind": true,
      "finishExec": [
        {
          "type": "QUEST_EXEC_UNREGISTER_DYNAMIC_GROUP",
          "param": ["133107232", "0"],
          "param_str": ""
        }
      ],
      "failExec": [
        {
          "param": [],
          "param_str": ""
        }
      ],
      "beginExec": [
        {
          "type": "QUEST_EXEC_REGISTER_DYNAMIC_GROUP",
          "param": ["3", "133107232"],
          "param_str": ""
        }
      ],
      "exclusiveNpcList": [
        1046, 12319, 12320, 1626, 2444, 2062, 2011, 2010, 2085, 2443
      ],
      "exclusiveNpcPriority": 1100
    },
    {
      "subId": 1903704,
      "mainId": 19037,
      "order": 4,
      "descTextMapHash": 360517836,
      "acceptCond": [
        {
          "type": "QUEST_COND_STATE_EQUAL",
          "param": [1903703, 3],
          "param_str": ""
        }
      ],
      "finishCondComb": "LOGIC_OR",
      "finishCond": [
        {
          "type": "QUEST_CONTENT_MAIN_COOP_ENTER_SAVE_POINT",
          "param": [106401, 19037021],
          "param_str": ""
        },
        {
          "type": "QUEST_CONTENT_MAIN_COOP_ENTER_SAVE_POINT",
          "param": [106401, 19037022],
          "param_str": ""
        }
      ],
      "failCond": [
        {
          "param": [],
          "param_str": ""
        }
      ],
      "guide": {
        "type": "QUEST_GUIDE_NPC",
        "param": ["12319"],
        "guideScene": 3,
        "guideStyle": "QUEST_GUIDE_STYLE_TARGET",
        "guideLayer": "QUEST_GUIDE_LAYER_SCENE"
      },
      "finishParent": true,
      "finishExec": [
        {
          "param": [],
          "param_str": ""
        }
      ],
      "failExec": [
        {
          "param": [],
          "param_str": ""
        }
      ],
      "beginExec": [
        {
          "param": [],
          "param_str": ""
        }
      ],
      "exclusiveNpcList": [
        1046, 12319, 12320, 1626, 2444, 2062, 2011, 2010, 2085, 2443
      ],
      "exclusiveNpcPriority": 1100
    }
  ],
  "talks": [
    {
      "id": 1903751,
      "beginWay": "TALK_BEGIN_MANUAL",
      "activeMode": "PLAY_MODE_SINGLE",
      "beginCondComb": "LOGIC_OR",
      "beginCond": [
        {
          "type": "QUEST_COND_STATE_EQUAL",
          "param": ["1903702", "2"],
          "param_str": ""
        },
        {
          "type": "QUEST_COND_STATE_EQUAL",
          "param": ["1903703", "2"],
          "param_str": ""
        }
      ],
      "priority": 5,
      "initDialog": 190375101,
      "npcId": [12319, 12320],
      "performCfg": "QuestDialogue/COOP/CoopYunjin/Q1903751",
      "questId": 19037,
      "prePerformCfg": "",
      "stayFreeStyle": true
    }
  ]
}
