{
  "id": 19034,
  "type": "LQ",
  "series": 103601,
  "titleTextMapHash": 2659786255,
  "descTextMapHash": 1994199590,
  "luaPath": "Actor/Quest/LQ19034",
  "chapterId": 103601,
  "subQuests": [
    {
      "subId": 1903401,
      "mainId": 19034,
      "order": 1,
      "descTextMapHash": 2256089380,
      "acceptCondComb": "LOGIC_AND",
      "acceptCond": [
        {
          "type": "QUEST_COND_MAIN_COOP_ENTER_SAVE_POINT",
          "param": [103601, 1903101],
          "param_str": ""
        }
      ],
      "finishCondComb": "LOGIC_AND",
      "finishCond": [
        {
          "type": "QUEST_CONTENT_COMPLETE_TALK",
          "param": [1903401, 0],
          "param_str": ""
        }
      ],
      "failCond": [
        {
          "param": [],
          "param_str": ""
        }
      ],
      "guide": {
        "type": "QUEST_GUIDE_LOCATION",
        "autoGuide": "QUEST_GUIDE_AUTO_ENABLE",
        "param": ["Q1903201male", "20"],
        "guideScene": 3,
        "guideStyle": "QUEST_GUIDE_STYLE_TARGET",
        "guideLayer": "QUEST_GUIDE_LAYER_SCENE"
      },
      "isRewind": true,
      "finishExec": [
        {
          "param": [],
          "param_str": ""
        }
      ],
      "failExec": [
        {
          "param": [],
          "param_str": ""
        }
      ],
      "beginExec": [
        {
          "param": [],
          "param_str": ""
        }
      ],
      "exclusiveNpcList": [
        1023, 10903, 10904, 10905, 10908, 10909, 10917, 10918, 10907, 2311
      ],
      "exclusiveNpcPriority": 1100
    },
    {
      "subId": 1903402,
      "mainId": 19034,
      "order": 2,
      "isMpBlock": true,
      "descTextMapHash": 3658027060,
      "acceptCondComb": "LOGIC_AND",
      "acceptCond": [
        {
          "type": "QUEST_COND_STATE_EQUAL",
          "param": [1903401, 3],
          "param_str": ""
        }
      ],
      "finishCondComb": "LOGIC_AND",
      "finishCond": [
        {
          "type": "QUEST_CONTENT_MAIN_COOP_ENTER_SAVE_POINT",
          "param": [103601, 1903110],
          "param_str": ""
        }
      ],
      "failCond": [
        {
          "param": [],
          "param_str": ""
        }
      ],
      "guide": {
        "type": "QUEST_GUIDE_NPC",
        "autoGuide": "QUEST_GUIDE_AUTO_ENABLE",
        "param": ["1023"],
        "guideScene": 3,
        "guideStyle": "QUEST_GUIDE_STYLE_TARGET",
        "guideLayer": "QUEST_GUIDE_LAYER_SCENE"
      },
      "finishParent": true,
      "isRewind": true,
      "finishExec": [
        {
          "param": [],
          "param_str": ""
        }
      ],
      "failExec": [
        {
          "param": [],
          "param_str": ""
        }
      ],
      "beginExec": [
        {
          "param": [],
          "param_str": ""
        }
      ],
      "exclusiveNpcList": [
        1023, 10903, 10904, 10905, 10908, 10909, 10917, 10918, 10907, 2311
      ],
      "exclusiveNpcPriority": 1100
    }
  ],
  "talks": [
    {
      "id": 1903401,
      "beginWay": "TALK_BEGIN_AUTO",
      "activeMode": "PLAY_MODE_SINGLE",
      "beginCond": [
        {
          "type": "QUEST_COND_STATE_EQUAL",
          "param": ["1903401", "2"],
          "param_str": ""
        }
      ],
      "priority": 5,
      "initDialog": 1903201201,
      "npcId": [10918],
      "performCfg": "QuestDialogue/COOP/CoopChongyun/coop_1903301",
      "heroTalk": "TALK_HERO_MAIN",
      "questId": 19034,
      "prePerformCfg": ""
    }
  ]
}
