{
  "id": 19030,
  "type": "LQ",
  "series": 103601,
  "titleTextMapHash": 2429534735,
  "descTextMapHash": 3298140894,
  "luaPath": "Actor/Quest/LQ19030",
  "suggestTrackMainQuestList": [19031, 19032, 19033, 19034],
  "chapterId": 103601,
  "subQuests": [
    {
      "subId": 1903001,
      "mainId": 19030,
      "order": 1,
      "descTextMapHash": 3140703060,
      "acceptCondComb": "LOGIC_AND",
      "acceptCond": [
        {
          "type": "QUEST_COND_STATE_EQUAL",
          "param": [1902101, 3],
          "param_str": ""
        },
        {
          "type": "QUEST_COND_MAIN_COOP_ENTER_SAVE_POINT",
          "param": [103601, 1903001],
          "param_str": ""
        }
      ],
      "finishCondComb": "LOGIC_OR",
      "finishCond": [
        {
          "type": "QUEST_CONTENT_MAIN_COOP_ENTER_SAVE_POINT",
          "param": [103601, 1903002],
          "param_str": ""
        },
        {
          "type": "QUEST_CONTENT_MAIN_COOP_ENTER_SAVE_POINT",
          "param": [103601, 1903012],
          "param_str": ""
        }
      ],
      "failCond": [
        {
          "param": [],
          "param_str": ""
        }
      ],
      "guide": {
        "type": "QUEST_GUIDE_NPC",
        "autoGuide": "QUEST_GUIDE_AUTO_ENABLE",
        "param": ["10917"],
        "guideScene": 3,
        "guideStyle": "QUEST_GUIDE_STYLE_TARGET",
        "guideLayer": "QUEST_GUIDE_LAYER_SCENE"
      },
      "isRewind": true,
      "finishExec": [
        {
          "param": [],
          "param_str": ""
        }
      ],
      "failExec": [
        {
          "param": [],
          "param_str": ""
        }
      ],
      "beginExec": [
        {
          "type": "QUEST_EXEC_REFRESH_GROUP_SUITE",
          "param": ["3", "133102520,2"],
          "param_str": ""
        },
        {
          "type": "QUEST_EXEC_REFRESH_GROUP_SUITE",
          "param": ["3", "133102926,2"],
          "param_str": ""
        }
      ],
      "exclusiveNpcList": [
        1023, 10903, 10904, 10905, 10908, 10909, 10917, 10918, 10907, 2311
      ],
      "exclusiveNpcPriority": 1100
    },
    {
      "subId": 1903002,
      "mainId": 19030,
      "order": 2,
      "descTextMapHash": 608825468,
      "acceptCondComb": "LOGIC_AND",
      "acceptCond": [
        {
          "type": "QUEST_COND_MAIN_COOP_ENTER_SAVE_POINT",
          "param": [103601, 1903012],
          "param_str": ""
        }
      ],
      "finishCond": [
        {
          "type": "QUEST_CONTENT_MAIN_COOP_ENTER_SAVE_POINT",
          "param": [103601, 1903003],
          "param_str": ""
        }
      ],
      "failCond": [
        {
          "param": [],
          "param_str": ""
        }
      ],
      "guide": {
        "type": "QUEST_GUIDE_LOCATION",
        "autoGuide": "QUEST_GUIDE_AUTO_ENABLE",
        "param": ["Q1903002Cy"],
        "guideScene": 3,
        "guideStyle": "QUEST_GUIDE_STYLE_POINT",
        "guideLayer": "QUEST_GUIDE_LAYER_SCENE"
      },
      "isRewind": true,
      "finishExec": [
        {
          "param": [],
          "param_str": ""
        }
      ],
      "failExec": [
        {
          "param": [],
          "param_str": ""
        }
      ],
      "beginExec": [
        {
          "type": "QUEST_EXEC_REFRESH_GROUP_SUITE",
          "param": ["3", "133102924,2"],
          "param_str": ""
        },
        {
          "type": "QUEST_EXEC_REFRESH_GROUP_SUITE",
          "param": ["3", "133102520,2"],
          "param_str": ""
        },
        {
          "type": "QUEST_EXEC_REFRESH_GROUP_SUITE",
          "param": ["3", "133102926,2"],
          "param_str": ""
        }
      ],
      "exclusiveNpcList": [
        1023, 10903, 10904, 10905, 10908, 10909, 10917, 10918, 10907, 2311
      ],
      "exclusiveNpcPriority": 1100
    },
    {
      "subId": 1903003,
      "mainId": 19030,
      "order": 3,
      "subIdSet": 1,
      "descTextMapHash": 1891479556,
      "acceptCondComb": "LOGIC_AND",
      "acceptCond": [
        {
          "type": "QUEST_COND_MAIN_COOP_ENTER_SAVE_POINT",
          "param": [103601, 1903003],
          "param_str": ""
        }
      ],
      "finishCond": [
        {
          "type": "QUEST_CONTENT_MAIN_COOP_ENTER_SAVE_POINT",
          "param": [103601, 1903004],
          "param_str": ""
        }
      ],
      "failCond": [
        {
          "param": [],
          "param_str": ""
        }
      ],
      "guide": {
        "type": "QUEST_GUIDE_NPC",
        "autoGuide": "QUEST_GUIDE_AUTO_ENABLE",
        "param": ["10903"],
        "guideScene": 3,
        "guideStyle": "QUEST_GUIDE_STYLE_TARGET",
        "guideLayer": "QUEST_GUIDE_LAYER_SCENE"
      },
      "isRewind": true,
      "finishExec": [
        {
          "param": [],
          "param_str": ""
        }
      ],
      "failExec": [
        {
          "param": [],
          "param_str": ""
        }
      ],
      "beginExec": [
        {
          "param": [],
          "param_str": ""
        }
      ],
      "exclusiveNpcList": [
        1023, 10903, 10904, 10905, 10908, 10909, 10917, 10918, 10907, 2311
      ],
      "exclusiveNpcPriority": 1100
    },
    {
      "subId": 1903004,
      "mainId": 19030,
      "order": 4,
      "subIdSet": 1,
      "descTextMapHash": 3095428604,
      "acceptCondComb": "LOGIC_AND",
      "acceptCond": [
        {
          "type": "QUEST_COND_MAIN_COOP_ENTER_SAVE_POINT",
          "param": [103601, 1903003],
          "param_str": ""
        }
      ],
      "finishCond": [
        {
          "type": "QUEST_CONTENT_MAIN_COOP_ENTER_SAVE_POINT",
          "param": [103601, 1903005],
          "param_str": ""
        }
      ],
      "failCond": [
        {
          "param": [],
          "param_str": ""
        }
      ],
      "guide": {
        "type": "QUEST_GUIDE_NPC",
        "autoGuide": "QUEST_GUIDE_AUTO_ENABLE",
        "param": ["10913"],
        "guideScene": 3,
        "guideStyle": "QUEST_GUIDE_STYLE_TARGET",
        "guideLayer": "QUEST_GUIDE_LAYER_SCENE"
      },
      "isRewind": true,
      "finishExec": [
        {
          "type": "QUEST_EXEC_REFRESH_GROUP_SUITE",
          "param": ["3", "133102924,1"],
          "param_str": ""
        }
      ],
      "failExec": [
        {
          "param": [],
          "param_str": ""
        }
      ],
      "beginExec": [
        {
          "param": [],
          "param_str": ""
        }
      ],
      "exclusiveNpcList": [
        1023, 10903, 10904, 10905, 10908, 10909, 10917, 10918, 10907, 2311
      ],
      "exclusiveNpcPriority": 1100
    },
    {
      "subId": 1903005,
      "mainId": 19030,
      "order": 5,
      "subIdSet": 1,
      "descTextMapHash": 1872168652,
      "acceptCondComb": "LOGIC_AND",
      "acceptCond": [
        {
          "type": "QUEST_COND_MAIN_COOP_ENTER_SAVE_POINT",
          "param": [103601, 1903003],
          "param_str": ""
        }
      ],
      "finishCondComb": "LOGIC_AND",
      "finishCond": [
        {
          "type": "QUEST_CONTENT_MAIN_COOP_ENTER_SAVE_POINT",
          "param": [103601, 1903191],
          "param_str": ""
        }
      ],
      "failCond": [
        {
          "param": [],
          "param_str": ""
        }
      ],
      "guide": {
        "type": "QUEST_GUIDE_NPC",
        "autoGuide": "QUEST_GUIDE_AUTO_ENABLE",
        "param": ["10908"],
        "guideScene": 3,
        "guideStyle": "QUEST_GUIDE_STYLE_TARGET",
        "guideLayer": "QUEST_GUIDE_LAYER_SCENE"
      },
      "isRewind": true,
      "finishExec": [
        {
          "param": [],
          "param_str": ""
        }
      ],
      "failExec": [
        {
          "param": [],
          "param_str": ""
        }
      ],
      "beginExec": [
        {
          "param": [],
          "param_str": ""
        }
      ],
      "exclusiveNpcList": [
        1023, 10903, 10904, 10905, 10908, 10909, 10917, 10918, 10907, 2311
      ],
      "exclusiveNpcPriority": 1100
    },
    {
      "subId": 1903006,
      "mainId": 19030,
      "order": 6,
      "descTextMapHash": 239439876,
      "acceptCondComb": "LOGIC_AND",
      "acceptCond": [
        {
          "type": "QUEST_COND_STATE_EQUAL",
          "param": [1903005, 3],
          "param_str": ""
        },
        {
          "type": "QUEST_COND_STATE_EQUAL",
          "param": [1903004, 3],
          "param_str": ""
        },
        {
          "type": "QUEST_COND_STATE_EQUAL",
          "param": [1903003, 3],
          "param_str": ""
        },
        {
          "type": "QUEST_COND_MAIN_COOP_ENTER_SAVE_POINT",
          "param": [103601, 1903002],
          "param_str": ""
        }
      ],
      "finishCondComb": "LOGIC_OR",
      "finishCond": [
        {
          "type": "QUEST_CONTENT_MAIN_COOP_ENTER_SAVE_POINT",
          "param": [103601, 1903101],
          "param_str": ""
        },
        {
          "type": "QUEST_CONTENT_MAIN_COOP_ENTER_SAVE_POINT",
          "param": [103601, 1903102],
          "param_str": ""
        },
        {
          "type": "QUEST_CONTENT_MAIN_COOP_ENTER_SAVE_POINT",
          "param": [103601, 1903201],
          "param_str": ""
        },
        {
          "type": "QUEST_CONTENT_MAIN_COOP_ENTER_SAVE_POINT",
          "param": [103601, 1903103],
          "param_str": ""
        }
      ],
      "failCond": [
        {
          "param": [],
          "param_str": ""
        }
      ],
      "guide": {
        "type": "QUEST_GUIDE_LOCATION",
        "autoGuide": "QUEST_GUIDE_AUTO_ENABLE",
        "param": ["Q1903101cy"],
        "guideScene": 3,
        "guideStyle": "QUEST_GUIDE_STYLE_POINT",
        "guideLayer": "QUEST_GUIDE_LAYER_SCENE"
      },
      "finishParent": true,
      "isRewind": true,
      "finishExec": [
        {
          "param": [],
          "param_str": ""
        }
      ],
      "failExec": [
        {
          "param": [],
          "param_str": ""
        }
      ],
      "beginExec": [
        {
          "type": "QUEST_EXEC_REFRESH_GROUP_SUITE",
          "param": ["3", "133102926,1"],
          "param_str": ""
        }
      ],
      "exclusiveNpcList": [
        1023, 10903, 10904, 10905, 10908, 10909, 10917, 10918, 10907, 2311
      ],
      "exclusiveNpcPriority": 1100
    },
    {
      "subId": 1903007,
      "mainId": 19030,
      "order": 2,
      "descTextMapHash": 200069780,
      "acceptCondComb": "LOGIC_AND",
      "acceptCond": [
        {
          "type": "QUEST_COND_MAIN_COOP_ENTER_SAVE_POINT",
          "param": [103601, 1903002],
          "param_str": ""
        }
      ],
      "finishCond": [
        {
          "type": "QUEST_CONTENT_MAIN_COOP_ENTER_SAVE_POINT",
          "param": [103601, 1903003],
          "param_str": ""
        }
      ],
      "failCond": [
        {
          "param": [],
          "param_str": ""
        }
      ],
      "guide": {
        "type": "QUEST_GUIDE_LOCATION",
        "autoGuide": "QUEST_GUIDE_AUTO_ENABLE",
        "param": ["Q1903002Cy"],
        "guideScene": 3,
        "guideStyle": "QUEST_GUIDE_STYLE_POINT",
        "guideLayer": "QUEST_GUIDE_LAYER_SCENE"
      },
      "isRewind": true,
      "finishExec": [
        {
          "param": [],
          "param_str": ""
        }
      ],
      "failExec": [
        {
          "param": [],
          "param_str": ""
        }
      ],
      "beginExec": [
        {
          "type": "QUEST_EXEC_REFRESH_GROUP_SUITE",
          "param": ["3", "133102924,2"],
          "param_str": ""
        },
        {
          "type": "QUEST_EXEC_REFRESH_GROUP_SUITE",
          "param": ["3", "133102520,2"],
          "param_str": ""
        },
        {
          "type": "QUEST_EXEC_REFRESH_GROUP_SUITE",
          "param": ["3", "133102926,2"],
          "param_str": ""
        }
      ],
      "exclusiveNpcList": [
        1023, 10903, 10904, 10905, 10908, 10909, 10917, 10918, 10907, 2311
      ],
      "exclusiveNpcPriority": 1100
    },
    {
      "subId": 1903008,
      "mainId": 19030,
      "order": 7,
      "descTextMapHash": 1816765044,
      "acceptCondComb": "LOGIC_AND",
      "acceptCond": [
        {
          "type": "QUEST_COND_STATE_EQUAL",
          "param": [1903005, 3],
          "param_str": ""
        },
        {
          "type": "QUEST_COND_STATE_EQUAL",
          "param": [1903004, 3],
          "param_str": ""
        },
        {
          "type": "QUEST_COND_STATE_EQUAL",
          "param": [1903003, 3],
          "param_str": ""
        },
        {
          "type": "QUEST_COND_MAIN_COOP_ENTER_SAVE_POINT",
          "param": [103601, 1903012],
          "param_str": ""
        }
      ],
      "finishCondComb": "LOGIC_OR",
      "finishCond": [
        {
          "type": "QUEST_CONTENT_MAIN_COOP_ENTER_SAVE_POINT",
          "param": [103601, 1903101],
          "param_str": ""
        },
        {
          "type": "QUEST_CONTENT_MAIN_COOP_ENTER_SAVE_POINT",
          "param": [103601, 1903102],
          "param_str": ""
        },
        {
          "type": "QUEST_CONTENT_MAIN_COOP_ENTER_SAVE_POINT",
          "param": [103601, 1903201],
          "param_str": ""
        },
        {
          "type": "QUEST_CONTENT_MAIN_COOP_ENTER_SAVE_POINT",
          "param": [103601, 1903103],
          "param_str": ""
        }
      ],
      "failCond": [
        {
          "param": [],
          "param_str": ""
        }
      ],
      "guide": {
        "type": "QUEST_GUIDE_LOCATION",
        "autoGuide": "QUEST_GUIDE_AUTO_ENABLE",
        "param": ["Q1903101cy"],
        "guideScene": 3,
        "guideStyle": "QUEST_GUIDE_STYLE_POINT",
        "guideLayer": "QUEST_GUIDE_LAYER_SCENE"
      },
      "finishParent": true,
      "isRewind": true,
      "finishExec": [
        {
          "param": [],
          "param_str": ""
        }
      ],
      "failExec": [
        {
          "param": [],
          "param_str": ""
        }
      ],
      "beginExec": [
        {
          "type": "QUEST_EXEC_REFRESH_GROUP_SUITE",
          "param": ["3", "133102926,1"],
          "param_str": ""
        }
      ],
      "exclusiveNpcList": [
        1023, 10903, 10904, 10905, 10908, 10909, 10917, 10918, 10907, 2311
      ],
      "exclusiveNpcPriority": 1100
    }
  ],
  "talks": [
    {
      "id": 1903001,
      "beginWay": "TALK_BEGIN_MANUAL",
      "activeMode": "PLAY_MODE_SINGLE",
      "beginCond": [
        {
          "type": "QUEST_COND_STATE_EQUAL",
          "param": ["1903001", "3"],
          "param_str": ""
        }
      ],
      "priority": 5,
      "initDialog": 190300101,
      "npcId": [10917],
      "performCfg": "QuestDialogue/COOP/CoopChongyun/Q1903001",
      "heroTalk": "TALK_HERO_MAIN",
      "questId": 19030,
      "prePerformCfg": ""
    },
    {
      "id": 1903002,
      "beginWay": "TALK_BEGIN_MANUAL",
      "activeMode": "PLAY_MODE_SINGLE",
      "beginCond": [
        {
          "type": "QUEST_COND_STATE_EQUAL",
          "param": ["1903005", "3"],
          "param_str": ""
        }
      ],
      "priority": 5,
      "initDialog": 190300201,
      "npcId": [10908],
      "performCfg": "QuestDialogue/COOP/CoopChongyun/Q1903002",
      "heroTalk": "TALK_HERO_MAIN",
      "questId": 19030,
      "prePerformCfg": ""
    }
  ]
}
