{
  "id": 19049,
  "type": "LQ",
  "titleTextMapHash": 2960872311,
  "descTextMapHash": 5694358,
  "luaPath": "Actor/Quest/LQ19049",
  "showType": "QUEST_HIDDEN",
  "rewardIdList": [119049],
  "subQuests": [
    {
      "subId": 1904901,
      "mainId": 19049,
      "order": 1,
      "descTextMapHash": 1390074036,
      "showType": "QUEST_HIDDEN",
      "acceptCond": [
        {
          "type": "QUEST_COND_STATE_EQUAL",
          "param": [1905706, 3],
          "param_str": ""
        }
      ],
      "finishCond": [
        {
          "type": "QUEST_CONTENT_GAME_TIME_TICK",
          "param": [0, 0],
          "param_str": "0,24"
        }
      ],
      "failCond": [
        {
          "param": [],
          "param_str": ""
        }
      ],
      "guide": {},
      "showGuide": "QUEST_GUIDE_ITEM_DISABLE",
      "finishParent": true,
      "isRewind": true,
      "finishExec": [
        {
          "param": [],
          "param_str": ""
        }
      ],
      "failExec": [
        {
          "param": [],
          "param_str": ""
        }
      ],
      "beginExec": [
        {
          "param": [],
          "param_str": ""
        }
      ]
    }
  ]
}
