{
  "id": 19058,
  "type": "LQ",
  "series": 108101,
  "titleTextMapHash": 2334411735,
  "descTextMapHash": 1604556238,
  "luaPath": "Actor/Quest/LQ19058",
  "suggestTrackMainQuestList": [19059, 19075, 19078],
  "chapterId": 108101,
  "subQuests": [
    {
      "subId": 1905801,
      "mainId": 19058,
      "order": 1,
      "descTextMapHash": 323344964,
      "finishCond": [
        {
          "type": "QUEST_CONTENT_MAIN_COOP_ENTER_SAVE_POINT",
          "param": [108101, 190580101],
          "param_str": ""
        }
      ],
      "guide": {
        "type": "QUEST_GUIDE_LOCATION",
        "autoGuide": "QUEST_GUIDE_AUTO_ENABLE",
        "param": ["C1905801_N10000005", "0"],
        "guideScene": 3,
        "guideStyle": "QUEST_GUIDE_STYLE_POINT",
        "guideLayer": "QUEST_GUIDE_LAYER_SCENE"
      },
      "acceptCondComb": "LOGIC_NONE",
      "isRewind": true,
      "versionBegin": "",
      "versionEnd": "",
      "acceptCond": [
        {
          "type": "QUEST_COND_UNKNOWN",
          "param": [0, 0],
          "param_str": ""
        }
      ],
      "failCond": [],
      "beginExec": [],
      "finishExec": [],
      "failExec": []
    },
    {
      "subId": 1905803,
      "mainId": 19058,
      "order": 3,
      "descTextMapHash": 2781260388,
      "exclusivePlaceList": [107201],
      "finishCond": [
        {
          "type": "QUEST_CONTENT_MAIN_COOP_ENTER_SAVE_POINT",
          "param": [108101, 190580301],
          "param_str": ""
        },
        {
          "type": "QUEST_CONTENT_MAIN_COOP_ENTER_SAVE_POINT",
          "param": [108101, 190580302],
          "param_str": ""
        },
        {
          "type": "QUEST_CONTENT_MAIN_COOP_ENTER_SAVE_POINT",
          "param": [108101, 190580303],
          "param_str": ""
        }
      ],
      "guide": {
        "type": "QUEST_GUIDE_NPC",
        "param": ["515"],
        "guideScene": 1072,
        "guideStyle": "QUEST_GUIDE_STYLE_TARGET",
        "guideLayer": "QUEST_GUIDE_LAYER_SCENE"
      },
      "acceptCondComb": "LOGIC_NONE",
      "finishParent": true,
      "isRewind": true,
      "versionBegin": "",
      "versionEnd": "",
      "acceptCond": [
        {
          "type": "QUEST_COND_UNKNOWN",
          "param": [0, 0],
          "param_str": ""
        }
      ],
      "failCond": [],
      "beginExec": [],
      "finishExec": [],
      "failExec": []
    }
  ],
  "talks": [
    {
      "id": 1905802,
      "beginWay": "TALK_BEGIN_MANUAL",
      "activeMode": "PLAY_MODE_SINGLE",
      "beginCond": [
        {
          "type": "QUEST_COND_STATE_EQUAL",
          "param": ["1905803", "2"],
          "param_str": ""
        }
      ],
      "priority": 5,
      "initDialog": 190580201,
      "npcId": [13235],
      "performCfg": "QuestDialogue/COOP/CoopKaveh/Q1905802",
      "heroTalk": "TALK_HERO_MAIN",
      "questId": 19058,
      "prePerformCfg": "",
      "stayFreeStyle": true
    }
  ]
}
