{
  "id": 19060,
  "type": "LQ",
  "series": 105901,
  "titleTextMapHash": 1881448271,
  "descTextMapHash": 4051246958,
  "luaPath": "Actor/Quest/LQ19060",
  "chapterId": 105901,
  "subQuests": [
    {
      "subId": 1906001,
      "mainId": 19060,
      "order": 1,
      "descTextMapHash": 4260223588,
      "acceptCondComb": "LOGIC_AND",
      "acceptCond": [
        {
          "type": "QUEST_COND_STATE_EQUAL",
          "param": [1905608, 3],
          "param_str": ""
        },
        {
          "type": "QUEST_COND_MAIN_COOP_ENTER_SAVE_POINT",
          "param": [105901, 190560802],
          "param_str": ""
        }
      ],
      "finishCond": [
        {
          "type": "QUEST_CONTENT_MAIN_COOP_ENTER_SAVE_POINT",
          "param": [105901, 190600101],
          "param_str": ""
        }
      ],
      "failCond": [
        {
          "param": [],
          "param_str": ""
        }
      ],
      "guide": {
        "type": "QUEST_GUIDE_NPC",
        "param": ["3041"],
        "guideScene": 3,
        "guideStyle": "QUEST_GUIDE_STYLE_TARGET",
        "guideLayer": "QUEST_GUIDE_LAYER_SCENE"
      },
      "isRewind": true,
      "finishExec": [
        {
          "param": [],
          "param_str": ""
        }
      ],
      "failExec": [
        {
          "param": [],
          "param_str": ""
        }
      ],
      "beginExec": [
        {
          "param": [],
          "param_str": ""
        }
      ],
      "exclusiveNpcList": [3041, 3042, 1057],
      "exclusiveNpcPriority": 1100
    },
    {
      "subId": 1906002,
      "mainId": 19060,
      "order": 2,
      "descTextMapHash": 1768795996,
      "acceptCond": [
        {
          "type": "QUEST_COND_STATE_EQUAL",
          "param": [1906001, 3],
          "param_str": ""
        }
      ],
      "finishCond": [
        {
          "type": "QUEST_CONTENT_MAIN_COOP_ENTER_SAVE_POINT",
          "param": [105901, 190600201],
          "param_str": ""
        }
      ],
      "failCond": [
        {
          "param": [],
          "param_str": ""
        }
      ],
      "guide": {
        "type": "QUEST_GUIDE_LOCATION",
        "param": ["Q1906002_guide"],
        "guideScene": 3,
        "guideStyle": "QUEST_GUIDE_STYLE_POINT",
        "guideLayer": "QUEST_GUIDE_LAYER_SCENE"
      },
      "isRewind": true,
      "finishExec": [
        {
          "param": [],
          "param_str": ""
        }
      ],
      "failExec": [
        {
          "param": [],
          "param_str": ""
        }
      ],
      "beginExec": [
        {
          "param": [],
          "param_str": ""
        }
      ],
      "exclusiveNpcList": [3041, 3042, 1057],
      "exclusiveNpcPriority": 1100
    },
    {
      "subId": 1906003,
      "mainId": 19060,
      "order": 3,
      "descTextMapHash": 1812861596,
      "acceptCond": [
        {
          "type": "QUEST_COND_STATE_EQUAL",
          "param": [1906002, 3],
          "param_str": ""
        }
      ],
      "finishCond": [
        {
          "type": "QUEST_CONTENT_MAIN_COOP_ENTER_SAVE_POINT",
          "param": [105901, 190600301],
          "param_str": ""
        }
      ],
      "failCond": [
        {
          "param": [],
          "param_str": ""
        }
      ],
      "guide": {
        "type": "QUEST_GUIDE_NPC",
        "param": ["3019"],
        "guideScene": 3,
        "guideStyle": "QUEST_GUIDE_STYLE_TARGET",
        "guideLayer": "QUEST_GUIDE_LAYER_SCENE"
      },
      "isRewind": true,
      "finishExec": [
        {
          "param": [],
          "param_str": ""
        }
      ],
      "failExec": [
        {
          "param": [],
          "param_str": ""
        }
      ],
      "beginExec": [
        {
          "param": [],
          "param_str": ""
        }
      ],
      "exclusiveNpcList": [1057, 3020, 3019],
      "exclusiveNpcPriority": 1100
    },
    {
      "subId": 1906004,
      "mainId": 19060,
      "order": 4,
      "descTextMapHash": 525213516,
      "acceptCond": [
        {
          "type": "QUEST_COND_STATE_EQUAL",
          "param": [1906003, 3],
          "param_str": ""
        }
      ],
      "finishCondComb": "LOGIC_OR",
      "finishCond": [
        {
          "type": "QUEST_CONTENT_MAIN_COOP_ENTER_SAVE_POINT",
          "param": [105901, 190600402],
          "param_str": ""
        },
        {
          "type": "QUEST_CONTENT_MAIN_COOP_ENTER_SAVE_POINT",
          "param": [105901, 190600404],
          "param_str": ""
        }
      ],
      "failCond": [
        {
          "param": [],
          "param_str": ""
        }
      ],
      "guide": {
        "type": "QUEST_GUIDE_NPC",
        "param": ["511"],
        "guideScene": 3,
        "guideStyle": "QUEST_GUIDE_STYLE_TARGET",
        "guideLayer": "QUEST_GUIDE_LAYER_SCENE"
      },
      "isRewind": true,
      "finishExec": [
        {
          "param": [],
          "param_str": ""
        }
      ],
      "failExec": [
        {
          "param": [],
          "param_str": ""
        }
      ],
      "beginExec": [
        {
          "type": "QUEST_EXEC_REGISTER_DYNAMIC_GROUP",
          "param": ["3", "133221092"],
          "param_str": ""
        },
        {
          "type": "QUEST_EXEC_SET_QUEST_GLOBAL_VAR",
          "param": ["1906005", "0"],
          "param_str": ""
        }
      ],
      "exclusiveNpcList": [1057, 3020, 3019],
      "exclusiveNpcPriority": 1100
    },
    {
      "subId": 1906005,
      "mainId": 19060,
      "order": 16,
      "descTextMapHash": 3741061116,
      "acceptCond": [
        {
          "type": "QUEST_COND_STATE_EQUAL",
          "param": [1906004, 3],
          "param_str": ""
        }
      ],
      "finishCondComb": "LOGIC_OR",
      "finishCond": [
        {
          "type": "QUEST_CONTENT_MAIN_COOP_ENTER_SAVE_POINT",
          "param": [105901, 190600502],
          "param_str": ""
        },
        {
          "type": "QUEST_CONTENT_MAIN_COOP_ENTER_SAVE_POINT",
          "param": [105901, 190600504],
          "param_str": ""
        }
      ],
      "failCond": [
        {
          "param": [],
          "param_str": ""
        }
      ],
      "guide": {
        "type": "QUEST_GUIDE_NPC",
        "param": ["511"],
        "guideScene": 3,
        "guideStyle": "QUEST_GUIDE_STYLE_TARGET",
        "guideLayer": "QUEST_GUIDE_LAYER_SCENE"
      },
      "isRewind": true,
      "finishExec": [
        {
          "param": [],
          "param_str": ""
        }
      ],
      "failExec": [
        {
          "param": [],
          "param_str": ""
        }
      ],
      "beginExec": [
        {
          "type": "QUEST_EXEC_REGISTER_DYNAMIC_GROUP",
          "param": ["3", "133221092"],
          "param_str": ""
        }
      ],
      "exclusiveNpcList": [1057, 3020, 3019],
      "exclusiveNpcPriority": 1100
    },
    {
      "subId": 1906006,
      "mainId": 19060,
      "order": 28,
      "descTextMapHash": 3907312780,
      "acceptCond": [
        {
          "type": "QUEST_COND_STATE_EQUAL",
          "param": [1906005, 3],
          "param_str": ""
        }
      ],
      "finishCond": [
        {
          "type": "QUEST_CONTENT_MAIN_COOP_ENTER_SAVE_POINT",
          "param": [105901, 190600601],
          "param_str": ""
        }
      ],
      "failCond": [
        {
          "param": [],
          "param_str": ""
        }
      ],
      "guide": {
        "type": "QUEST_GUIDE_NPC",
        "param": ["511"],
        "guideScene": 3,
        "guideStyle": "QUEST_GUIDE_STYLE_TARGET",
        "guideLayer": "QUEST_GUIDE_LAYER_SCENE"
      },
      "isRewind": true,
      "finishExec": [
        {
          "param": [],
          "param_str": ""
        }
      ],
      "failExec": [
        {
          "param": [],
          "param_str": ""
        }
      ],
      "beginExec": [
        {
          "type": "QUEST_EXEC_REGISTER_DYNAMIC_GROUP",
          "param": ["3", "133221092"],
          "param_str": ""
        }
      ],
      "exclusiveNpcList": [1057, 3020, 3019],
      "exclusiveNpcPriority": 1100
    },
    {
      "subId": 1906007,
      "mainId": 19060,
      "order": 30,
      "descTextMapHash": 3726739596,
      "acceptCond": [
        {
          "type": "QUEST_COND_STATE_EQUAL",
          "param": [1906006, 3],
          "param_str": ""
        }
      ],
      "finishCond": [
        {
          "type": "QUEST_CONTENT_MAIN_COOP_ENTER_SAVE_POINT",
          "param": [105901, 190600701],
          "param_str": ""
        }
      ],
      "failCond": [
        {
          "param": [],
          "param_str": ""
        }
      ],
      "guide": {
        "type": "QUEST_GUIDE_LOCATION",
        "param": ["Q1905802_guide"],
        "guideScene": 3,
        "guideStyle": "QUEST_GUIDE_STYLE_POINT",
        "guideLayer": "QUEST_GUIDE_LAYER_SCENE"
      },
      "isRewind": true,
      "finishExec": [
        {
          "param": [],
          "param_str": ""
        }
      ],
      "failExec": [
        {
          "param": [],
          "param_str": ""
        }
      ],
      "beginExec": [
        {
          "type": "QUEST_EXEC_REGISTER_DYNAMIC_GROUP",
          "param": ["3", "133221092"],
          "param_str": ""
        },
        {
          "type": "QUEST_EXEC_DEL_ALL_SPECIFIC_PACK_ITEM",
          "param": ["101893", "0"],
          "param_str": ""
        }
      ],
      "exclusiveNpcList": [1057, 3020, 3019],
      "exclusiveNpcPriority": 1100,
      "exclusivePlaceList": [1202910]
    },
    {
      "subId": 1906008,
      "mainId": 19060,
      "order": 31,
      "descTextMapHash": 2203583012,
      "acceptCond": [
        {
          "type": "QUEST_COND_STATE_EQUAL",
          "param": [1906007, 3],
          "param_str": ""
        }
      ],
      "finishCondComb": "LOGIC_OR",
      "finishCond": [
        {
          "type": "QUEST_CONTENT_MAIN_COOP_ENTER_SAVE_POINT",
          "param": [105901, 190600801],
          "param_str": ""
        },
        {
          "type": "QUEST_CONTENT_MAIN_COOP_ENTER_SAVE_POINT",
          "param": [105901, 190600802],
          "param_str": ""
        }
      ],
      "failCond": [
        {
          "param": [],
          "param_str": ""
        }
      ],
      "guide": {
        "type": "QUEST_GUIDE_NPC",
        "param": ["3042"],
        "guideScene": 3,
        "guideStyle": "QUEST_GUIDE_STYLE_TARGET",
        "guideLayer": "QUEST_GUIDE_LAYER_SCENE"
      },
      "isRewind": true,
      "finishExec": [
        {
          "type": "QUEST_EXEC_UNREGISTER_DYNAMIC_GROUP",
          "param": ["133221092", "0"],
          "param_str": ""
        }
      ],
      "failExec": [
        {
          "param": [],
          "param_str": ""
        }
      ],
      "beginExec": [
        {
          "type": "QUEST_EXEC_REGISTER_DYNAMIC_GROUP",
          "param": ["3", "133221092"],
          "param_str": ""
        }
      ],
      "exclusiveNpcList": [3041, 3042, 1057],
      "exclusiveNpcPriority": 1100
    },
    {
      "subId": 1906009,
      "mainId": 19060,
      "order": 32,
      "descTextMapHash": 1289872084,
      "showType": "QUEST_HIDDEN",
      "acceptCond": [
        {
          "type": "QUEST_COND_STATE_EQUAL",
          "param": [1906008, 2],
          "param_str": ""
        }
      ],
      "finishCond": [
        {
          "type": "QUEST_CONTENT_MAIN_COOP_ENTER_SAVE_POINT",
          "param": [105901, 190600801],
          "param_str": ""
        }
      ],
      "failCond": [
        {
          "param": [],
          "param_str": ""
        }
      ],
      "guide": {},
      "finishParent": true,
      "finishExec": [
        {
          "type": "QUEST_EXEC_DEL_ALL_SPECIFIC_PACK_ITEM",
          "param": ["101893", "0"],
          "param_str": ""
        },
        {
          "type": "QUEST_EXEC_DEL_ALL_SPECIFIC_PACK_ITEM",
          "param": ["101916", "0"],
          "param_str": ""
        }
      ],
      "failExec": [
        {
          "param": [],
          "param_str": ""
        }
      ],
      "beginExec": [
        {
          "type": "QUEST_EXEC_REGISTER_DYNAMIC_GROUP_ONLY",
          "param": ["133221092", "0"],
          "param_str": ""
        }
      ],
      "exclusiveNpcList": [3041, 3042, 1057],
      "exclusiveNpcPriority": 1100
    },
    {
      "subId": 1906010,
      "mainId": 19060,
      "order": 33,
      "descTextMapHash": 2657519268,
      "showType": "QUEST_HIDDEN",
      "acceptCond": [
        {
          "type": "QUEST_COND_STATE_EQUAL",
          "param": [1906008, 2],
          "param_str": ""
        }
      ],
      "finishCond": [
        {
          "type": "QUEST_CONTENT_MAIN_COOP_ENTER_SAVE_POINT",
          "param": [105901, 190600802],
          "param_str": ""
        }
      ],
      "failCond": [
        {
          "param": [],
          "param_str": ""
        }
      ],
      "guide": {},
      "finishExec": [
        {
          "param": [],
          "param_str": ""
        }
      ],
      "failExec": [
        {
          "param": [],
          "param_str": ""
        }
      ],
      "beginExec": [
        {
          "type": "QUEST_EXEC_REGISTER_DYNAMIC_GROUP_ONLY",
          "param": ["133221092", "0"],
          "param_str": ""
        }
      ],
      "exclusiveNpcList": [3041, 3042, 1057],
      "exclusiveNpcPriority": 1100
    },
    {
      "subId": 1906011,
      "mainId": 19060,
      "order": 35,
      "descTextMapHash": 4257154820,
      "acceptCond": [
        {
          "type": "QUEST_COND_STATE_EQUAL",
          "param": [1906021, 3],
          "param_str": ""
        }
      ],
      "finishCond": [
        {
          "type": "QUEST_CONTENT_MAIN_COOP_ENTER_SAVE_POINT",
          "param": [105901, 190601101],
          "param_str": ""
        }
      ],
      "failCond": [
        {
          "param": [],
          "param_str": ""
        }
      ],
      "guide": {
        "type": "QUEST_GUIDE_NPC",
        "param": ["3041"],
        "guideScene": 3,
        "guideStyle": "QUEST_GUIDE_STYLE_TARGET",
        "guideLayer": "QUEST_GUIDE_LAYER_SCENE"
      },
      "isRewind": true,
      "finishExec": [
        {
          "param": [],
          "param_str": ""
        }
      ],
      "failExec": [
        {
          "param": [],
          "param_str": ""
        }
      ],
      "beginExec": [
        {
          "param": [],
          "param_str": ""
        }
      ],
      "exclusiveNpcList": [3041, 3042, 1057],
      "exclusiveNpcPriority": 1100
    },
    {
      "subId": 1906012,
      "mainId": 19060,
      "order": 36,
      "descTextMapHash": 140341412,
      "acceptCond": [
        {
          "type": "QUEST_COND_STATE_EQUAL",
          "param": [1906011, 3],
          "param_str": ""
        }
      ],
      "finishCond": [
        {
          "type": "QUEST_CONTENT_MAIN_COOP_ENTER_SAVE_POINT",
          "param": [105901, 190601201],
          "param_str": ""
        }
      ],
      "failCond": [
        {
          "param": [],
          "param_str": ""
        }
      ],
      "guide": {
        "type": "QUEST_GUIDE_NPC",
        "param": ["3042"],
        "guideScene": 3,
        "guideStyle": "QUEST_GUIDE_STYLE_TARGET",
        "guideLayer": "QUEST_GUIDE_LAYER_SCENE"
      },
      "finishParent": true,
      "isRewind": true,
      "finishExec": [
        {
          "type": "QUEST_EXEC_UNREGISTER_DYNAMIC_GROUP",
          "param": ["133221096", "0"],
          "param_str": ""
        },
        {
          "type": "QUEST_EXEC_DEL_ALL_SPECIFIC_PACK_ITEM",
          "param": ["101893", "0"],
          "param_str": ""
        },
        {
          "type": "QUEST_EXEC_DEL_ALL_SPECIFIC_PACK_ITEM",
          "param": ["101916", "0"],
          "param_str": ""
        }
      ],
      "failExec": [
        {
          "param": [],
          "param_str": ""
        }
      ],
      "beginExec": [
        {
          "type": "QUEST_EXEC_REGISTER_DYNAMIC_GROUP",
          "param": ["3", "133221096"],
          "param_str": ""
        }
      ],
      "exclusiveNpcList": [3041, 3042, 1057, 12550],
      "exclusiveNpcPriority": 1100
    },
    {
      "subId": 1906013,
      "mainId": 19060,
      "order": 6,
      "descTextMapHash": 1607290948,
      "showType": "QUEST_HIDDEN",
      "acceptCond": [
        {
          "type": "QUEST_COND_STATE_EQUAL",
          "param": [1906004, 2],
          "param_str": ""
        }
      ],
      "finishCond": [
        {
          "type": "QUEST_CONTENT_COMPLETE_TALK",
          "param": [1906037, 0],
          "param_str": ""
        }
      ],
      "failCond": [
        {
          "param": [],
          "param_str": ""
        }
      ],
      "guide": {},
      "finishExec": [
        {
          "type": "QUEST_EXEC_SET_QUEST_GLOBAL_VAR",
          "param": ["1906002", "1"],
          "param_str": ""
        }
      ],
      "failExec": [
        {
          "param": [],
          "param_str": ""
        }
      ],
      "beginExec": [
        {
          "type": "QUEST_EXEC_SET_QUEST_GLOBAL_VAR",
          "param": ["1906002", "0"],
          "param_str": ""
        }
      ],
      "exclusiveNpcList": [1057, 3020, 3019],
      "exclusiveNpcPriority": 1100
    },
    {
      "subId": 1906014,
      "mainId": 19060,
      "order": 7,
      "descTextMapHash": 1239388364,
      "showType": "QUEST_HIDDEN",
      "acceptCond": [
        {
          "type": "QUEST_COND_STATE_EQUAL",
          "param": [1906004, 2],
          "param_str": ""
        }
      ],
      "finishCond": [
        {
          "type": "QUEST_CONTENT_COMPLETE_TALK",
          "param": [1906034, 0],
          "param_str": ""
        }
      ],
      "failCond": [
        {
          "param": [],
          "param_str": ""
        }
      ],
      "guide": {},
      "finishExec": [
        {
          "type": "QUEST_EXEC_SET_QUEST_GLOBAL_VAR",
          "param": ["1906003", "1"],
          "param_str": ""
        }
      ],
      "failExec": [
        {
          "param": [],
          "param_str": ""
        }
      ],
      "beginExec": [
        {
          "type": "QUEST_EXEC_SET_QUEST_GLOBAL_VAR",
          "param": ["1906003", "0"],
          "param_str": ""
        }
      ],
      "exclusiveNpcList": [1057, 3020, 3019],
      "exclusiveNpcPriority": 1100
    },
    {
      "subId": 1906015,
      "mainId": 19060,
      "order": 8,
      "descTextMapHash": 3319678284,
      "showType": "QUEST_HIDDEN",
      "acceptCond": [
        {
          "type": "QUEST_COND_STATE_EQUAL",
          "param": [1906004, 2],
          "param_str": ""
        }
      ],
      "finishCondComb": "LOGIC_AND",
      "finishCond": [
        {
          "type": "QUEST_CONTENT_COMPLETE_TALK",
          "param": [1906037, 0],
          "param_str": ""
        },
        {
          "type": "QUEST_CONTENT_COMPLETE_TALK",
          "param": [1906036, 0],
          "param_str": ""
        }
      ],
      "failCond": [
        {
          "param": [],
          "param_str": ""
        }
      ],
      "guide": {},
      "finishExec": [
        {
          "param": [],
          "param_str": ""
        }
      ],
      "failExec": [
        {
          "param": [],
          "param_str": ""
        }
      ],
      "beginExec": [
        {
          "param": [],
          "param_str": ""
        }
      ],
      "exclusiveNpcList": [1057, 3020, 3019],
      "exclusiveNpcPriority": 1100
    },
    {
      "subId": 1906016,
      "mainId": 19060,
      "order": 9,
      "descTextMapHash": 3127593812,
      "showType": "QUEST_HIDDEN",
      "acceptCond": [
        {
          "type": "QUEST_COND_STATE_EQUAL",
          "param": [1906004, 2],
          "param_str": ""
        }
      ],
      "finishCondComb": "LOGIC_AND",
      "finishCond": [
        {
          "type": "QUEST_CONTENT_COMPLETE_TALK",
          "param": [1906037, 0],
          "param_str": ""
        },
        {
          "type": "QUEST_CONTENT_COMPLETE_TALK",
          "param": [1906039, 0],
          "param_str": ""
        }
      ],
      "failCond": [
        {
          "param": [],
          "param_str": ""
        }
      ],
      "guide": {},
      "finishExec": [
        {
          "param": [],
          "param_str": ""
        }
      ],
      "failExec": [
        {
          "param": [],
          "param_str": ""
        }
      ],
      "beginExec": [
        {
          "param": [],
          "param_str": ""
        }
      ],
      "exclusiveNpcList": [1057, 3020, 3019],
      "exclusiveNpcPriority": 1100
    },
    {
      "subId": 1906017,
      "mainId": 19060,
      "order": 18,
      "descTextMapHash": 3030030404,
      "showType": "QUEST_HIDDEN",
      "acceptCond": [
        {
          "type": "QUEST_COND_STATE_EQUAL",
          "param": [1906005, 2],
          "param_str": ""
        }
      ],
      "finishCondComb": "LOGIC_OR",
      "finishCond": [
        {
          "type": "QUEST_CONTENT_COMPLETE_TALK",
          "param": [1906038, 0],
          "param_str": ""
        },
        {
          "type": "QUEST_CONTENT_FINISH_PLOT",
          "param": [1906017, 0],
          "param_str": ""
        }
      ],
      "failCond": [
        {
          "param": [],
          "param_str": ""
        }
      ],
      "guide": {},
      "finishExec": [
        {
          "param": [],
          "param_str": ""
        }
      ],
      "failExec": [
        {
          "param": [],
          "param_str": ""
        }
      ],
      "beginExec": [
        {
          "param": [],
          "param_str": ""
        }
      ],
      "exclusiveNpcList": [1057, 3020, 3019],
      "exclusiveNpcPriority": 1100
    },
    {
      "subId": 1906018,
      "mainId": 19060,
      "order": 19,
      "descTextMapHash": 3411968332,
      "showType": "QUEST_HIDDEN",
      "acceptCond": [
        {
          "type": "QUEST_COND_STATE_EQUAL",
          "param": [1906005, 2],
          "param_str": ""
        }
      ],
      "finishCondComb": "LOGIC_A_AND_B_OR_ETCAND",
      "finishCond": [
        {
          "type": "QUEST_CONTENT_COMPLETE_TALK",
          "param": [1906037, 0],
          "param_str": ""
        },
        {
          "type": "QUEST_CONTENT_COMPLETE_TALK",
          "param": [1906032, 0],
          "param_str": ""
        },
        {
          "type": "QUEST_CONTENT_FINISH_PLOT",
          "param": [1906018, 0],
          "param_str": ""
        }
      ],
      "failCond": [
        {
          "param": [],
          "param_str": ""
        }
      ],
      "guide": {},
      "finishExec": [
        {
          "param": [],
          "param_str": ""
        }
      ],
      "failExec": [
        {
          "param": [],
          "param_str": ""
        }
      ],
      "beginExec": [
        {
          "param": [],
          "param_str": ""
        }
      ],
      "exclusiveNpcList": [1057, 3020, 3019],
      "exclusiveNpcPriority": 1100
    },
    {
      "subId": 1906019,
      "mainId": 19060,
      "order": 20,
      "descTextMapHash": 242125404,
      "showType": "QUEST_HIDDEN",
      "acceptCond": [
        {
          "type": "QUEST_COND_STATE_EQUAL",
          "param": [1906005, 2],
          "param_str": ""
        }
      ],
      "finishCondComb": "LOGIC_A_AND_B_OR_ETCAND",
      "finishCond": [
        {
          "type": "QUEST_CONTENT_COMPLETE_TALK",
          "param": [1906034, 0],
          "param_str": ""
        },
        {
          "type": "QUEST_CONTENT_COMPLETE_TALK",
          "param": [1906036, 0],
          "param_str": ""
        },
        {
          "type": "QUEST_CONTENT_FINISH_PLOT",
          "param": [1906019, 0],
          "param_str": ""
        }
      ],
      "failCond": [
        {
          "param": [],
          "param_str": ""
        }
      ],
      "guide": {},
      "finishExec": [
        {
          "param": [],
          "param_str": ""
        }
      ],
      "failExec": [
        {
          "param": [],
          "param_str": ""
        }
      ],
      "beginExec": [
        {
          "param": [],
          "param_str": ""
        }
      ],
      "exclusiveNpcList": [1057, 3020, 3019],
      "exclusiveNpcPriority": 1100
    },
    {
      "subId": 1906020,
      "mainId": 19060,
      "order": 21,
      "descTextMapHash": 2644038524,
      "showType": "QUEST_HIDDEN",
      "acceptCond": [
        {
          "type": "QUEST_COND_STATE_EQUAL",
          "param": [1906005, 2],
          "param_str": ""
        }
      ],
      "finishCondComb": "LOGIC_A_OR_ETCAND",
      "finishCond": [
        {
          "type": "QUEST_CONTENT_FINISH_PLOT",
          "param": [1906020, 0],
          "param_str": ""
        },
        {
          "type": "QUEST_CONTENT_COMPLETE_TALK",
          "param": [1906032, 0],
          "param_str": ""
        },
        {
          "type": "QUEST_CONTENT_COMPLETE_TALK",
          "param": [1906037, 0],
          "param_str": ""
        },
        {
          "type": "QUEST_CONTENT_COMPLETE_TALK",
          "param": [1906035, 0],
          "param_str": ""
        }
      ],
      "failCond": [
        {
          "param": [],
          "param_str": ""
        }
      ],
      "guide": {},
      "finishExec": [
        {
          "param": [],
          "param_str": ""
        }
      ],
      "failExec": [
        {
          "param": [],
          "param_str": ""
        }
      ],
      "beginExec": [
        {
          "param": [],
          "param_str": ""
        }
      ],
      "exclusiveNpcList": [1057, 3020, 3019],
      "exclusiveNpcPriority": 1100
    },
    {
      "subId": 1906021,
      "mainId": 19060,
      "order": 34,
      "descTextMapHash": 3299495796,
      "acceptCond": [
        {
          "type": "QUEST_COND_STATE_EQUAL",
          "param": [1906010, 3],
          "param_str": ""
        }
      ],
      "finishCond": [
        {
          "type": "QUEST_CONTENT_GAME_TIME_TICK",
          "param": [1, 0],
          "param_str": "8,12"
        }
      ],
      "failCond": [
        {
          "param": [],
          "param_str": ""
        }
      ],
      "guide": {},
      "isRewind": true,
      "finishExec": [
        {
          "param": [],
          "param_str": ""
        }
      ],
      "failExec": [
        {
          "param": [],
          "param_str": ""
        }
      ],
      "beginExec": [
        {
          "param": [],
          "param_str": ""
        }
      ],
      "exclusiveNpcList": [3041, 3042],
      "exclusiveNpcPriority": 1100
    },
    {
      "subId": 1906022,
      "mainId": 19060,
      "order": 5,
      "descTextMapHash": 2923336780,
      "showType": "QUEST_HIDDEN",
      "acceptCondComb": "LOGIC_AND",
      "acceptCond": [
        {
          "type": "QUEST_COND_STATE_EQUAL",
          "param": [1906004, 2],
          "param_str": ""
        },
        {
          "type": "QUEST_COND_QUEST_GLOBAL_VAR_EQUAL",
          "param": [1906001, 0],
          "param_str": ""
        }
      ],
      "finishCond": [
        {
          "type": "QUEST_CONTENT_MAIN_COOP_ENTER_SAVE_POINT",
          "param": [105901, 190600404],
          "param_str": ""
        }
      ],
      "failCondComb": "LOGIC_OR",
      "failCond": [
        {
          "type": "QUEST_CONTENT_MAIN_COOP_ENTER_SAVE_POINT",
          "param": [105901, 190600401],
          "param_str": ""
        },
        {
          "type": "QUEST_CONTENT_MAIN_COOP_ENTER_SAVE_POINT",
          "param": [105901, 190600402],
          "param_str": ""
        },
        {
          "type": "QUEST_CONTENT_MAIN_COOP_ENTER_SAVE_POINT",
          "param": [105901, 190600403],
          "param_str": ""
        }
      ],
      "guide": {},
      "showGuide": "QUEST_GUIDE_ITEM_DISABLE",
      "finishExec": [
        {
          "type": "QUEST_EXEC_SET_QUEST_GLOBAL_VAR",
          "param": ["1906001", "1"],
          "param_str": ""
        }
      ],
      "failExec": [
        {
          "param": [],
          "param_str": ""
        }
      ],
      "beginExec": [
        {
          "type": "QUEST_EXEC_REGISTER_DYNAMIC_GROUP_ONLY",
          "param": ["133221092", "0"],
          "param_str": ""
        }
      ],
      "exclusiveNpcList": [1057, 3020, 3019],
      "exclusiveNpcPriority": 1100
    },
    {
      "subId": 1906023,
      "mainId": 19060,
      "order": 17,
      "descTextMapHash": 4231128820,
      "showType": "QUEST_HIDDEN",
      "acceptCondComb": "LOGIC_AND",
      "acceptCond": [
        {
          "type": "QUEST_COND_STATE_EQUAL",
          "param": [1906005, 2],
          "param_str": ""
        },
        {
          "type": "QUEST_COND_QUEST_GLOBAL_VAR_EQUAL",
          "param": [1906001, 1],
          "param_str": ""
        }
      ],
      "finishCond": [
        {
          "type": "QUEST_CONTENT_MAIN_COOP_ENTER_SAVE_POINT",
          "param": [105901, 190600504],
          "param_str": ""
        }
      ],
      "failCondComb": "LOGIC_OR",
      "failCond": [
        {
          "type": "QUEST_CONTENT_MAIN_COOP_ENTER_SAVE_POINT",
          "param": [105901, 190600501],
          "param_str": ""
        },
        {
          "type": "QUEST_CONTENT_MAIN_COOP_ENTER_SAVE_POINT",
          "param": [105901, 190600502],
          "param_str": ""
        },
        {
          "type": "QUEST_CONTENT_MAIN_COOP_ENTER_SAVE_POINT",
          "param": [105901, 190600503],
          "param_str": ""
        }
      ],
      "guide": {},
      "showGuide": "QUEST_GUIDE_ITEM_DISABLE",
      "finishExec": [
        {
          "type": "QUEST_EXEC_SET_QUEST_GLOBAL_VAR",
          "param": ["1906001", "2"],
          "param_str": ""
        }
      ],
      "failExec": [
        {
          "param": [],
          "param_str": ""
        }
      ],
      "beginExec": [
        {
          "type": "QUEST_EXEC_REGISTER_DYNAMIC_GROUP_ONLY",
          "param": ["133221092", "0"],
          "param_str": ""
        }
      ],
      "exclusiveNpcList": [1057, 3020, 3019],
      "exclusiveNpcPriority": 1100
    },
    {
      "subId": 1906024,
      "mainId": 19060,
      "order": 10,
      "descTextMapHash": 3661169036,
      "showType": "QUEST_HIDDEN",
      "acceptCond": [
        {
          "type": "QUEST_COND_STATE_EQUAL",
          "param": [1906004, 2],
          "param_str": ""
        }
      ],
      "finishCond": [
        {
          "type": "QUEST_CONTENT_COMPLETE_TALK",
          "param": [1906032, 0],
          "param_str": ""
        }
      ],
      "failCond": [
        {
          "param": [],
          "param_str": ""
        }
      ],
      "guide": {},
      "finishExec": [
        {
          "type": "QUEST_EXEC_SET_QUEST_GLOBAL_VAR",
          "param": ["1906004", "1"],
          "param_str": ""
        }
      ],
      "failExec": [
        {
          "param": [],
          "param_str": ""
        }
      ],
      "beginExec": [
        {
          "type": "QUEST_EXEC_SET_QUEST_GLOBAL_VAR",
          "param": ["1906004", "0"],
          "param_str": ""
        }
      ],
      "exclusiveNpcList": [1057, 3020, 3019],
      "exclusiveNpcPriority": 1100
    },
    {
      "subId": 1906025,
      "mainId": 19060,
      "order": 11,
      "descTextMapHash": 3915276420,
      "showType": "QUEST_HIDDEN",
      "acceptCond": [
        {
          "type": "QUEST_COND_STATE_EQUAL",
          "param": [1906004, 2],
          "param_str": ""
        }
      ],
      "finishCond": [
        {
          "type": "QUEST_CONTENT_COMPLETE_TALK",
          "param": [1906033, 0],
          "param_str": ""
        }
      ],
      "failCond": [
        {
          "param": [],
          "param_str": ""
        }
      ],
      "guide": {},
      "finishExec": [
        {
          "type": "QUEST_EXEC_SET_QUEST_GLOBAL_VAR",
          "param": ["1906005", "1"],
          "param_str": ""
        }
      ],
      "failExec": [
        {
          "param": [],
          "param_str": ""
        }
      ],
      "beginExec": [
        {
          "type": "QUEST_EXEC_SET_QUEST_GLOBAL_VAR",
          "param": ["1906005", "0"],
          "param_str": ""
        }
      ],
      "exclusiveNpcList": [1057, 3020, 3019],
      "exclusiveNpcPriority": 1100
    },
    {
      "subId": 1906026,
      "mainId": 19060,
      "order": 12,
      "descTextMapHash": 3961380564,
      "showType": "QUEST_HIDDEN",
      "acceptCond": [
        {
          "type": "QUEST_COND_STATE_EQUAL",
          "param": [1906004, 2],
          "param_str": ""
        }
      ],
      "finishCond": [
        {
          "type": "QUEST_CONTENT_COMPLETE_TALK",
          "param": [1906035, 0],
          "param_str": ""
        }
      ],
      "failCond": [
        {
          "param": [],
          "param_str": ""
        }
      ],
      "guide": {},
      "finishExec": [
        {
          "type": "QUEST_EXEC_SET_QUEST_GLOBAL_VAR",
          "param": ["1906006", "1"],
          "param_str": ""
        }
      ],
      "failExec": [
        {
          "param": [],
          "param_str": ""
        }
      ],
      "beginExec": [
        {
          "type": "QUEST_EXEC_SET_QUEST_GLOBAL_VAR",
          "param": ["1906006", "0"],
          "param_str": ""
        }
      ],
      "exclusiveNpcList": [1057, 3020, 3019],
      "exclusiveNpcPriority": 1100
    },
    {
      "subId": 1906027,
      "mainId": 19060,
      "order": 13,
      "descTextMapHash": 2008365356,
      "showType": "QUEST_HIDDEN",
      "acceptCond": [
        {
          "type": "QUEST_COND_STATE_EQUAL",
          "param": [1906004, 2],
          "param_str": ""
        }
      ],
      "finishCond": [
        {
          "type": "QUEST_CONTENT_COMPLETE_TALK",
          "param": [1906036, 0],
          "param_str": ""
        }
      ],
      "failCond": [
        {
          "param": [],
          "param_str": ""
        }
      ],
      "guide": {},
      "finishExec": [
        {
          "type": "QUEST_EXEC_SET_QUEST_GLOBAL_VAR",
          "param": ["1906007", "1"],
          "param_str": ""
        }
      ],
      "failExec": [
        {
          "param": [],
          "param_str": ""
        }
      ],
      "beginExec": [
        {
          "type": "QUEST_EXEC_SET_QUEST_GLOBAL_VAR",
          "param": ["1906007", "0"],
          "param_str": ""
        }
      ],
      "exclusiveNpcList": [1057, 3020, 3019],
      "exclusiveNpcPriority": 1100
    },
    {
      "subId": 1906028,
      "mainId": 19060,
      "order": 29,
      "descTextMapHash": 897751628,
      "showType": "QUEST_HIDDEN",
      "acceptCondComb": "LOGIC_AND",
      "acceptCond": [
        {
          "type": "QUEST_COND_STATE_EQUAL",
          "param": [1906006, 2],
          "param_str": ""
        },
        {
          "type": "QUEST_COND_QUEST_GLOBAL_VAR_EQUAL",
          "param": [1906001, 2],
          "param_str": ""
        }
      ],
      "finishCond": [
        {
          "type": "QUEST_CONTENT_MAIN_COOP_ENTER_SAVE_POINT",
          "param": [105901, 190600601],
          "param_str": ""
        }
      ],
      "failCond": [
        {
          "param": [],
          "param_str": ""
        }
      ],
      "guide": {},
      "finishExec": [
        {
          "param": [],
          "param_str": ""
        }
      ],
      "failExec": [
        {
          "param": [],
          "param_str": ""
        }
      ],
      "beginExec": [
        {
          "type": "QUEST_EXEC_REGISTER_DYNAMIC_GROUP_ONLY",
          "param": ["133221092", "0"],
          "param_str": ""
        }
      ],
      "exclusiveNpcList": [1057, 3020, 3019],
      "exclusiveNpcPriority": 1100
    },
    {
      "subId": 1906029,
      "mainId": 19060,
      "order": 14,
      "descTextMapHash": 1186993660,
      "showType": "QUEST_HIDDEN",
      "acceptCond": [
        {
          "type": "QUEST_COND_STATE_EQUAL",
          "param": [1906004, 2],
          "param_str": ""
        }
      ],
      "finishCond": [
        {
          "type": "QUEST_CONTENT_COMPLETE_TALK",
          "param": [1906038, 0],
          "param_str": ""
        }
      ],
      "failCond": [
        {
          "param": [],
          "param_str": ""
        }
      ],
      "guide": {},
      "finishExec": [
        {
          "type": "QUEST_EXEC_SET_QUEST_GLOBAL_VAR",
          "param": ["1906008", "1"],
          "param_str": ""
        }
      ],
      "failExec": [
        {
          "param": [],
          "param_str": ""
        }
      ],
      "beginExec": [
        {
          "type": "QUEST_EXEC_SET_QUEST_GLOBAL_VAR",
          "param": ["1906008", "0"],
          "param_str": ""
        }
      ],
      "exclusiveNpcList": [1057, 3020, 3019],
      "exclusiveNpcPriority": 1100
    },
    {
      "subId": 1906030,
      "mainId": 19060,
      "order": 15,
      "descTextMapHash": 3257436908,
      "showType": "QUEST_HIDDEN",
      "acceptCond": [
        {
          "type": "QUEST_COND_STATE_EQUAL",
          "param": [1906004, 2],
          "param_str": ""
        }
      ],
      "finishCond": [
        {
          "type": "QUEST_CONTENT_COMPLETE_TALK",
          "param": [1906039, 0],
          "param_str": ""
        }
      ],
      "failCond": [
        {
          "param": [],
          "param_str": ""
        }
      ],
      "guide": {},
      "finishExec": [
        {
          "type": "QUEST_EXEC_SET_QUEST_GLOBAL_VAR",
          "param": ["1906009", "1"],
          "param_str": ""
        }
      ],
      "failExec": [
        {
          "param": [],
          "param_str": ""
        }
      ],
      "beginExec": [
        {
          "type": "QUEST_EXEC_SET_QUEST_GLOBAL_VAR",
          "param": ["1906009", "0"],
          "param_str": ""
        }
      ],
      "exclusiveNpcList": [1057, 3020, 3019],
      "exclusiveNpcPriority": 1100
    },
    {
      "subId": 1906031,
      "mainId": 19060,
      "order": 22,
      "descTextMapHash": 2573080948,
      "showType": "QUEST_HIDDEN",
      "acceptCond": [
        {
          "type": "QUEST_COND_STATE_EQUAL",
          "param": [1906005, 2],
          "param_str": ""
        }
      ],
      "finishCond": [
        {
          "type": "QUEST_CONTENT_COMPLETE_TALK",
          "param": [1906034, 0],
          "param_str": ""
        }
      ],
      "failCond": [
        {
          "param": [],
          "param_str": ""
        }
      ],
      "guide": {},
      "finishExec": [
        {
          "type": "QUEST_EXEC_SET_QUEST_GLOBAL_VAR",
          "param": ["1906003", "1"],
          "param_str": ""
        }
      ],
      "failExec": [
        {
          "param": [],
          "param_str": ""
        }
      ],
      "beginExec": [
        {
          "param": [],
          "param_str": ""
        }
      ],
      "exclusiveNpcList": [1057, 3020, 3019],
      "exclusiveNpcPriority": 1100
    },
    {
      "subId": 1906032,
      "mainId": 19060,
      "order": 23,
      "descTextMapHash": 184855436,
      "showType": "QUEST_HIDDEN",
      "acceptCond": [
        {
          "type": "QUEST_COND_STATE_EQUAL",
          "param": [1906005, 2],
          "param_str": ""
        }
      ],
      "finishCond": [
        {
          "type": "QUEST_CONTENT_COMPLETE_TALK",
          "param": [1906032, 0],
          "param_str": ""
        }
      ],
      "failCond": [
        {
          "param": [],
          "param_str": ""
        }
      ],
      "guide": {},
      "finishExec": [
        {
          "type": "QUEST_EXEC_SET_QUEST_GLOBAL_VAR",
          "param": ["1906004", "1"],
          "param_str": ""
        }
      ],
      "failExec": [
        {
          "param": [],
          "param_str": ""
        }
      ],
      "beginExec": [
        {
          "param": [],
          "param_str": ""
        }
      ],
      "exclusiveNpcList": [1057, 3020, 3019],
      "exclusiveNpcPriority": 1100
    },
    {
      "subId": 1906033,
      "mainId": 19060,
      "order": 24,
      "descTextMapHash": 3508725932,
      "showType": "QUEST_HIDDEN",
      "acceptCond": [
        {
          "type": "QUEST_COND_STATE_EQUAL",
          "param": [1906005, 2],
          "param_str": ""
        }
      ],
      "finishCond": [
        {
          "type": "QUEST_CONTENT_COMPLETE_TALK",
          "param": [1906033, 0],
          "param_str": ""
        }
      ],
      "failCond": [
        {
          "param": [],
          "param_str": ""
        }
      ],
      "guide": {},
      "finishExec": [
        {
          "type": "QUEST_EXEC_SET_QUEST_GLOBAL_VAR",
          "param": ["1906005", "1"],
          "param_str": ""
        }
      ],
      "failExec": [
        {
          "param": [],
          "param_str": ""
        }
      ],
      "beginExec": [
        {
          "param": [],
          "param_str": ""
        }
      ],
      "exclusiveNpcList": [1057, 3020, 3019],
      "exclusiveNpcPriority": 1100
    },
    {
      "subId": 1906034,
      "mainId": 19060,
      "order": 25,
      "descTextMapHash": 365784356,
      "showType": "QUEST_HIDDEN",
      "acceptCond": [
        {
          "type": "QUEST_COND_STATE_EQUAL",
          "param": [1906005, 2],
          "param_str": ""
        }
      ],
      "finishCond": [
        {
          "type": "QUEST_CONTENT_COMPLETE_TALK",
          "param": [1906035, 0],
          "param_str": ""
        }
      ],
      "failCond": [
        {
          "param": [],
          "param_str": ""
        }
      ],
      "guide": {},
      "finishExec": [
        {
          "type": "QUEST_EXEC_SET_QUEST_GLOBAL_VAR",
          "param": ["1906006", "1"],
          "param_str": ""
        }
      ],
      "failExec": [
        {
          "param": [],
          "param_str": ""
        }
      ],
      "beginExec": [
        {
          "param": [],
          "param_str": ""
        }
      ],
      "exclusiveNpcList": [1057, 3020, 3019],
      "exclusiveNpcPriority": 1100
    },
    {
      "subId": 1906035,
      "mainId": 19060,
      "order": 26,
      "descTextMapHash": 1185487652,
      "showType": "QUEST_HIDDEN",
      "acceptCond": [
        {
          "type": "QUEST_COND_STATE_EQUAL",
          "param": [1906005, 2],
          "param_str": ""
        }
      ],
      "finishCond": [
        {
          "type": "QUEST_CONTENT_COMPLETE_TALK",
          "param": [1906036, 0],
          "param_str": ""
        }
      ],
      "failCond": [
        {
          "param": [],
          "param_str": ""
        }
      ],
      "guide": {},
      "finishExec": [
        {
          "type": "QUEST_EXEC_SET_QUEST_GLOBAL_VAR",
          "param": ["1906007", "1"],
          "param_str": ""
        }
      ],
      "failExec": [
        {
          "param": [],
          "param_str": ""
        }
      ],
      "beginExec": [
        {
          "param": [],
          "param_str": ""
        }
      ],
      "exclusiveNpcList": [1057, 3020, 3019],
      "exclusiveNpcPriority": 1100
    },
    {
      "subId": 1906036,
      "mainId": 19060,
      "order": 27,
      "descTextMapHash": 3685602524,
      "showType": "QUEST_HIDDEN",
      "acceptCond": [
        {
          "type": "QUEST_COND_STATE_EQUAL",
          "param": [1906005, 2],
          "param_str": ""
        }
      ],
      "finishCond": [
        {
          "type": "QUEST_CONTENT_COMPLETE_TALK",
          "param": [1906038, 0],
          "param_str": ""
        }
      ],
      "failCond": [
        {
          "param": [],
          "param_str": ""
        }
      ],
      "guide": {},
      "finishExec": [
        {
          "type": "QUEST_EXEC_SET_QUEST_GLOBAL_VAR",
          "param": ["1906008", "1"],
          "param_str": ""
        }
      ],
      "failExec": [
        {
          "param": [],
          "param_str": ""
        }
      ],
      "beginExec": [
        {
          "param": [],
          "param_str": ""
        }
      ],
      "exclusiveNpcList": [1057, 3020, 3019],
      "exclusiveNpcPriority": 1100
    }
  ],
  "talks": [
    {
      "id": 1906029,
      "beginWay": "TALK_BEGIN_MANUAL",
      "activeMode": "PLAY_MODE_SINGLE",
      "beginCond": [
        {
          "type": "QUEST_COND_STATE_EQUAL",
          "param": ["1906002", "2"],
          "param_str": ""
        }
      ],
      "priority": 5,
      "initDialog": 190602901,
      "npcId": [3041, 3042],
      "performCfg": "QuestDialogue/COOP/Coop105901SimpleTalk/Q1906029",
      "heroTalk": "TALK_HERO_MAIN",
      "questId": 19060,
      "prePerformCfg": ""
    },
    {
      "id": 1906030,
      "beginWay": "TALK_BEGIN_MANUAL",
      "activeMode": "PLAY_MODE_SINGLE",
      "beginCondComb": "LOGIC_OR",
      "beginCond": [
        {
          "type": "QUEST_COND_STATE_EQUAL",
          "param": ["1906004", "2"],
          "param_str": ""
        },
        {
          "type": "QUEST_COND_STATE_EQUAL",
          "param": ["1906005", "2"],
          "param_str": ""
        },
        {
          "type": "QUEST_COND_STATE_EQUAL",
          "param": ["1906006", "2"],
          "param_str": ""
        },
        {
          "type": "QUEST_COND_STATE_EQUAL",
          "param": ["1906007", "2"],
          "param_str": ""
        }
      ],
      "priority": 5,
      "initDialog": 190603001,
      "npcId": [3020],
      "performCfg": "QuestDialogue/COOP/Coop105901SimpleTalk/Q1906030",
      "heroTalk": "TALK_HERO_MAIN",
      "questId": 19060,
      "prePerformCfg": ""
    },
    {
      "id": 1906031,
      "beginWay": "TALK_BEGIN_MANUAL",
      "activeMode": "PLAY_MODE_SINGLE",
      "beginCondComb": "LOGIC_OR",
      "beginCond": [
        {
          "type": "QUEST_COND_STATE_EQUAL",
          "param": ["1906004", "2"],
          "param_str": ""
        },
        {
          "type": "QUEST_COND_STATE_EQUAL",
          "param": ["1906005", "2"],
          "param_str": ""
        },
        {
          "type": "QUEST_COND_STATE_EQUAL",
          "param": ["1906006", "2"],
          "param_str": ""
        },
        {
          "type": "QUEST_COND_STATE_EQUAL",
          "param": ["1906007", "2"],
          "param_str": ""
        }
      ],
      "priority": 5,
      "initDialog": 190603101,
      "npcId": [3019],
      "performCfg": "QuestDialogue/COOP/Coop105901SimpleTalk/Q1906031",
      "heroTalk": "TALK_HERO_MAIN",
      "questId": 19060,
      "prePerformCfg": ""
    },
    {
      "id": 1906032,
      "beginWay": "TALK_BEGIN_MANUAL",
      "activeMode": "PLAY_MODE_SINGLE",
      "priority": 5,
      "initDialog": 190603201,
      "performCfg": "QuestDialogue/COOP/Coop105901SimpleTalk/Q1906032",
      "heroTalk": "TALK_HERO_MAIN",
      "loadType": "TALK_GADGET",
      "questId": 19060,
      "extraLoadMarkId": [92002, 133221092],
      "prePerformCfg": ""
    },
    {
      "id": 1906033,
      "beginWay": "TALK_BEGIN_MANUAL",
      "activeMode": "PLAY_MODE_SINGLE",
      "priority": 5,
      "initDialog": 190603301,
      "performCfg": "QuestDialogue/COOP/Coop105901SimpleTalk/Q1906033",
      "heroTalk": "TALK_HERO_MAIN",
      "loadType": "TALK_GADGET",
      "questId": 19060,
      "extraLoadMarkId": [92003, 133221092],
      "prePerformCfg": ""
    },
    {
      "id": 1906034,
      "beginWay": "TALK_BEGIN_MANUAL",
      "activeMode": "PLAY_MODE_SINGLE",
      "priority": 5,
      "initDialog": 190603401,
      "performCfg": "QuestDialogue/COOP/Coop105901SimpleTalk/Q1906034",
      "heroTalk": "TALK_HERO_MAIN",
      "loadType": "TALK_GADGET",
      "questId": 19060,
      "extraLoadMarkId": [92004, 133221092],
      "prePerformCfg": ""
    },
    {
      "id": 1906035,
      "beginWay": "TALK_BEGIN_MANUAL",
      "activeMode": "PLAY_MODE_SINGLE",
      "priority": 5,
      "initDialog": 190603501,
      "performCfg": "QuestDialogue/COOP/Coop105901SimpleTalk/Q1906035",
      "heroTalk": "TALK_HERO_MAIN",
      "loadType": "TALK_GADGET",
      "questId": 19060,
      "extraLoadMarkId": [92005, 133221092],
      "prePerformCfg": ""
    },
    {
      "id": 1906036,
      "beginWay": "TALK_BEGIN_MANUAL",
      "activeMode": "PLAY_MODE_SINGLE",
      "priority": 5,
      "initDialog": 190603601,
      "performCfg": "QuestDialogue/COOP/Coop105901SimpleTalk/Q1906036",
      "heroTalk": "TALK_HERO_MAIN",
      "loadType": "TALK_GADGET",
      "questId": 19060,
      "extraLoadMarkId": [92006, 133221092],
      "prePerformCfg": ""
    },
    {
      "id": 1906037,
      "beginWay": "TALK_BEGIN_MANUAL",
      "activeMode": "PLAY_MODE_SINGLE",
      "priority": 5,
      "initDialog": 190603701,
      "performCfg": "QuestDialogue/COOP/Coop105901SimpleTalk/Q1906037",
      "heroTalk": "TALK_HERO_MAIN",
      "loadType": "TALK_GADGET",
      "questId": 19060,
      "extraLoadMarkId": [92007, 133221092],
      "prePerformCfg": ""
    },
    {
      "id": 1906038,
      "beginWay": "TALK_BEGIN_MANUAL",
      "activeMode": "PLAY_MODE_SINGLE",
      "priority": 5,
      "initDialog": 190603801,
      "performCfg": "QuestDialogue/COOP/Coop105901SimpleTalk/Q1906038",
      "heroTalk": "TALK_HERO_MAIN",
      "loadType": "TALK_GADGET",
      "questId": 19060,
      "extraLoadMarkId": [92008, 133221092],
      "prePerformCfg": ""
    },
    {
      "id": 1906039,
      "beginWay": "TALK_BEGIN_MANUAL",
      "activeMode": "PLAY_MODE_SINGLE",
      "priority": 5,
      "initDialog": 190603901,
      "performCfg": "QuestDialogue/COOP/Coop105901SimpleTalk/Q1906039",
      "heroTalk": "TALK_HERO_MAIN",
      "loadType": "TALK_GADGET",
      "questId": 19060,
      "extraLoadMarkId": [92009, 133221092],
      "prePerformCfg": ""
    },
    {
      "id": 1906041,
      "beginWay": "TALK_BEGIN_MANUAL",
      "activeMode": "PLAY_MODE_SINGLE",
      "beginCond": [
        {
          "type": "QUEST_COND_STATE_EQUAL",
          "param": ["1906021", "2"],
          "param_str": ""
        }
      ],
      "priority": 5,
      "initDialog": 190604101,
      "npcId": [3041],
      "performCfg": "QuestDialogue/COOP/Coop105901SimpleTalk/Q1906041",
      "heroTalk": "TALK_HERO_MAIN",
      "questId": 19060,
      "prePerformCfg": ""
    },
    {
      "id": 1906042,
      "beginWay": "TALK_BEGIN_MANUAL",
      "activeMode": "PLAY_MODE_SINGLE",
      "beginCond": [
        {
          "type": "QUEST_COND_STATE_EQUAL",
          "param": ["1906012", "2"],
          "param_str": ""
        }
      ],
      "priority": 5,
      "initDialog": 190604201,
      "npcId": [3041],
      "performCfg": "QuestDialogue/COOP/Coop105901SimpleTalk/Q1906042",
      "heroTalk": "TALK_HERO_MAIN",
      "questId": 19060,
      "prePerformCfg": ""
    }
  ]
}
