{
  "id": 19064,
  "type": "LQ",
  "series": 103401,
  "titleTextMapHash": 1123627103,
  "descTextMapHash": 3416550430,
  "luaPath": "Actor/Quest/LQ19064",
  "suggestTrackMainQuestList": [19065, 19066],
  "chapterId": 103401,
  "subQuests": [
    {
      "subId": 1906401,
      "mainId": 19064,
      "order": 1,
      "descTextMapHash": 1255243756,
      "acceptCondComb": "LOGIC_AND",
      "acceptCond": [
        {
          "type": "QUEST_COND_STATE_EQUAL",
          "param": [1906104, 3],
          "param_str": ""
        },
        {
          "type": "QUEST_COND_MAIN_COOP_ENTER_SAVE_POINT",
          "param": [103401, 190610102],
          "param_str": ""
        }
      ],
      "finishCond": [
        {
          "type": "QUEST_CONTENT_LUA_NOTIFY",
          "param": [0, 0],
          "param_str": "1330044451",
          "count": 1
        }
      ],
      "failCond": [
        {
          "param": [],
          "param_str": ""
        }
      ],
      "guide": {
        "type": "QUEST_GUIDE_LOCATION",
        "autoGuide": "QUEST_GUIDE_AUTO_ENABLE",
        "param": ["Q19064TrainingPlayer"],
        "guideScene": 3,
        "guideStyle": "QUEST_GUIDE_STYLE_POINT",
        "guideLayer": "QUEST_GUIDE_LAYER_SCENE"
      },
      "isRewind": true,
      "finishExec": [
        {
          "type": "QUEST_EXEC_GRANT_TRIAL_AVATAR",
          "param": ["500", "0"],
          "param_str": ""
        },
        {
          "param": [],
          "param_str": ""
        }
      ],
      "failExec": [
        {
          "param": [],
          "param_str": ""
        }
      ],
      "beginExec": [
        {
          "type": "QUEST_EXEC_REFRESH_GROUP_SUITE",
          "param": ["3", "133004445,3"],
          "param_str": ""
        }
      ],
      "exclusiveNpcList": [1027, 1605],
      "exclusiveNpcPriority": 1100
    },
    {
      "subId": 1906402,
      "mainId": 19064,
      "order": 2,
      "isMpBlock": true,
      "descTextMapHash": 2982975756,
      "acceptCondComb": "LOGIC_AND",
      "acceptCond": [
        {
          "type": "QUEST_COND_STATE_EQUAL",
          "param": [1906401, 3],
          "param_str": ""
        }
      ],
      "finishCond": [
        {
          "type": "QUEST_CONTENT_MAIN_COOP_ENTER_ANY_SAVE_POINT",
          "param": [103401, 0],
          "param_str": ""
        }
      ],
      "failCondComb": "LOGIC_OR",
      "failCond": [
        {
          "type": "QUEST_CONTENT_ANY_MANUAL_TRANSPORT",
          "param": [0, 0],
          "param_str": ""
        },
        {
          "type": "QUEST_CONTENT_ENTER_MY_WORLD",
          "param": [3, 0],
          "param_str": ""
        },
        {
          "type": "QUEST_CONTENT_TEAM_DEAD",
          "param": [0, 0],
          "param_str": ""
        },
        {
          "type": "QUEST_CONTENT_NOT_FINISH_PLOT",
          "param": [1906403, 0],
          "param_str": ""
        }
      ],
      "guide": {
        "type": "QUEST_GUIDE_NPC",
        "autoGuide": "QUEST_GUIDE_AUTO_ENABLE",
        "param": ["1027"],
        "guideScene": 3,
        "guideStyle": "QUEST_GUIDE_STYLE_TARGET",
        "guideLayer": "QUEST_GUIDE_LAYER_SCENE"
      },
      "finishExec": [
        {
          "param": [],
          "param_str": ""
        }
      ],
      "failExec": [
        {
          "type": "QUEST_EXEC_REMOVE_TRIAL_AVATAR",
          "param": ["500", "0"],
          "param_str": ""
        },
        {
          "type": "QUEST_EXEC_ROLLBACK_QUEST",
          "param": ["1906401", "0"],
          "param_str": ""
        }
      ],
      "beginExec": [
        {
          "param": [],
          "param_str": ""
        }
      ],
      "exclusiveNpcList": [1027, 1605],
      "exclusiveNpcPriority": 1100,
      "trialAvatarList": [500]
    },
    {
      "subId": 1906403,
      "mainId": 19064,
      "order": 3,
      "isMpBlock": true,
      "descTextMapHash": 2377328484,
      "acceptCondComb": "LOGIC_AND",
      "acceptCond": [
        {
          "type": "QUEST_COND_STATE_EQUAL",
          "param": [1906402, 3],
          "param_str": ""
        }
      ],
      "finishCond": [
        {
          "type": "QUEST_CONTENT_LUA_NOTIFY",
          "param": [0, 0],
          "param_str": "1330044452",
          "count": 1
        }
      ],
      "failCondComb": "LOGIC_OR",
      "failCond": [
        {
          "type": "QUEST_CONTENT_NOT_FINISH_PLOT",
          "param": [1906403, 0],
          "param_str": ""
        },
        {
          "type": "QUEST_CONTENT_ANY_MANUAL_TRANSPORT",
          "param": [0, 0],
          "param_str": ""
        },
        {
          "type": "QUEST_CONTENT_TEAM_DEAD",
          "param": [0, 0],
          "param_str": ""
        },
        {
          "type": "QUEST_CONTENT_ENTER_MY_WORLD",
          "param": [3, 0],
          "param_str": ""
        }
      ],
      "guide": {
        "type": "QUEST_GUIDE_LOCATION",
        "autoGuide": "QUEST_GUIDE_AUTO_ENABLE",
        "param": ["Q19064TrainingArea", "20"],
        "guideScene": 3,
        "guideStyle": "QUEST_GUIDE_STYLE_TARGET",
        "guideLayer": "QUEST_GUIDE_LAYER_SCENE"
      },
      "showGuide": "QUEST_GUIDE_ITEM_DISABLE",
      "finishExec": [
        {
          "param": [],
          "param_str": ""
        }
      ],
      "failExec": [
        {
          "type": "QUEST_EXEC_UNLOCK_AVATAR_TEAM",
          "param": [0, 0],
          "param_str": ""
        },
        {
          "type": "QUEST_EXEC_REMOVE_TRIAL_AVATAR",
          "param": ["500", "0"],
          "param_str": ""
        },
        {
          "type": "QUEST_EXEC_ROLLBACK_QUEST",
          "param": ["1906401", "0"],
          "param_str": ""
        }
      ],
      "beginExec": [
        {
          "type": "QUEST_EXEC_GRANT_TRIAL_AVATAR_AND_LOCK_TEAM",
          "param": ["500", "0"],
          "param_str": ""
        }
      ],
      "exclusiveNpcList": [1027, 1605],
      "exclusiveNpcPriority": 1100,
      "trialAvatarList": [500]
    },
    {
      "subId": 1906404,
      "mainId": 19064,
      "order": 4,
      "descTextMapHash": 3915285668,
      "acceptCondComb": "LOGIC_AND",
      "acceptCond": [
        {
          "type": "QUEST_COND_STATE_EQUAL",
          "param": [1906403, 3],
          "param_str": ""
        }
      ],
      "finishCond": [
        {
          "type": "QUEST_CONTENT_MAIN_COOP_ENTER_ANY_SAVE_POINT",
          "param": [103401, 0],
          "param_str": ""
        }
      ],
      "failCond": [
        {
          "param": [],
          "param_str": ""
        }
      ],
      "guide": {
        "type": "QUEST_GUIDE_NPC",
        "autoGuide": "QUEST_GUIDE_AUTO_ENABLE",
        "param": ["1027"],
        "guideScene": 3,
        "guideStyle": "QUEST_GUIDE_STYLE_TARGET",
        "guideLayer": "QUEST_GUIDE_LAYER_SCENE"
      },
      "finishParent": true,
      "isRewind": true,
      "finishExec": [
        {
          "param": [],
          "param_str": ""
        }
      ],
      "failExec": [
        {
          "param": [],
          "param_str": ""
        }
      ],
      "beginExec": [
        {
          "type": "QUEST_EXEC_UNLOCK_AVATAR_TEAM",
          "param": [0, 0],
          "param_str": ""
        },
        {
          "type": "QUEST_EXEC_REFRESH_GROUP_SUITE",
          "param": ["3", "133004445,1"],
          "param_str": ""
        },
        {
          "type": "QUEST_EXEC_REMOVE_TRIAL_AVATAR",
          "param": ["500", "0"],
          "param_str": ""
        }
      ],
      "exclusiveNpcList": [1027, 1605],
      "exclusiveNpcPriority": 1100
    },
    {
      "subId": 1906405,
      "mainId": 19064,
      "order": 5,
      "descTextMapHash": 2922042516,
      "showType": "QUEST_HIDDEN",
      "acceptCondComb": "LOGIC_AND",
      "acceptCond": [
        {
          "type": "QUEST_COND_STATE_EQUAL",
          "param": [1906401, 3],
          "param_str": ""
        }
      ],
      "finishCond": [
        {
          "type": "QUEST_CONTENT_FINISH_PLOT",
          "param": [1906405, 0],
          "param_str": ""
        }
      ],
      "failCond": [
        {
          "type": "QUEST_CONTENT_MAIN_COOP_ENTER_ANY_SAVE_POINT",
          "param": [103401, 0],
          "param_str": ""
        }
      ],
      "guide": {},
      "showGuide": "QUEST_GUIDE_ITEM_DISABLE",
      "failParentShow": "QUEST_HIDDEN",
      "finishExec": [
        {
          "type": "QUEST_EXEC_REFRESH_GROUP_SUITE",
          "param": ["3", "133004445,2"],
          "param_str": ""
        }
      ],
      "failExec": [
        {
          "param": [],
          "param_str": ""
        }
      ],
      "beginExec": [
        {
          "param": [],
          "param_str": ""
        }
      ],
      "exclusiveNpcPriority": 1100
    }
  ],
  "talks": [
    {
      "id": 1906401,
      "beginWay": "TALK_BEGIN_MANUAL",
      "activeMode": "PLAY_MODE_SINGLE",
      "beginCondComb": "LOGIC_OR",
      "beginCond": [
        {
          "type": "QUEST_COND_STATE_EQUAL",
          "param": ["1906403", "2"],
          "param_str": ""
        }
      ],
      "priority": 5,
      "initDialog": 190640101,
      "npcId": [160501],
      "performCfg": "QuestDialogue/COOP/CoopNoel/Q1906401",
      "questId": 19064,
      "prePerformCfg": ""
    }
  ]
}
