{
  "id": 19071,
  "type": "LQ",
  "series": 108101,
  "titleTextMapHash": 2395539655,
  "descTextMapHash": 366360246,
  "luaPath": "Actor/Quest/LQ19071",
  "chapterId": 108101,
  "subQuests": [
    {
      "subId": 1907101,
      "mainId": 19071,
      "order": 1,
      "descTextMapHash": 3179978692,
      "finishCond": [
        {
          "type": "QUEST_CONTENT_MAIN_COOP_ENTER_SAVE_POINT",
          "param": [108101, 190710101],
          "param_str": ""
        }
      ],
      "guide": {
        "type": "QUEST_GUIDE_LOCATION",
        "param": [
          "[3_330300387:-1911.351,275.676,3963.766,0.000,209.754,0.000]"
        ],
        "guideScene": 3,
        "guideStyle": "QUEST_GUIDE_STYLE_POINT",
        "guideLayer": "QUEST_GUIDE_LAYER_SCENE"
      },
      "acceptCondComb": "LOGIC_NONE",
      "isRewind": true,
      "versionBegin": "",
      "versionEnd": "",
      "acceptCond": [
        {
          "type": "QUEST_COND_UNKNOWN",
          "param": [0, 0],
          "param_str": ""
        }
      ],
      "failCond": [],
      "beginExec": [],
      "finishExec": [],
      "failExec": []
    },
    {
      "subId": 1907102,
      "mainId": 19071,
      "order": 2,
      "isMpBlock": true,
      "descTextMapHash": 3814965892,
      "finishCond": [
        {
          "type": "QUEST_CONTENT_LUA_NOTIFY",
          "param": [0, 0],
          "param_str": "",
          "count": 1
        }
      ],
      "failCond": [
        {
          "type": "QUEST_CONTENT_LEAVE_SCENE_RANGE",
          "param": [3, 45],
          "param_str": ""
        },
        {
          "type": "QUEST_CONTENT_LEAVE_SCENE",
          "param": [3, 0],
          "param_str": ""
        },
        {
          "type": "QUEST_CONTENT_ANY_MANUAL_TRANSPORT",
          "param": [0, 0],
          "param_str": ""
        }
      ],
      "guide": {
        "type": "QUEST_GUIDE_LOCATION",
        "param": [
          "[3_330300387:-1911.351,275.676,3963.766,0.000,209.754,0.000]",
          "25"
        ],
        "guideScene": 3,
        "guideStyle": "QUEST_GUIDE_STYLE_POINT",
        "guideLayer": "QUEST_GUIDE_LAYER_SCENE"
      },
      "acceptCondComb": "LOGIC_NONE",
      "finishExec": [
        {
          "type": "QUEST_EXEC_UNREGISTER_DYNAMIC_GROUP",
          "param": ["133303669", "0"],
          "param_str": ""
        },
        {
          "type": "QUEST_EXEC_REMOVE_TRIAL_AVATAR",
          "param": ["507", "0"],
          "param_str": ""
        }
      ],
      "failExec": [
        {
          "type": "QUEST_EXEC_UNREGISTER_DYNAMIC_GROUP",
          "param": ["133303669", "0"],
          "param_str": ""
        },
        {
          "type": "QUEST_EXEC_REMOVE_TRIAL_AVATAR",
          "param": ["507", "0"],
          "param_str": ""
        },
        {
          "type": "QUEST_EXEC_ROLLBACK_QUEST",
          "param": ["1907101", "0"],
          "param_str": ""
        }
      ],
      "versionBegin": "",
      "versionEnd": "",
      "acceptCond": [
        {
          "type": "QUEST_COND_UNKNOWN",
          "param": [0, 0],
          "param_str": ""
        }
      ],
      "beginExec": []
    },
    {
      "subId": 1907103,
      "mainId": 19071,
      "order": 3,
      "descTextMapHash": 2904520324,
      "finishCond": [
        {
          "type": "QUEST_CONTENT_MAIN_COOP_ENTER_SAVE_POINT",
          "param": [108101, 190710301],
          "param_str": ""
        }
      ],
      "guide": {
        "type": "QUEST_GUIDE_LOCATION",
        "param": [
          "[3_330300387:-1911.351,275.676,3963.766,0.000,209.754,0.000]"
        ],
        "guideScene": 3,
        "guideStyle": "QUEST_GUIDE_STYLE_POINT",
        "guideLayer": "QUEST_GUIDE_LAYER_SCENE"
      },
      "acceptCondComb": "LOGIC_NONE",
      "isRewind": true,
      "finishExec": [
        {
          "type": "QUEST_EXEC_UNREGISTER_DYNAMIC_GROUP",
          "param": ["133303673", "0"],
          "param_str": ""
        }
      ],
      "versionBegin": "",
      "versionEnd": "",
      "acceptCond": [
        {
          "type": "QUEST_COND_UNKNOWN",
          "param": [0, 0],
          "param_str": ""
        }
      ],
      "failCond": [],
      "beginExec": [],
      "failExec": []
    },
    {
      "subId": 1907104,
      "mainId": 19071,
      "order": 4,
      "descTextMapHash": 971213388,
      "exclusivePlaceList": [330812],
      "finishCond": [
        {
          "type": "QUEST_CONTENT_MAIN_COOP_ENTER_SAVE_POINT",
          "param": [108101, 190710401],
          "param_str": ""
        }
      ],
      "guide": {
        "type": "QUEST_GUIDE_LOCATION",
        "param": ["C1907104_N515"],
        "guideScene": 3,
        "guideStyle": "QUEST_GUIDE_STYLE_POINT",
        "guideLayer": "QUEST_GUIDE_LAYER_SCENE"
      },
      "acceptCondComb": "LOGIC_NONE",
      "finishParent": true,
      "isRewind": true,
      "versionBegin": "",
      "versionEnd": "",
      "acceptCond": [
        {
          "type": "QUEST_COND_UNKNOWN",
          "param": [0, 0],
          "param_str": ""
        }
      ],
      "failCond": [],
      "beginExec": [],
      "finishExec": [],
      "failExec": []
    }
  ]
}
