{
  "id": 19078,
  "type": "LQ",
  "series": 108101,
  "titleTextMapHash": 3824830463,
  "descTextMapHash": 3988739390,
  "luaPath": "Actor/Quest/LQ19078",
  "chapterId": 108101,
  "subQuests": [
    {
      "subId": 1907801,
      "mainId": 19078,
      "order": 1,
      "descTextMapHash": 4185523540,
      "exclusivePlaceList": [330406],
      "finishCond": [
        {
          "type": "QUEST_CONTENT_MAIN_COOP_ENTER_SAVE_POINT",
          "param": [108101, 190780101],
          "param_str": ""
        }
      ],
      "guide": {
        "type": "QUEST_GUIDE_NPC",
        "autoGuide": "QUEST_GUIDE_AUTO_ENABLE",
        "param": ["13240"],
        "guideScene": 3,
        "guideStyle": "QUEST_GUIDE_STYLE_TARGET",
        "guideLayer": "QUEST_GUIDE_LAYER_SCENE"
      },
      "acceptCondComb": "LOGIC_NONE",
      "isRewind": true,
      "versionBegin": "",
      "versionEnd": "",
      "acceptCond": [
        {
          "type": "QUEST_COND_UNKNOWN",
          "param": [0, 0],
          "param_str": ""
        }
      ],
      "failCond": [],
      "beginExec": [],
      "finishExec": [],
      "failExec": []
    },
    {
      "subId": 1907802,
      "mainId": 19078,
      "order": 2,
      "descTextMapHash": 1046077260,
      "exclusivePlaceList": [330406],
      "finishCond": [
        {
          "type": "QUEST_CONTENT_GAME_TIME_TICK",
          "param": [1, 0],
          "param_str": ""
        }
      ],
      "guide": {},
      "acceptCondComb": "LOGIC_NONE",
      "isRewind": true,
      "versionBegin": "",
      "versionEnd": "",
      "acceptCond": [
        {
          "type": "QUEST_COND_UNKNOWN",
          "param": [0, 0],
          "param_str": ""
        }
      ],
      "failCond": [],
      "beginExec": [],
      "finishExec": [],
      "failExec": []
    },
    {
      "subId": 1907803,
      "mainId": 19078,
      "order": 3,
      "descTextMapHash": 1035736940,
      "exclusivePlaceList": [330406],
      "finishCond": [
        {
          "type": "QUEST_CONTENT_MAIN_COOP_ENTER_SAVE_POINT",
          "param": [108101, 190780301],
          "param_str": ""
        }
      ],
      "guide": {
        "type": "QUEST_GUIDE_LOCATION",
        "param": [
          "[3_3926:-1791.983,204.272,2674.353,0.000,122.109,0.000]",
          "20"
        ],
        "guideScene": 3,
        "guideStyle": "QUEST_GUIDE_STYLE_POINT",
        "guideLayer": "QUEST_GUIDE_LAYER_SCENE"
      },
      "acceptCondComb": "LOGIC_NONE",
      "isRewind": true,
      "versionBegin": "",
      "versionEnd": "",
      "acceptCond": [
        {
          "type": "QUEST_COND_UNKNOWN",
          "param": [0, 0],
          "param_str": ""
        }
      ],
      "failCond": [],
      "beginExec": [],
      "finishExec": [],
      "failExec": []
    },
    {
      "subId": 1907804,
      "mainId": 19078,
      "order": 4,
      "subIdSet": 1,
      "descTextMapHash": 2765859804,
      "exclusivePlaceList": [330406],
      "finishCond": [
        {
          "type": "QUEST_CONTENT_COMPLETE_TALK",
          "param": [1907804, 0],
          "param_str": ""
        }
      ],
      "guide": {
        "type": "QUEST_GUIDE_NPC",
        "param": ["13265"],
        "guideScene": 3,
        "guideStyle": "QUEST_GUIDE_STYLE_TARGET",
        "guideLayer": "QUEST_GUIDE_LAYER_SCENE"
      },
      "acceptCondComb": "LOGIC_NONE",
      "versionBegin": "",
      "versionEnd": "",
      "acceptCond": [
        {
          "type": "QUEST_COND_UNKNOWN",
          "param": [0, 0],
          "param_str": ""
        }
      ],
      "failCond": [],
      "beginExec": [],
      "finishExec": [],
      "failExec": []
    },
    {
      "subId": 1907805,
      "mainId": 19078,
      "order": 7,
      "descTextMapHash": 3170205300,
      "exclusivePlaceList": [330406],
      "finishCond": [
        {
          "type": "QUEST_CONTENT_MAIN_COOP_ENTER_SAVE_POINT",
          "param": [108101, 190780501],
          "param_str": ""
        }
      ],
      "guide": {
        "type": "QUEST_GUIDE_LOCATION",
        "param": [
          "[3_4001:-1790.096,204.272,2673.387,0.000,178.445,0.000]",
          "20"
        ],
        "guideScene": 3,
        "guideStyle": "QUEST_GUIDE_STYLE_TARGET",
        "guideLayer": "QUEST_GUIDE_LAYER_SCENE"
      },
      "acceptCondComb": "LOGIC_NONE",
      "isRewind": true,
      "versionBegin": "",
      "versionEnd": "",
      "acceptCond": [
        {
          "type": "QUEST_COND_UNKNOWN",
          "param": [0, 0],
          "param_str": ""
        }
      ],
      "failCond": [],
      "beginExec": [],
      "finishExec": [],
      "failExec": []
    },
    {
      "subId": 1907806,
      "mainId": 19078,
      "order": 8,
      "descTextMapHash": 1092559276,
      "exclusivePlaceList": [330406],
      "finishCond": [
        {
          "type": "QUEST_CONTENT_MAIN_COOP_ENTER_SAVE_POINT",
          "param": [108101, 190780601],
          "param_str": ""
        }
      ],
      "guide": {
        "type": "QUEST_GUIDE_NPC",
        "param": ["13240"],
        "guideScene": 3,
        "guideStyle": "QUEST_GUIDE_STYLE_TARGET",
        "guideLayer": "QUEST_GUIDE_LAYER_SCENE"
      },
      "acceptCondComb": "LOGIC_NONE",
      "isRewind": true,
      "versionBegin": "",
      "versionEnd": "",
      "acceptCond": [
        {
          "type": "QUEST_COND_UNKNOWN",
          "param": [0, 0],
          "param_str": ""
        }
      ],
      "failCond": [],
      "beginExec": [],
      "finishExec": [],
      "failExec": []
    },
    {
      "subId": 1907807,
      "mainId": 19078,
      "order": 9,
      "descTextMapHash": 3177182692,
      "exclusivePlaceList": [330406],
      "finishCond": [
        {
          "type": "QUEST_CONTENT_MAIN_COOP_ENTER_SAVE_POINT",
          "param": [108101, 190780701],
          "param_str": ""
        }
      ],
      "guide": {
        "type": "QUEST_GUIDE_NPC",
        "param": ["13242"],
        "guideScene": 3,
        "guideStyle": "QUEST_GUIDE_STYLE_TARGET",
        "guideLayer": "QUEST_GUIDE_LAYER_SCENE"
      },
      "acceptCondComb": "LOGIC_NONE",
      "isRewind": true,
      "finishExec": [
        {
          "type": "QUEST_EXEC_UNREGISTER_DYNAMIC_GROUP",
          "param": ["133304591", "1"],
          "param_str": ""
        }
      ],
      "versionBegin": "",
      "versionEnd": "",
      "acceptCond": [
        {
          "type": "QUEST_COND_UNKNOWN",
          "param": [0, 0],
          "param_str": ""
        }
      ],
      "failCond": [],
      "beginExec": [],
      "failExec": []
    },
    {
      "subId": 1907808,
      "mainId": 19078,
      "order": 5,
      "subIdSet": 1,
      "descTextMapHash": 3547550916,
      "exclusivePlaceList": [330406],
      "finishCond": [
        {
          "type": "QUEST_CONTENT_COMPLETE_TALK",
          "param": [1907808, 0],
          "param_str": ""
        }
      ],
      "guide": {
        "type": "QUEST_GUIDE_NPC",
        "param": ["13270"],
        "guideScene": 3,
        "guideStyle": "QUEST_GUIDE_STYLE_TARGET",
        "guideLayer": "QUEST_GUIDE_LAYER_SCENE"
      },
      "acceptCondComb": "LOGIC_NONE",
      "versionBegin": "",
      "versionEnd": "",
      "acceptCond": [
        {
          "type": "QUEST_COND_UNKNOWN",
          "param": [0, 0],
          "param_str": ""
        }
      ],
      "failCond": [],
      "beginExec": [],
      "finishExec": [],
      "failExec": []
    },
    {
      "subId": 1907809,
      "mainId": 19078,
      "order": 10,
      "descTextMapHash": 2730992612,
      "exclusivePlaceList": [330407],
      "finishCond": [
        {
          "type": "QUEST_CONTENT_MAIN_COOP_ENTER_SAVE_POINT",
          "param": [108101, 190780901],
          "param_str": ""
        }
      ],
      "guide": {
        "type": "QUEST_GUIDE_NPC",
        "param": ["13244"],
        "guideScene": 3,
        "guideStyle": "QUEST_GUIDE_STYLE_TARGET",
        "guideLayer": "QUEST_GUIDE_LAYER_SCENE"
      },
      "acceptCondComb": "LOGIC_NONE",
      "isRewind": true,
      "versionBegin": "",
      "versionEnd": "",
      "acceptCond": [
        {
          "type": "QUEST_COND_UNKNOWN",
          "param": [0, 0],
          "param_str": ""
        }
      ],
      "failCond": [],
      "beginExec": [],
      "finishExec": [],
      "failExec": []
    },
    {
      "subId": 1907810,
      "mainId": 19078,
      "order": 11,
      "isMpBlock": true,
      "descTextMapHash": 3607454644,
      "exclusivePlaceList": [330407],
      "finishCond": [
        {
          "type": "QUEST_CONTENT_LUA_NOTIFY",
          "param": [0, 0],
          "param_str": "",
          "count": 1
        }
      ],
      "failCond": [
        {
          "type": "QUEST_CONTENT_LEAVE_SCENE_RANGE",
          "param": [3, 40],
          "param_str": ""
        },
        {
          "type": "QUEST_CONTENT_LEAVE_SCENE",
          "param": [3, 0],
          "param_str": ""
        },
        {
          "type": "QUEST_CONTENT_ANY_MANUAL_TRANSPORT",
          "param": [0, 0],
          "param_str": ""
        }
      ],
      "guide": {
        "type": "QUEST_GUIDE_LOCATION",
        "param": [
          "[3_3930:-1593.944,200.696,2616.494,0.000,286.673,0.000]",
          "25"
        ],
        "guideScene": 3,
        "guideStyle": "QUEST_GUIDE_STYLE_POINT",
        "guideLayer": "QUEST_GUIDE_LAYER_SCENE"
      },
      "showGuide": "QUEST_GUIDE_ITEM_DISABLE",
      "acceptCondComb": "LOGIC_NONE",
      "finishExec": [
        {
          "type": "QUEST_EXEC_UNREGISTER_DYNAMIC_GROUP",
          "param": ["133304587", "0"],
          "param_str": ""
        },
        {
          "type": "QUEST_EXEC_REMOVE_TRIAL_AVATAR",
          "param": ["507", "0"],
          "param_str": ""
        }
      ],
      "failExec": [
        {
          "type": "QUEST_EXEC_UNREGISTER_DYNAMIC_GROUP",
          "param": ["133304587", "0"],
          "param_str": ""
        },
        {
          "type": "QUEST_EXEC_REMOVE_TRIAL_AVATAR",
          "param": ["507", "0"],
          "param_str": ""
        },
        {
          "type": "QUEST_EXEC_ROLLBACK_QUEST",
          "param": ["1907809", "0"],
          "param_str": ""
        }
      ],
      "versionBegin": "",
      "versionEnd": "",
      "acceptCond": [
        {
          "type": "QUEST_COND_UNKNOWN",
          "param": [0, 0],
          "param_str": ""
        }
      ],
      "beginExec": []
    },
    {
      "subId": 1907811,
      "mainId": 19078,
      "order": 12,
      "descTextMapHash": 2923494788,
      "exclusivePlaceList": [330407],
      "finishCond": [
        {
          "type": "QUEST_CONTENT_MAIN_COOP_ENTER_SAVE_POINT",
          "param": [108101, 190781101],
          "param_str": ""
        }
      ],
      "guide": {
        "type": "QUEST_GUIDE_LOCATION",
        "param": ["[3_3930:-1593.944,200.696,2616.494,0.000,286.673,0.000]"],
        "guideScene": 3,
        "guideStyle": "QUEST_GUIDE_STYLE_POINT",
        "guideLayer": "QUEST_GUIDE_LAYER_SCENE"
      },
      "acceptCondComb": "LOGIC_NONE",
      "isRewind": true,
      "versionBegin": "",
      "versionEnd": "",
      "acceptCond": [
        {
          "type": "QUEST_COND_UNKNOWN",
          "param": [0, 0],
          "param_str": ""
        }
      ],
      "failCond": [],
      "beginExec": [],
      "finishExec": [],
      "failExec": []
    },
    {
      "subId": 1907812,
      "mainId": 19078,
      "order": 13,
      "descTextMapHash": 2249751620,
      "finishCond": [
        {
          "type": "QUEST_CONTENT_FINISH_PLOT",
          "param": [1907812, 0],
          "param_str": ""
        }
      ],
      "guide": {
        "type": "QUEST_GUIDE_LOCATION",
        "param": ["Q1907813_N515"],
        "guideScene": 3,
        "guideStyle": "QUEST_GUIDE_STYLE_POINT",
        "guideLayer": "QUEST_GUIDE_LAYER_SCENE"
      },
      "acceptCondComb": "LOGIC_NONE",
      "isRewind": true,
      "versionBegin": "",
      "versionEnd": "",
      "acceptCond": [
        {
          "type": "QUEST_COND_UNKNOWN",
          "param": [0, 0],
          "param_str": ""
        }
      ],
      "failCond": [],
      "beginExec": [],
      "finishExec": [],
      "failExec": []
    },
    {
      "subId": 1907813,
      "mainId": 19078,
      "order": 14,
      "descTextMapHash": 222752940,
      "exclusivePlaceList": [330235],
      "finishCond": [
        {
          "type": "QUEST_CONTENT_MAIN_COOP_ENTER_SAVE_POINT",
          "param": [108101, 190781301],
          "param_str": ""
        }
      ],
      "guide": {
        "type": "QUEST_GUIDE_LOCATION",
        "param": ["Q1907813_N515"],
        "guideScene": 3,
        "guideStyle": "QUEST_GUIDE_STYLE_POINT",
        "guideLayer": "QUEST_GUIDE_LAYER_SCENE"
      },
      "acceptCondComb": "LOGIC_NONE",
      "isRewind": true,
      "versionBegin": "",
      "versionEnd": "",
      "acceptCond": [
        {
          "type": "QUEST_COND_UNKNOWN",
          "param": [0, 0],
          "param_str": ""
        }
      ],
      "failCond": [],
      "beginExec": [],
      "finishExec": [],
      "failExec": []
    },
    {
      "subId": 1907814,
      "mainId": 19078,
      "order": 15,
      "descTextMapHash": 2846965892,
      "exclusivePlaceList": [330406],
      "finishCond": [
        {
          "type": "QUEST_CONTENT_GAME_TIME_TICK",
          "param": [1, 0],
          "param_str": ""
        }
      ],
      "guide": {},
      "acceptCondComb": "LOGIC_NONE",
      "isRewind": true,
      "versionBegin": "",
      "versionEnd": "",
      "acceptCond": [
        {
          "type": "QUEST_COND_UNKNOWN",
          "param": [0, 0],
          "param_str": ""
        }
      ],
      "failCond": [],
      "beginExec": [],
      "finishExec": [],
      "failExec": []
    },
    {
      "subId": 1907815,
      "mainId": 19078,
      "order": 16,
      "descTextMapHash": 3669761364,
      "exclusivePlaceList": [330406],
      "finishCond": [
        {
          "type": "QUEST_CONTENT_FINISH_PLOT",
          "param": [1907815, 0],
          "param_str": ""
        }
      ],
      "guide": {
        "type": "QUEST_GUIDE_LOCATION",
        "param": [
          "[3_3931:-1790.955,204.272,2671.910,0.000,346.704,0.000]",
          "20"
        ],
        "guideScene": 3,
        "guideStyle": "QUEST_GUIDE_STYLE_POINT",
        "guideLayer": "QUEST_GUIDE_LAYER_SCENE"
      },
      "acceptCondComb": "LOGIC_NONE",
      "isRewind": true,
      "versionBegin": "",
      "versionEnd": "",
      "acceptCond": [
        {
          "type": "QUEST_COND_UNKNOWN",
          "param": [0, 0],
          "param_str": ""
        }
      ],
      "failCond": [],
      "beginExec": [],
      "finishExec": [],
      "failExec": []
    },
    {
      "subId": 1907816,
      "mainId": 19078,
      "order": 17,
      "descTextMapHash": 2968837060,
      "exclusivePlaceList": [330406],
      "finishCond": [
        {
          "type": "QUEST_CONTENT_MAIN_COOP_ENTER_SAVE_POINT",
          "param": [108101, 190781601],
          "param_str": ""
        }
      ],
      "guide": {
        "type": "QUEST_GUIDE_NPC",
        "param": ["13243"],
        "guideScene": 3,
        "guideStyle": "QUEST_GUIDE_STYLE_TARGET",
        "guideLayer": "QUEST_GUIDE_LAYER_SCENE"
      },
      "acceptCondComb": "LOGIC_NONE",
      "isRewind": true,
      "versionBegin": "",
      "versionEnd": "",
      "acceptCond": [
        {
          "type": "QUEST_COND_UNKNOWN",
          "param": [0, 0],
          "param_str": ""
        }
      ],
      "failCond": [],
      "beginExec": [],
      "finishExec": [],
      "failExec": []
    },
    {
      "subId": 1907817,
      "mainId": 19078,
      "order": 18,
      "descTextMapHash": 2227960900,
      "finishCond": [
        {
          "type": "QUEST_CONTENT_MAIN_COOP_ENTER_SAVE_POINT",
          "param": [108101, 190781701],
          "param_str": ""
        }
      ],
      "guide": {
        "type": "QUEST_GUIDE_LOCATION",
        "param": ["[3_4042:-2079.865,202.305,2559.847,0.000,78.408,0.000]"],
        "guideScene": 3,
        "guideStyle": "QUEST_GUIDE_STYLE_POINT",
        "guideLayer": "QUEST_GUIDE_LAYER_SCENE"
      },
      "acceptCondComb": "LOGIC_NONE",
      "finishParent": true,
      "isRewind": true,
      "finishExec": [
        {
          "type": "QUEST_EXEC_UNREGISTER_DYNAMIC_GROUP",
          "param": ["133304592", "0"],
          "param_str": ""
        }
      ],
      "versionBegin": "",
      "versionEnd": "",
      "acceptCond": [
        {
          "type": "QUEST_COND_UNKNOWN",
          "param": [0, 0],
          "param_str": ""
        }
      ],
      "failCond": [],
      "beginExec": [],
      "failExec": []
    },
    {
      "subId": 1907818,
      "mainId": 19078,
      "order": 6,
      "showType": "QUEST_HIDDEN",
      "exclusivePlaceList": [330406],
      "finishCond": [
        {
          "type": "QUEST_CONTENT_QUEST_STATE_EQUAL",
          "param": [1907804, 3],
          "param_str": ""
        },
        {
          "type": "QUEST_CONTENT_QUEST_STATE_EQUAL",
          "param": [1907808, 3],
          "param_str": ""
        }
      ],
      "guide": {},
      "acceptCondComb": "LOGIC_NONE",
      "isRewind": true,
      "versionBegin": "",
      "versionEnd": "",
      "acceptCond": [
        {
          "type": "QUEST_COND_UNKNOWN",
          "param": [0, 0],
          "param_str": ""
        }
      ],
      "failCond": [],
      "beginExec": [],
      "finishExec": [],
      "failExec": []
    }
  ],
  "talks": [
    {
      "id": 1907802,
      "beginWay": "TALK_BEGIN_MANUAL",
      "activeMode": "PLAY_MODE_SINGLE",
      "beginCondComb": "LOGIC_OR",
      "beginCond": [
        {
          "type": "QUEST_COND_STATE_EQUAL",
          "param": ["1907804", "2"],
          "param_str": ""
        },
        {
          "type": "QUEST_COND_STATE_EQUAL",
          "param": ["1907808", "2"],
          "param_str": ""
        }
      ],
      "priority": 5,
      "initDialog": 190780201,
      "npcId": [13241],
      "performCfg": "",
      "heroTalk": "TALK_HERO_MAIN",
      "questId": 19078,
      "prePerformCfg": ""
    },
    {
      "id": 1907804,
      "beginWay": "TALK_BEGIN_MANUAL",
      "activeMode": "PLAY_MODE_SINGLE",
      "beginCondComb": "LOGIC_OR",
      "beginCond": [
        {
          "type": "QUEST_COND_STATE_EQUAL",
          "param": ["1907804", "2"],
          "param_str": ""
        },
        {
          "type": "QUEST_COND_STATE_EQUAL",
          "param": ["1907808", "2"],
          "param_str": ""
        }
      ],
      "priority": 5,
      "initDialog": 190780401,
      "npcId": [13265],
      "performCfg": "QuestDialogue/COOP/CoopKaveh/Q1907804",
      "heroTalk": "TALK_HERO_MAIN",
      "questId": 19078,
      "prePerformCfg": "",
      "stayFreeStyle": true
    },
    {
      "id": 1907808,
      "beginWay": "TALK_BEGIN_MANUAL",
      "activeMode": "PLAY_MODE_SINGLE",
      "beginCondComb": "LOGIC_OR",
      "beginCond": [
        {
          "type": "QUEST_COND_STATE_EQUAL",
          "param": ["1907804", "2"],
          "param_str": ""
        },
        {
          "type": "QUEST_COND_STATE_EQUAL",
          "param": ["1907808", "2"],
          "param_str": ""
        }
      ],
      "priority": 5,
      "initDialog": 190780801,
      "npcId": [13266, 13270],
      "performCfg": "QuestDialogue/COOP/CoopKaveh/Q1907808",
      "heroTalk": "TALK_HERO_MAIN",
      "questId": 19078,
      "prePerformCfg": "",
      "stayFreeStyle": true
    },
    {
      "id": 1907850,
      "beginWay": "TALK_BEGIN_MANUAL",
      "activeMode": "PLAY_MODE_SINGLE",
      "beginCond": [
        {
          "type": "QUEST_COND_STATE_EQUAL",
          "param": ["1907806", "2"],
          "param_str": ""
        }
      ],
      "priority": 5,
      "initDialog": 190785001,
      "npcId": [13242, 13267, 13268],
      "performCfg": "QuestDialogue/COOP/CoopKaveh/Q1907850",
      "heroTalk": "TALK_HERO_MAIN",
      "questId": 19078,
      "prePerformCfg": "",
      "stayFreeStyle": true
    },
    {
      "id": 1907851,
      "beginWay": "TALK_BEGIN_MANUAL",
      "activeMode": "PLAY_MODE_SINGLE",
      "beginCond": [
        {
          "type": "QUEST_COND_STATE_EQUAL",
          "param": ["1907814", "2"],
          "param_str": ""
        }
      ],
      "priority": 5,
      "initDialog": 190785101,
      "npcId": [12772],
      "performCfg": "QuestDialogue/COOP/CoopKaveh/Q1907851",
      "heroTalk": "TALK_HERO_MAIN",
      "questId": 19078,
      "prePerformCfg": "",
      "stayFreeStyle": true
    },
    {
      "id": 1907852,
      "beginWay": "TALK_BEGIN_MANUAL",
      "activeMode": "PLAY_MODE_SINGLE",
      "beginCondComb": "LOGIC_OR",
      "beginCond": [
        {
          "type": "QUEST_COND_STATE_EQUAL",
          "param": ["1907814", "2"],
          "param_str": ""
        },
        {
          "type": "QUEST_COND_STATE_EQUAL",
          "param": ["1907815", "2"],
          "param_str": ""
        },
        {
          "type": "QUEST_COND_STATE_EQUAL",
          "param": ["1907816", "2"],
          "param_str": ""
        },
        {
          "type": "QUEST_COND_STATE_EQUAL",
          "param": ["1907817", "2"],
          "param_str": ""
        }
      ],
      "priority": 5,
      "initDialog": 190785201,
      "npcId": [13271],
      "performCfg": "",
      "heroTalk": "TALK_HERO_MAIN",
      "questId": 19078,
      "prePerformCfg": "",
      "stayFreeStyle": true
    }
  ]
}
