{
  "id": 19075,
  "type": "LQ",
  "series": 108101,
  "titleTextMapHash": 3207588239,
  "descTextMapHash": 2917083022,
  "luaPath": "Actor/Quest/LQ19075",
  "suggestTrackMainQuestList": [19076, 19077],
  "chapterId": 108101,
  "subQuests": [
    {
      "subId": 1907501,
      "mainId": 19075,
      "order": 1,
      "descTextMapHash": 1608669652,
      "exclusivePlaceList": [107901],
      "finishCond": [
        {
          "type": "QUEST_CONTENT_MAIN_COOP_ENTER_SAVE_POINT",
          "param": [108101, 190750101],
          "param_str": ""
        },
        {
          "type": "QUEST_CONTENT_MAIN_COOP_ENTER_SAVE_POINT",
          "param": [108101, 190750102],
          "param_str": ""
        }
      ],
      "guide": {
        "type": "QUEST_GUIDE_LOCATION",
        "param": ["Q1907501_N515"],
        "guideScene": 1079,
        "guideStyle": "QUEST_GUIDE_STYLE_POINT",
        "guideLayer": "QUEST_GUIDE_LAYER_SCENE"
      },
      "acceptCondComb": "LOGIC_NONE",
      "finishParent": true,
      "isRewind": true,
      "finishExec": [
        {
          "type": "QUEST_EXEC_LOCK_POINT",
          "param": ["3", "741"],
          "param_str": ""
        }
      ],
      "versionBegin": "",
      "versionEnd": "",
      "acceptCond": [
        {
          "type": "QUEST_COND_UNKNOWN",
          "param": [0, 0],
          "param_str": ""
        }
      ],
      "failCond": [],
      "beginExec": [],
      "failExec": []
    }
  ]
}
