{
  "id": 19079,
  "type": "LQ",
  "series": 101501,
  "titleTextMapHash": 758448623,
  "descTextMapHash": 4223897790,
  "luaPath": "Actor/Quest/LQ19079",
  "suggestTrackMainQuestList": [19080, 19093],
  "chapterId": 101501,
  "subQuests": [
    {
      "subId": 1907901,
      "mainId": 19079,
      "order": 1,
      "descTextMapHash": 3685961276,
      "exclusivePlaceList": [1907301, 330604, 330603],
      "finishCond": [
        {
          "type": "QUEST_CONTENT_FINISH_PLOT",
          "param": [1907901, 0],
          "param_str": ""
        }
      ],
      "guide": {
        "type": "QUEST_GUIDE_NPC",
        "param": ["516"],
        "guideScene": 3,
        "guideStyle": "QUEST_GUIDE_STYLE_TARGET",
        "guideLayer": "QUEST_GUIDE_LAYER_SCENE"
      },
      "acceptCondComb": "LOGIC_NONE",
      "isRewind": true,
      "versionBegin": "",
      "versionEnd": "",
      "acceptCond": [
        {
          "type": "QUEST_COND_UNKNOWN",
          "param": [0, 0],
          "param_str": ""
        }
      ],
      "failCond": [],
      "beginExec": [],
      "finishExec": [],
      "failExec": []
    },
    {
      "subId": 1907902,
      "mainId": 19079,
      "order": 2,
      "descTextMapHash": 2220048380,
      "exclusivePlaceList": [1907301, 330604, 330603],
      "finishCond": [
        {
          "type": "QUEST_CONTENT_FINISH_PLOT",
          "param": [1907902, 0],
          "param_str": ""
        }
      ],
      "failCond": [
        {
          "type": "QUEST_CONTENT_LEAVE_SCENE_RANGE",
          "param": [3, 50],
          "param_str": ""
        },
        {
          "type": "QUEST_CONTENT_ANY_MANUAL_TRANSPORT",
          "param": [0, 0],
          "param_str": ""
        },
        {
          "type": "QUEST_CONTENT_TEAM_DEAD",
          "param": [0, 0],
          "param_str": ""
        }
      ],
      "guide": {
        "type": "QUEST_GUIDE_NPC",
        "param": ["516"],
        "guideScene": 3,
        "guideStyle": "QUEST_GUIDE_STYLE_TARGET",
        "guideLayer": "QUEST_GUIDE_LAYER_SCENE"
      },
      "acceptCondComb": "LOGIC_NONE",
      "failExec": [
        {
          "type": "QUEST_EXEC_ROLLBACK_QUEST",
          "param": ["1907901", "0"],
          "param_str": ""
        }
      ],
      "versionBegin": "",
      "versionEnd": "",
      "acceptCond": [
        {
          "type": "QUEST_COND_UNKNOWN",
          "param": [0, 0],
          "param_str": ""
        }
      ],
      "beginExec": [],
      "finishExec": []
    },
    {
      "subId": 1907903,
      "mainId": 19079,
      "order": 3,
      "descTextMapHash": 1038248460,
      "exclusivePlaceList": [1907301, 330604, 330603],
      "finishCond": [
        {
          "type": "QUEST_CONTENT_MAIN_COOP_ENTER_SAVE_POINT",
          "param": [101501, 190790301],
          "param_str": ""
        },
        {
          "type": "QUEST_CONTENT_MAIN_COOP_ENTER_SAVE_POINT",
          "param": [101501, 190790302],
          "param_str": ""
        }
      ],
      "guide": {
        "type": "QUEST_GUIDE_NPC",
        "param": ["516"],
        "guideScene": 3,
        "guideStyle": "QUEST_GUIDE_STYLE_TARGET",
        "guideLayer": "QUEST_GUIDE_LAYER_SCENE"
      },
      "acceptCondComb": "LOGIC_NONE",
      "finishParent": true,
      "isRewind": true,
      "versionBegin": "",
      "versionEnd": "",
      "acceptCond": [
        {
          "type": "QUEST_COND_UNKNOWN",
          "param": [0, 0],
          "param_str": ""
        }
      ],
      "failCond": [],
      "beginExec": [],
      "finishExec": [],
      "failExec": []
    }
  ],
  "talks": [
    {
      "id": 1907908,
      "beginWay": "TALK_BEGIN_MANUAL",
      "activeMode": "PLAY_MODE_SINGLE",
      "beginCondComb": "LOGIC_OR",
      "beginCond": [
        {
          "type": "QUEST_COND_STATE_EQUAL",
          "param": ["1907901", "2"],
          "param_str": ""
        },
        {
          "type": "QUEST_COND_STATE_EQUAL",
          "param": ["1907902", "2"],
          "param_str": ""
        },
        {
          "type": "QUEST_COND_STATE_EQUAL",
          "param": ["1907903", "2"],
          "param_str": ""
        }
      ],
      "priority": 1,
      "initDialog": 190730902,
      "npcId": [13305, 13304],
      "performCfg": "QuestDialogue/COOP/CoopKaeya/Q1907309",
      "heroTalk": "TALK_HERO_MAIN",
      "questId": 19079,
      "prePerformCfg": ""
    },
    {
      "id": 1907909,
      "beginWay": "TALK_BEGIN_MANUAL",
      "activeMode": "PLAY_MODE_SINGLE",
      "beginCondComb": "LOGIC_OR",
      "beginCond": [
        {
          "type": "QUEST_COND_STATE_EQUAL",
          "param": ["1907901", "2"],
          "param_str": ""
        },
        {
          "type": "QUEST_COND_STATE_EQUAL",
          "param": ["1907902", "2"],
          "param_str": ""
        },
        {
          "type": "QUEST_COND_STATE_EQUAL",
          "param": ["1907903", "2"],
          "param_str": ""
        }
      ],
      "priority": 1,
      "initDialog": 190790901,
      "npcId": [13456],
      "performCfg": "",
      "heroTalk": "TALK_HERO_MAIN",
      "questId": 19079,
      "prePerformCfg": ""
    }
  ]
}
