{
  "id": 19074,
  "type": "LQ",
  "series": 108101,
  "titleTextMapHash": 2559953519,
  "descTextMapHash": 256232030,
  "luaPath": "Actor/Quest/LQ19074",
  "chapterId": 108101,
  "subQuests": [
    {
      "subId": 1907401,
      "mainId": 19074,
      "order": 1,
      "descTextMapHash": 2404415564,
      "exclusivePlaceList": [331504, 331503],
      "finishCond": [
        {
          "type": "QUEST_CONTENT_MAIN_COOP_ENTER_SAVE_POINT",
          "param": [108101, 190740101],
          "param_str": ""
        }
      ],
      "guide": {
        "type": "QUEST_GUIDE_NPC",
        "param": ["1055"],
        "guideScene": 3,
        "guideStyle": "QUEST_GUIDE_STYLE_TARGET",
        "guideLayer": "QUEST_GUIDE_LAYER_SCENE"
      },
      "acceptCondComb": "LOGIC_NONE",
      "isRewind": true,
      "versionBegin": "",
      "versionEnd": "",
      "acceptCond": [
        {
          "type": "QUEST_COND_UNKNOWN",
          "param": [0, 0],
          "param_str": ""
        }
      ],
      "failCond": [],
      "beginExec": [],
      "finishExec": [],
      "failExec": []
    },
    {
      "subId": 1907402,
      "mainId": 19074,
      "order": 3,
      "descTextMapHash": 2920215588,
      "exclusivePlaceList": [331504, 331503],
      "finishCond": [
        {
          "type": "QUEST_CONTENT_MAIN_COOP_ENTER_SAVE_POINT",
          "param": [108101, 190740201],
          "param_str": ""
        }
      ],
      "guide": {
        "type": "QUEST_GUIDE_NPC",
        "param": ["1055"],
        "guideScene": 3,
        "guideStyle": "QUEST_GUIDE_STYLE_TARGET",
        "guideLayer": "QUEST_GUIDE_LAYER_SCENE"
      },
      "acceptCondComb": "LOGIC_NONE",
      "finishParent": true,
      "isRewind": true,
      "finishExec": [
        {
          "type": "QUEST_EXEC_UNREGISTER_DYNAMIC_GROUP",
          "param": ["133315345 ", "0"],
          "param_str": ""
        }
      ],
      "versionBegin": "",
      "versionEnd": "",
      "acceptCond": [
        {
          "type": "QUEST_COND_UNKNOWN",
          "param": [0, 0],
          "param_str": ""
        }
      ],
      "failCond": [],
      "beginExec": [],
      "failExec": []
    },
    {
      "subId": 1907403,
      "mainId": 19074,
      "order": 2,
      "isMpBlock": true,
      "descTextMapHash": 3610414460,
      "exclusivePlaceList": [331504, 331503],
      "finishCond": [
        {
          "type": "QUEST_CONTENT_FINISH_PLOT",
          "param": [1907403, 0],
          "param_str": ""
        }
      ],
      "failCond": [
        {
          "type": "QUEST_CONTENT_LEAVE_SCENE_RANGE",
          "param": [3, 30],
          "param_str": ""
        },
        {
          "type": "QUEST_CONTENT_LEAVE_SCENE",
          "param": [3, 0],
          "param_str": ""
        },
        {
          "type": "QUEST_CONTENT_ANY_MANUAL_TRANSPORT",
          "param": [0, 0],
          "param_str": ""
        },
        {
          "type": "QUEST_CONTENT_NOT_FINISH_PLOT",
          "param": [1907403, 0],
          "param_str": ""
        }
      ],
      "guide": {
        "type": "QUEST_GUIDE_NPC",
        "param": ["1055"],
        "guideScene": 3,
        "guideStyle": "QUEST_GUIDE_STYLE_TARGET",
        "guideLayer": "QUEST_GUIDE_LAYER_SCENE"
      },
      "acceptCondComb": "LOGIC_NONE",
      "finishExec": [
        {
          "type": "QUEST_EXEC_UNLOCK_AVATAR_TEAM_V2",
          "param": [0, 0],
          "param_str": ""
        }
      ],
      "failExec": [
        {
          "type": "QUEST_EXEC_UNLOCK_AVATAR_TEAM_V2",
          "param": [0, 0],
          "param_str": ""
        },
        {
          "type": "QUEST_EXEC_ROLLBACK_QUEST",
          "param": ["1907401", "0"],
          "param_str": ""
        }
      ],
      "versionBegin": "",
      "versionEnd": "",
      "acceptCond": [
        {
          "type": "QUEST_COND_UNKNOWN",
          "param": [0, 0],
          "param_str": ""
        }
      ],
      "beginExec": []
    },
    {
      "subId": 1907404,
      "mainId": 19074,
      "order": 4,
      "showType": "QUEST_HIDDEN",
      "exclusivePlaceList": [331504, 331503],
      "finishCond": [
        {
          "type": "QUEST_CONTENT_FINISH_PLOT",
          "param": [1907404, 0],
          "param_str": ""
        },
        {
          "type": "QUEST_CONTENT_MAIN_COOP_ENTER_SAVE_POINT",
          "param": [108101, 190740201],
          "param_str": ""
        }
      ],
      "guide": {},
      "acceptCondComb": "LOGIC_NONE",
      "versionBegin": "",
      "versionEnd": "",
      "acceptCond": [
        {
          "type": "QUEST_COND_UNKNOWN",
          "param": [0, 0],
          "param_str": ""
        }
      ],
      "failCond": [],
      "beginExec": [],
      "finishExec": [],
      "failExec": []
    }
  ]
}
