{
  "id": 19082,
  "type": "LQ",
  "series": 103402,
  "titleTextMapHash": 2756001527,
  "descTextMapHash": 2173238078,
  "luaPath": "Actor/Quest/LQ19082",
  "suggestTrackMainQuestList": [19083, 19084],
  "chapterId": 103402,
  "subQuests": [
    {
      "subId": 1908201,
      "mainId": 19082,
      "order": 1,
      "descTextMapHash": 2952832876,
      "acceptCondComb": "LOGIC_AND",
      "acceptCond": [
        {
          "type": "QUEST_COND_STATE_EQUAL",
          "param": [1908101, 3],
          "param_str": ""
        },
        {
          "type": "QUEST_COND_MAIN_COOP_ENTER_SAVE_POINT",
          "param": [103402, 1908201],
          "param_str": ""
        }
      ],
      "finishCond": [
        {
          "type": "QUEST_CONTENT_FINISH_PLOT",
          "param": [1908201, 0],
          "param_str": ""
        }
      ],
      "failCond": [
        {
          "param": [],
          "param_str": ""
        }
      ],
      "guide": {
        "type": "QUEST_GUIDE_LOCATION",
        "param": ["Q1908201target"],
        "guideScene": 3,
        "guideStyle": "QUEST_GUIDE_STYLE_POINT",
        "guideLayer": "QUEST_GUIDE_LAYER_SCENE"
      },
      "isRewind": true,
      "finishExec": [
        {
          "param": [],
          "param_str": ""
        }
      ],
      "failExec": [
        {
          "param": [],
          "param_str": ""
        }
      ],
      "beginExec": [
        {
          "param": [],
          "param_str": ""
        }
      ],
      "exclusiveNpcList": [1027],
      "exclusiveNpcPriority": 1100
    },
    {
      "subId": 1908202,
      "mainId": 19082,
      "order": 2,
      "descTextMapHash": 835298700,
      "acceptCond": [
        {
          "type": "QUEST_COND_STATE_EQUAL",
          "param": [1908201, 3],
          "param_str": ""
        }
      ],
      "finishCond": [
        {
          "type": "QUEST_CONTENT_MAIN_COOP_ENTER_SAVE_POINT",
          "param": [103402, 1908202],
          "param_str": ""
        }
      ],
      "failCond": [
        {
          "param": [],
          "param_str": ""
        }
      ],
      "guide": {
        "type": "QUEST_GUIDE_NPC",
        "param": ["1027", "SELECT_NPC_NONE"],
        "guideScene": 3,
        "guideStyle": "QUEST_GUIDE_STYLE_TARGET",
        "guideLayer": "QUEST_GUIDE_LAYER_SCENE"
      },
      "finishExec": [
        {
          "param": [],
          "param_str": ""
        }
      ],
      "failExec": [
        {
          "param": [],
          "param_str": ""
        }
      ],
      "beginExec": [
        {
          "param": [],
          "param_str": ""
        }
      ],
      "exclusiveNpcList": [1027],
      "exclusiveNpcPriority": 1100
    },
    {
      "subId": 1908203,
      "mainId": 19082,
      "order": 3,
      "descTextMapHash": 3512337932,
      "acceptCond": [
        {
          "type": "QUEST_COND_STATE_EQUAL",
          "param": [1908202, 3],
          "param_str": ""
        }
      ],
      "finishCond": [
        {
          "type": "QUEST_CONTENT_FINISH_PLOT",
          "param": [1908203, 0],
          "param_str": ""
        }
      ],
      "failCond": [
        {
          "param": [],
          "param_str": ""
        }
      ],
      "guide": {
        "type": "QUEST_GUIDE_LOCATION",
        "param": ["Q1908203Noel"],
        "guideScene": 3,
        "guideStyle": "QUEST_GUIDE_STYLE_POINT",
        "guideLayer": "QUEST_GUIDE_LAYER_SCENE"
      },
      "isRewind": true,
      "finishExec": [
        {
          "param": [],
          "param_str": ""
        }
      ],
      "failExec": [
        {
          "param": [],
          "param_str": ""
        }
      ],
      "beginExec": [
        {
          "param": [],
          "param_str": ""
        }
      ],
      "exclusiveNpcList": [1027, 2045],
      "exclusiveNpcPriority": 1100
    },
    {
      "subId": 1908204,
      "mainId": 19082,
      "order": 5,
      "descTextMapHash": 971767204,
      "acceptCond": [
        {
          "type": "QUEST_COND_STATE_EQUAL",
          "param": [1908206, 3],
          "param_str": ""
        }
      ],
      "finishCond": [
        {
          "type": "QUEST_CONTENT_FINISH_PLOT",
          "param": [1908204, 0],
          "param_str": ""
        }
      ],
      "failCond": [
        {
          "param": [],
          "param_str": ""
        }
      ],
      "guide": {
        "type": "QUEST_GUIDE_LOCATION",
        "param": ["Q1908204dugushuo"],
        "guideScene": 3,
        "guideStyle": "QUEST_GUIDE_STYLE_POINT",
        "guideLayer": "QUEST_GUIDE_LAYER_SCENE"
      },
      "isRewind": true,
      "finishExec": [
        {
          "param": [],
          "param_str": ""
        }
      ],
      "failExec": [
        {
          "param": [],
          "param_str": ""
        }
      ],
      "beginExec": [
        {
          "param": [],
          "param_str": ""
        }
      ],
      "exclusiveNpcList": [1027, 2049],
      "exclusiveNpcPriority": 1100,
      "exclusivePlaceList": [11014]
    },
    {
      "subId": 1908205,
      "mainId": 19082,
      "order": 6,
      "descTextMapHash": 4123355580,
      "acceptCond": [
        {
          "type": "QUEST_COND_STATE_EQUAL",
          "param": [1908204, 3],
          "param_str": ""
        }
      ],
      "finishCondComb": "LOGIC_OR",
      "finishCond": [
        {
          "type": "QUEST_CONTENT_MAIN_COOP_ENTER_SAVE_POINT",
          "param": [103402, 1908301],
          "param_str": ""
        },
        {
          "type": "QUEST_CONTENT_MAIN_COOP_ENTER_SAVE_POINT",
          "param": [103402, 1908401],
          "param_str": ""
        }
      ],
      "failCond": [
        {
          "param": [],
          "param_str": ""
        }
      ],
      "guide": {
        "type": "QUEST_GUIDE_LOCATION",
        "param": ["Q1908204dugushuo"],
        "guideScene": 3,
        "guideStyle": "QUEST_GUIDE_STYLE_POINT",
        "guideLayer": "QUEST_GUIDE_LAYER_SCENE"
      },
      "finishParent": true,
      "finishExec": [
        {
          "param": [],
          "param_str": ""
        }
      ],
      "failExec": [
        {
          "param": [],
          "param_str": ""
        }
      ],
      "beginExec": [
        {
          "param": [],
          "param_str": ""
        }
      ],
      "exclusiveNpcList": [1027, 2049],
      "exclusiveNpcPriority": 1100,
      "exclusivePlaceList": [11014]
    },
    {
      "subId": 1908206,
      "mainId": 19082,
      "order": 4,
      "descTextMapHash": 3268922212,
      "acceptCond": [
        {
          "type": "QUEST_COND_STATE_EQUAL",
          "param": [1908203, 3],
          "param_str": ""
        }
      ],
      "finishCond": [
        {
          "type": "QUEST_CONTENT_MAIN_COOP_ENTER_SAVE_POINT",
          "param": [103402, 1908203],
          "param_str": ""
        }
      ],
      "failCond": [
        {
          "param": [],
          "param_str": ""
        }
      ],
      "guide": {
        "type": "QUEST_GUIDE_NPC",
        "param": ["204501", "SELECT_NPC_NONE"],
        "guideScene": 3,
        "guideStyle": "QUEST_GUIDE_STYLE_TARGET",
        "guideLayer": "QUEST_GUIDE_LAYER_SCENE"
      },
      "finishExec": [
        {
          "param": [],
          "param_str": ""
        }
      ],
      "failExec": [
        {
          "param": [],
          "param_str": ""
        }
      ],
      "beginExec": [
        {
          "param": [],
          "param_str": ""
        }
      ],
      "exclusiveNpcList": [1027, 2045],
      "exclusiveNpcPriority": 1100
    }
  ]
}
