{
  "id": 19081,
  "type": "LQ",
  "series": 103402,
  "titleTextMapHash": 572706463,
  "descTextMapHash": 1228220070,
  "luaPath": "Actor/Quest/LQ19081",
  "suggestTrackMainQuestList": [19082, 19085, 19090],
  "chapterId": 103402,
  "subQuests": [
    {
      "subId": 1908101,
      "mainId": 19081,
      "order": 1,
      "descTextMapHash": 3414202668,
      "acceptCond": [
        {
          "type": "QUEST_COND_MAIN_COOP_START",
          "param": [103402, 0],
          "param_str": ""
        }
      ],
      "finishCond": [
        {
          "type": "QUEST_CONTENT_MAIN_COOP_ENTER_ANY_SAVE_POINT",
          "param": [103402, 0],
          "param_str": ""
        }
      ],
      "failCond": [
        {
          "param": [],
          "param_str": ""
        }
      ],
      "guide": {
        "type": "QUEST_GUIDE_NPC",
        "param": ["1027", "SELECT_NPC_NONE"],
        "guideScene": 1004,
        "guideStyle": "QUEST_GUIDE_STYLE_START",
        "guideLayer": "QUEST_GUIDE_LAYER_SCENE"
      },
      "finishParent": true,
      "isRewind": true,
      "finishExec": [
        {
          "param": [],
          "param_str": ""
        }
      ],
      "failExec": [
        {
          "param": [],
          "param_str": ""
        }
      ],
      "beginExec": [
        {
          "param": [],
          "param_str": ""
        }
      ],
      "exclusiveNpcList": [1027],
      "exclusiveNpcPriority": 1100
    }
  ]
}
