{
  "id": 19095,
  "type": "LQ",
  "series": 101501,
  "titleTextMapHash": 2335371055,
  "descTextMapHash": 3088344822,
  "luaPath": "Actor/Quest/LQ19095",
  "suggestTrackMainQuestList": [19096, 19097],
  "chapterId": 101501,
  "subQuests": [
    {
      "subId": 1909501,
      "mainId": 19095,
      "order": 1,
      "descTextMapHash": 1018559292,
      "exclusivePlaceList": [1012003, 1012001],
      "finishCond": [
        {
          "type": "QUEST_CONTENT_ENTER_ROOM",
          "param": [1004, 0],
          "param_str": ""
        },
        {
          "type": "QUEST_CONTENT_FINISH_PLOT",
          "param": [1909501, 0],
          "param_str": ""
        }
      ],
      "guide": {
        "type": "QUEST_GUIDE_LOCATION",
        "param": ["QuestKnighthood"],
        "guideScene": 3,
        "guideStyle": "QUEST_GUIDE_STYLE_TARGET",
        "guideLayer": "QUEST_GUIDE_LAYER_SCENE"
      },
      "acceptCondComb": "LOGIC_NONE",
      "isRewind": true,
      "versionBegin": "",
      "versionEnd": "",
      "acceptCond": [
        {
          "type": "QUEST_COND_UNKNOWN",
          "param": [0, 0],
          "param_str": ""
        }
      ],
      "failCond": [],
      "beginExec": [],
      "finishExec": [],
      "failExec": []
    },
    {
      "subId": 1909502,
      "mainId": 19095,
      "order": 2,
      "descTextMapHash": 2353595388,
      "exclusivePlaceList": [1012003, 1012001],
      "finishCond": [
        {
          "type": "QUEST_CONTENT_MAIN_COOP_ENTER_SAVE_POINT",
          "param": [101501, 190950201],
          "param_str": ""
        }
      ],
      "guide": {
        "type": "QUEST_GUIDE_NPC",
        "param": ["1006"],
        "guideScene": 1004,
        "guideStyle": "QUEST_GUIDE_STYLE_POINT",
        "guideLayer": "QUEST_GUIDE_LAYER_SCENE"
      },
      "acceptCondComb": "LOGIC_NONE",
      "isRewind": true,
      "versionBegin": "",
      "versionEnd": "",
      "acceptCond": [
        {
          "type": "QUEST_COND_UNKNOWN",
          "param": [0, 0],
          "param_str": ""
        }
      ],
      "failCond": [],
      "beginExec": [],
      "finishExec": [],
      "failExec": []
    },
    {
      "subId": 1909503,
      "mainId": 19095,
      "order": 3,
      "descTextMapHash": 1968029988,
      "exclusivePlaceList": [1012003, 1012001],
      "finishCond": [
        {
          "type": "QUEST_CONTENT_MAIN_COOP_ENTER_SAVE_POINT",
          "param": [101501, 190950301],
          "param_str": ""
        },
        {
          "type": "QUEST_CONTENT_MAIN_COOP_ENTER_SAVE_POINT",
          "param": [101501, 190950302],
          "param_str": ""
        }
      ],
      "guide": {
        "type": "QUEST_GUIDE_LOCATION",
        "param": ["[3_4232:2247.995,235.990,-792.985]"],
        "guideScene": 3,
        "guideStyle": "QUEST_GUIDE_STYLE_POINT",
        "guideLayer": "QUEST_GUIDE_LAYER_SCENE"
      },
      "acceptCondComb": "LOGIC_NONE",
      "finishParent": true,
      "isRewind": true,
      "versionBegin": "",
      "versionEnd": "",
      "acceptCond": [
        {
          "type": "QUEST_COND_UNKNOWN",
          "param": [0, 0],
          "param_str": ""
        }
      ],
      "failCond": [],
      "beginExec": [],
      "finishExec": [],
      "failExec": []
    },
    {
      "subId": 1909504,
      "mainId": 19095,
      "order": 4,
      "showType": "QUEST_HIDDEN",
      "finishCond": [
        {
          "type": "QUEST_CONTENT_COMPLETE_TALK",
          "param": [1909509, 0],
          "param_str": ""
        }
      ],
      "guide": {},
      "acceptCondComb": "LOGIC_NONE",
      "versionBegin": "",
      "versionEnd": "",
      "acceptCond": [
        {
          "type": "QUEST_COND_UNKNOWN",
          "param": [0, 0],
          "param_str": ""
        }
      ],
      "failCond": [],
      "beginExec": [],
      "finishExec": [],
      "failExec": []
    }
  ],
  "talks": [
    {
      "id": 1909507,
      "beginWay": "TALK_BEGIN_MANUAL",
      "activeMode": "PLAY_MODE_SINGLE",
      "beginCondComb": "LOGIC_AND",
      "beginCond": [
        {
          "type": "QUEST_COND_STATE_EQUAL",
          "param": ["1909503", "2"],
          "param_str": ""
        }
      ],
      "priority": 3,
      "initDialog": 190950701,
      "npcId": [1006],
      "performCfg": "QuestDialogue/COOP/CoopKaeya/Q1909507",
      "heroTalk": "TALK_HERO_MAIN",
      "questId": 19095,
      "prePerformCfg": ""
    },
    {
      "id": 1909508,
      "beginWay": "TALK_BEGIN_MANUAL",
      "activeMode": "PLAY_MODE_SINGLE",
      "beginCondComb": "LOGIC_AND",
      "beginCond": [
        {
          "type": "QUEST_COND_STATE_EQUAL",
          "param": ["1909503", "2"],
          "param_str": ""
        }
      ],
      "priority": 3,
      "initDialog": 190950801,
      "npcId": [1007],
      "performCfg": "QuestDialogue/COOP/CoopKaeya/Q1909508",
      "heroTalk": "TALK_HERO_MAIN",
      "questId": 19095,
      "prePerformCfg": ""
    },
    {
      "id": 1909509,
      "beginWay": "TALK_BEGIN_MANUAL",
      "activeMode": "PLAY_MODE_SINGLE",
      "beginCondComb": "LOGIC_OR",
      "beginCond": [
        {
          "type": "QUEST_COND_STATE_EQUAL",
          "param": ["1909502", "2"],
          "param_str": ""
        },
        {
          "type": "QUEST_COND_STATE_EQUAL",
          "param": ["1909503", "2"],
          "param_str": ""
        },
        {
          "type": "QUEST_COND_STATE_EQUAL",
          "param": ["1909501", "2"],
          "param_str": ""
        }
      ],
      "priority": 3,
      "initDialog": 190950901,
      "npcId": [13353],
      "performCfg": "",
      "heroTalk": "TALK_HERO_MAIN",
      "questId": 19095,
      "prePerformCfg": ""
    }
  ]
}
