{
  "id": 19116,
  "type": "LQ",
  "series": 105001,
  "titleTextMapHash": 3069544047,
  "descTextMapHash": 331072574,
  "luaPath": "Actor/Quest/LQ19116",
  "suggestTrackMainQuestList": [19117, 19118],
  "chapterId": 105001,
  "subQuests": [
    {
      "subId": 1911601,
      "mainId": 19116,
      "order": 1,
      "isMpBlock": true,
      "descTextMapHash": 1914018340,
      "acceptCond": [
        {
          "type": "QUEST_COND_MAIN_COOP_ENTER_SAVE_POINT",
          "param": [105001, 1911601],
          "param_str": ""
        }
      ],
      "finishCond": [
        {
          "type": "QUEST_CONTENT_MAIN_COOP_ENTER_SAVE_POINT",
          "param": [105001, 1911602],
          "param_str": ""
        }
      ],
      "failCond": [
        {
          "type": "QUEST_CONTENT_LUA_NOTIFY",
          "param": [0, 0],
          "param_str": "1911604",
          "count": 1
        }
      ],
      "guide": {
        "type": "QUEST_GUIDE_NPC",
        "autoGuide": "QUEST_GUIDE_AUTO_ENABLE",
        "param": ["503"],
        "guideScene": 3,
        "guideStyle": "QUEST_GUIDE_STYLE_TARGET",
        "guideLayer": "QUEST_GUIDE_LAYER_SCENE"
      },
      "isRewind": true,
      "finishExec": [
        {
          "param": [],
          "param_str": ""
        }
      ],
      "failExec": [
        {
          "param": [],
          "param_str": ""
        }
      ],
      "beginExec": [
        {
          "type": "QUEST_EXEC_REGISTER_DYNAMIC_GROUP",
          "param": ["3", "133220008"],
          "param_str": ""
        },
        {
          "type": "QUEST_EXEC_DEL_PACK_ITEM",
          "param": ["101602", "1"],
          "param_str": ""
        },
        {
          "type": "QUEST_EXEC_DEL_PACK_ITEM",
          "param": ["101603", "1"],
          "param_str": ""
        }
      ],
      "exclusiveNpcList": [1033],
      "exclusiveNpcPriority": 1100,
      "exclusivePlaceList": [322001]
    },
    {
      "subId": 1911602,
      "mainId": 19116,
      "order": 2,
      "isMpBlock": true,
      "descTextMapHash": 2036690972,
      "acceptCond": [
        {
          "type": "QUEST_COND_STATE_EQUAL",
          "param": [1911601, 3],
          "param_str": ""
        }
      ],
      "finishCondComb": "LOGIC_AND",
      "finishCond": [
        {
          "type": "QUEST_CONTENT_LUA_NOTIFY",
          "param": [0, 0],
          "param_str": "1911602",
          "count": 1
        },
        {
          "type": "QUEST_CONTENT_LUA_NOTIFY",
          "param": [0, 0],
          "param_str": "1911603",
          "count": 1
        }
      ],
      "failCond": [
        {
          "type": "QUEST_CONTENT_LUA_NOTIFY",
          "param": [0, 0],
          "param_str": "1911604",
          "count": 1
        }
      ],
      "guide": {
        "type": "QUEST_GUIDE_LOCATION",
        "autoGuide": "QUEST_GUIDE_AUTO_ENABLE",
        "param": ["Q1911801photo", "10"],
        "guideScene": 3,
        "guideStyle": "QUEST_GUIDE_STYLE_TARGET",
        "guideLayer": "QUEST_GUIDE_LAYER_SCENE"
      },
      "finishExec": [
        {
          "param": [],
          "param_str": ""
        }
      ],
      "failExec": [
        {
          "param": [],
          "param_str": ""
        }
      ],
      "beginExec": [
        {
          "type": "QUEST_EXEC_REFRESH_GROUP_SUITE",
          "param": ["3", "133220008,2"],
          "param_str": ""
        }
      ],
      "exclusiveNpcList": [1033],
      "exclusiveNpcPriority": 1100,
      "exclusivePlaceList": [322001]
    },
    {
      "subId": 1911603,
      "mainId": 19116,
      "order": 3,
      "isMpBlock": true,
      "descTextMapHash": 3507689884,
      "acceptCond": [
        {
          "type": "QUEST_COND_STATE_EQUAL",
          "param": [1911602, 3],
          "param_str": ""
        }
      ],
      "finishCondComb": "LOGIC_OR",
      "finishCond": [
        {
          "type": "QUEST_CONTENT_MAIN_COOP_ENTER_SAVE_POINT",
          "param": [105001, 1911701],
          "param_str": ""
        },
        {
          "type": "QUEST_CONTENT_MAIN_COOP_ENTER_SAVE_POINT",
          "param": [105001, 1911801],
          "param_str": ""
        }
      ],
      "failCond": [
        {
          "type": "QUEST_CONTENT_LUA_NOTIFY",
          "param": [0, 0],
          "param_str": "1911604",
          "count": 1
        }
      ],
      "guide": {
        "type": "QUEST_GUIDE_NPC",
        "autoGuide": "QUEST_GUIDE_AUTO_ENABLE",
        "param": ["503"],
        "guideScene": 3,
        "guideStyle": "QUEST_GUIDE_STYLE_TARGET",
        "guideLayer": "QUEST_GUIDE_LAYER_SCENE"
      },
      "finishParent": true,
      "isRewind": true,
      "finishExec": [
        {
          "type": "QUEST_EXEC_UNREGISTER_DYNAMIC_GROUP",
          "param": ["133220008", "0"],
          "param_str": ""
        }
      ],
      "failExec": [
        {
          "param": [],
          "param_str": ""
        }
      ],
      "beginExec": [
        {
          "type": "QUEST_EXEC_REGISTER_DYNAMIC_GROUP_ONLY",
          "param": ["133220008", "0"],
          "param_str": ""
        }
      ],
      "exclusiveNpcList": [1033],
      "exclusiveNpcPriority": 1100,
      "exclusivePlaceList": [322001]
    },
    {
      "subId": 1911604,
      "mainId": 19116,
      "order": 4,
      "isMpBlock": true,
      "descTextMapHash": 755352444,
      "showType": "QUEST_HIDDEN",
      "acceptCondComb": "LOGIC_OR",
      "acceptCond": [
        {
          "type": "QUEST_COND_STATE_EQUAL",
          "param": [1911601, 4],
          "param_str": ""
        },
        {
          "type": "QUEST_COND_STATE_EQUAL",
          "param": [1911602, 4],
          "param_str": ""
        }
      ],
      "finishCond": [
        {
          "type": "QUEST_CONTENT_FINISH_PLOT",
          "param": [1911604, 0],
          "param_str": ""
        }
      ],
      "failCond": [
        {
          "param": [],
          "param_str": ""
        }
      ],
      "guide": {},
      "finishExec": [
        {
          "type": "QUEST_EXEC_UNREGISTER_DYNAMIC_GROUP",
          "param": ["133220008", "0"],
          "param_str": ""
        }
      ],
      "failExec": [
        {
          "param": [],
          "param_str": ""
        }
      ],
      "beginExec": [
        {
          "param": [],
          "param_str": ""
        }
      ],
      "exclusiveNpcList": [1033],
      "exclusiveNpcPriority": 1100
    },
    {
      "subId": 1911605,
      "mainId": 19116,
      "order": 5,
      "isMpBlock": true,
      "descTextMapHash": 2127248396,
      "showType": "QUEST_HIDDEN",
      "acceptCondComb": "LOGIC_OR",
      "acceptCond": [
        {
          "type": "QUEST_COND_STATE_EQUAL",
          "param": [1911603, 4],
          "param_str": ""
        }
      ],
      "finishCond": [
        {
          "type": "QUEST_CONTENT_FINISH_PLOT",
          "param": [1911605, 0],
          "param_str": ""
        }
      ],
      "failCond": [
        {
          "param": [],
          "param_str": ""
        }
      ],
      "guide": {},
      "finishExec": [
        {
          "type": "QUEST_EXEC_UNREGISTER_DYNAMIC_GROUP",
          "param": ["133220008", "0"],
          "param_str": ""
        }
      ],
      "failExec": [
        {
          "param": [],
          "param_str": ""
        }
      ],
      "beginExec": [
        {
          "param": [],
          "param_str": ""
        }
      ],
      "exclusiveNpcList": [1033],
      "exclusiveNpcPriority": 1100
    }
  ],
  "talks": [
    {
      "id": 1911608,
      "beginWay": "TALK_BEGIN_MANUAL",
      "activeMode": "PLAY_MODE_SINGLE",
      "beginCond": [
        {
          "type": "QUEST_COND_STATE_EQUAL",
          "param": ["1911602", "2"],
          "param_str": ""
        }
      ],
      "priority": 5,
      "initDialog": 191160801,
      "npcId": [503],
      "performCfg": "QuestDialogue/COOP/CoopThoma/Q1911608",
      "questId": 19116,
      "prePerformCfg": ""
    }
  ]
}
