{
  "id": 19133,
  "type": "LQ",
  "series": 102701,
  "titleTextMapHash": 1263816175,
  "descTextMapHash": 1965890838,
  "luaPath": "Actor/Quest/LQ19133",
  "chapterId": 102701,
  "subQuests": [
    {
      "subId": 1913301,
      "mainId": 19133,
      "order": 1,
      "descTextMapHash": 112966348,
      "acceptCond": [
        {
          "type": "QUEST_COND_MAIN_COOP_ENTER_SAVE_POINT",
          "param": [102701, 20401],
          "param_str": ""
        }
      ],
      "finishCond": [
        {
          "type": "QUEST_CONTENT_MAIN_COOP_ENTER_SAVE_POINT",
          "param": [102701, 301],
          "param_str": ""
        }
      ],
      "failCond": [
        {
          "param": [],
          "param_str": ""
        }
      ],
      "guide": {
        "type": "QUEST_GUIDE_NPC",
        "param": ["2020"],
        "guideScene": 3,
        "guideStyle": "QUEST_GUIDE_STYLE_TARGET",
        "guideLayer": "QUEST_GUIDE_LAYER_SCENE"
      },
      "isRewind": true,
      "finishExec": [
        {
          "param": [],
          "param_str": ""
        }
      ],
      "failExec": [
        {
          "param": [],
          "param_str": ""
        }
      ],
      "beginExec": [
        {
          "type": "QUEST_EXEC_SET_QUEST_GLOBAL_VAR",
          "param": ["1913101", "1"],
          "param_str": ""
        }
      ],
      "exclusiveNpcList": [10211, 2020, 2140, 2142, 2143, 2063, 2146],
      "exclusiveNpcPriority": 1100,
      "exclusivePlaceList": [1034]
    },
    {
      "subId": 1913302,
      "mainId": 19133,
      "order": 2,
      "descTextMapHash": 1192278860,
      "acceptCond": [
        {
          "type": "QUEST_COND_STATE_EQUAL",
          "param": [1913301, 3],
          "param_str": ""
        }
      ],
      "finishCond": [
        {
          "type": "QUEST_CONTENT_MAIN_COOP_ENTER_SAVE_POINT",
          "param": [102701, 302],
          "param_str": ""
        }
      ],
      "failCond": [
        {
          "param": [],
          "param_str": ""
        }
      ],
      "guide": {
        "type": "QUEST_GUIDE_NPC",
        "param": ["12298"],
        "guideScene": 3,
        "guideStyle": "QUEST_GUIDE_STYLE_TARGET",
        "guideLayer": "QUEST_GUIDE_LAYER_SCENE"
      },
      "isRewind": true,
      "finishExec": [
        {
          "type": "QUEST_EXEC_DEL_ALL_SPECIFIC_PACK_ITEM",
          "param": ["101605", "0"],
          "param_str": ""
        }
      ],
      "failExec": [
        {
          "param": [],
          "param_str": ""
        }
      ],
      "beginExec": [
        {
          "type": "QUEST_EXEC_SET_QUEST_GLOBAL_VAR",
          "param": ["1913101", "1"],
          "param_str": ""
        }
      ],
      "exclusiveNpcList": [10211, 2020, 12298, 12299, 12300, 2140, 2142, 2143],
      "exclusiveNpcPriority": 1100
    },
    {
      "subId": 1913303,
      "mainId": 19133,
      "order": 3,
      "descTextMapHash": 159325556,
      "acceptCond": [
        {
          "type": "QUEST_COND_STATE_EQUAL",
          "param": [1913302, 3],
          "param_str": ""
        }
      ],
      "finishCond": [
        {
          "type": "QUEST_CONTENT_MAIN_COOP_ENTER_SAVE_POINT",
          "param": [102701, 303],
          "param_str": ""
        }
      ],
      "failCond": [
        {
          "param": [],
          "param_str": ""
        }
      ],
      "guide": {
        "type": "QUEST_GUIDE_LOCATION",
        "param": ["Q1913303_C1913303MerchantA", "25"],
        "guideScene": 3,
        "guideStyle": "QUEST_GUIDE_STYLE_TARGET",
        "guideLayer": "QUEST_GUIDE_LAYER_SCENE"
      },
      "isRewind": true,
      "finishExec": [
        {
          "param": [],
          "param_str": ""
        }
      ],
      "failExec": [
        {
          "param": [],
          "param_str": ""
        }
      ],
      "beginExec": [
        {
          "param": [],
          "param_str": ""
        }
      ],
      "exclusiveNpcList": [
        10211, 12298, 12299, 12300, 12301, 12302, 2140, 2142, 2143
      ],
      "exclusiveNpcPriority": 1100
    },
    {
      "subId": 1913304,
      "mainId": 19133,
      "order": 4,
      "descTextMapHash": 2115136532,
      "acceptCond": [
        {
          "type": "QUEST_COND_STATE_EQUAL",
          "param": [1913303, 3],
          "param_str": ""
        }
      ],
      "finishCond": [
        {
          "type": "QUEST_CONTENT_MAIN_COOP_ENTER_SAVE_POINT",
          "param": [102701, 304],
          "param_str": ""
        }
      ],
      "failCond": [
        {
          "param": [],
          "param_str": ""
        }
      ],
      "guide": {
        "type": "QUEST_GUIDE_NPC",
        "param": ["12298"],
        "guideScene": 3,
        "guideStyle": "QUEST_GUIDE_STYLE_TARGET",
        "guideLayer": "QUEST_GUIDE_LAYER_SCENE"
      },
      "isRewind": true,
      "finishExec": [
        {
          "param": [],
          "param_str": ""
        }
      ],
      "failExec": [
        {
          "param": [],
          "param_str": ""
        }
      ],
      "beginExec": [
        {
          "type": "QUEST_EXEC_SET_QUEST_GLOBAL_VAR",
          "param": ["1913101", "1"],
          "param_str": ""
        }
      ],
      "exclusiveNpcList": [
        10211, 12298, 12299, 12300, 12301, 12302, 2140, 2142, 2143
      ],
      "exclusiveNpcPriority": 1100
    },
    {
      "subId": 1913305,
      "mainId": 19133,
      "order": 5,
      "descTextMapHash": 2296851564,
      "acceptCond": [
        {
          "type": "QUEST_COND_STATE_EQUAL",
          "param": [1913304, 3],
          "param_str": ""
        }
      ],
      "finishCond": [
        {
          "type": "QUEST_CONTENT_MAIN_COOP_ENTER_SAVE_POINT",
          "param": [102701, 1],
          "param_str": ""
        }
      ],
      "failCond": [
        {
          "param": [],
          "param_str": ""
        }
      ],
      "guide": {
        "type": "QUEST_GUIDE_LOCATION",
        "param": ["Q1913305target", "20"],
        "guideScene": 3,
        "guideStyle": "QUEST_GUIDE_STYLE_POINT",
        "guideLayer": "QUEST_GUIDE_LAYER_SCENE"
      },
      "finishParent": true,
      "isRewind": true,
      "finishExec": [
        {
          "type": "QUEST_EXEC_SET_QUEST_GLOBAL_VAR",
          "param": ["1913101", "0"],
          "param_str": ""
        }
      ],
      "failExec": [
        {
          "param": [],
          "param_str": ""
        }
      ],
      "beginExec": [
        {
          "param": [],
          "param_str": ""
        }
      ],
      "exclusiveNpcList": [
        10211, 12298, 12299, 12300, 12301, 12302, 2140, 2142, 2143
      ],
      "exclusiveNpcPriority": 1100
    }
  ],
  "talks": [
    {
      "id": 1913306,
      "beginWay": "TALK_BEGIN_MANUAL",
      "activeMode": "PLAY_MODE_SINGLE",
      "beginCond": [
        {
          "type": "QUEST_COND_STATE_EQUAL",
          "param": ["1913302", "2"],
          "param_str": ""
        }
      ],
      "priority": 5,
      "initDialog": 191330601,
      "npcId": [2020],
      "performCfg": "QuestDialogue/COOP/CoopNingguang/Q1913306",
      "heroTalk": "TALK_HERO_MAIN",
      "questId": 19133,
      "prePerformCfg": ""
    },
    {
      "id": 1913307,
      "beginWay": "TALK_BEGIN_MANUAL",
      "activeMode": "PLAY_MODE_SINGLE",
      "beginCond": [
        {
          "type": "QUEST_COND_STATE_EQUAL",
          "param": ["1913303", "2"],
          "param_str": ""
        }
      ],
      "priority": 5,
      "initDialog": 191330701,
      "npcId": [12299, 12298, 12300],
      "performCfg": "QuestDialogue/COOP/CoopNingguang/Q1913307",
      "heroTalk": "TALK_HERO_MAIN",
      "questId": 19133,
      "prePerformCfg": ""
    },
    {
      "id": 1913308,
      "beginWay": "TALK_BEGIN_MANUAL",
      "activeMode": "PLAY_MODE_SINGLE",
      "beginCond": [
        {
          "type": "QUEST_COND_STATE_EQUAL",
          "param": ["1913301", "2"],
          "param_str": ""
        }
      ],
      "priority": 5,
      "initDialog": 191321501,
      "npcId": [2146],
      "performCfg": "QuestDialogue/COOP/CoopNingguang/Q1913215",
      "heroTalk": "TALK_HERO_MAIN",
      "questId": 19133,
      "prePerformCfg": ""
    }
  ]
}
