{
  "id": 19141,
  "type": "LQ",
  "series": 106501,
  "titleTextMapHash": 3110602455,
  "descTextMapHash": 3870742934,
  "luaPath": "Actor/Quest/LQ19141",
  "suggestTrackMainQuestList": [19142, 19143, 19144],
  "chapterId": 106501,
  "subQuests": [
    {
      "subId": 1914101,
      "mainId": 19141,
      "order": 1,
      "descTextMapHash": 3290505228,
      "acceptCond": [
        {
          "type": "QUEST_COND_MAIN_COOP_START",
          "param": [106501, 0],
          "param_str": ""
        }
      ],
      "finishCond": [
        {
          "type": "QUEST_CONTENT_MAIN_COOP_ENTER_SAVE_POINT",
          "param": [106501, 191410101],
          "param_str": ""
        }
      ],
      "failCond": [
        {
          "param": [],
          "param_str": ""
        }
      ],
      "guide": {
        "type": "QUEST_GUIDE_LOCATION",
        "param": ["Q1914101_C1914101_guide", "30"],
        "guideScene": 3,
        "guideStyle": "QUEST_GUIDE_STYLE_POINT",
        "guideLayer": "QUEST_GUIDE_LAYER_SCENE"
      },
      "isRewind": true,
      "finishExec": [
        {
          "param": [],
          "param_str": ""
        }
      ],
      "failExec": [
        {
          "param": [],
          "param_str": ""
        }
      ],
      "beginExec": [
        {
          "type": "QUEST_EXEC_REGISTER_DYNAMIC_GROUP",
          "param": ["3", "133221078"],
          "param_str": ""
        }
      ],
      "exclusiveNpcList": [1049, 12276, 12277, 12278, 3020],
      "exclusiveNpcPriority": 1100
    },
    {
      "subId": 1914102,
      "mainId": 19141,
      "order": 2,
      "descTextMapHash": 3594551260,
      "acceptCond": [
        {
          "type": "QUEST_COND_MAIN_COOP_ENTER_SAVE_POINT",
          "param": [106501, 191410101],
          "param_str": ""
        }
      ],
      "finishCondComb": "LOGIC_OR",
      "finishCond": [
        {
          "type": "QUEST_CONTENT_MAIN_COOP_ENTER_SAVE_POINT",
          "param": [106501, 191410201],
          "param_str": ""
        },
        {
          "type": "QUEST_CONTENT_MAIN_COOP_ENTER_SAVE_POINT",
          "param": [106501, 191410202],
          "param_str": ""
        },
        {
          "type": "QUEST_CONTENT_MAIN_COOP_ENTER_SAVE_POINT",
          "param": [106501, 191410203],
          "param_str": ""
        }
      ],
      "failCond": [
        {
          "param": [],
          "param_str": ""
        }
      ],
      "guide": {
        "type": "QUEST_GUIDE_NPC",
        "param": ["510"],
        "guideScene": 3,
        "guideStyle": "QUEST_GUIDE_STYLE_TARGET",
        "guideLayer": "QUEST_GUIDE_LAYER_SCENE"
      },
      "finishParent": true,
      "isRewind": true,
      "finishExec": [
        {
          "param": [],
          "param_str": ""
        }
      ],
      "failExec": [
        {
          "param": [],
          "param_str": ""
        }
      ],
      "beginExec": [
        {
          "type": "QUEST_EXEC_REGISTER_DYNAMIC_GROUP_ONLY",
          "param": ["133221078", "0"],
          "param_str": ""
        }
      ],
      "exclusiveNpcList": [1049, 12276, 12277, 12278, 3020],
      "exclusiveNpcPriority": 1100
    }
  ],
  "talks": [
    {
      "id": 1914107,
      "beginWay": "TALK_BEGIN_MANUAL",
      "activeMode": "PLAY_MODE_SINGLE",
      "beginCond": [
        {
          "type": "QUEST_COND_STATE_EQUAL",
          "param": ["1914102", "2"],
          "param_str": ""
        }
      ],
      "priority": 5,
      "initDialog": 191410701,
      "npcId": [3020],
      "performCfg": "QuestDialogue/COOP/CoopShinobu/Q1914107",
      "heroTalk": "TALK_HERO_MAIN",
      "questId": 19141,
      "prePerformCfg": ""
    }
  ]
}
