{
  "id": 19159,
  "type": "LQ",
  "series": 107401,
  "titleTextMapHash": 1550633319,
  "descTextMapHash": 4182453406,
  "luaPath": "Actor/Quest/LQ19159",
  "chapterId": 107401,
  "subQuests": [
    {
      "subId": 1915901,
      "mainId": 19159,
      "order": 1,
      "descTextMapHash": 1221865420,
      "acceptCondComb": "LOGIC_NONE",
      "finishCondComb": "LOGIC_NONE",
      "acceptCond": [
        {
          "type": "QUEST_COND_UNKNOWN",
          "param": [0, 0],
          "param_str": ""
        }
      ],
      "finishCond": [],
      "failCond": [],
      "beginExec": [],
      "finishExec": [],
      "failExec": [],
      "guide": {}
    },
    {
      "subId": 1915902,
      "mainId": 19159,
      "order": 2,
      "descTextMapHash": 637877820,
      "acceptCondComb": "LOGIC_NONE",
      "finishCondComb": "LOGIC_NONE",
      "acceptCond": [
        {
          "type": "QUEST_COND_UNKNOWN",
          "param": [0, 0],
          "param_str": ""
        }
      ],
      "finishCond": [],
      "failCond": [],
      "beginExec": [],
      "finishExec": [],
      "failExec": [],
      "guide": {}
    }
  ],
  "talks": [
    {
      "id": 1915908,
      "beginWay": "TALK_BEGIN_MANUAL",
      "activeMode": "PLAY_MODE_SINGLE",
      "beginCondComb": "LOGIC_OR",
      "beginCond": [
        {
          "type": "QUEST_COND_STATE_EQUAL",
          "param": ["1915901", "2"],
          "param_str": ""
        },
        {
          "type": "QUEST_COND_STATE_EQUAL",
          "param": ["1915902", "2"],
          "param_str": ""
        }
      ],
      "priority": 5,
      "initDialog": 191590801,
      "npcId": [12910],
      "performCfg": "QuestDialogue/COOP/CoopLayla/Q1915908",
      "heroTalk": "TALK_HERO_MAIN",
      "questId": 19159,
      "prePerformCfg": "",
      "lowPriority": true
    }
  ]
}
