{
  "id": 19157,
  "type": "LQ",
  "series": 107401,
  "titleTextMapHash": 1194507903,
  "descTextMapHash": 922656998,
  "luaPath": "Actor/Quest/LQ19157",
  "suggestTrackMainQuestList": [19158, 19161],
  "chapterId": 107401,
  "subQuests": [
    {
      "subId": 1915701,
      "mainId": 19157,
      "order": 1,
      "descTextMapHash": 2909894540,
      "acceptCondComb": "LOGIC_NONE",
      "finishCondComb": "LOGIC_NONE",
      "acceptCond": [
        {
          "type": "QUEST_COND_UNKNOWN",
          "param": [0, 0],
          "param_str": ""
        }
      ],
      "finishCond": [],
      "failCond": [],
      "beginExec": [],
      "finishExec": [],
      "failExec": [],
      "guide": {}
    },
    {
      "subId": 1915702,
      "mainId": 19157,
      "order": 2,
      "descTextMapHash": 2410516396,
      "acceptCondComb": "LOGIC_NONE",
      "finishCondComb": "LOGIC_NONE",
      "acceptCond": [
        {
          "type": "QUEST_COND_UNKNOWN",
          "param": [0, 0],
          "param_str": ""
        }
      ],
      "finishCond": [],
      "failCond": [],
      "beginExec": [],
      "finishExec": [],
      "failExec": [],
      "guide": {}
    }
  ]
}
