{
  "id": 19151,
  "type": "LQ",
  "series": 107401,
  "titleTextMapHash": 3303717303,
  "descTextMapHash": 2099574614,
  "luaPath": "Actor/Quest/LQ19151",
  "suggestTrackMainQuestList": [19152, 19154],
  "chapterId": 107401,
  "subQuests": [
    {
      "subId": 1915101,
      "mainId": 19151,
      "order": 1,
      "descTextMapHash": 4262169972,
      "acceptCondComb": "LOGIC_NONE",
      "finishCondComb": "LOGIC_NONE",
      "acceptCond": [
        {
          "type": "QUEST_COND_UNKNOWN",
          "param": [0, 0],
          "param_str": ""
        }
      ],
      "finishCond": [],
      "failCond": [],
      "beginExec": [],
      "finishExec": [],
      "failExec": [],
      "guide": {}
    },
    {
      "subId": 1915102,
      "mainId": 19151,
      "order": 3,
      "descTextMapHash": 2812948708,
      "acceptCondComb": "LOGIC_NONE",
      "finishCondComb": "LOGIC_NONE",
      "acceptCond": [
        {
          "type": "QUEST_COND_UNKNOWN",
          "param": [0, 0],
          "param_str": ""
        }
      ],
      "finishCond": [],
      "failCond": [],
      "beginExec": [],
      "finishExec": [],
      "failExec": [],
      "guide": {}
    },
    {
      "subId": 1915103,
      "mainId": 19151,
      "order": 4,
      "descTextMapHash": 32332300,
      "acceptCondComb": "LOGIC_NONE",
      "finishCondComb": "LOGIC_NONE",
      "acceptCond": [
        {
          "type": "QUEST_COND_UNKNOWN",
          "param": [0, 0],
          "param_str": ""
        }
      ],
      "finishCond": [],
      "failCond": [],
      "beginExec": [],
      "finishExec": [],
      "failExec": [],
      "guide": {}
    },
    {
      "subId": 1915104,
      "mainId": 19151,
      "order": 2,
      "descTextMapHash": 2581784124,
      "acceptCondComb": "LOGIC_NONE",
      "finishCondComb": "LOGIC_NONE",
      "acceptCond": [
        {
          "type": "QUEST_COND_UNKNOWN",
          "param": [0, 0],
          "param_str": ""
        }
      ],
      "finishCond": [],
      "failCond": [],
      "beginExec": [],
      "finishExec": [],
      "failExec": [],
      "guide": {}
    }
  ],
  "talks": [
    {
      "id": 1915108,
      "beginWay": "TALK_BEGIN_MANUAL",
      "activeMode": "PLAY_MODE_SINGLE",
      "beginCondComb": "LOGIC_OR",
      "beginCond": [
        {
          "type": "QUEST_COND_STATE_EQUAL",
          "param": ["1915102", "2"],
          "param_str": ""
        },
        {
          "type": "QUEST_COND_STATE_EQUAL",
          "param": ["1915103", "2"],
          "param_str": ""
        },
        {
          "type": "QUEST_COND_STATE_EQUAL",
          "param": ["1915104", "2"],
          "param_str": ""
        }
      ],
      "priority": 5,
      "initDialog": 191510801,
      "npcId": [12905],
      "performCfg": "QuestDialogue/COOP/CoopLayla/Q1915108",
      "heroTalk": "TALK_HERO_MAIN",
      "questId": 19151,
      "prePerformCfg": "",
      "lowPriority": true
    }
  ]
}
