{
  "id": 19160,
  "type": "LQ",
  "series": 107401,
  "titleTextMapHash": 3988274903,
  "descTextMapHash": 3152483862,
  "luaPath": "Actor/Quest/LQ19160",
  "chapterId": 107401,
  "subQuests": [
    {
      "subId": 1916001,
      "mainId": 19160,
      "order": 1,
      "descTextMapHash": 4234188340,
      "acceptCondComb": "LOGIC_NONE",
      "finishCondComb": "LOGIC_NONE",
      "acceptCond": [
        {
          "type": "QUEST_COND_UNKNOWN",
          "param": [0, 0],
          "param_str": ""
        }
      ],
      "finishCond": [],
      "failCond": [],
      "beginExec": [],
      "finishExec": [],
      "failExec": [],
      "guide": {}
    },
    {
      "subId": 1916002,
      "mainId": 19160,
      "order": 2,
      "descTextMapHash": 2572930668,
      "acceptCondComb": "LOGIC_NONE",
      "finishCondComb": "LOGIC_NONE",
      "acceptCond": [
        {
          "type": "QUEST_COND_UNKNOWN",
          "param": [0, 0],
          "param_str": ""
        }
      ],
      "finishCond": [],
      "failCond": [],
      "beginExec": [],
      "finishExec": [],
      "failExec": [],
      "guide": {}
    }
  ],
  "talks": [
    {
      "id": 1916002,
      "beginWay": "TALK_BEGIN_MANUAL",
      "activeMode": "PLAY_MODE_SINGLE",
      "beginCondComb": "LOGIC_OR",
      "beginCond": [
        {
          "type": "QUEST_COND_STATE_EQUAL",
          "param": ["1916001", "2"],
          "param_str": ""
        },
        {
          "type": "QUEST_COND_STATE_EQUAL",
          "param": ["1916002", "2"],
          "param_str": ""
        }
      ],
      "priority": 5,
      "initDialog": 191600201,
      "npcId": [12910],
      "performCfg": "QuestDialogue/COOP/CoopLayla/Q1916002",
      "heroTalk": "TALK_HERO_MAIN",
      "questId": 19160,
      "prePerformCfg": "",
      "lowPriority": true
    }
  ]
}
