{
  "id": 19172,
  "type": "LQ",
  "series": 107601,
  "titleTextMapHash": 672363471,
  "descTextMapHash": 3842059166,
  "luaPath": "Actor/Quest/LQ19172",
  "chapterId": 107601,
  "subQuests": [
    {
      "subId": 1917201,
      "mainId": 19172,
      "order": 1,
      "descTextMapHash": 1632880396,
      "acceptCondComb": "LOGIC_NONE",
      "finishCondComb": "LOGIC_NONE",
      "acceptCond": [
        {
          "type": "QUEST_COND_UNKNOWN",
          "param": [0, 0],
          "param_str": ""
        }
      ],
      "finishCond": [],
      "failCond": [],
      "beginExec": [],
      "finishExec": [],
      "failExec": [],
      "guide": {}
    },
    {
      "subId": 1917202,
      "mainId": 19172,
      "order": 2,
      "descTextMapHash": 196848180,
      "acceptCondComb": "LOGIC_NONE",
      "finishCondComb": "LOGIC_NONE",
      "acceptCond": [
        {
          "type": "QUEST_COND_UNKNOWN",
          "param": [0, 0],
          "param_str": ""
        }
      ],
      "finishCond": [],
      "failCond": [],
      "beginExec": [],
      "finishExec": [],
      "failExec": [],
      "guide": {}
    },
    {
      "subId": 1917203,
      "mainId": 19172,
      "order": 3,
      "descTextMapHash": 2573836588,
      "acceptCondComb": "LOGIC_NONE",
      "finishCondComb": "LOGIC_NONE",
      "acceptCond": [
        {
          "type": "QUEST_COND_UNKNOWN",
          "param": [0, 0],
          "param_str": ""
        }
      ],
      "finishCond": [],
      "failCond": [],
      "beginExec": [],
      "finishExec": [],
      "failExec": [],
      "guide": {}
    },
    {
      "subId": 1917204,
      "mainId": 19172,
      "order": 5,
      "descTextMapHash": 2824392884,
      "acceptCondComb": "LOGIC_NONE",
      "finishCondComb": "LOGIC_NONE",
      "acceptCond": [
        {
          "type": "QUEST_COND_UNKNOWN",
          "param": [0, 0],
          "param_str": ""
        }
      ],
      "finishCond": [],
      "failCond": [],
      "beginExec": [],
      "finishExec": [],
      "failExec": [],
      "guide": {}
    },
    {
      "subId": 1917205,
      "mainId": 19172,
      "order": 6,
      "descTextMapHash": 2368374356,
      "acceptCondComb": "LOGIC_NONE",
      "showGuide": "QUEST_GUIDE_ITEM_DISABLE",
      "finishCondComb": "LOGIC_NONE",
      "acceptCond": [
        {
          "type": "QUEST_COND_UNKNOWN",
          "param": [0, 0],
          "param_str": ""
        }
      ],
      "finishCond": [],
      "failCond": [],
      "beginExec": [],
      "finishExec": [],
      "failExec": [],
      "guide": {}
    },
    {
      "subId": 1917206,
      "mainId": 19172,
      "order": 7,
      "descTextMapHash": 2075916380,
      "acceptCondComb": "LOGIC_NONE",
      "finishCondComb": "LOGIC_NONE",
      "acceptCond": [
        {
          "type": "QUEST_COND_UNKNOWN",
          "param": [0, 0],
          "param_str": ""
        }
      ],
      "finishCond": [],
      "failCond": [],
      "beginExec": [],
      "finishExec": [],
      "failExec": [],
      "guide": {}
    },
    {
      "subId": 1917207,
      "mainId": 19172,
      "order": 8,
      "descTextMapHash": 3638453436,
      "acceptCondComb": "LOGIC_NONE",
      "showGuide": "QUEST_GUIDE_ITEM_DISABLE",
      "finishCondComb": "LOGIC_NONE",
      "acceptCond": [
        {
          "type": "QUEST_COND_UNKNOWN",
          "param": [0, 0],
          "param_str": ""
        }
      ],
      "finishCond": [],
      "failCond": [],
      "beginExec": [],
      "finishExec": [],
      "failExec": [],
      "guide": {}
    },
    {
      "subId": 1917208,
      "mainId": 19172,
      "order": 9,
      "descTextMapHash": 1775768172,
      "acceptCondComb": "LOGIC_NONE",
      "finishCondComb": "LOGIC_NONE",
      "acceptCond": [
        {
          "type": "QUEST_COND_UNKNOWN",
          "param": [0, 0],
          "param_str": ""
        }
      ],
      "finishCond": [],
      "failCond": [],
      "beginExec": [],
      "finishExec": [],
      "failExec": [],
      "guide": {}
    },
    {
      "subId": 1917209,
      "mainId": 19172,
      "order": 4,
      "descTextMapHash": 35181012,
      "failCondComb": "QUEST_HIDDEN",
      "acceptCondComb": "LOGIC_NONE",
      "showGuide": "QUEST_GUIDE_ITEM_DISABLE",
      "finishCondComb": "LOGIC_NONE",
      "acceptCond": [
        {
          "type": "QUEST_COND_UNKNOWN",
          "param": [0, 0],
          "param_str": ""
        }
      ],
      "finishCond": [],
      "failCond": [],
      "beginExec": [],
      "finishExec": [],
      "failExec": [],
      "guide": {}
    }
  ],
  "talks": [
    {
      "id": 1917251,
      "beginWay": "TALK_BEGIN_MANUAL",
      "activeMode": "PLAY_MODE_SINGLE",
      "beginCondComb": "LOGIC_OR",
      "beginCond": [
        {
          "type": "QUEST_COND_STATE_EQUAL",
          "param": ["1917201", "2"],
          "param_str": ""
        },
        {
          "type": "QUEST_COND_STATE_EQUAL",
          "param": ["1917202", "2"],
          "param_str": ""
        }
      ],
      "priority": 5,
      "initDialog": 191725101,
      "npcId": [12922],
      "performCfg": "QuestDialogue/COOP/CoopFaruzan/Q1917251",
      "heroTalk": "TALK_HERO_MAIN",
      "questId": 19172,
      "prePerformCfg": ""
    },
    {
      "id": 1917252,
      "beginWay": "TALK_BEGIN_MANUAL",
      "activeMode": "PLAY_MODE_SINGLE",
      "beginCond": [
        {
          "type": "QUEST_COND_STATE_EQUAL",
          "param": ["1917204", "2"],
          "param_str": ""
        }
      ],
      "priority": 5,
      "initDialog": 191725201,
      "npcId": [12925],
      "performCfg": "QuestDialogue/COOP/CoopFaruzan/Q1917252",
      "heroTalk": "TALK_HERO_MAIN",
      "questId": 19172,
      "prePerformCfg": ""
    },
    {
      "id": 1917253,
      "beginWay": "TALK_BEGIN_MANUAL",
      "activeMode": "PLAY_MODE_SINGLE",
      "beginCond": [
        {
          "type": "QUEST_COND_STATE_EQUAL",
          "param": ["1917204", "2"],
          "param_str": ""
        }
      ],
      "priority": 5,
      "initDialog": 191725301,
      "npcId": [30212],
      "performCfg": "QuestDialogue/COOP/CoopFaruzan/Q1917253",
      "heroTalk": "TALK_HERO_MAIN",
      "questId": 19172,
      "prePerformCfg": ""
    },
    {
      "id": 1917254,
      "beginWay": "TALK_BEGIN_MANUAL",
      "activeMode": "PLAY_MODE_SINGLE",
      "beginCond": [
        {
          "type": "QUEST_COND_STATE_EQUAL",
          "param": ["1917204", "2"],
          "param_str": ""
        }
      ],
      "priority": 5,
      "initDialog": 191725401,
      "npcId": [30216, 30214, 30215],
      "performCfg": "QuestDialogue/COOP/CoopFaruzan/Q1917254",
      "heroTalk": "TALK_HERO_MAIN",
      "questId": 19172,
      "prePerformCfg": ""
    },
    {
      "id": 1917255,
      "beginWay": "TALK_BEGIN_MANUAL",
      "activeMode": "PLAY_MODE_SINGLE",
      "beginCondComb": "LOGIC_OR",
      "beginCond": [
        {
          "type": "QUEST_COND_STATE_EQUAL",
          "param": ["1917205", "2"],
          "param_str": ""
        },
        {
          "type": "QUEST_COND_STATE_EQUAL",
          "param": ["1917207", "2"],
          "param_str": ""
        }
      ],
      "priority": 5,
      "initDialog": 191725501,
      "npcId": [1050],
      "performCfg": "QuestDialogue/COOP/CoopFaruzan/Q1917255",
      "heroTalk": "TALK_HERO_MAIN",
      "questId": 19172,
      "prePerformCfg": ""
    }
  ]
}
