{
  "id": 19171,
  "type": "LQ",
  "series": 107601,
  "titleTextMapHash": 159590143,
  "descTextMapHash": 3048517566,
  "luaPath": "Actor/Quest/LQ19171",
  "chapterId": 107601,
  "subQuests": [
    {
      "subId": 1917101,
      "mainId": 19171,
      "order": 1,
      "descTextMapHash": 1939647068,
      "acceptCondComb": "LOGIC_NONE",
      "finishCondComb": "LOGIC_NONE",
      "acceptCond": [
        {
          "type": "QUEST_COND_UNKNOWN",
          "param": [0, 0],
          "param_str": ""
        }
      ],
      "finishCond": [],
      "failCond": [],
      "beginExec": [],
      "finishExec": [],
      "failExec": [],
      "guide": {}
    },
    {
      "subId": 1917102,
      "mainId": 19171,
      "order": 2,
      "descTextMapHash": 2013213380,
      "acceptCondComb": "LOGIC_NONE",
      "finishCondComb": "LOGIC_NONE",
      "acceptCond": [
        {
          "type": "QUEST_COND_UNKNOWN",
          "param": [0, 0],
          "param_str": ""
        }
      ],
      "finishCond": [],
      "failCond": [],
      "beginExec": [],
      "finishExec": [],
      "failExec": [],
      "guide": {}
    },
    {
      "subId": 1917103,
      "mainId": 19171,
      "order": 3,
      "descTextMapHash": 1511776604,
      "acceptCondComb": "LOGIC_NONE",
      "finishCondComb": "LOGIC_NONE",
      "acceptCond": [
        {
          "type": "QUEST_COND_UNKNOWN",
          "param": [0, 0],
          "param_str": ""
        }
      ],
      "finishCond": [],
      "failCond": [],
      "beginExec": [],
      "finishExec": [],
      "failExec": [],
      "guide": {}
    },
    {
      "subId": 1917104,
      "mainId": 19171,
      "order": 4,
      "descTextMapHash": 1288242612,
      "acceptCondComb": "LOGIC_NONE",
      "finishCondComb": "LOGIC_NONE",
      "acceptCond": [
        {
          "type": "QUEST_COND_UNKNOWN",
          "param": [0, 0],
          "param_str": ""
        }
      ],
      "finishCond": [],
      "failCond": [],
      "beginExec": [],
      "finishExec": [],
      "failExec": [],
      "guide": {}
    },
    {
      "subId": 1917105,
      "mainId": 19171,
      "order": 5,
      "descTextMapHash": 1730573612,
      "acceptCondComb": "LOGIC_NONE",
      "finishCondComb": "LOGIC_NONE",
      "acceptCond": [
        {
          "type": "QUEST_COND_UNKNOWN",
          "param": [0, 0],
          "param_str": ""
        }
      ],
      "finishCond": [],
      "failCond": [],
      "beginExec": [],
      "finishExec": [],
      "failExec": [],
      "guide": {}
    },
    {
      "subId": 1917106,
      "mainId": 19171,
      "order": 6,
      "descTextMapHash": 3239931956,
      "acceptCondComb": "LOGIC_NONE",
      "finishCondComb": "LOGIC_NONE",
      "acceptCond": [
        {
          "type": "QUEST_COND_UNKNOWN",
          "param": [0, 0],
          "param_str": ""
        }
      ],
      "finishCond": [],
      "failCond": [],
      "beginExec": [],
      "finishExec": [],
      "failExec": [],
      "guide": {}
    }
  ],
  "talks": [
    {
      "id": 1917151,
      "beginWay": "TALK_BEGIN_MANUAL",
      "activeMode": "PLAY_MODE_SINGLE",
      "beginCond": [
        {
          "type": "QUEST_COND_STATE_EQUAL",
          "param": ["1917104", "2"],
          "param_str": ""
        }
      ],
      "priority": 5,
      "initDialog": 191715101,
      "npcId": [12923],
      "performCfg": "QuestDialogue/COOP/CoopFaruzan/Q1917151",
      "heroTalk": "TALK_HERO_MAIN",
      "questId": 19171,
      "prePerformCfg": ""
    },
    {
      "id": 1917152,
      "beginWay": "TALK_BEGIN_MANUAL",
      "activeMode": "PLAY_MODE_SINGLE",
      "beginCond": [
        {
          "type": "QUEST_COND_STATE_EQUAL",
          "param": ["1917105", "2"],
          "param_str": ""
        }
      ],
      "priority": 5,
      "initDialog": 191715201,
      "npcId": [12924],
      "performCfg": "QuestDialogue/COOP/CoopFaruzan/Q1917152",
      "heroTalk": "TALK_HERO_MAIN",
      "questId": 19171,
      "prePerformCfg": ""
    }
  ]
}
