{
  "id": 20003,
  "type": "IQ",
  "titleTextMapHash": 1811523967,
  "descTextMapHash": 4044975838,
  "luaPath": "Actor/Quest/IQ20003",
  "subQuests": [
    {
      "subId": 2000301,
      "mainId": 20003,
      "order": 1,
      "descTextMapHash": 2068975212,
      "acceptCond": [
        {
          "type": "QUEST_COND_DAILY_TASK_START",
          "param": [29400, 0],
          "param_str": ""
        }
      ],
      "finishCond": [
        {
          "type": "QUEST_CONTENT_COMPLETE_TALK",
          "param": [2000301, 0],
          "param_str": ""
        }
      ],
      "failCond": [
        {
          "param": [],
          "param_str": ""
        }
      ],
      "guide": {
        "type": "QUEST_GUIDE_NPC",
        "param": ["1606"],
        "guideScene": 3,
        "guideStyle": "QUEST_GUIDE_STYLE_START",
        "guideLayer": "QUEST_GUIDE_LAYER_SCENE"
      },
      "isRewind": true,
      "finishExec": [
        {
          "param": [],
          "param_str": ""
        }
      ],
      "failExec": [
        {
          "param": [],
          "param_str": ""
        }
      ],
      "beginExec": [
        {
          "param": [],
          "param_str": ""
        }
      ],
      "exclusiveNpcList": [1606],
      "exclusiveNpcPriority": 1100
    },
    {
      "subId": 2000302,
      "mainId": 20003,
      "order": 2,
      "descTextMapHash": 1564737780,
      "acceptCondComb": "LOGIC_AND",
      "acceptCond": [
        {
          "type": "QUEST_COND_DAILY_TASK_START",
          "param": [29400, 0],
          "param_str": ""
        },
        {
          "type": "QUEST_COND_STATE_EQUAL",
          "param": [2000301, 3],
          "param_str": ""
        }
      ],
      "finishCond": [
        {
          "type": "QUEST_CONTENT_FINISH_ITEM_GIVING",
          "param": [2000302, 0],
          "param_str": ""
        }
      ],
      "failCond": [
        {
          "param": [],
          "param_str": ""
        }
      ],
      "guide": {
        "type": "QUEST_GUIDE_NPC",
        "param": ["1606"],
        "guideScene": 3,
        "guideStyle": "QUEST_GUIDE_STYLE_TARGET",
        "guideLayer": "QUEST_GUIDE_LAYER_SCENE"
      },
      "isRewind": true,
      "finishExec": [
        {
          "param": [],
          "param_str": ""
        }
      ],
      "failExec": [
        {
          "param": [],
          "param_str": ""
        }
      ],
      "beginExec": [
        {
          "type": "QUEST_EXEC_ACTIVE_ITEM_GIVING",
          "param": ["2000302", "0"],
          "param_str": ""
        }
      ],
      "exclusiveNpcList": [1606],
      "exclusiveNpcPriority": 1100
    },
    {
      "subId": 2000303,
      "mainId": 20003,
      "order": 3,
      "descTextMapHash": 2650511932,
      "acceptCondComb": "LOGIC_AND",
      "acceptCond": [
        {
          "type": "QUEST_COND_DAILY_TASK_START",
          "param": [29400, 0],
          "param_str": ""
        },
        {
          "type": "QUEST_COND_STATE_EQUAL",
          "param": [99902, 3],
          "param_str": ""
        }
      ],
      "finishCond": [
        {
          "param": [],
          "param_str": ""
        }
      ],
      "failCond": [
        {
          "param": [],
          "param_str": ""
        }
      ],
      "guide": {},
      "finishExec": [
        {
          "param": [],
          "param_str": ""
        }
      ],
      "failExec": [
        {
          "param": [],
          "param_str": ""
        }
      ],
      "beginExec": [
        {
          "param": [],
          "param_str": ""
        }
      ]
    },
    {
      "subId": 2000304,
      "mainId": 20003,
      "order": 4,
      "descTextMapHash": 3078404980,
      "acceptCondComb": "LOGIC_AND",
      "acceptCond": [
        {
          "type": "QUEST_COND_DAILY_TASK_START",
          "param": [29400, 0],
          "param_str": ""
        },
        {
          "type": "QUEST_COND_STATE_EQUAL",
          "param": [2000302, 3],
          "param_str": ""
        }
      ],
      "finishCond": [
        {
          "type": "QUEST_CONTENT_COMPLETE_TALK",
          "param": [2000303, 0],
          "param_str": ""
        }
      ],
      "failCond": [
        {
          "param": [],
          "param_str": ""
        }
      ],
      "guide": {
        "type": "QUEST_GUIDE_NPC",
        "param": ["1606"],
        "guideScene": 3,
        "guideStyle": "QUEST_GUIDE_STYLE_TARGET",
        "guideLayer": "QUEST_GUIDE_LAYER_SCENE"
      },
      "isRewind": true,
      "finishExec": [
        {
          "param": [],
          "param_str": ""
        }
      ],
      "failExec": [
        {
          "param": [],
          "param_str": ""
        }
      ],
      "beginExec": [
        {
          "param": [],
          "param_str": ""
        }
      ],
      "exclusiveNpcList": [1606],
      "exclusiveNpcPriority": 1100
    },
    {
      "subId": 2000305,
      "mainId": 20003,
      "order": 8,
      "descTextMapHash": 1057058620,
      "acceptCondComb": "LOGIC_AND",
      "acceptCond": [
        {
          "type": "QUEST_COND_DAILY_TASK_START",
          "param": [29400, 0],
          "param_str": ""
        },
        {
          "type": "QUEST_COND_STATE_EQUAL",
          "param": [2000304, 3],
          "param_str": ""
        }
      ],
      "finishCondComb": "LOGIC_OR",
      "finishCond": [
        {
          "type": "QUEST_CONTENT_COMPLETE_TALK",
          "param": [2000306, 0],
          "param_str": ""
        },
        {
          "type": "QUEST_CONTENT_COMPLETE_TALK",
          "param": [2000307, 0],
          "param_str": ""
        },
        {
          "type": "QUEST_CONTENT_COMPLETE_TALK",
          "param": [2000308, 0],
          "param_str": ""
        }
      ],
      "failCond": [
        {
          "param": [],
          "param_str": ""
        }
      ],
      "guide": {
        "type": "QUEST_GUIDE_LOCATION",
        "param": ["Q20003_MagicLabor"],
        "guideScene": 3,
        "guideStyle": "QUEST_GUIDE_STYLE_POINT",
        "guideLayer": "QUEST_GUIDE_LAYER_SCENE"
      },
      "isRewind": true,
      "finishExec": [
        {
          "param": [],
          "param_str": ""
        }
      ],
      "failExec": [
        {
          "param": [],
          "param_str": ""
        }
      ],
      "beginExec": [
        {
          "param": [],
          "param_str": ""
        }
      ],
      "exclusiveNpcList": [1606, 10099],
      "exclusiveNpcPriority": 1100
    },
    {
      "subId": 2000306,
      "mainId": 20003,
      "order": 5,
      "descTextMapHash": 1230715900,
      "showType": "QUEST_HIDDEN",
      "acceptCondComb": "LOGIC_AND",
      "acceptCond": [
        {
          "type": "QUEST_COND_DAILY_TASK_START",
          "param": [29400, 0],
          "param_str": ""
        },
        {
          "type": "QUEST_COND_STATE_EQUAL",
          "param": [2000304, 3],
          "param_str": ""
        }
      ],
      "finishCond": [
        {
          "type": "QUEST_CONTENT_COMPLETE_TALK",
          "param": [2000306, 0],
          "param_str": ""
        }
      ],
      "failCondComb": "LOGIC_OR",
      "failCond": [
        {
          "type": "QUEST_CONTENT_COMPLETE_TALK",
          "param": [2000307, 0],
          "param_str": ""
        },
        {
          "type": "QUEST_CONTENT_COMPLETE_TALK",
          "param": [2000308, 0],
          "param_str": ""
        }
      ],
      "guide": {},
      "finishExec": [
        {
          "param": [],
          "param_str": ""
        }
      ],
      "failExec": [
        {
          "param": [],
          "param_str": ""
        }
      ],
      "beginExec": [
        {
          "param": [],
          "param_str": ""
        }
      ],
      "exclusiveNpcList": [1606, 10099],
      "exclusiveNpcPriority": 1100
    },
    {
      "subId": 2000307,
      "mainId": 20003,
      "order": 6,
      "descTextMapHash": 84420180,
      "showType": "QUEST_HIDDEN",
      "acceptCondComb": "LOGIC_AND",
      "acceptCond": [
        {
          "type": "QUEST_COND_DAILY_TASK_START",
          "param": [29400, 0],
          "param_str": ""
        },
        {
          "type": "QUEST_COND_STATE_EQUAL",
          "param": [2000304, 3],
          "param_str": ""
        }
      ],
      "finishCond": [
        {
          "type": "QUEST_CONTENT_COMPLETE_TALK",
          "param": [2000307, 0],
          "param_str": ""
        }
      ],
      "failCondComb": "LOGIC_OR",
      "failCond": [
        {
          "type": "QUEST_CONTENT_COMPLETE_TALK",
          "param": [2000306, 0],
          "param_str": ""
        },
        {
          "type": "QUEST_CONTENT_COMPLETE_TALK",
          "param": [2000308, 0],
          "param_str": ""
        }
      ],
      "guide": {},
      "finishExec": [
        {
          "param": [],
          "param_str": ""
        }
      ],
      "failExec": [
        {
          "param": [],
          "param_str": ""
        }
      ],
      "beginExec": [
        {
          "param": [],
          "param_str": ""
        }
      ],
      "exclusiveNpcList": [1606, 10099],
      "exclusiveNpcPriority": 1100
    },
    {
      "subId": 2000308,
      "mainId": 20003,
      "order": 7,
      "descTextMapHash": 1433513132,
      "showType": "QUEST_HIDDEN",
      "acceptCondComb": "LOGIC_AND",
      "acceptCond": [
        {
          "type": "QUEST_COND_DAILY_TASK_START",
          "param": [29400, 0],
          "param_str": ""
        },
        {
          "type": "QUEST_COND_STATE_EQUAL",
          "param": [2000304, 3],
          "param_str": ""
        }
      ],
      "finishCond": [
        {
          "type": "QUEST_CONTENT_COMPLETE_TALK",
          "param": [2000308, 0],
          "param_str": ""
        }
      ],
      "failCondComb": "LOGIC_OR",
      "failCond": [
        {
          "type": "QUEST_CONTENT_COMPLETE_TALK",
          "param": [2000306, 0],
          "param_str": ""
        },
        {
          "type": "QUEST_CONTENT_COMPLETE_TALK",
          "param": [2000307, 0],
          "param_str": ""
        }
      ],
      "guide": {},
      "finishExec": [
        {
          "param": [],
          "param_str": ""
        }
      ],
      "failExec": [
        {
          "param": [],
          "param_str": ""
        }
      ],
      "beginExec": [
        {
          "param": [],
          "param_str": ""
        }
      ],
      "exclusiveNpcList": [1606, 10099],
      "exclusiveNpcPriority": 1100
    },
    {
      "subId": 2000309,
      "mainId": 20003,
      "order": 9,
      "descTextMapHash": 1849201036,
      "acceptCondComb": "LOGIC_AND",
      "acceptCond": [
        {
          "type": "QUEST_COND_DAILY_TASK_START",
          "param": [29400, 0],
          "param_str": ""
        },
        {
          "type": "QUEST_COND_STATE_EQUAL",
          "param": [2000306, 3],
          "param_str": ""
        }
      ],
      "finishCondComb": "LOGIC_OR",
      "finishCond": [
        {
          "type": "QUEST_CONTENT_COMPLETE_TALK",
          "param": [2000309, 0],
          "param_str": ""
        }
      ],
      "failCond": [
        {
          "param": [],
          "param_str": ""
        }
      ],
      "guide": {
        "type": "QUEST_GUIDE_LOCATION",
        "param": ["Q2000309_guide"],
        "guideScene": 1004,
        "guideStyle": "QUEST_GUIDE_STYLE_POINT",
        "guideLayer": "QUEST_GUIDE_LAYER_SCENE"
      },
      "isRewind": true,
      "finishExec": [
        {
          "param": [],
          "param_str": ""
        }
      ],
      "failExec": [
        {
          "param": [],
          "param_str": ""
        }
      ],
      "beginExec": [
        {
          "param": [],
          "param_str": ""
        }
      ],
      "exclusiveNpcList": [1606, 12402],
      "exclusiveNpcPriority": 1100
    },
    {
      "subId": 2000310,
      "mainId": 20003,
      "order": 10,
      "descTextMapHash": 423377740,
      "acceptCondComb": "LOGIC_AND",
      "acceptCond": [
        {
          "type": "QUEST_COND_DAILY_TASK_START",
          "param": [29400, 0],
          "param_str": ""
        },
        {
          "type": "QUEST_COND_STATE_EQUAL",
          "param": [2000309, 3],
          "param_str": ""
        }
      ],
      "finishCond": [
        {
          "type": "QUEST_CONTENT_COMPLETE_TALK",
          "param": [2000310, 0],
          "param_str": ""
        }
      ],
      "failCond": [
        {
          "param": [],
          "param_str": ""
        }
      ],
      "guide": {
        "type": "QUEST_GUIDE_NPC",
        "param": ["1648"],
        "guideScene": 1004,
        "guideStyle": "QUEST_GUIDE_STYLE_TARGET",
        "guideLayer": "QUEST_GUIDE_LAYER_SCENE"
      },
      "isRewind": true,
      "finishExec": [
        {
          "param": [],
          "param_str": ""
        }
      ],
      "failExec": [
        {
          "param": [],
          "param_str": ""
        }
      ],
      "beginExec": [
        {
          "param": [],
          "param_str": ""
        }
      ],
      "exclusiveNpcList": [1606, 1648],
      "exclusiveNpcPriority": 1100
    },
    {
      "subId": 2000311,
      "mainId": 20003,
      "order": 11,
      "descTextMapHash": 2916576132,
      "acceptCondComb": "LOGIC_AND",
      "acceptCond": [
        {
          "type": "QUEST_COND_DAILY_TASK_START",
          "param": [29400, 0],
          "param_str": ""
        },
        {
          "type": "QUEST_COND_STATE_EQUAL",
          "param": [2000307, 3],
          "param_str": ""
        }
      ],
      "finishCond": [
        {
          "type": "QUEST_CONTENT_COMPLETE_TALK",
          "param": [2000311, 0],
          "param_str": ""
        }
      ],
      "failCond": [
        {
          "param": [],
          "param_str": ""
        }
      ],
      "guide": {
        "type": "QUEST_GUIDE_NPC",
        "param": ["1419"],
        "guideScene": 3,
        "guideStyle": "QUEST_GUIDE_STYLE_TARGET",
        "guideLayer": "QUEST_GUIDE_LAYER_SCENE"
      },
      "isRewind": true,
      "finishExec": [
        {
          "param": [],
          "param_str": ""
        }
      ],
      "failExec": [
        {
          "param": [],
          "param_str": ""
        }
      ],
      "beginExec": [
        {
          "param": [],
          "param_str": ""
        }
      ],
      "exclusiveNpcList": [1606, 1419],
      "exclusiveNpcPriority": 1100
    },
    {
      "subId": 2000312,
      "mainId": 20003,
      "order": 12,
      "descTextMapHash": 126165540,
      "acceptCondComb": "LOGIC_AND",
      "acceptCond": [
        {
          "type": "QUEST_COND_DAILY_TASK_START",
          "param": [29400, 0],
          "param_str": ""
        },
        {
          "type": "QUEST_COND_STATE_EQUAL",
          "param": [2000308, 3],
          "param_str": ""
        }
      ],
      "finishCond": [
        {
          "type": "QUEST_CONTENT_COMPLETE_TALK",
          "param": [2000312, 0],
          "param_str": ""
        }
      ],
      "failCond": [
        {
          "param": [],
          "param_str": ""
        }
      ],
      "guide": {
        "type": "QUEST_GUIDE_NPC",
        "param": ["1512"],
        "guideScene": 3,
        "guideStyle": "QUEST_GUIDE_STYLE_TARGET",
        "guideLayer": "QUEST_GUIDE_LAYER_SCENE"
      },
      "isRewind": true,
      "finishExec": [
        {
          "param": [],
          "param_str": ""
        }
      ],
      "failExec": [
        {
          "param": [],
          "param_str": ""
        }
      ],
      "beginExec": [
        {
          "param": [],
          "param_str": ""
        }
      ],
      "exclusiveNpcList": [1606, 1512],
      "exclusiveNpcPriority": 1100
    },
    {
      "subId": 2000313,
      "mainId": 20003,
      "order": 13,
      "descTextMapHash": 1748776980,
      "acceptCondComb": "LOGIC_A_AND_ETCOR",
      "acceptCond": [
        {
          "type": "QUEST_COND_DAILY_TASK_START",
          "param": [29400, 0],
          "param_str": ""
        },
        {
          "type": "QUEST_COND_STATE_EQUAL",
          "param": [2000310, 3],
          "param_str": ""
        },
        {
          "type": "QUEST_COND_STATE_EQUAL",
          "param": [2000311, 3],
          "param_str": ""
        },
        {
          "type": "QUEST_COND_STATE_EQUAL",
          "param": [2000312, 3],
          "param_str": ""
        }
      ],
      "finishCond": [
        {
          "type": "QUEST_CONTENT_COMPLETE_TALK",
          "param": [2000313, 0],
          "param_str": ""
        }
      ],
      "failCond": [
        {
          "param": [],
          "param_str": ""
        }
      ],
      "guide": {
        "type": "QUEST_GUIDE_NPC",
        "param": ["1606"],
        "guideScene": 3,
        "guideStyle": "QUEST_GUIDE_STYLE_FINISH",
        "guideLayer": "QUEST_GUIDE_LAYER_SCENE"
      },
      "finishParent": true,
      "isRewind": true,
      "finishExec": [
        {
          "type": "QUEST_EXEC_SET_QUEST_GLOBAL_VAR",
          "param": ["20003", "1", "0"],
          "param_str": ""
        },
        {
          "type": "QUEST_EXEC_INC_DAILY_TASK_VAR",
          "param": ["29400", "1"],
          "param_str": ""
        },
        {
          "type": "QUEST_EXEC_NOTIFY_DAILY_TASK",
          "param": ["29400", "0"],
          "param_str": ""
        }
      ],
      "failExec": [
        {
          "param": [],
          "param_str": ""
        }
      ],
      "beginExec": [
        {
          "param": [],
          "param_str": ""
        }
      ],
      "exclusiveNpcList": [1606],
      "exclusiveNpcPriority": 1100
    }
  ],
  "talks": [
    {
      "id": 2000301,
      "beginWay": "TALK_BEGIN_MANUAL",
      "activeMode": "PLAY_MODE_HOST",
      "beginCond": [
        {
          "type": "QUEST_COND_STATE_EQUAL",
          "param": ["2000301", "2"],
          "param_str": ""
        }
      ],
      "priority": 5,
      "initDialog": 200030101,
      "npcId": [1606],
      "performCfg": "",
      "heroTalk": "TALK_HERO_MAIN",
      "questId": 20003,
      "prePerformCfg": ""
    },
    {
      "id": 2000302,
      "beginWay": "TALK_BEGIN_MANUAL",
      "activeMode": "PLAY_MODE_HOST",
      "beginCondComb": "LOGIC_AND",
      "beginCond": [
        {
          "type": "QUEST_COND_STATE_EQUAL",
          "param": ["2000302", "2"],
          "param_str": ""
        },
        {
          "type": "QUEST_COND_ITEM_GIVING_ACTIVED",
          "param": ["2000302", "0"],
          "param_str": ""
        }
      ],
      "priority": 5,
      "initDialog": 200030201,
      "npcId": [1606],
      "performCfg": "",
      "heroTalk": "TALK_HERO_MAIN",
      "questId": 20003,
      "prePerformCfg": ""
    },
    {
      "id": 2000303,
      "beginWay": "TALK_BEGIN_AUTO",
      "activeMode": "PLAY_MODE_HOST",
      "beginCond": [
        {
          "type": "QUEST_COND_STATE_EQUAL",
          "param": ["2000304", "2"],
          "param_str": ""
        }
      ],
      "priority": 5,
      "initDialog": 200030301,
      "npcId": [1606],
      "performCfg": "QuestDialogue/IQ/Mengde_20003/Q2000303",
      "heroTalk": "TALK_HERO_MAIN",
      "questId": 20003,
      "prePerformCfg": ""
    },
    {
      "id": 2000304,
      "beginWay": "TALK_BEGIN_MANUAL",
      "activeMode": "PLAY_MODE_HOST",
      "beginCondComb": "LOGIC_AND",
      "beginCond": [
        {
          "type": "QUEST_COND_STATE_EQUAL",
          "param": ["2000304", "3"],
          "param_str": ""
        },
        {
          "type": "QUEST_COND_QUEST_NOT_RECEIVE",
          "param": ["2000313", "1"],
          "param_str": ""
        }
      ],
      "priority": 5,
      "initDialog": 200030401,
      "npcId": [1606],
      "performCfg": "",
      "heroTalk": "TALK_HERO_MAIN",
      "questId": 20003,
      "prePerformCfg": "",
      "lowPriority": true
    },
    {
      "id": 2000305,
      "beginWay": "TALK_BEGIN_MANUAL",
      "activeMode": "PLAY_MODE_HOST",
      "beginCond": [
        {
          "type": "QUEST_COND_STATE_EQUAL",
          "param": ["2000305", "2"],
          "param_str": ""
        }
      ],
      "priority": 5,
      "nextTalks": [2000306, 2000307, 2000308],
      "initDialog": 200030501,
      "npcId": [10099],
      "performCfg": "QuestDialogue/IQ/Mengde_20003/Q2000305",
      "heroTalk": "TALK_HERO_MAIN",
      "questId": 20003,
      "prePerformCfg": ""
    },
    {
      "id": 2000306,
      "activeMode": "PLAY_MODE_HOST",
      "beginCond": [
        {
          "type": "QUEST_COND_STATE_EQUAL",
          "param": ["2000305", "2"],
          "param_str": ""
        }
      ],
      "priority": 5,
      "initDialog": 200030601,
      "npcId": [10099],
      "performCfg": "QuestDialogue/IQ/Mengde_20003/Q2000306",
      "heroTalk": "TALK_HERO_MAIN",
      "questId": 20003,
      "prePerformCfg": ""
    },
    {
      "id": 2000307,
      "activeMode": "PLAY_MODE_HOST",
      "beginCond": [
        {
          "type": "QUEST_COND_STATE_EQUAL",
          "param": ["2000305", "2"],
          "param_str": ""
        }
      ],
      "priority": 5,
      "initDialog": 200030701,
      "npcId": [10099],
      "performCfg": "QuestDialogue/IQ/Mengde_20003/Q2000307",
      "heroTalk": "TALK_HERO_MAIN",
      "questId": 20003,
      "prePerformCfg": ""
    },
    {
      "id": 2000308,
      "activeMode": "PLAY_MODE_HOST",
      "beginCond": [
        {
          "type": "QUEST_COND_STATE_EQUAL",
          "param": ["2000305", "2"],
          "param_str": ""
        }
      ],
      "priority": 5,
      "initDialog": 200030801,
      "npcId": [10099],
      "performCfg": "QuestDialogue/IQ/Mengde_20003/Q2000308",
      "heroTalk": "TALK_HERO_MAIN",
      "questId": 20003,
      "prePerformCfg": ""
    },
    {
      "id": 2000309,
      "beginWay": "TALK_BEGIN_AUTO",
      "activeMode": "PLAY_MODE_HOST",
      "beginCond": [
        {
          "type": "QUEST_COND_STATE_EQUAL",
          "param": ["2000309", "2"],
          "param_str": ""
        }
      ],
      "priority": 5,
      "initDialog": 200030901,
      "npcId": [12402],
      "performCfg": "QuestDialogue/IQ/Mengde_20003/Q2000309",
      "heroTalk": "TALK_HERO_MAIN",
      "questId": 20003,
      "prePerformCfg": ""
    },
    {
      "id": 2000310,
      "beginWay": "TALK_BEGIN_MANUAL",
      "activeMode": "PLAY_MODE_HOST",
      "beginCond": [
        {
          "type": "QUEST_COND_STATE_EQUAL",
          "param": ["2000310", "2"],
          "param_str": ""
        }
      ],
      "priority": 5,
      "initDialog": 200031001,
      "npcId": [1648],
      "performCfg": "QuestDialogue/IQ/Mengde_20003/Q2000310",
      "heroTalk": "TALK_HERO_MAIN",
      "questId": 20003,
      "prePerformCfg": ""
    },
    {
      "id": 2000311,
      "beginWay": "TALK_BEGIN_MANUAL",
      "activeMode": "PLAY_MODE_HOST",
      "beginCond": [
        {
          "type": "QUEST_COND_STATE_EQUAL",
          "param": ["2000311", "2"],
          "param_str": ""
        }
      ],
      "priority": 5,
      "initDialog": 200031101,
      "npcId": [1419],
      "performCfg": "QuestDialogue/IQ/Mengde_20003/Q2000311",
      "heroTalk": "TALK_HERO_MAIN",
      "questId": 20003,
      "prePerformCfg": ""
    },
    {
      "id": 2000312,
      "beginWay": "TALK_BEGIN_MANUAL",
      "activeMode": "PLAY_MODE_HOST",
      "beginCond": [
        {
          "type": "QUEST_COND_STATE_EQUAL",
          "param": ["2000312", "2"],
          "param_str": ""
        }
      ],
      "priority": 5,
      "initDialog": 200031201,
      "npcId": [1512],
      "performCfg": "QuestDialogue/IQ/Mengde_20003/Q2000312",
      "heroTalk": "TALK_HERO_MAIN",
      "questId": 20003,
      "prePerformCfg": ""
    },
    {
      "id": 2000313,
      "beginWay": "TALK_BEGIN_MANUAL",
      "activeMode": "PLAY_MODE_HOST",
      "beginCond": [
        {
          "type": "QUEST_COND_STATE_EQUAL",
          "param": ["2000313", "2"],
          "param_str": ""
        }
      ],
      "priority": 5,
      "initDialog": 200031301,
      "npcId": [1606],
      "performCfg": "",
      "heroTalk": "TALK_HERO_MAIN",
      "questId": 20003,
      "prePerformCfg": ""
    }
  ]
}
