{
  "id": 20004,
  "type": "IQ",
  "titleTextMapHash": 2854674687,
  "descTextMapHash": 431407022,
  "luaPath": "Actor/Quest/IQ20004",
  "rewardIdList": [501003],
  "subQuests": [
    {
      "subId": 2000401,
      "mainId": 20004,
      "order": 1,
      "descTextMapHash": 3635575420,
      "acceptCond": [
        {
          "type": "QUEST_COND_DAILY_TASK_START",
          "param": [29500, 0],
          "param_str": ""
        }
      ],
      "finishCond": [
        {
          "type": "QUEST_CONTENT_COMPLETE_TALK",
          "param": [2000401, 0],
          "param_str": ""
        }
      ],
      "failCond": [
        {
          "param": [],
          "param_str": ""
        }
      ],
      "guide": {
        "type": "QUEST_GUIDE_NPC",
        "param": ["1606"],
        "guideScene": 3,
        "guideStyle": "QUEST_GUIDE_STYLE_START",
        "guideLayer": "QUEST_GUIDE_LAYER_SCENE"
      },
      "isRewind": true,
      "finishExec": [
        {
          "param": [],
          "param_str": ""
        }
      ],
      "failExec": [
        {
          "param": [],
          "param_str": ""
        }
      ],
      "beginExec": [
        {
          "param": [],
          "param_str": ""
        }
      ],
      "exclusiveNpcList": [1606],
      "exclusiveNpcPriority": 1100
    },
    {
      "subId": 2000402,
      "mainId": 20004,
      "order": 4,
      "descTextMapHash": 2556124164,
      "acceptCondComb": "LOGIC_AND",
      "acceptCond": [
        {
          "type": "QUEST_COND_DAILY_TASK_START",
          "param": [29500, 0],
          "param_str": ""
        },
        {
          "type": "QUEST_COND_STATE_EQUAL",
          "param": [2000407, 3],
          "param_str": ""
        }
      ],
      "finishCond": [
        {
          "type": "QUEST_CONTENT_FINISH_PLOT",
          "param": [2000402, 0],
          "param_str": ""
        }
      ],
      "failCond": [
        {
          "param": [],
          "param_str": ""
        }
      ],
      "guide": {
        "type": "QUEST_GUIDE_LOCATION",
        "param": ["Q2000402_N10095"],
        "guideScene": 3,
        "guideStyle": "QUEST_GUIDE_STYLE_POINT",
        "guideLayer": "QUEST_GUIDE_LAYER_SCENE"
      },
      "isRewind": true,
      "finishExec": [
        {
          "param": [],
          "param_str": ""
        }
      ],
      "failExec": [
        {
          "param": [],
          "param_str": ""
        }
      ],
      "beginExec": [
        {
          "param": [],
          "param_str": ""
        }
      ],
      "exclusiveNpcList": [1606, 10095],
      "exclusiveNpcPriority": 1100
    },
    {
      "subId": 2000403,
      "mainId": 20004,
      "order": 5,
      "descTextMapHash": 4234609492,
      "acceptCondComb": "LOGIC_AND",
      "acceptCond": [
        {
          "type": "QUEST_COND_DAILY_TASK_START",
          "param": [29500, 0],
          "param_str": ""
        },
        {
          "type": "QUEST_COND_STATE_EQUAL",
          "param": [2000402, 3],
          "param_str": ""
        }
      ],
      "finishCond": [
        {
          "type": "QUEST_CONTENT_COMPLETE_TALK",
          "param": [2000403, 0],
          "param_str": ""
        }
      ],
      "failCond": [
        {
          "param": [],
          "param_str": ""
        }
      ],
      "guide": {
        "type": "QUEST_GUIDE_NPC",
        "param": ["10095"],
        "guideScene": 3,
        "guideStyle": "QUEST_GUIDE_STYLE_TARGET",
        "guideLayer": "QUEST_GUIDE_LAYER_SCENE"
      },
      "isRewind": true,
      "finishExec": [
        {
          "param": [],
          "param_str": ""
        }
      ],
      "failExec": [
        {
          "param": [],
          "param_str": ""
        }
      ],
      "beginExec": [
        {
          "param": [],
          "param_str": ""
        }
      ],
      "exclusiveNpcList": [1606, 10095],
      "exclusiveNpcPriority": 1100
    },
    {
      "subId": 2000404,
      "mainId": 20004,
      "order": 6,
      "descTextMapHash": 3630786956,
      "acceptCondComb": "LOGIC_AND",
      "acceptCond": [
        {
          "type": "QUEST_COND_DAILY_TASK_START",
          "param": [29500, 0],
          "param_str": ""
        },
        {
          "type": "QUEST_COND_STATE_EQUAL",
          "param": [2000403, 3],
          "param_str": ""
        }
      ],
      "finishCond": [
        {
          "type": "QUEST_CONTENT_COMPLETE_TALK",
          "param": [2000404, 0],
          "param_str": ""
        }
      ],
      "failCond": [
        {
          "param": [],
          "param_str": ""
        }
      ],
      "guide": {
        "type": "QUEST_GUIDE_NPC",
        "param": ["1606"],
        "guideScene": 3,
        "guideStyle": "QUEST_GUIDE_STYLE_TARGET",
        "guideLayer": "QUEST_GUIDE_LAYER_SCENE"
      },
      "isRewind": true,
      "finishExec": [
        {
          "type": "QUEST_EXEC_DEL_PACK_ITEM",
          "param": ["101675", "1"],
          "param_str": ""
        }
      ],
      "failExec": [
        {
          "param": [],
          "param_str": ""
        }
      ],
      "beginExec": [
        {
          "param": [],
          "param_str": ""
        }
      ],
      "exclusiveNpcList": [1606, 10095],
      "exclusiveNpcPriority": 1100
    },
    {
      "subId": 2000405,
      "mainId": 20004,
      "order": 7,
      "descTextMapHash": 2073508724,
      "acceptCondComb": "LOGIC_AND",
      "acceptCond": [
        {
          "type": "QUEST_COND_DAILY_TASK_START",
          "param": [29500, 0],
          "param_str": ""
        },
        {
          "type": "QUEST_COND_STATE_EQUAL",
          "param": [2000404, 3],
          "param_str": ""
        }
      ],
      "finishCond": [
        {
          "type": "QUEST_CONTENT_COMPLETE_TALK",
          "param": [2000405, 0],
          "param_str": ""
        }
      ],
      "failCond": [
        {
          "param": [],
          "param_str": ""
        }
      ],
      "guide": {
        "type": "QUEST_GUIDE_NPC",
        "param": ["10095"],
        "guideScene": 3,
        "guideStyle": "QUEST_GUIDE_STYLE_FINISH",
        "guideLayer": "QUEST_GUIDE_LAYER_SCENE"
      },
      "finishParent": true,
      "isRewind": true,
      "finishExec": [
        {
          "type": "QUEST_EXEC_SET_DAILY_TASK_VAR",
          "param": ["29400", "1", "0"],
          "param_str": ""
        },
        {
          "type": "QUEST_EXEC_SET_DAILY_TASK_VAR",
          "param": ["29500", "1", "2"],
          "param_str": ""
        },
        {
          "type": "QUEST_EXEC_NOTIFY_DAILY_TASK",
          "param": ["29500", "0"],
          "param_str": ""
        }
      ],
      "failExec": [
        {
          "param": [],
          "param_str": ""
        }
      ],
      "beginExec": [
        {
          "param": [],
          "param_str": ""
        }
      ],
      "exclusiveNpcList": [1606, 10095],
      "exclusiveNpcPriority": 1100
    },
    {
      "subId": 2000406,
      "mainId": 20004,
      "order": 2,
      "descTextMapHash": 1103590236,
      "acceptCondComb": "LOGIC_AND",
      "acceptCond": [
        {
          "type": "QUEST_COND_DAILY_TASK_START",
          "param": [29500, 0],
          "param_str": ""
        },
        {
          "type": "QUEST_COND_STATE_EQUAL",
          "param": [2000401, 3],
          "param_str": ""
        }
      ],
      "finishCond": [
        {
          "type": "QUEST_CONTENT_FINISH_ITEM_GIVING",
          "param": [2000302, 0],
          "param_str": ""
        }
      ],
      "failCond": [
        {
          "param": [],
          "param_str": ""
        }
      ],
      "guide": {
        "type": "QUEST_GUIDE_NPC",
        "param": ["1606"],
        "guideScene": 3,
        "guideStyle": "QUEST_GUIDE_STYLE_TARGET",
        "guideLayer": "QUEST_GUIDE_LAYER_SCENE"
      },
      "isRewind": true,
      "finishExec": [
        {
          "param": [],
          "param_str": ""
        }
      ],
      "failExec": [
        {
          "param": [],
          "param_str": ""
        }
      ],
      "beginExec": [
        {
          "type": "QUEST_EXEC_ACTIVE_ITEM_GIVING",
          "param": ["2000302", "0"],
          "param_str": ""
        }
      ],
      "exclusiveNpcList": [1606],
      "exclusiveNpcPriority": 1100
    },
    {
      "subId": 2000407,
      "mainId": 20004,
      "order": 3,
      "descTextMapHash": 1158735676,
      "acceptCondComb": "LOGIC_AND",
      "acceptCond": [
        {
          "type": "QUEST_COND_DAILY_TASK_START",
          "param": [29500, 0],
          "param_str": ""
        },
        {
          "type": "QUEST_COND_STATE_EQUAL",
          "param": [2000406, 3],
          "param_str": ""
        }
      ],
      "finishCond": [
        {
          "type": "QUEST_CONTENT_COMPLETE_TALK",
          "param": [2000407, 0],
          "param_str": ""
        }
      ],
      "failCond": [
        {
          "param": [],
          "param_str": ""
        }
      ],
      "guide": {
        "type": "QUEST_GUIDE_NPC",
        "param": ["1606"],
        "guideScene": 3,
        "guideStyle": "QUEST_GUIDE_STYLE_TARGET",
        "guideLayer": "QUEST_GUIDE_LAYER_SCENE"
      },
      "isRewind": true,
      "finishExec": [
        {
          "param": [],
          "param_str": ""
        }
      ],
      "failExec": [
        {
          "param": [],
          "param_str": ""
        }
      ],
      "beginExec": [
        {
          "param": [],
          "param_str": ""
        }
      ],
      "exclusiveNpcList": [1606],
      "exclusiveNpcPriority": 1100
    }
  ],
  "talks": [
    {
      "id": 2000401,
      "beginWay": "TALK_BEGIN_MANUAL",
      "activeMode": "PLAY_MODE_HOST",
      "beginCond": [
        {
          "type": "QUEST_COND_STATE_EQUAL",
          "param": ["2000401", "2"],
          "param_str": ""
        }
      ],
      "priority": 5,
      "initDialog": 200040101,
      "npcId": [1606],
      "performCfg": "",
      "heroTalk": "TALK_HERO_MAIN",
      "questId": 20004,
      "prePerformCfg": ""
    },
    {
      "id": 2000403,
      "beginWay": "TALK_BEGIN_MANUAL",
      "activeMode": "PLAY_MODE_HOST",
      "beginCond": [
        {
          "type": "QUEST_COND_STATE_EQUAL",
          "param": ["2000403", "2"],
          "param_str": ""
        }
      ],
      "priority": 5,
      "initDialog": 200040301,
      "npcId": [10095],
      "performCfg": "QuestDialogue/IQ/Mengde_20004/Q2000403",
      "heroTalk": "TALK_HERO_MAIN",
      "questId": 20004,
      "prePerformCfg": ""
    },
    {
      "id": 2000404,
      "beginWay": "TALK_BEGIN_MANUAL",
      "activeMode": "PLAY_MODE_HOST",
      "beginCond": [
        {
          "type": "QUEST_COND_STATE_EQUAL",
          "param": ["2000404", "2"],
          "param_str": ""
        }
      ],
      "priority": 5,
      "initDialog": 200040401,
      "npcId": [1606],
      "performCfg": "",
      "heroTalk": "TALK_HERO_MAIN",
      "questId": 20004,
      "prePerformCfg": ""
    },
    {
      "id": 2000405,
      "beginWay": "TALK_BEGIN_MANUAL",
      "activeMode": "PLAY_MODE_HOST",
      "beginCond": [
        {
          "type": "QUEST_COND_STATE_EQUAL",
          "param": ["2000405", "2"],
          "param_str": ""
        }
      ],
      "priority": 5,
      "initDialog": 200040501,
      "npcId": [10095],
      "performCfg": "",
      "heroTalk": "TALK_HERO_MAIN",
      "questId": 20004,
      "prePerformCfg": ""
    },
    {
      "id": 2000406,
      "beginWay": "TALK_BEGIN_MANUAL",
      "activeMode": "PLAY_MODE_HOST",
      "beginCondComb": "LOGIC_AND",
      "beginCond": [
        {
          "type": "QUEST_COND_STATE_EQUAL",
          "param": ["2000406", "2"],
          "param_str": ""
        },
        {
          "type": "QUEST_COND_ITEM_GIVING_ACTIVED",
          "param": ["2000302", "0"],
          "param_str": ""
        }
      ],
      "priority": 5,
      "initDialog": 200040601,
      "npcId": [1606],
      "performCfg": "",
      "heroTalk": "TALK_HERO_MAIN",
      "questId": 20004,
      "prePerformCfg": ""
    },
    {
      "id": 2000407,
      "beginWay": "TALK_BEGIN_AUTO",
      "activeMode": "PLAY_MODE_HOST",
      "beginCond": [
        {
          "type": "QUEST_COND_STATE_EQUAL",
          "param": ["2000407", "2"],
          "param_str": ""
        }
      ],
      "priority": 5,
      "initDialog": 200040701,
      "npcId": [1606],
      "performCfg": "QuestDialogue/IQ/Mengde_20004/Q2000407",
      "heroTalk": "TALK_HERO_MAIN",
      "questId": 20004,
      "prePerformCfg": ""
    },
    {
      "id": 2000409,
      "beginWay": "TALK_BEGIN_MANUAL",
      "activeMode": "PLAY_MODE_HOST",
      "beginCond": [
        {
          "type": "QUEST_COND_STATE_EQUAL",
          "param": ["2000404", "2"],
          "param_str": ""
        }
      ],
      "priority": 5,
      "initDialog": 200040901,
      "npcId": [10095],
      "performCfg": "",
      "heroTalk": "TALK_HERO_MAIN",
      "questId": 20004,
      "prePerformCfg": "",
      "lowPriority": true
    },
    {
      "id": 2000410,
      "beginWay": "TALK_BEGIN_MANUAL",
      "activeMode": "PLAY_MODE_HOST",
      "beginCondComb": "LOGIC_OR",
      "beginCond": [
        {
          "type": "QUEST_COND_STATE_EQUAL",
          "param": ["2000402", "2"],
          "param_str": ""
        },
        {
          "type": "QUEST_COND_STATE_EQUAL",
          "param": ["2000403", "2"],
          "param_str": ""
        }
      ],
      "priority": 5,
      "initDialog": 200041001,
      "npcId": [1606],
      "performCfg": "",
      "heroTalk": "TALK_HERO_MAIN",
      "questId": 20004,
      "prePerformCfg": "",
      "lowPriority": true
    },
    {
      "id": 2000411,
      "beginWay": "TALK_BEGIN_MANUAL",
      "activeMode": "PLAY_MODE_HOST",
      "beginCond": [
        {
          "type": "QUEST_COND_STATE_EQUAL",
          "param": ["2000405", "2"],
          "param_str": ""
        }
      ],
      "priority": 5,
      "initDialog": 200041101,
      "npcId": [1606],
      "performCfg": "",
      "heroTalk": "TALK_HERO_MAIN",
      "questId": 20004,
      "prePerformCfg": "",
      "lowPriority": true
    }
  ]
}
