{
  "id": 2001,
  "series": 1201,
  "titleTextMapHash": 3233532831,
  "descTextMapHash": 1865604886,
  "luaPath": "Actor/Quest/AQ2001",
  "suggestTrackMainQuestList": [2002],
  "rewardIdList": [102001],
  "chapterId": 1201,
  "subQuests": [
    {
      "subId": 200101,
      "mainId": 2001,
      "order": 1,
      "descTextMapHash": 2786028868,
      "acceptCond": [
        {
          "type": "QUEST_COND_STATE_EQUAL",
          "param": [200010, 3],
          "param_str": ""
        }
      ],
      "finishCond": [
        {
          "type": "QUEST_CONTENT_FINISH_PLOT",
          "param": [200101, 0],
          "param_str": ""
        }
      ],
      "failCond": [
        {
          "param": [],
          "param_str": ""
        }
      ],
      "guide": {
        "type": "QUEST_GUIDE_NPC",
        "param": ["10412"],
        "guideScene": 3,
        "guideStyle": "QUEST_GUIDE_STYLE_TARGET",
        "guideLayer": "QUEST_GUIDE_LAYER_SCENE"
      },
      "isRewind": true,
      "finishExec": [
        {
          "param": [],
          "param_str": ""
        }
      ],
      "failExec": [
        {
          "param": [],
          "param_str": ""
        }
      ],
      "beginExec": [
        {
          "type": "QUEST_EXEC_REGISTER_DYNAMIC_GROUP",
          "param": ["3", "133108007"],
          "param_str": ""
        },
        {
          "type": "QUEST_EXEC_REGISTER_DYNAMIC_GROUP",
          "param": ["3", "133108008"],
          "param_str": ""
        },
        {
          "type": "QUEST_EXEC_REFRESH_GROUP_SUITE",
          "param": ["3", "133108008,2"],
          "param_str": ""
        },
        {
          "type": "QUEST_EXEC_UNREGISTER_DYNAMIC_GROUP",
          "param": ["133108907", "0"],
          "param_str": ""
        },
        {
          "type": "QUEST_EXEC_CHANGE_SKILL_DEPOT",
          "param": ["3", "0"],
          "param_str": ""
        }
      ],
      "exclusiveNpcList": [10412, 10409, 10410, 10411, 1031, 1032],
      "exclusiveNpcPriority": 1000,
      "exclusivePlaceList": [40039]
    },
    {
      "subId": 200102,
      "mainId": 2001,
      "order": 2,
      "isMpBlock": true,
      "descTextMapHash": 1590276948,
      "acceptCond": [
        {
          "type": "QUEST_COND_STATE_EQUAL",
          "param": [200101, 3],
          "param_str": ""
        }
      ],
      "finishCond": [
        {
          "type": "QUEST_CONTENT_LUA_NOTIFY",
          "param": [0, 0],
          "param_str": "200102",
          "count": 1
        }
      ],
      "failCondComb": "LOGIC_OR",
      "failCond": [
        {
          "type": "QUEST_CONTENT_NOT_FINISH_PLOT",
          "param": [200102, 0],
          "param_str": ""
        },
        {
          "type": "QUEST_CONTENT_TEAM_DEAD",
          "param": [0, 0],
          "param_str": ""
        },
        {
          "type": "QUEST_CONTENT_ANY_MANUAL_TRANSPORT",
          "param": [0, 0],
          "param_str": ""
        },
        {
          "type": "QUEST_CONTENT_LEAVE_SCENE_RANGE",
          "param": [3, 10],
          "param_str": "Q200011Trigger"
        }
      ],
      "guide": {},
      "finishExec": [
        {
          "type": "QUEST_EXEC_CHANGE_SKILL_DEPOT",
          "param": ["3", "0"],
          "param_str": ""
        },
        {
          "type": "QUEST_EXEC_UNLOCK_AVATAR_TEAM",
          "param": [0, 0],
          "param_str": ""
        }
      ],
      "failExec": [
        {
          "type": "QUEST_EXEC_CHANGE_SKILL_DEPOT",
          "param": ["3", "0"],
          "param_str": ""
        },
        {
          "type": "QUEST_EXEC_UNLOCK_AVATAR_TEAM",
          "param": [0, 0],
          "param_str": ""
        },
        {
          "type": "QUEST_EXEC_ROLLBACK_QUEST",
          "param": ["200101", "0"],
          "param_str": ""
        },
        {
          "type": "QUEST_EXEC_UNREGISTER_DYNAMIC_GROUP",
          "param": ["133108907", "0"],
          "param_str": ""
        },
        {
          "type": "QUEST_EXEC_REFRESH_GROUP_SUITE",
          "param": ["3", "133108906,3"],
          "param_str": ""
        }
      ],
      "beginExec": [
        {
          "type": "QUEST_EXEC_REGISTER_DYNAMIC_GROUP",
          "param": ["3", "133108907"],
          "param_str": ""
        },
        {
          "type": "QUEST_EXEC_REGISTER_DYNAMIC_GROUP",
          "param": ["3", "133108007"],
          "param_str": ""
        },
        {
          "type": "QUEST_EXEC_LOCK_AVATAR_TEAM",
          "param": ["0", "0"],
          "param_str": ""
        },
        {
          "type": "QUEST_EXEC_CHANGE_SKILL_DEPOT",
          "param": ["0", "0"],
          "param_str": ""
        },
        {
          "type": "QUEST_EXEC_REFRESH_GROUP_SUITE",
          "param": ["3", "133108906,8"],
          "param_str": ""
        }
      ],
      "exclusiveNpcList": [10412, 10409, 10410, 10411, 1032, 1031],
      "exclusiveNpcPriority": 1000,
      "exclusivePlaceList": [40039]
    },
    {
      "subId": 200103,
      "mainId": 2001,
      "order": 4,
      "descTextMapHash": 1020002036,
      "acceptCond": [
        {
          "type": "QUEST_COND_STATE_EQUAL",
          "param": [200114, 3],
          "param_str": ""
        }
      ],
      "finishCond": [
        {
          "type": "QUEST_CONTENT_COMPLETE_TALK",
          "param": [200103, 0],
          "param_str": ""
        }
      ],
      "failCond": [
        {
          "param": [],
          "param_str": ""
        }
      ],
      "guide": {
        "type": "QUEST_GUIDE_NPC",
        "param": ["1031"],
        "guideScene": 3,
        "guideStyle": "QUEST_GUIDE_STYLE_TARGET",
        "guideLayer": "QUEST_GUIDE_LAYER_SCENE"
      },
      "isRewind": true,
      "finishExec": [
        {
          "param": [],
          "param_str": ""
        }
      ],
      "failExec": [
        {
          "param": [],
          "param_str": ""
        }
      ],
      "beginExec": [
        {
          "type": "QUEST_EXEC_REGISTER_DYNAMIC_GROUP",
          "param": ["3", "133108007"],
          "param_str": ""
        },
        {
          "type": "QUEST_EXEC_REGISTER_DYNAMIC_GROUP",
          "param": ["3", "133108008"],
          "param_str": ""
        },
        {
          "type": "QUEST_EXEC_REFRESH_GROUP_SUITE",
          "param": ["3", "133108008,3"],
          "param_str": ""
        }
      ],
      "exclusiveNpcList": [10412, 10409, 10410, 10411, 1032, 1031],
      "exclusiveNpcPriority": 1000,
      "exclusivePlaceList": [40039]
    },
    {
      "subId": 200104,
      "mainId": 2001,
      "order": 5,
      "descTextMapHash": 1707329268,
      "acceptCond": [
        {
          "type": "QUEST_COND_STATE_EQUAL",
          "param": [200103, 3],
          "param_str": ""
        }
      ],
      "finishCond": [
        {
          "type": "QUEST_CONTENT_COMPLETE_TALK",
          "param": [200104, 0],
          "param_str": ""
        }
      ],
      "failCond": [
        {
          "param": [],
          "param_str": ""
        }
      ],
      "guide": {
        "type": "QUEST_GUIDE_NPC",
        "param": ["10412"],
        "guideScene": 3,
        "guideStyle": "QUEST_GUIDE_STYLE_TARGET",
        "guideLayer": "QUEST_GUIDE_LAYER_SCENE"
      },
      "isRewind": true,
      "finishExec": [
        {
          "param": [],
          "param_str": ""
        }
      ],
      "failExec": [
        {
          "param": [],
          "param_str": ""
        }
      ],
      "beginExec": [
        {
          "type": "QUEST_EXEC_REGISTER_DYNAMIC_GROUP",
          "param": ["3", "133108007"],
          "param_str": ""
        },
        {
          "type": "QUEST_EXEC_REGISTER_DYNAMIC_GROUP",
          "param": ["3", "133108008"],
          "param_str": ""
        },
        {
          "type": "QUEST_EXEC_REFRESH_GROUP_SUITE",
          "param": ["3", "133108008,3"],
          "param_str": ""
        },
        {
          "type": "QUEST_EXEC_UNREGISTER_DYNAMIC_GROUP",
          "param": ["133108908", "0"],
          "param_str": ""
        },
        {
          "type": "QUEST_EXEC_CHANGE_SKILL_DEPOT",
          "param": ["3", "0"],
          "param_str": ""
        }
      ],
      "exclusiveNpcList": [10412, 10409, 10410, 10411, 1032, 1031],
      "exclusiveNpcPriority": 1000,
      "exclusivePlaceList": [40039]
    },
    {
      "subId": 200105,
      "mainId": 2001,
      "order": 6,
      "isMpBlock": true,
      "descTextMapHash": 1261492916,
      "acceptCond": [
        {
          "type": "QUEST_COND_STATE_EQUAL",
          "param": [200104, 3],
          "param_str": ""
        }
      ],
      "finishCond": [
        {
          "type": "QUEST_CONTENT_LUA_NOTIFY",
          "param": [0, 0],
          "param_str": "200105",
          "count": 1
        }
      ],
      "failCondComb": "LOGIC_OR",
      "failCond": [
        {
          "type": "QUEST_CONTENT_NOT_FINISH_PLOT",
          "param": [200105, 0],
          "param_str": ""
        },
        {
          "type": "QUEST_CONTENT_TEAM_DEAD",
          "param": [0, 0],
          "param_str": ""
        },
        {
          "type": "QUEST_CONTENT_ANY_MANUAL_TRANSPORT",
          "param": [0, 0],
          "param_str": ""
        },
        {
          "type": "QUEST_CONTENT_LEAVE_SCENE_RANGE",
          "param": [3, 10],
          "param_str": "Q200011Trigger"
        }
      ],
      "guide": {},
      "finishExec": [
        {
          "type": "QUEST_EXEC_CHANGE_SKILL_DEPOT",
          "param": ["3", "0"],
          "param_str": ""
        },
        {
          "type": "QUEST_EXEC_UNLOCK_AVATAR_TEAM",
          "param": [0, 0],
          "param_str": ""
        },
        {
          "type": "QUEST_EXEC_UNREGISTER_DYNAMIC_GROUP",
          "param": ["133108908", "0"],
          "param_str": ""
        },
        {
          "type": "QUEST_EXEC_REFRESH_GROUP_SUITE",
          "param": ["3", "133108906,3"],
          "param_str": ""
        }
      ],
      "failExec": [
        {
          "type": "QUEST_EXEC_CHANGE_SKILL_DEPOT",
          "param": ["3", "0"],
          "param_str": ""
        },
        {
          "type": "QUEST_EXEC_UNLOCK_AVATAR_TEAM",
          "param": [0, 0],
          "param_str": ""
        },
        {
          "type": "QUEST_EXEC_ROLLBACK_QUEST",
          "param": ["200104", "0"],
          "param_str": ""
        },
        {
          "type": "QUEST_EXEC_UNREGISTER_DYNAMIC_GROUP",
          "param": ["133108908", "0"],
          "param_str": ""
        },
        {
          "type": "QUEST_EXEC_REFRESH_GROUP_SUITE",
          "param": ["3", "133108906,3"],
          "param_str": ""
        }
      ],
      "beginExec": [
        {
          "type": "QUEST_EXEC_REGISTER_DYNAMIC_GROUP",
          "param": ["3", "133108908"],
          "param_str": ""
        },
        {
          "type": "QUEST_EXEC_REGISTER_DYNAMIC_GROUP",
          "param": ["3", "133108007"],
          "param_str": ""
        },
        {
          "type": "QUEST_EXEC_LOCK_AVATAR_TEAM",
          "param": ["0", "0"],
          "param_str": ""
        },
        {
          "type": "QUEST_EXEC_CHANGE_SKILL_DEPOT",
          "param": ["0", "0"],
          "param_str": ""
        },
        {
          "type": "QUEST_EXEC_REFRESH_GROUP_SUITE",
          "param": ["3", "133108906,8"],
          "param_str": ""
        }
      ],
      "exclusiveNpcList": [10412, 10409, 10410, 10411, 1032, 1031, 10413],
      "exclusiveNpcPriority": 1000,
      "exclusivePlaceList": [40039]
    },
    {
      "subId": 200106,
      "mainId": 2001,
      "order": 7,
      "descTextMapHash": 3300983812,
      "acceptCond": [
        {
          "type": "QUEST_COND_STATE_EQUAL",
          "param": [200105, 3],
          "param_str": ""
        }
      ],
      "finishCond": [
        {
          "type": "QUEST_CONTENT_COMPLETE_TALK",
          "param": [200106, 0],
          "param_str": ""
        }
      ],
      "failCond": [
        {
          "param": [],
          "param_str": ""
        }
      ],
      "guide": {
        "type": "QUEST_GUIDE_NPC",
        "param": ["10413"],
        "guideScene": 3,
        "guideStyle": "QUEST_GUIDE_STYLE_TARGET",
        "guideLayer": "QUEST_GUIDE_LAYER_SCENE"
      },
      "isRewind": true,
      "finishExec": [
        {
          "param": [],
          "param_str": ""
        }
      ],
      "failExec": [
        {
          "param": [],
          "param_str": ""
        }
      ],
      "beginExec": [
        {
          "type": "QUEST_EXEC_REFRESH_GROUP_SUITE",
          "param": ["3", "133108906,4"],
          "param_str": ""
        },
        {
          "type": "QUEST_EXEC_REGISTER_DYNAMIC_GROUP",
          "param": ["3", "133108007"],
          "param_str": ""
        }
      ],
      "exclusiveNpcList": [10412, 10409, 10410, 10411, 1032, 1031, 10413],
      "exclusiveNpcPriority": 1000,
      "exclusivePlaceList": [40039]
    },
    {
      "subId": 200107,
      "mainId": 2001,
      "order": 8,
      "descTextMapHash": 3002150332,
      "acceptCond": [
        {
          "type": "QUEST_COND_STATE_EQUAL",
          "param": [200106, 3],
          "param_str": ""
        }
      ],
      "finishCond": [
        {
          "type": "QUEST_CONTENT_COMPLETE_TALK",
          "param": [200107, 0],
          "param_str": ""
        }
      ],
      "failCond": [
        {
          "param": [],
          "param_str": ""
        }
      ],
      "guide": {
        "type": "QUEST_GUIDE_NPC",
        "param": ["10409"],
        "guideScene": 3,
        "guideStyle": "QUEST_GUIDE_STYLE_TARGET",
        "guideLayer": "QUEST_GUIDE_LAYER_SCENE"
      },
      "isRewind": true,
      "finishExec": [
        {
          "param": [],
          "param_str": ""
        }
      ],
      "failExec": [
        {
          "param": [],
          "param_str": ""
        }
      ],
      "beginExec": [
        {
          "type": "QUEST_EXEC_REGISTER_DYNAMIC_GROUP",
          "param": ["3", "133108007"],
          "param_str": ""
        },
        {
          "type": "QUEST_EXEC_REGISTER_DYNAMIC_GROUP",
          "param": ["3", "133108008"],
          "param_str": ""
        },
        {
          "type": "QUEST_EXEC_REFRESH_GROUP_SUITE",
          "param": ["3", "133108008,3"],
          "param_str": ""
        }
      ],
      "exclusiveNpcList": [10412, 10409, 10411, 1032, 1031],
      "exclusiveNpcPriority": 1000,
      "exclusivePlaceList": [40039]
    },
    {
      "subId": 200108,
      "mainId": 2001,
      "order": 9,
      "descTextMapHash": 2295774492,
      "acceptCond": [
        {
          "type": "QUEST_COND_STATE_EQUAL",
          "param": [200107, 3],
          "param_str": ""
        }
      ],
      "finishCond": [
        {
          "type": "QUEST_CONTENT_COMPLETE_TALK",
          "param": [200108, 0],
          "param_str": ""
        }
      ],
      "failCond": [
        {
          "param": [],
          "param_str": ""
        }
      ],
      "guide": {
        "type": "QUEST_GUIDE_NPC",
        "param": ["10411"],
        "guideScene": 3,
        "guideStyle": "QUEST_GUIDE_STYLE_TARGET",
        "guideLayer": "QUEST_GUIDE_LAYER_SCENE"
      },
      "isRewind": true,
      "finishExec": [
        {
          "param": [],
          "param_str": ""
        }
      ],
      "failExec": [
        {
          "param": [],
          "param_str": ""
        }
      ],
      "beginExec": [
        {
          "type": "QUEST_EXEC_REGISTER_DYNAMIC_GROUP",
          "param": ["3", "133108007"],
          "param_str": ""
        },
        {
          "type": "QUEST_EXEC_REGISTER_DYNAMIC_GROUP",
          "param": ["3", "133108008"],
          "param_str": ""
        },
        {
          "type": "QUEST_EXEC_REFRESH_GROUP_SUITE",
          "param": ["3", "133108008,3"],
          "param_str": ""
        }
      ],
      "exclusiveNpcList": [10412, 10409, 10411, 1032, 1031],
      "exclusiveNpcPriority": 1000,
      "exclusivePlaceList": [40039]
    },
    {
      "subId": 200109,
      "mainId": 2001,
      "order": 10,
      "descTextMapHash": 1148902684,
      "acceptCond": [
        {
          "type": "QUEST_COND_STATE_EQUAL",
          "param": [200108, 3],
          "param_str": ""
        }
      ],
      "finishCond": [
        {
          "type": "QUEST_CONTENT_COMPLETE_TALK",
          "param": [200109, 0],
          "param_str": ""
        }
      ],
      "failCond": [
        {
          "param": [],
          "param_str": ""
        }
      ],
      "guide": {
        "type": "QUEST_GUIDE_NPC",
        "param": ["1031"],
        "guideScene": 3,
        "guideStyle": "QUEST_GUIDE_STYLE_TARGET",
        "guideLayer": "QUEST_GUIDE_LAYER_SCENE"
      },
      "isRewind": true,
      "finishExec": [
        {
          "param": [],
          "param_str": ""
        }
      ],
      "failExec": [
        {
          "param": [],
          "param_str": ""
        }
      ],
      "beginExec": [
        {
          "type": "QUEST_EXEC_REGISTER_DYNAMIC_GROUP",
          "param": ["3", "133108007"],
          "param_str": ""
        },
        {
          "type": "QUEST_EXEC_REGISTER_DYNAMIC_GROUP",
          "param": ["3", "133108008"],
          "param_str": ""
        },
        {
          "type": "QUEST_EXEC_REFRESH_GROUP_SUITE",
          "param": ["3", "133108008,3"],
          "param_str": ""
        }
      ],
      "exclusiveNpcList": [10412, 10409, 10411, 1032, 1031],
      "exclusiveNpcPriority": 1000,
      "exclusivePlaceList": [40039]
    },
    {
      "subId": 200110,
      "mainId": 2001,
      "order": 11,
      "descTextMapHash": 510598212,
      "acceptCond": [
        {
          "type": "QUEST_COND_STATE_EQUAL",
          "param": [200109, 3],
          "param_str": ""
        }
      ],
      "finishCond": [
        {
          "type": "QUEST_CONTENT_FINISH_PLOT",
          "param": [200110, 0],
          "param_str": ""
        }
      ],
      "failCond": [
        {
          "param": [],
          "param_str": ""
        }
      ],
      "guide": {
        "type": "QUEST_GUIDE_LOCATION",
        "param": ["Q200111Player", "30"],
        "guideScene": 3,
        "guideStyle": "QUEST_GUIDE_STYLE_POINT",
        "guideLayer": "QUEST_GUIDE_LAYER_SCENE"
      },
      "showGuide": "QUEST_GUIDE_ITEM_DISABLE",
      "isRewind": true,
      "finishExec": [
        {
          "param": [],
          "param_str": ""
        }
      ],
      "failExec": [
        {
          "param": [],
          "param_str": ""
        }
      ],
      "beginExec": [
        {
          "type": "QUEST_EXEC_REGISTER_DYNAMIC_GROUP",
          "param": ["3", "133108007"],
          "param_str": ""
        },
        {
          "type": "QUEST_EXEC_REGISTER_DYNAMIC_GROUP",
          "param": ["3", "133108008"],
          "param_str": ""
        },
        {
          "type": "QUEST_EXEC_REFRESH_GROUP_SUITE",
          "param": ["3", "133108008,3"],
          "param_str": ""
        },
        {
          "type": "QUEST_EXEC_REGISTER_DYNAMIC_GROUP",
          "param": ["3", "133108006"],
          "param_str": ""
        }
      ],
      "exclusiveNpcList": [10412, 10409, 10411, 1032, 1031],
      "exclusiveNpcPriority": 1000,
      "exclusivePlaceList": [1010, 40039]
    },
    {
      "subId": 200111,
      "mainId": 2001,
      "order": 12,
      "descTextMapHash": 3267183724,
      "acceptCond": [
        {
          "type": "QUEST_COND_STATE_EQUAL",
          "param": [200110, 3],
          "param_str": ""
        }
      ],
      "finishCond": [
        {
          "type": "QUEST_CONTENT_COMPLETE_TALK",
          "param": [200111, 0],
          "param_str": ""
        }
      ],
      "failCond": [
        {
          "param": [],
          "param_str": ""
        }
      ],
      "guide": {
        "type": "QUEST_GUIDE_NPC",
        "param": ["1032"],
        "guideScene": 3,
        "guideStyle": "QUEST_GUIDE_STYLE_TARGET",
        "guideLayer": "QUEST_GUIDE_LAYER_SCENE"
      },
      "isRewind": true,
      "finishExec": [
        {
          "param": [],
          "param_str": ""
        }
      ],
      "failExec": [
        {
          "param": [],
          "param_str": ""
        }
      ],
      "beginExec": [
        {
          "type": "QUEST_EXEC_REGISTER_DYNAMIC_GROUP",
          "param": ["3", "133108007"],
          "param_str": ""
        },
        {
          "type": "QUEST_EXEC_REGISTER_DYNAMIC_GROUP",
          "param": ["3", "133108008"],
          "param_str": ""
        },
        {
          "type": "QUEST_EXEC_REFRESH_GROUP_SUITE",
          "param": ["3", "133108008,3"],
          "param_str": ""
        },
        {
          "type": "QUEST_EXEC_REGISTER_DYNAMIC_GROUP",
          "param": ["3", "133108006"],
          "param_str": ""
        }
      ],
      "exclusiveNpcList": [10412, 10409, 10411, 1032],
      "exclusiveNpcPriority": 1000,
      "exclusivePlaceList": [1010, 40039]
    },
    {
      "subId": 200112,
      "mainId": 2001,
      "order": 13,
      "descTextMapHash": 1558490220,
      "acceptCond": [
        {
          "type": "QUEST_COND_STATE_EQUAL",
          "param": [200111, 3],
          "param_str": ""
        }
      ],
      "finishCond": [
        {
          "type": "QUEST_CONTENT_LUA_NOTIFY",
          "param": [0, 0],
          "param_str": "200112",
          "count": 1
        }
      ],
      "failCond": [
        {
          "param": [],
          "param_str": ""
        }
      ],
      "guide": {
        "type": "QUEST_GUIDE_LOCATION",
        "param": ["Q200112Target", "30"],
        "guideScene": 3,
        "guideStyle": "QUEST_GUIDE_STYLE_POINT",
        "guideLayer": "QUEST_GUIDE_LAYER_SCENE"
      },
      "showGuide": "QUEST_GUIDE_ITEM_DISABLE",
      "finishExec": [
        {
          "param": [],
          "param_str": ""
        }
      ],
      "failExec": [
        {
          "param": [],
          "param_str": ""
        }
      ],
      "beginExec": [
        {
          "type": "QUEST_EXEC_REGISTER_DYNAMIC_GROUP",
          "param": ["3", "133108006"],
          "param_str": ""
        },
        {
          "type": "QUEST_EXEC_REGISTER_DYNAMIC_GROUP",
          "param": ["3", "133108007"],
          "param_str": ""
        },
        {
          "type": "QUEST_EXEC_REFRESH_GROUP_SUITE",
          "param": ["3", "133108006,1"],
          "param_str": ""
        }
      ],
      "exclusiveNpcList": [10412, 10409, 10411, 1032],
      "exclusiveNpcPriority": 1000,
      "exclusivePlaceList": [1010, 40039]
    },
    {
      "subId": 200113,
      "mainId": 2001,
      "order": 14,
      "descTextMapHash": 1185265844,
      "acceptCond": [
        {
          "type": "QUEST_COND_STATE_EQUAL",
          "param": [200112, 3],
          "param_str": ""
        }
      ],
      "finishCond": [
        {
          "type": "QUEST_CONTENT_COMPLETE_TALK",
          "param": [200113, 0],
          "param_str": ""
        }
      ],
      "failCond": [
        {
          "param": [],
          "param_str": ""
        }
      ],
      "guide": {
        "type": "QUEST_GUIDE_NPC",
        "param": ["1032"],
        "guideScene": 3,
        "guideStyle": "QUEST_GUIDE_STYLE_TARGET",
        "guideLayer": "QUEST_GUIDE_LAYER_SCENE"
      },
      "finishParent": true,
      "isRewind": true,
      "finishExec": [
        {
          "type": "QUEST_EXEC_UNREGISTER_DYNAMIC_GROUP",
          "param": ["133108006", "1"],
          "param_str": ""
        }
      ],
      "failExec": [
        {
          "param": [],
          "param_str": ""
        }
      ],
      "beginExec": [
        {
          "type": "QUEST_EXEC_REFRESH_GROUP_SUITE",
          "param": ["3", "133108906,5"],
          "param_str": ""
        },
        {
          "type": "QUEST_EXEC_REGISTER_DYNAMIC_GROUP",
          "param": ["3", "133108007"],
          "param_str": ""
        },
        {
          "type": "QUEST_EXEC_REGISTER_DYNAMIC_GROUP",
          "param": ["3", "133108008"],
          "param_str": ""
        },
        {
          "type": "QUEST_EXEC_REFRESH_GROUP_SUITE",
          "param": ["3", "133108008,3"],
          "param_str": ""
        },
        {
          "type": "QUEST_EXEC_REGISTER_DYNAMIC_GROUP",
          "param": ["3", "133108006"],
          "param_str": ""
        }
      ],
      "exclusiveNpcList": [10412, 10409, 10411, 1032],
      "exclusiveNpcPriority": 1000,
      "exclusivePlaceList": [1010, 40039]
    },
    {
      "subId": 200114,
      "mainId": 2001,
      "order": 3,
      "descTextMapHash": 1089910044,
      "showType": "QUEST_HIDDEN",
      "acceptCond": [
        {
          "type": "QUEST_COND_STATE_EQUAL",
          "param": [200102, 3],
          "param_str": ""
        }
      ],
      "finishCond": [
        {
          "type": "QUEST_CONTENT_FINISH_PLOT",
          "param": [200114, 0],
          "param_str": ""
        }
      ],
      "failCond": [
        {
          "param": [],
          "param_str": ""
        }
      ],
      "guide": {},
      "finishExec": [
        {
          "type": "QUEST_EXEC_UNREGISTER_DYNAMIC_GROUP",
          "param": ["133108907", "0"],
          "param_str": ""
        },
        {
          "type": "QUEST_EXEC_REFRESH_GROUP_SUITE",
          "param": ["3", "133108906,3"],
          "param_str": ""
        }
      ],
      "failExec": [
        {
          "param": [],
          "param_str": ""
        }
      ],
      "beginExec": [
        {
          "type": "QUEST_EXEC_REGISTER_DYNAMIC_GROUP",
          "param": ["3", "133108007"],
          "param_str": ""
        }
      ],
      "exclusiveNpcList": [10412, 10409, 10410, 10411, 1032, 1031],
      "exclusiveNpcPriority": 1000,
      "exclusivePlaceList": [40039]
    }
  ],
  "talks": [
    {
      "id": 200103,
      "beginWay": "TALK_BEGIN_MANUAL",
      "activeMode": "PLAY_MODE_SINGLE",
      "beginCond": [
        {
          "type": "QUEST_COND_STATE_EQUAL",
          "param": ["200103", "2"],
          "param_str": ""
        }
      ],
      "priority": 5,
      "initDialog": 20010301,
      "npcId": [1031, 1032, 1005],
      "performCfg": "QuestDialogue/AQ/Daoqi1_2001/Q200103",
      "questId": 2001,
      "prePerformCfg": ""
    },
    {
      "id": 200106,
      "beginWay": "TALK_BEGIN_MANUAL",
      "activeMode": "PLAY_MODE_SINGLE",
      "beginCond": [
        {
          "type": "QUEST_COND_STATE_EQUAL",
          "param": ["200106", "2"],
          "param_str": ""
        }
      ],
      "priority": 5,
      "initDialog": 20010601,
      "npcId": [10413, 1005],
      "performCfg": "QuestDialogue/AQ/Daoqi1_2001/Q200106",
      "questId": 2001,
      "prePerformCfg": ""
    },
    {
      "id": 200109,
      "beginWay": "TALK_BEGIN_MANUAL",
      "activeMode": "PLAY_MODE_SINGLE",
      "beginCond": [
        {
          "type": "QUEST_COND_STATE_EQUAL",
          "param": ["200109", "2"],
          "param_str": ""
        }
      ],
      "priority": 5,
      "initDialog": 20010901,
      "npcId": [1032, 1031, 1005],
      "performCfg": "QuestDialogue/AQ/Daoqi1_2001/Q200109",
      "questId": 2001,
      "prePerformCfg": ""
    },
    {
      "id": 200111,
      "beginWay": "TALK_BEGIN_MANUAL",
      "activeMode": "PLAY_MODE_SINGLE",
      "beginCond": [
        {
          "type": "QUEST_COND_STATE_EQUAL",
          "param": ["200111", "2"],
          "param_str": ""
        }
      ],
      "priority": 5,
      "initDialog": 20011101,
      "npcId": [1032, 1005],
      "performCfg": "QuestDialogue/AQ/Daoqi1_2001/Q200111",
      "questId": 2001,
      "prePerformCfg": ""
    },
    {
      "id": 200113,
      "beginWay": "TALK_BEGIN_MANUAL",
      "activeMode": "PLAY_MODE_SINGLE",
      "beginCond": [
        {
          "type": "QUEST_COND_STATE_EQUAL",
          "param": ["200113", "2"],
          "param_str": ""
        }
      ],
      "priority": 5,
      "initDialog": 20011301,
      "npcId": [1032, 1005],
      "performCfg": "QuestDialogue/AQ/Daoqi1_2001/Q200113",
      "questId": 2001,
      "prePerformCfg": ""
    },
    {
      "id": 200122,
      "beginWay": "TALK_BEGIN_MANUAL",
      "activeMode": "PLAY_MODE_SINGLE",
      "beginCond": [
        {
          "type": "QUEST_COND_STATE_EQUAL",
          "param": ["200110", "2"],
          "param_str": ""
        }
      ],
      "priority": 1,
      "initDialog": 20012201,
      "npcId": [1031],
      "performCfg": "QuestDialogue/AQ/Daoqi1_2001/Q200122",
      "questId": 2001,
      "prePerformCfg": ""
    },
    {
      "id": 200123,
      "beginWay": "TALK_BEGIN_MANUAL",
      "activeMode": "PLAY_MODE_SINGLE",
      "beginCond": [
        {
          "type": "QUEST_COND_STATE_EQUAL",
          "param": ["200112", "2"],
          "param_str": ""
        }
      ],
      "priority": 1,
      "initDialog": 20012301,
      "npcId": [1032],
      "performCfg": "QuestDialogue/AQ/Daoqi1_2001/Q200123",
      "questId": 2001,
      "prePerformCfg": ""
    },
    {
      "id": 4111510,
      "beginWay": "TALK_BEGIN_MANUAL",
      "priority": 3,
      "initDialog": 411151001,
      "npcId": [30003],
      "performCfg": "",
      "loadType": "TALK_ACTIVITY",
      "questId": 2001,
      "prePerformCfg": ""
    },
    {
      "id": 4111511,
      "beginWay": "TALK_BEGIN_MANUAL",
      "priority": 3,
      "initDialog": 411151101,
      "npcId": [30004],
      "performCfg": "",
      "loadType": "TALK_ACTIVITY",
      "questId": 2001,
      "prePerformCfg": ""
    },
    {
      "id": 4111512,
      "beginWay": "TALK_BEGIN_MANUAL",
      "priority": 3,
      "initDialog": 411151201,
      "npcId": [30011],
      "performCfg": "",
      "loadType": "TALK_ACTIVITY",
      "questId": 2001,
      "prePerformCfg": ""
    },
    {
      "id": 4111513,
      "beginWay": "TALK_BEGIN_MANUAL",
      "priority": 3,
      "initDialog": 411151301,
      "npcId": [30017],
      "performCfg": "",
      "loadType": "TALK_ACTIVITY",
      "questId": 2001,
      "prePerformCfg": ""
    },
    {
      "id": 4111514,
      "beginWay": "TALK_BEGIN_MANUAL",
      "priority": 3,
      "initDialog": 411151401,
      "npcId": [30002],
      "performCfg": "",
      "loadType": "TALK_ACTIVITY",
      "questId": 2001,
      "prePerformCfg": ""
    },
    {
      "id": 4111515,
      "beginWay": "TALK_BEGIN_MANUAL",
      "priority": 3,
      "initDialog": 411151501,
      "npcId": [30007],
      "performCfg": "",
      "loadType": "TALK_ACTIVITY",
      "questId": 2001,
      "prePerformCfg": ""
    },
    {
      "id": 4111516,
      "beginWay": "TALK_BEGIN_MANUAL",
      "priority": 3,
      "initDialog": 411151601,
      "npcId": [30005],
      "performCfg": "",
      "loadType": "TALK_ACTIVITY",
      "questId": 2001,
      "prePerformCfg": ""
    },
    {
      "id": 4111517,
      "beginWay": "TALK_BEGIN_MANUAL",
      "priority": 3,
      "initDialog": 411151701,
      "npcId": [30006],
      "performCfg": "",
      "loadType": "TALK_ACTIVITY",
      "questId": 2001,
      "prePerformCfg": ""
    },
    {
      "id": 4111518,
      "beginWay": "TALK_BEGIN_MANUAL",
      "priority": 3,
      "initDialog": 411151801,
      "npcId": [30020],
      "performCfg": "",
      "loadType": "TALK_ACTIVITY",
      "questId": 2001,
      "prePerformCfg": ""
    },
    {
      "id": 4111519,
      "beginWay": "TALK_BEGIN_MANUAL",
      "priority": 3,
      "initDialog": 411151901,
      "npcId": [30021],
      "performCfg": "",
      "loadType": "TALK_ACTIVITY",
      "questId": 2001,
      "prePerformCfg": ""
    },
    {
      "id": 4111520,
      "beginWay": "TALK_BEGIN_MANUAL",
      "priority": 3,
      "initDialog": 411152001,
      "npcId": [30022],
      "performCfg": "",
      "loadType": "TALK_ACTIVITY",
      "questId": 2001,
      "prePerformCfg": ""
    },
    {
      "id": 4111521,
      "beginWay": "TALK_BEGIN_MANUAL",
      "priority": 3,
      "initDialog": 411152101,
      "npcId": [30014],
      "performCfg": "",
      "loadType": "TALK_ACTIVITY",
      "questId": 2001,
      "prePerformCfg": ""
    },
    {
      "id": 4111522,
      "beginWay": "TALK_BEGIN_MANUAL",
      "priority": 3,
      "initDialog": 411152201,
      "npcId": [30008],
      "performCfg": "",
      "loadType": "TALK_ACTIVITY",
      "questId": 2001,
      "prePerformCfg": ""
    },
    {
      "id": 4111523,
      "beginWay": "TALK_BEGIN_MANUAL",
      "priority": 3,
      "initDialog": 411152301,
      "npcId": [30010],
      "performCfg": "",
      "loadType": "TALK_ACTIVITY",
      "questId": 2001,
      "prePerformCfg": ""
    },
    {
      "id": 4111524,
      "beginWay": "TALK_BEGIN_MANUAL",
      "priority": 3,
      "initDialog": 411152401,
      "npcId": [30009],
      "performCfg": "",
      "loadType": "TALK_ACTIVITY",
      "questId": 2001,
      "prePerformCfg": ""
    },
    {
      "id": 4111525,
      "beginWay": "TALK_BEGIN_MANUAL",
      "priority": 3,
      "initDialog": 411152501,
      "npcId": [30026],
      "performCfg": "",
      "loadType": "TALK_ACTIVITY",
      "questId": 2001,
      "prePerformCfg": ""
    },
    {
      "id": 4111526,
      "beginWay": "TALK_BEGIN_MANUAL",
      "priority": 3,
      "initDialog": 411152601,
      "npcId": [30018, 30019, 30031, 30034, 30023, 30032, 30035, 30025, 30024],
      "performCfg": "",
      "loadType": "TALK_ACTIVITY",
      "questId": 2001,
      "prePerformCfg": ""
    }
  ]
}
