{
  "id": 20021,
  "type": "IQ",
  "titleTextMapHash": 817929223,
  "descTextMapHash": 2782254270,
  "luaPath": "Actor/Quest/IQ20021",
  "subQuests": [
    {
      "subId": 2002101,
      "mainId": 20021,
      "order": 1,
      "descTextMapHash": 2319484812,
      "acceptCond": [
        {
          "type": "QUEST_COND_DAILY_TASK_START",
          "param": [40030, 0],
          "param_str": ""
        }
      ],
      "finishCond": [
        {
          "type": "QUEST_CONTENT_COMPLETE_TALK",
          "param": [2002113, 0],
          "param_str": ""
        }
      ],
      "failCond": [
        {
          "param": [],
          "param_str": ""
        }
      ],
      "guide": {
        "type": "QUEST_GUIDE_NPC",
        "param": ["1405"],
        "guideScene": 3,
        "guideStyle": "QUEST_GUIDE_STYLE_START",
        "guideLayer": "QUEST_GUIDE_LAYER_SCENE"
      },
      "isRewind": true,
      "finishExec": [
        {
          "param": [],
          "param_str": ""
        }
      ],
      "failExec": [
        {
          "param": [],
          "param_str": ""
        }
      ],
      "beginExec": [
        {
          "param": [],
          "param_str": ""
        }
      ],
      "exclusiveNpcList": [1405, 1408],
      "exclusiveNpcPriority": 1100
    },
    {
      "subId": 2002102,
      "mainId": 20021,
      "order": 2,
      "descTextMapHash": 940658148,
      "acceptCondComb": "LOGIC_AND",
      "acceptCond": [
        {
          "type": "QUEST_COND_STATE_EQUAL",
          "param": [2002101, 3],
          "param_str": ""
        },
        {
          "type": "QUEST_COND_DAILY_TASK_START",
          "param": [40030, 0],
          "param_str": ""
        }
      ],
      "finishCond": [
        {
          "type": "QUEST_CONTENT_LUA_NOTIFY",
          "param": [0, 0],
          "param_str": "1330030811",
          "count": 1
        }
      ],
      "failCond": [
        {
          "param": [],
          "param_str": ""
        }
      ],
      "guide": {
        "type": "QUEST_GUIDE_LOCATION",
        "param": ["Q2002105"],
        "guideScene": 3,
        "guideStyle": "QUEST_GUIDE_STYLE_POINT",
        "guideLayer": "QUEST_GUIDE_LAYER_SCENE"
      },
      "isRewind": true,
      "finishExec": [
        {
          "param": [],
          "param_str": ""
        }
      ],
      "failExec": [
        {
          "param": [],
          "param_str": ""
        }
      ],
      "beginExec": [
        {
          "type": "QUEST_EXEC_REGISTER_DYNAMIC_GROUP",
          "param": ["3", "133003081"],
          "param_str": ""
        }
      ],
      "exclusiveNpcList": [1405, 1408],
      "exclusiveNpcPriority": 1100
    },
    {
      "subId": 2002103,
      "mainId": 20021,
      "order": 3,
      "descTextMapHash": 751193788,
      "acceptCondComb": "LOGIC_AND",
      "acceptCond": [
        {
          "type": "QUEST_COND_STATE_EQUAL",
          "param": [2002102, 3],
          "param_str": ""
        },
        {
          "type": "QUEST_COND_DAILY_TASK_START",
          "param": [40030, 0],
          "param_str": ""
        }
      ],
      "finishCond": [
        {
          "type": "QUEST_CONTENT_LUA_NOTIFY",
          "param": [0, 0],
          "param_str": "1330030812",
          "count": 1
        }
      ],
      "failCond": [
        {
          "type": "QUEST_CONTENT_LUA_NOTIFY",
          "param": [0, 0],
          "param_str": "1330030813",
          "count": 1
        }
      ],
      "guide": {},
      "showGuide": "QUEST_GUIDE_ITEM_DISABLE",
      "finishExec": [
        {
          "type": "QUEST_EXEC_UNREGISTER_DYNAMIC_GROUP",
          "param": ["133003081", "0"],
          "param_str": ""
        }
      ],
      "failExec": [
        {
          "type": "QUEST_EXEC_ROLLBACK_QUEST",
          "param": ["2002102", "0"],
          "param_str": ""
        }
      ],
      "beginExec": [
        {
          "param": [],
          "param_str": ""
        }
      ],
      "exclusiveNpcList": [1405, 1408],
      "exclusiveNpcPriority": 1100
    },
    {
      "subId": 2002104,
      "mainId": 20021,
      "order": 4,
      "descTextMapHash": 4008636788,
      "acceptCondComb": "LOGIC_AND",
      "acceptCond": [
        {
          "type": "QUEST_COND_STATE_EQUAL",
          "param": [2002103, 3],
          "param_str": ""
        },
        {
          "type": "QUEST_COND_DAILY_TASK_START",
          "param": [40030, 0],
          "param_str": ""
        }
      ],
      "finishCond": [
        {
          "type": "QUEST_CONTENT_COMPLETE_TALK",
          "param": [2002114, 0],
          "param_str": ""
        }
      ],
      "failCond": [
        {
          "param": [],
          "param_str": ""
        }
      ],
      "guide": {
        "type": "QUEST_GUIDE_NPC",
        "param": ["1405"],
        "guideScene": 3,
        "guideStyle": "QUEST_GUIDE_STYLE_FINISH",
        "guideLayer": "QUEST_GUIDE_LAYER_SCENE"
      },
      "isRewind": true,
      "finishExec": [
        {
          "type": "QUEST_EXEC_UNREGISTER_DYNAMIC_GROUP",
          "param": ["133003081", "0"],
          "param_str": ""
        }
      ],
      "failExec": [
        {
          "param": [],
          "param_str": ""
        }
      ],
      "beginExec": [
        {
          "param": [],
          "param_str": ""
        }
      ],
      "exclusiveNpcList": [1405, 1408],
      "exclusiveNpcPriority": 1100
    },
    {
      "subId": 2002105,
      "mainId": 20021,
      "order": 5,
      "descTextMapHash": 2977180388,
      "showType": "QUEST_HIDDEN",
      "acceptCondComb": "LOGIC_AND",
      "acceptCond": [
        {
          "type": "QUEST_COND_DAILY_TASK_START",
          "param": [40030, 0],
          "param_str": ""
        },
        {
          "type": "QUEST_COND_STATE_EQUAL",
          "param": [2002104, 3],
          "param_str": ""
        }
      ],
      "finishCond": [
        {
          "type": "QUEST_CONTENT_QUEST_VAR_EQUAL",
          "param": [1, 3],
          "param_str": ""
        }
      ],
      "failCond": [
        {
          "param": [],
          "param_str": ""
        }
      ],
      "guide": {},
      "showGuide": "QUEST_GUIDE_ITEM_DISABLE",
      "finishParent": true,
      "failParentShow": "QUEST_HIDDEN",
      "finishExec": [
        {
          "type": "QUEST_EXEC_SET_DAILY_TASK_VAR",
          "param": ["40040", "0", "1"],
          "param_str": ""
        },
        {
          "type": "QUEST_EXEC_NOTIFY_DAILY_TASK",
          "param": ["40030", "0"],
          "param_str": ""
        }
      ],
      "failExec": [
        {
          "param": [],
          "param_str": ""
        }
      ],
      "beginExec": [
        {
          "param": [],
          "param_str": ""
        }
      ]
    },
    {
      "subId": 2002106,
      "mainId": 20021,
      "order": 6,
      "descTextMapHash": 2284549756,
      "showType": "QUEST_HIDDEN",
      "acceptCondComb": "LOGIC_AND",
      "acceptCond": [
        {
          "type": "QUEST_COND_DAILY_TASK_START",
          "param": [40030, 0],
          "param_str": ""
        },
        {
          "type": "QUEST_COND_STATE_EQUAL",
          "param": [2002104, 3],
          "param_str": ""
        }
      ],
      "finishCondComb": "LOGIC_OR",
      "finishCond": [
        {
          "type": "QUEST_CONTENT_QUEST_VAR_EQUAL",
          "param": [1, 2],
          "param_str": ""
        },
        {
          "type": "QUEST_CONTENT_QUEST_VAR_EQUAL",
          "param": [1, 1],
          "param_str": ""
        },
        {
          "type": "QUEST_CONTENT_QUEST_VAR_EQUAL",
          "param": [1, 0],
          "param_str": ""
        }
      ],
      "failCond": [
        {
          "param": [],
          "param_str": ""
        }
      ],
      "guide": {},
      "showGuide": "QUEST_GUIDE_ITEM_DISABLE",
      "finishParent": true,
      "failParentShow": "QUEST_HIDDEN",
      "finishExec": [
        {
          "type": "QUEST_EXEC_SET_DAILY_TASK_VAR",
          "param": ["40031", "0", "1"],
          "param_str": ""
        },
        {
          "type": "QUEST_EXEC_NOTIFY_DAILY_TASK",
          "param": ["40030", "0"],
          "param_str": ""
        }
      ],
      "failExec": [
        {
          "param": [],
          "param_str": ""
        }
      ],
      "beginExec": [
        {
          "param": [],
          "param_str": ""
        }
      ]
    }
  ],
  "talks": [
    {
      "id": 2002101,
      "beginWay": "TALK_BEGIN_MANUAL",
      "activeMode": "PLAY_MODE_HOST",
      "beginCond": [
        {
          "type": "QUEST_COND_STATE_EQUAL",
          "param": ["2002101", "2"],
          "param_str": ""
        }
      ],
      "priority": 5,
      "nextTalks": [2002102, 2002103, 2002104],
      "initDialog": 200210101,
      "npcId": [1405],
      "performCfg": "",
      "heroTalk": "TALK_HERO_MAIN",
      "questId": 20021,
      "prePerformCfg": "",
      "finishExec": [
        {
          "type": "TALK_EXEC_SET_QUEST_VAR",
          "param": ["1", "0", "20021"],
          "param_str": ""
        }
      ]
    },
    {
      "id": 2002102,
      "activeMode": "PLAY_MODE_HOST",
      "priority": 5,
      "nextTalks": [2002105],
      "initDialog": 200210201,
      "npcId": [1405],
      "performCfg": "",
      "heroTalk": "TALK_HERO_MAIN",
      "questId": 20021,
      "prePerformCfg": "",
      "finishExec": [
        {
          "type": "TALK_EXEC_INC_QUEST_VAR",
          "param": ["1", "1", "20021"],
          "param_str": ""
        }
      ]
    },
    {
      "id": 2002103,
      "activeMode": "PLAY_MODE_HOST",
      "priority": 5,
      "nextTalks": [2002105],
      "initDialog": 200210301,
      "npcId": [1405],
      "performCfg": "",
      "heroTalk": "TALK_HERO_MAIN",
      "questId": 20021,
      "prePerformCfg": ""
    },
    {
      "id": 2002104,
      "activeMode": "PLAY_MODE_HOST",
      "priority": 5,
      "nextTalks": [2002105],
      "initDialog": 200210401,
      "npcId": [1405],
      "performCfg": "",
      "heroTalk": "TALK_HERO_MAIN",
      "questId": 20021,
      "prePerformCfg": ""
    },
    {
      "id": 2002105,
      "activeMode": "PLAY_MODE_HOST",
      "priority": 5,
      "nextTalks": [2002106, 2002107, 2002108],
      "initDialog": 200210501,
      "npcId": [1405],
      "performCfg": "",
      "heroTalk": "TALK_HERO_MAIN",
      "questId": 20021,
      "prePerformCfg": ""
    },
    {
      "id": 2002106,
      "activeMode": "PLAY_MODE_HOST",
      "priority": 5,
      "nextTalks": [2002109],
      "initDialog": 200210601,
      "npcId": [1405],
      "performCfg": "",
      "heroTalk": "TALK_HERO_MAIN",
      "questId": 20021,
      "prePerformCfg": "",
      "finishExec": [
        {
          "type": "TALK_EXEC_INC_QUEST_VAR",
          "param": ["1", "1", "20021"],
          "param_str": ""
        }
      ]
    },
    {
      "id": 2002107,
      "activeMode": "PLAY_MODE_HOST",
      "priority": 5,
      "nextTalks": [2002109],
      "initDialog": 200210701,
      "npcId": [1405],
      "performCfg": "",
      "heroTalk": "TALK_HERO_MAIN",
      "questId": 20021,
      "prePerformCfg": ""
    },
    {
      "id": 2002108,
      "activeMode": "PLAY_MODE_HOST",
      "priority": 5,
      "nextTalks": [2002109],
      "initDialog": 200210801,
      "npcId": [1405],
      "performCfg": "",
      "heroTalk": "TALK_HERO_MAIN",
      "questId": 20021,
      "prePerformCfg": ""
    },
    {
      "id": 2002109,
      "activeMode": "PLAY_MODE_HOST",
      "priority": 5,
      "nextTalks": [2002110, 2002111, 2002112],
      "initDialog": 200210901,
      "npcId": [1405],
      "performCfg": "",
      "heroTalk": "TALK_HERO_MAIN",
      "questId": 20021,
      "prePerformCfg": ""
    },
    {
      "id": 2002110,
      "activeMode": "PLAY_MODE_HOST",
      "priority": 5,
      "nextTalks": [2002113],
      "initDialog": 200211001,
      "npcId": [1405],
      "performCfg": "",
      "heroTalk": "TALK_HERO_MAIN",
      "questId": 20021,
      "prePerformCfg": "",
      "finishExec": [
        {
          "type": "TALK_EXEC_INC_QUEST_VAR",
          "param": ["1", "1", "20021"],
          "param_str": ""
        }
      ]
    },
    {
      "id": 2002111,
      "activeMode": "PLAY_MODE_HOST",
      "priority": 5,
      "nextTalks": [2002113],
      "initDialog": 200211101,
      "npcId": [1405],
      "performCfg": "",
      "heroTalk": "TALK_HERO_MAIN",
      "questId": 20021,
      "prePerformCfg": ""
    },
    {
      "id": 2002112,
      "activeMode": "PLAY_MODE_HOST",
      "priority": 5,
      "nextTalks": [2002113],
      "initDialog": 200211201,
      "npcId": [1405],
      "performCfg": "",
      "heroTalk": "TALK_HERO_MAIN",
      "questId": 20021,
      "prePerformCfg": ""
    },
    {
      "id": 2002113,
      "activeMode": "PLAY_MODE_HOST",
      "priority": 5,
      "initDialog": 200211301,
      "npcId": [1405],
      "performCfg": "",
      "heroTalk": "TALK_HERO_MAIN",
      "questId": 20021,
      "prePerformCfg": ""
    },
    {
      "id": 2002114,
      "beginWay": "TALK_BEGIN_MANUAL",
      "activeMode": "PLAY_MODE_HOST",
      "beginCond": [
        {
          "type": "QUEST_COND_STATE_EQUAL",
          "param": ["2002104", "2"],
          "param_str": ""
        }
      ],
      "priority": 5,
      "initDialog": 200211401,
      "npcId": [1405],
      "performCfg": "",
      "heroTalk": "TALK_HERO_MAIN",
      "questId": 20021,
      "prePerformCfg": ""
    }
  ]
}
