{
  "id": 20023,
  "type": "IQ",
  "titleTextMapHash": 3676532209,
  "descTextMapHash": 895511335,
  "luaPath": "Actor/Quest/IQ20023",
  "subQuests": [
    {
      "subId": 2002301,
      "mainId": 20023,
      "order": 1,
      "descTextMapHash": 2224946936,
      "acceptCond": [
        {
          "type": "QUEST_COND_DAILY_TASK_START",
          "param": [22600, 0],
          "param_str": ""
        }
      ],
      "finishCond": [
        {
          "type": "QUEST_CONTENT_COMPLETE_TALK",
          "param": [2002301, 0],
          "param_str": ""
        }
      ],
      "failCond": [
        {
          "param": [],
          "param_str": ""
        }
      ],
      "guide": {
        "type": "QUEST_GUIDE_NPC",
        "param": ["147101"],
        "guideScene": 3,
        "guideStyle": "QUEST_GUIDE_STYLE_START",
        "guideLayer": "QUEST_GUIDE_LAYER_UI"
      },
      "isRewind": true,
      "finishExec": [
        {
          "param": [],
          "param_str": ""
        }
      ],
      "failExec": [
        {
          "param": [],
          "param_str": ""
        }
      ],
      "beginExec": [
        {
          "param": [],
          "param_str": ""
        }
      ],
      "exclusiveNpcList": [1471, 1461, 1403]
    },
    {
      "subId": 2002302,
      "mainId": 20023,
      "order": 2,
      "descTextMapHash": 1240909480,
      "acceptCondComb": "LOGIC_AND",
      "acceptCond": [
        {
          "type": "QUEST_COND_DAILY_TASK_START",
          "param": [22600, 0],
          "param_str": ""
        },
        {
          "type": "QUEST_COND_STATE_EQUAL",
          "param": [2002301, 3],
          "param_str": ""
        },
        {
          "type": "QUEST_COND_QUEST_VAR_EQUAL",
          "param": [1, 1],
          "param_str": ""
        }
      ],
      "finishCond": [
        {
          "type": "QUEST_CONTENT_COMPLETE_TALK",
          "param": [2002302, 0],
          "param_str": ""
        }
      ],
      "failCond": [
        {
          "param": [],
          "param_str": ""
        }
      ],
      "guide": {
        "type": "QUEST_GUIDE_NPC",
        "param": ["146101"],
        "guideScene": 1009,
        "guideStyle": "QUEST_GUIDE_STYLE_TARGET",
        "guideLayer": "QUEST_GUIDE_LAYER_SCENE"
      },
      "isRewind": true,
      "finishExec": [
        {
          "param": [],
          "param_str": ""
        }
      ],
      "failExec": [
        {
          "param": [],
          "param_str": ""
        }
      ],
      "beginExec": [
        {
          "param": [],
          "param_str": ""
        }
      ],
      "exclusiveNpcList": [1471, 1461, 1403]
    },
    {
      "subId": 2002303,
      "mainId": 20023,
      "order": 3,
      "descTextMapHash": 2143855288,
      "acceptCondComb": "LOGIC_AND",
      "acceptCond": [
        {
          "type": "QUEST_COND_DAILY_TASK_START",
          "param": [22600, 0],
          "param_str": ""
        },
        {
          "type": "QUEST_COND_STATE_EQUAL",
          "param": [2002302, 3],
          "param_str": ""
        },
        {
          "type": "QUEST_COND_QUEST_VAR_EQUAL",
          "param": [1, 1],
          "param_str": ""
        }
      ],
      "finishCond": [
        {
          "type": "QUEST_CONTENT_INTERACT_GADGET",
          "param": [70710028, 0],
          "param_str": ""
        }
      ],
      "failCond": [
        {
          "param": [],
          "param_str": ""
        }
      ],
      "guide": {
        "type": "QUEST_GUIDE_LOCATION",
        "param": ["Q20023Winebowl"],
        "guideScene": 1009,
        "guideStyle": "QUEST_GUIDE_STYLE_TARGET",
        "guideLayer": "QUEST_GUIDE_LAYER_SCENE"
      },
      "isRewind": true,
      "finishExec": [
        {
          "param": [],
          "param_str": ""
        }
      ],
      "failExec": [
        {
          "param": [],
          "param_str": ""
        }
      ],
      "beginExec": [
        {
          "param": [],
          "param_str": ""
        }
      ],
      "exclusiveNpcList": [1471, 1461, 1403]
    },
    {
      "subId": 2002304,
      "mainId": 20023,
      "order": 4,
      "descTextMapHash": 3410070992,
      "acceptCondComb": "LOGIC_AND",
      "acceptCond": [
        {
          "type": "QUEST_COND_DAILY_TASK_START",
          "param": [22600, 0],
          "param_str": ""
        },
        {
          "type": "QUEST_COND_STATE_EQUAL",
          "param": [2002303, 3],
          "param_str": ""
        },
        {
          "type": "QUEST_COND_QUEST_VAR_EQUAL",
          "param": [1, 1],
          "param_str": ""
        }
      ],
      "finishCond": [
        {
          "type": "QUEST_CONTENT_COMPLETE_TALK",
          "param": [2002303, 0],
          "param_str": ""
        }
      ],
      "failCond": [
        {
          "param": [],
          "param_str": ""
        }
      ],
      "guide": {
        "type": "QUEST_GUIDE_NPC",
        "param": ["1465"],
        "guideScene": 1009,
        "guideStyle": "QUEST_GUIDE_STYLE_TARGET",
        "guideLayer": "QUEST_GUIDE_LAYER_SCENE"
      },
      "isRewind": true,
      "finishExec": [
        {
          "param": [],
          "param_str": ""
        }
      ],
      "failExec": [
        {
          "param": [],
          "param_str": ""
        }
      ],
      "beginExec": [
        {
          "param": [],
          "param_str": ""
        }
      ],
      "exclusiveNpcList": [1471, 1461, 1403, 1465]
    },
    {
      "subId": 2002305,
      "mainId": 20023,
      "order": 5,
      "descTextMapHash": 3338836104,
      "acceptCondComb": "LOGIC_AND",
      "acceptCond": [
        {
          "type": "QUEST_COND_DAILY_TASK_START",
          "param": [22600, 0],
          "param_str": ""
        },
        {
          "type": "QUEST_COND_STATE_EQUAL",
          "param": [2002304, 3],
          "param_str": ""
        },
        {
          "type": "QUEST_COND_QUEST_VAR_EQUAL",
          "param": [1, 1],
          "param_str": ""
        }
      ],
      "finishCond": [
        {
          "type": "QUEST_CONTENT_COMPLETE_TALK",
          "param": [2002304, 0],
          "param_str": ""
        }
      ],
      "failCond": [
        {
          "param": [],
          "param_str": ""
        }
      ],
      "guide": {
        "type": "QUEST_GUIDE_NPC",
        "param": ["147101"],
        "guideScene": 3,
        "guideStyle": "QUEST_GUIDE_STYLE_FINISH",
        "guideLayer": "QUEST_GUIDE_LAYER_SCENE"
      },
      "finishParent": true,
      "isRewind": true,
      "finishExec": [
        {
          "type": "QUEST_EXEC_NOTIFY_DAILY_TASK",
          "param": ["22600", "0"],
          "param_str": ""
        }
      ],
      "failExec": [
        {
          "param": [],
          "param_str": ""
        }
      ],
      "beginExec": [
        {
          "param": [],
          "param_str": ""
        }
      ],
      "exclusiveNpcList": [1471, 1461, 1403]
    },
    {
      "subId": 2002306,
      "mainId": 20023,
      "order": 6,
      "descTextMapHash": 335809960,
      "acceptCondComb": "LOGIC_AND",
      "acceptCond": [
        {
          "type": "QUEST_COND_DAILY_TASK_START",
          "param": [22600, 0],
          "param_str": ""
        },
        {
          "type": "QUEST_COND_STATE_EQUAL",
          "param": [2002301, 3],
          "param_str": ""
        },
        {
          "type": "QUEST_COND_QUEST_VAR_EQUAL",
          "param": [1, 2],
          "param_str": ""
        }
      ],
      "finishCond": [
        {
          "type": "QUEST_CONTENT_FINISH_PLOT",
          "param": [2002306, 0],
          "param_str": ""
        }
      ],
      "failCond": [
        {
          "param": [],
          "param_str": ""
        }
      ],
      "guide": {
        "type": "QUEST_GUIDE_NPC",
        "param": ["146101"],
        "guideScene": 3,
        "guideStyle": "QUEST_GUIDE_STYLE_TARGET",
        "guideLayer": "QUEST_GUIDE_LAYER_SCENE"
      },
      "isRewind": true,
      "finishExec": [
        {
          "param": [],
          "param_str": ""
        }
      ],
      "failExec": [
        {
          "param": [],
          "param_str": ""
        }
      ],
      "beginExec": [
        {
          "param": [],
          "param_str": ""
        }
      ],
      "exclusiveNpcList": [1471, 1461, 1403]
    },
    {
      "subId": 2002307,
      "mainId": 20023,
      "order": 7,
      "descTextMapHash": 3662479952,
      "acceptCondComb": "LOGIC_AND",
      "acceptCond": [
        {
          "type": "QUEST_COND_DAILY_TASK_START",
          "param": [22600, 0],
          "param_str": ""
        },
        {
          "type": "QUEST_COND_STATE_EQUAL",
          "param": [2002306, 3],
          "param_str": ""
        },
        {
          "type": "QUEST_COND_QUEST_VAR_EQUAL",
          "param": [1, 2],
          "param_str": ""
        }
      ],
      "finishCond": [
        {
          "type": "QUEST_CONTENT_FINISH_PLOT",
          "param": [2002307, 0],
          "param_str": ""
        }
      ],
      "failCond": [
        {
          "type": "QUEST_CONTENT_NOT_FINISH_PLOT",
          "param": [2002307, 0],
          "param_str": ""
        }
      ],
      "guide": {
        "type": "QUEST_GUIDE_NPC",
        "param": ["146101"],
        "guideScene": 3,
        "guideStyle": "QUEST_GUIDE_STYLE_TARGET",
        "guideLayer": "QUEST_GUIDE_LAYER_SCENE"
      },
      "finishExec": [
        {
          "param": [],
          "param_str": ""
        }
      ],
      "failExec": [
        {
          "type": "QUEST_EXEC_ROLLBACK_QUEST",
          "param": ["2002306", "0"],
          "param_str": ""
        }
      ],
      "beginExec": [
        {
          "param": [],
          "param_str": ""
        }
      ],
      "exclusiveNpcList": [1471, 1461, 1403]
    },
    {
      "subId": 2002308,
      "mainId": 20023,
      "order": 8,
      "descTextMapHash": 546577744,
      "acceptCondComb": "LOGIC_AND",
      "acceptCond": [
        {
          "type": "QUEST_COND_DAILY_TASK_START",
          "param": [22600, 0],
          "param_str": ""
        },
        {
          "type": "QUEST_COND_STATE_EQUAL",
          "param": [2002307, 3],
          "param_str": ""
        },
        {
          "type": "QUEST_COND_QUEST_VAR_EQUAL",
          "param": [1, 2],
          "param_str": ""
        }
      ],
      "finishCond": [
        {
          "type": "QUEST_CONTENT_COMPLETE_TALK",
          "param": [2002309, 0],
          "param_str": ""
        }
      ],
      "failCond": [
        {
          "param": [],
          "param_str": ""
        }
      ],
      "guide": {
        "type": "QUEST_GUIDE_NPC",
        "param": ["147101"],
        "guideScene": 3,
        "guideStyle": "QUEST_GUIDE_STYLE_FINISH",
        "guideLayer": "QUEST_GUIDE_LAYER_SCENE"
      },
      "finishParent": true,
      "isRewind": true,
      "finishExec": [
        {
          "type": "QUEST_EXEC_NOTIFY_DAILY_TASK",
          "param": ["22600", "0"],
          "param_str": ""
        }
      ],
      "failExec": [
        {
          "param": [],
          "param_str": ""
        }
      ],
      "beginExec": [
        {
          "param": [],
          "param_str": ""
        }
      ],
      "exclusiveNpcList": [1471, 1461, 1403]
    }
  ],
  "talks": [
    {
      "id": 2002301,
      "beginWay": "TALK_BEGIN_MANUAL",
      "beginCond": [
        {
          "type": "QUEST_COND_STATE_EQUAL",
          "param": ["2002301", "2"],
          "param_str": ""
        }
      ],
      "priority": 5,
      "initDialog": 200230101,
      "npcId": [147101],
      "performCfg": "",
      "questId": 20023,
      "prePerformCfg": ""
    },
    {
      "id": 2002302,
      "beginWay": "TALK_BEGIN_MANUAL",
      "beginCond": [
        {
          "type": "QUEST_COND_STATE_EQUAL",
          "param": ["2002302", "2"],
          "param_str": ""
        }
      ],
      "priority": 5,
      "initDialog": 200230201,
      "npcId": [146101],
      "performCfg": "",
      "questId": 20023,
      "prePerformCfg": ""
    },
    {
      "id": 2002303,
      "beginWay": "TALK_BEGIN_MANUAL",
      "beginCond": [
        {
          "type": "QUEST_COND_STATE_EQUAL",
          "param": ["2002304", "2"],
          "param_str": ""
        }
      ],
      "priority": 5,
      "initDialog": 200230301,
      "npcId": [1465],
      "performCfg": "",
      "questId": 20023,
      "prePerformCfg": ""
    },
    {
      "id": 2002304,
      "beginWay": "TALK_BEGIN_MANUAL",
      "beginCond": [
        {
          "type": "QUEST_COND_STATE_EQUAL",
          "param": ["2002305", "2"],
          "param_str": ""
        }
      ],
      "priority": 5,
      "initDialog": 200230401,
      "npcId": [147101],
      "performCfg": "",
      "questId": 20023,
      "prePerformCfg": ""
    },
    {
      "id": 2002305,
      "beginWay": "TALK_BEGIN_MANUAL",
      "beginCondComb": "LOGIC_OR",
      "beginCond": [
        {
          "type": "QUEST_COND_STATE_EQUAL",
          "param": ["2002302", "2"],
          "param_str": ""
        },
        {
          "type": "QUEST_COND_STATE_EQUAL",
          "param": ["2002303", "2"],
          "param_str": ""
        },
        {
          "type": "QUEST_COND_STATE_EQUAL",
          "param": ["2002304", "2"],
          "param_str": ""
        }
      ],
      "priority": 5,
      "initDialog": 200230501,
      "npcId": [147101],
      "performCfg": "",
      "questId": 20023,
      "prePerformCfg": ""
    },
    {
      "id": 2002307,
      "beginWay": "TALK_BEGIN_MANUAL",
      "beginCondComb": "LOGIC_OR",
      "beginCond": [
        {
          "type": "QUEST_COND_STATE_EQUAL",
          "param": ["2002306", "2"],
          "param_str": ""
        },
        {
          "type": "QUEST_COND_STATE_EQUAL",
          "param": ["2002307", "2"],
          "param_str": ""
        }
      ],
      "priority": 5,
      "initDialog": 200230701,
      "npcId": [147101],
      "performCfg": "",
      "questId": 20023,
      "prePerformCfg": ""
    },
    {
      "id": 2002308,
      "beginCond": [
        {
          "type": "QUEST_COND_STATE_EQUAL",
          "param": ["2002307", "2"],
          "param_str": ""
        }
      ],
      "priority": 5,
      "initDialog": 200230801,
      "npcId": [146101],
      "performCfg": "",
      "questId": 20023,
      "prePerformCfg": ""
    },
    {
      "id": 2002309,
      "beginWay": "TALK_BEGIN_MANUAL",
      "beginCond": [
        {
          "type": "QUEST_COND_STATE_EQUAL",
          "param": ["2002308", "2"],
          "param_str": ""
        }
      ],
      "priority": 5,
      "initDialog": 200230901,
      "npcId": [147101],
      "performCfg": "",
      "questId": 20023,
      "prePerformCfg": ""
    }
  ]
}
