{
  "id": 20035,
  "type": "IQ",
  "titleTextMapHash": 3174426249,
  "descTextMapHash": 904239943,
  "luaPath": "Actor/Quest/IQ20035",
  "subQuests": [
    {
      "subId": 2003501,
      "mainId": 20035,
      "order": 1,
      "descTextMapHash": 693253072,
      "acceptCond": [
        {
          "type": "QUEST_COND_DAILY_TASK_START",
          "param": [20402, 0],
          "param_str": ""
        }
      ],
      "finishCond": [
        {
          "type": "QUEST_CONTENT_COMPLETE_TALK",
          "param": [2003501, 0],
          "param_str": ""
        }
      ],
      "failCond": [
        {
          "param": [],
          "param_str": ""
        }
      ],
      "guide": {
        "type": "QUEST_GUIDE_NPC",
        "param": ["155101"],
        "guideScene": 3,
        "guideStyle": "QUEST_GUIDE_STYLE_START",
        "guideLayer": "QUEST_GUIDE_LAYER_UI"
      },
      "isRewind": true,
      "finishExec": [
        {
          "type": "QUEST_EXEC_DEL_ALL_SPECIFIC_PACK_ITEM",
          "param": ["100301", "0"],
          "param_str": ""
        }
      ],
      "failExec": [
        {
          "param": [],
          "param_str": ""
        }
      ],
      "beginExec": [
        {
          "type": "QUEST_EXEC_REFRESH_GROUP_SUITE",
          "param": ["3", "133002284,1"],
          "param_str": ""
        }
      ],
      "exclusiveNpcList": [155101]
    },
    {
      "subId": 2003502,
      "mainId": 20035,
      "order": 2,
      "descTextMapHash": 3864405968,
      "acceptCondComb": "LOGIC_AND",
      "acceptCond": [
        {
          "type": "QUEST_COND_DAILY_TASK_START",
          "param": [20402, 0],
          "param_str": ""
        },
        {
          "type": "QUEST_COND_STATE_EQUAL",
          "param": [2003501, 3],
          "param_str": ""
        }
      ],
      "finishCond": [
        {
          "type": "QUEST_CONTENT_OBTAIN_ITEM",
          "param": [100301, 0],
          "param_str": ""
        }
      ],
      "failCond": [
        {
          "param": [],
          "param_str": ""
        }
      ],
      "guide": {
        "type": "QUEST_GUIDE_LOCATION",
        "param": ["Q20025KEY01_Reminder", "80"],
        "guideScene": 3,
        "guideStyle": "QUEST_GUIDE_STYLE_TARGET",
        "guideLayer": "QUEST_GUIDE_LAYER_SCENE"
      },
      "isRewind": true,
      "finishExec": [
        {
          "param": [],
          "param_str": ""
        }
      ],
      "failExec": [
        {
          "param": [],
          "param_str": ""
        }
      ],
      "beginExec": [
        {
          "type": "QUEST_EXEC_REFRESH_GROUP_SUITE_RANDOM",
          "param": ["3", "133002284,2,3"],
          "param_str": ""
        },
        {
          "type": "QUEST_EXEC_DEL_ALL_SPECIFIC_PACK_ITEM",
          "param": ["100301", "0"],
          "param_str": ""
        }
      ],
      "exclusiveNpcList": [155101]
    },
    {
      "subId": 2003504,
      "mainId": 20035,
      "order": 3,
      "descTextMapHash": 1782693176,
      "acceptCondComb": "LOGIC_AND",
      "acceptCond": [
        {
          "type": "QUEST_COND_DAILY_TASK_START",
          "param": [20402, 0],
          "param_str": ""
        },
        {
          "type": "QUEST_COND_STATE_EQUAL",
          "param": [2003502, 3],
          "param_str": ""
        }
      ],
      "finishCond": [
        {
          "type": "QUEST_CONTENT_COMPLETE_TALK",
          "param": [2003504, 0],
          "param_str": ""
        }
      ],
      "failCond": [
        {
          "param": [],
          "param_str": ""
        }
      ],
      "guide": {
        "type": "QUEST_GUIDE_NPC",
        "param": ["155101"],
        "guideScene": 3,
        "guideStyle": "QUEST_GUIDE_STYLE_FINISH",
        "guideLayer": "QUEST_GUIDE_LAYER_SCENE"
      },
      "finishParent": true,
      "isRewind": true,
      "finishExec": [
        {
          "type": "QUEST_EXEC_NOTIFY_DAILY_TASK",
          "param": ["20402", "0"],
          "param_str": ""
        },
        {
          "type": "QUEST_EXEC_DEL_PACK_ITEM",
          "param": ["100301", "1"],
          "param_str": ""
        }
      ],
      "failExec": [
        {
          "param": [],
          "param_str": ""
        }
      ],
      "beginExec": [
        {
          "type": "QUEST_EXEC_REFRESH_GROUP_SUITE",
          "param": ["3", "133002284,1"],
          "param_str": ""
        }
      ],
      "exclusiveNpcList": [155101]
    }
  ],
  "talks": [
    {
      "id": 2003501,
      "beginWay": "TALK_BEGIN_MANUAL",
      "beginCond": [
        {
          "type": "QUEST_COND_STATE_EQUAL",
          "param": ["2003501", "2"],
          "param_str": ""
        }
      ],
      "priority": 5,
      "initDialog": 200350101,
      "npcId": [155101],
      "performCfg": "",
      "questId": 20035,
      "prePerformCfg": ""
    },
    {
      "id": 2003502,
      "beginWay": "TALK_BEGIN_MANUAL",
      "beginCondComb": "LOGIC_AND",
      "beginCond": [
        {
          "type": "QUEST_COND_STATE_EQUAL",
          "param": ["2003501", "3"],
          "param_str": ""
        },
        {
          "type": "QUEST_COND_STATE_EQUAL",
          "param": ["2003502", "2"],
          "param_str": ""
        }
      ],
      "priority": 5,
      "initDialog": 200350201,
      "npcId": [155101],
      "performCfg": "",
      "questId": 20035,
      "prePerformCfg": ""
    },
    {
      "id": 2003504,
      "beginWay": "TALK_BEGIN_MANUAL",
      "beginCond": [
        {
          "type": "QUEST_COND_STATE_EQUAL",
          "param": ["2003502", "3"],
          "param_str": ""
        }
      ],
      "priority": 5,
      "initDialog": 200350401,
      "npcId": [155101],
      "performCfg": "",
      "questId": 20035,
      "prePerformCfg": ""
    }
  ]
}
