{
  "id": 20046,
  "type": "IQ",
  "titleTextMapHash": 3894388679,
  "descTextMapHash": 2980270734,
  "luaPath": "Actor/Quest/IQ20046",
  "subQuests": [
    {
      "subId": 2004601,
      "mainId": 20046,
      "order": 1,
      "descTextMapHash": 1403609452,
      "acceptCond": [
        {
          "type": "QUEST_COND_DAILY_TASK_START",
          "param": [40041, 0],
          "param_str": ""
        }
      ],
      "finishCond": [
        {
          "type": "QUEST_CONTENT_COMPLETE_TALK",
          "param": [2004601, 0],
          "param_str": ""
        }
      ],
      "failCond": [
        {
          "param": [],
          "param_str": ""
        }
      ],
      "guide": {
        "type": "QUEST_GUIDE_NPC",
        "param": ["1700"],
        "guideScene": 3,
        "guideStyle": "QUEST_GUIDE_STYLE_START",
        "guideLayer": "QUEST_GUIDE_LAYER_SCENE"
      },
      "isRewind": true,
      "finishExec": [
        {
          "param": [],
          "param_str": ""
        }
      ],
      "failExec": [
        {
          "param": [],
          "param_str": ""
        }
      ],
      "beginExec": [
        {
          "param": [],
          "param_str": ""
        }
      ],
      "exclusiveNpcList": [1408, 1700, 1405],
      "exclusiveNpcPriority": 1100
    },
    {
      "subId": 2004602,
      "mainId": 20046,
      "order": 2,
      "descTextMapHash": 1043246020,
      "acceptCondComb": "LOGIC_AND",
      "acceptCond": [
        {
          "type": "QUEST_COND_DAILY_TASK_START",
          "param": [40041, 0],
          "param_str": ""
        },
        {
          "type": "QUEST_COND_STATE_EQUAL",
          "param": [2004601, 3],
          "param_str": ""
        }
      ],
      "finishCond": [
        {
          "type": "QUEST_CONTENT_LUA_NOTIFY",
          "param": [0, 0],
          "param_str": "1330030801",
          "count": 1
        }
      ],
      "failCond": [
        {
          "param": [],
          "param_str": ""
        }
      ],
      "guide": {
        "type": "QUEST_GUIDE_LOCATION",
        "param": ["Q2003301_N1408"],
        "guideScene": 3,
        "guideStyle": "QUEST_GUIDE_STYLE_POINT",
        "guideLayer": "QUEST_GUIDE_LAYER_SCENE"
      },
      "isRewind": true,
      "finishExec": [
        {
          "param": [],
          "param_str": ""
        }
      ],
      "failExec": [
        {
          "param": [],
          "param_str": ""
        }
      ],
      "beginExec": [
        {
          "type": "QUEST_EXEC_REGISTER_DYNAMIC_GROUP",
          "param": ["3", "133003080"],
          "param_str": ""
        }
      ],
      "exclusiveNpcList": [1408, 1700, 1405],
      "exclusiveNpcPriority": 1100
    },
    {
      "subId": 2004603,
      "mainId": 20046,
      "order": 3,
      "descTextMapHash": 349875916,
      "acceptCondComb": "LOGIC_AND",
      "acceptCond": [
        {
          "type": "QUEST_COND_DAILY_TASK_START",
          "param": [40041, 0],
          "param_str": ""
        },
        {
          "type": "QUEST_COND_STATE_EQUAL",
          "param": [2004602, 3],
          "param_str": ""
        }
      ],
      "finishCond": [
        {
          "type": "QUEST_CONTENT_LUA_NOTIFY",
          "param": [0, 0],
          "param_str": "1330030802",
          "count": 1
        }
      ],
      "failCond": [
        {
          "type": "QUEST_CONTENT_LUA_NOTIFY",
          "param": [0, 0],
          "param_str": "1330030805",
          "count": 1
        }
      ],
      "guide": {},
      "showGuide": "QUEST_GUIDE_ITEM_DISABLE",
      "finishExec": [
        {
          "param": [],
          "param_str": ""
        }
      ],
      "failExec": [
        {
          "type": "QUEST_EXEC_ROLLBACK_QUEST",
          "param": ["2004602", "0"],
          "param_str": ""
        }
      ],
      "beginExec": [
        {
          "param": [],
          "param_str": ""
        }
      ],
      "exclusiveNpcList": [1408, 1700, 1405],
      "exclusiveNpcPriority": 1100
    },
    {
      "subId": 2004604,
      "mainId": 20046,
      "order": 4,
      "descTextMapHash": 3578515356,
      "acceptCondComb": "LOGIC_AND",
      "acceptCond": [
        {
          "type": "QUEST_COND_DAILY_TASK_START",
          "param": [40041, 0],
          "param_str": ""
        },
        {
          "type": "QUEST_COND_STATE_EQUAL",
          "param": [2004603, 3],
          "param_str": ""
        }
      ],
      "finishCond": [
        {
          "type": "QUEST_CONTENT_COMPLETE_TALK",
          "param": [2004602, 0],
          "param_str": ""
        }
      ],
      "failCond": [
        {
          "param": [],
          "param_str": ""
        }
      ],
      "guide": {
        "type": "QUEST_GUIDE_NPC",
        "param": ["1700"],
        "guideScene": 3,
        "guideStyle": "QUEST_GUIDE_STYLE_FINISH",
        "guideLayer": "QUEST_GUIDE_LAYER_SCENE"
      },
      "finishParent": true,
      "isRewind": true,
      "finishExec": [
        {
          "type": "QUEST_EXEC_UNREGISTER_DYNAMIC_GROUP",
          "param": ["133003080", "0"],
          "param_str": ""
        },
        {
          "type": "QUEST_EXEC_NOTIFY_DAILY_TASK",
          "param": ["40041", "0"],
          "param_str": ""
        }
      ],
      "failExec": [
        {
          "param": [],
          "param_str": ""
        }
      ],
      "beginExec": [
        {
          "type": "QUEST_EXEC_REFRESH_GROUP_SUITE",
          "param": ["3", "133003080,5"],
          "param_str": ""
        }
      ],
      "exclusiveNpcList": [1408, 1700, 1405],
      "exclusiveNpcPriority": 1100
    }
  ],
  "talks": [
    {
      "id": 2004601,
      "beginWay": "TALK_BEGIN_MANUAL",
      "activeMode": "PLAY_MODE_HOST",
      "beginCond": [
        {
          "type": "QUEST_COND_STATE_EQUAL",
          "param": ["2004601", "2"],
          "param_str": ""
        }
      ],
      "priority": 5,
      "initDialog": 200460101,
      "npcId": [1700],
      "performCfg": "",
      "heroTalk": "TALK_HERO_MAIN",
      "questId": 20046,
      "prePerformCfg": ""
    },
    {
      "id": 2004602,
      "beginWay": "TALK_BEGIN_MANUAL",
      "activeMode": "PLAY_MODE_HOST",
      "beginCond": [
        {
          "type": "QUEST_COND_STATE_EQUAL",
          "param": ["2004604", "2"],
          "param_str": ""
        }
      ],
      "priority": 5,
      "initDialog": 200460201,
      "npcId": [1700],
      "performCfg": "QuestDialogue/IQ/Mengde_20046/Q2004602",
      "heroTalk": "TALK_HERO_MAIN",
      "questId": 20046,
      "prePerformCfg": ""
    },
    {
      "id": 2004603,
      "beginWay": "TALK_BEGIN_MANUAL",
      "activeMode": "PLAY_MODE_HOST",
      "beginCond": [
        {
          "type": "QUEST_COND_STATE_EQUAL",
          "param": ["2004601", "3"],
          "param_str": ""
        }
      ],
      "priority": 5,
      "initDialog": 200460301,
      "npcId": [1408],
      "performCfg": "",
      "heroTalk": "TALK_HERO_MAIN",
      "questId": 20046,
      "prePerformCfg": ""
    }
  ]
}
