{
  "id": 20044,
  "type": "IQ",
  "titleTextMapHash": 2216093729,
  "descTextMapHash": 1908471575,
  "luaPath": "",
  "subQuests": [
    {
      "subId": 2004401,
      "mainId": 20044,
      "order": 1,
      "descTextMapHash": 1012695568,
      "acceptCond": [
        {
          "type": "QUEST_COND_DAILY_TASK_START",
          "param": [21600, 0],
          "param_str": ""
        }
      ],
      "finishCond": [
        {
          "type": "QUEST_CONTENT_COMPLETE_TALK",
          "param": [2004401, 0],
          "param_str": ""
        }
      ],
      "failCond": [
        {
          "param": [],
          "param_str": ""
        }
      ],
      "guide": {
        "type": "QUEST_GUIDE_NPC",
        "param": ["1605"],
        "guideScene": 3,
        "guideStyle": "QUEST_GUIDE_STYLE_START",
        "guideLayer": "QUEST_GUIDE_LAYER_UI"
      },
      "isRewind": true,
      "finishExec": [
        {
          "param": [],
          "param_str": ""
        }
      ],
      "failExec": [
        {
          "param": [],
          "param_str": ""
        }
      ],
      "beginExec": [
        {
          "type": "QUEST_EXEC_REFRESH_GROUP_SUITE",
          "param": ["3", "133004270,1"],
          "param_str": ""
        }
      ],
      "exclusiveNpcList": [1605]
    },
    {
      "subId": 2004402,
      "mainId": 20044,
      "order": 2,
      "descTextMapHash": 4213966976,
      "acceptCondComb": "LOGIC_AND",
      "acceptCond": [
        {
          "type": "QUEST_COND_DAILY_TASK_START",
          "param": [21600, 0],
          "param_str": ""
        },
        {
          "type": "QUEST_COND_STATE_EQUAL",
          "param": [2004401, 3],
          "param_str": ""
        }
      ],
      "finishCond": [
        {
          "type": "QUEST_CONTENT_LUA_NOTIFY",
          "param": [0, 0],
          "param_str": "133004270",
          "count": 1
        }
      ],
      "failCond": [
        {
          "type": "QUEST_CONTENT_LUA_NOTIFY",
          "param": [0, 0],
          "param_str": "13300427001",
          "count": 1
        }
      ],
      "guide": {
        "type": "QUEST_GUIDE_LOCATION",
        "param": ["Event_21600_01", "10"],
        "guideScene": 3,
        "guideStyle": "QUEST_GUIDE_STYLE_TARGET",
        "guideLayer": "QUEST_GUIDE_LAYER_SCENE"
      },
      "isRewind": true,
      "finishExec": [
        {
          "param": [],
          "param_str": ""
        }
      ],
      "failExec": [
        {
          "type": "QUEST_EXEC_REFRESH_GROUP_SUITE",
          "param": ["3", "133004270,1"],
          "param_str": ""
        },
        {
          "type": "QUEST_EXEC_ROLLBACK_QUEST",
          "param": ["2004402", "0"],
          "param_str": ""
        }
      ],
      "beginExec": [
        {
          "type": "QUEST_EXEC_REFRESH_GROUP_SUITE",
          "param": ["3", "133004270,2"],
          "param_str": ""
        }
      ],
      "exclusiveNpcList": [1605]
    },
    {
      "subId": 2004403,
      "mainId": 20044,
      "order": 3,
      "descTextMapHash": 1521750424,
      "acceptCondComb": "LOGIC_AND",
      "acceptCond": [
        {
          "type": "QUEST_COND_DAILY_TASK_START",
          "param": [21600, 0],
          "param_str": ""
        },
        {
          "type": "QUEST_COND_STATE_EQUAL",
          "param": [2004402, 3],
          "param_str": ""
        }
      ],
      "finishCond": [
        {
          "type": "QUEST_CONTENT_COMPLETE_TALK",
          "param": [2004403, 0],
          "param_str": ""
        }
      ],
      "failCond": [
        {
          "param": [],
          "param_str": ""
        }
      ],
      "guide": {
        "type": "QUEST_GUIDE_NPC",
        "param": ["1605"],
        "guideScene": 3,
        "guideStyle": "QUEST_GUIDE_STYLE_FINISH",
        "guideLayer": "QUEST_GUIDE_LAYER_SCENE"
      },
      "finishParent": true,
      "isRewind": true,
      "finishExec": [
        {
          "type": "QUEST_EXEC_REFRESH_GROUP_SUITE",
          "param": ["3", "133004270,1"],
          "param_str": ""
        },
        {
          "type": "QUEST_EXEC_NOTIFY_DAILY_TASK",
          "param": ["21600", "0"],
          "param_str": ""
        }
      ],
      "failExec": [
        {
          "type": "QUEST_EXEC_REFRESH_GROUP_SUITE",
          "param": ["3", "133004270,1"],
          "param_str": ""
        }
      ],
      "beginExec": [
        {
          "param": [],
          "param_str": ""
        }
      ],
      "exclusiveNpcList": [1605]
    }
  ],
  "talks": [
    {
      "id": 2004401,
      "beginWay": "TALK_BEGIN_MANUAL",
      "beginCond": [
        {
          "type": "QUEST_COND_STATE_EQUAL",
          "param": ["2004401", "2"],
          "param_str": ""
        }
      ],
      "priority": 6,
      "initDialog": 200440101,
      "npcId": [1605],
      "performCfg": "",
      "questId": 20044,
      "prePerformCfg": ""
    },
    {
      "id": 2004402,
      "beginWay": "TALK_BEGIN_MANUAL",
      "beginCondComb": "LOGIC_AND",
      "beginCond": [
        {
          "type": "QUEST_COND_STATE_EQUAL",
          "param": ["2004401", "3"],
          "param_str": ""
        },
        {
          "type": "QUEST_COND_STATE_EQUAL",
          "param": ["2004402", "2"],
          "param_str": ""
        }
      ],
      "priority": 6,
      "initDialog": 200440201,
      "npcId": [1605],
      "performCfg": "",
      "questId": 20044,
      "prePerformCfg": ""
    },
    {
      "id": 2004403,
      "beginWay": "TALK_BEGIN_MANUAL",
      "beginCondComb": "LOGIC_AND",
      "beginCond": [
        {
          "type": "QUEST_COND_STATE_EQUAL",
          "param": ["2004402", "3"],
          "param_str": ""
        },
        {
          "type": "QUEST_COND_STATE_EQUAL",
          "param": ["2004403", "2"],
          "param_str": ""
        }
      ],
      "priority": 6,
      "initDialog": 200440301,
      "npcId": [1605],
      "performCfg": "",
      "questId": 20044,
      "prePerformCfg": ""
    }
  ]
}
