{
  "id": 20060,
  "type": "IQ",
  "titleTextMapHash": 1509857153,
  "descTextMapHash": 2353876447,
  "luaPath": "Actor/Quest/IQ20060",
  "subQuests": [
    {
      "subId": 2006001,
      "mainId": 20060,
      "order": 1,
      "descTextMapHash": 2129756976,
      "acceptCond": [
        {
          "type": "QUEST_COND_DAILY_TASK_START",
          "param": [22500, 0],
          "param_str": ""
        }
      ],
      "finishCond": [
        {
          "type": "QUEST_CONTENT_COMPLETE_TALK",
          "param": [2006001, 0],
          "param_str": ""
        }
      ],
      "failCond": [
        {
          "param": [],
          "param_str": ""
        }
      ],
      "guide": {
        "type": "QUEST_GUIDE_NPC",
        "param": ["1533"],
        "guideScene": 3,
        "guideStyle": "QUEST_GUIDE_STYLE_START",
        "guideLayer": "QUEST_GUIDE_LAYER_SCENE"
      },
      "isRewind": true,
      "finishExec": [
        {
          "param": [],
          "param_str": ""
        }
      ],
      "failExec": [
        {
          "param": [],
          "param_str": ""
        }
      ],
      "beginExec": [
        {
          "type": "QUEST_EXEC_ACTIVE_ITEM_GIVING",
          "param": ["2006008", "0"],
          "param_str": ""
        }
      ],
      "exclusiveNpcList": [1441, 1533, 1473]
    },
    {
      "subId": 2006002,
      "mainId": 20060,
      "order": 2,
      "subIdSet": 1,
      "descTextMapHash": 952464824,
      "acceptCondComb": "LOGIC_AND",
      "acceptCond": [
        {
          "type": "QUEST_COND_DAILY_TASK_START",
          "param": [22500, 0],
          "param_str": ""
        },
        {
          "type": "QUEST_COND_STATE_EQUAL",
          "param": [2006001, 3],
          "param_str": ""
        },
        {
          "type": "QUEST_COND_ITEM_NUM_LESS_THAN",
          "param": [100012, 3],
          "param_str": ""
        }
      ],
      "finishCond": [
        {
          "type": "QUEST_CONTENT_OBTAIN_ITEM",
          "param": [100012, 0],
          "param_str": "",
          "count": 3
        }
      ],
      "failCond": [
        {
          "param": [],
          "param_str": ""
        }
      ],
      "guide": {
        "type": "QUEST_GUIDE_LOCATION",
        "param": ["Q20060", "25"],
        "guideScene": 3,
        "guideStyle": "QUEST_GUIDE_STYLE_TARGET",
        "guideLayer": "QUEST_GUIDE_LAYER_SCENE"
      },
      "finishExec": [
        {
          "type": "QUEST_EXEC_ADD_QUEST_PROGRESS",
          "param": ["200600501", "1"],
          "param_str": ""
        }
      ],
      "failExec": [
        {
          "param": [],
          "param_str": ""
        }
      ],
      "beginExec": [
        {
          "param": [],
          "param_str": ""
        }
      ]
    },
    {
      "subId": 2006004,
      "mainId": 20060,
      "order": 4,
      "descTextMapHash": 3639669824,
      "showType": "QUEST_HIDDEN",
      "acceptCondComb": "LOGIC_AND",
      "acceptCond": [
        {
          "type": "QUEST_COND_DAILY_TASK_START",
          "param": [22500, 0],
          "param_str": ""
        },
        {
          "type": "QUEST_COND_STATE_EQUAL",
          "param": [2006001, 3],
          "param_str": ""
        },
        {
          "type": "QUEST_COND_PACK_HAVE_ITEM",
          "param": [100012, 3],
          "param_str": ""
        }
      ],
      "finishCond": [
        {
          "param": [],
          "param_str": ""
        }
      ],
      "failCond": [
        {
          "param": [],
          "param_str": ""
        }
      ],
      "guide": {},
      "finishExec": [
        {
          "type": "QUEST_EXEC_ADD_QUEST_PROGRESS",
          "param": ["200600501", "1"],
          "param_str": ""
        }
      ],
      "failExec": [
        {
          "param": [],
          "param_str": ""
        }
      ],
      "beginExec": [
        {
          "param": [],
          "param_str": ""
        }
      ]
    },
    {
      "subId": 2006005,
      "mainId": 20060,
      "order": 5,
      "descTextMapHash": 1357597576,
      "showType": "QUEST_HIDDEN",
      "acceptCondComb": "LOGIC_AND",
      "acceptCond": [
        {
          "type": "QUEST_COND_DAILY_TASK_START",
          "param": [22500, 0],
          "param_str": ""
        },
        {
          "type": "QUEST_COND_STATE_EQUAL",
          "param": [2006001, 3],
          "param_str": ""
        }
      ],
      "finishCond": [
        {
          "type": "QUEST_CONTENT_ADD_QUEST_PROGRESS",
          "param": [200600501, 0],
          "param_str": "",
          "count": 1
        }
      ],
      "failCond": [
        {
          "param": [],
          "param_str": ""
        }
      ],
      "guide": {},
      "finishExec": [
        {
          "param": [],
          "param_str": ""
        }
      ],
      "failExec": [
        {
          "param": [],
          "param_str": ""
        }
      ],
      "beginExec": [
        {
          "param": [],
          "param_str": ""
        }
      ],
      "exclusiveNpcList": [1441, 1533, 1473]
    },
    {
      "subId": 2006006,
      "mainId": 20060,
      "order": 6,
      "descTextMapHash": 2942181584,
      "showType": "QUEST_HIDDEN",
      "acceptCondComb": "LOGIC_AND",
      "acceptCond": [
        {
          "type": "QUEST_COND_DAILY_TASK_START",
          "param": [22500, 0],
          "param_str": ""
        },
        {
          "type": "QUEST_COND_STATE_EQUAL",
          "param": [2006005, 3],
          "param_str": ""
        }
      ],
      "finishCond": [
        {
          "type": "QUEST_CONTENT_COMPLETE_TALK",
          "param": [2006005, 0],
          "param_str": ""
        }
      ],
      "failCond": [
        {
          "param": [],
          "param_str": ""
        }
      ],
      "guide": {},
      "finishExec": [
        {
          "param": [],
          "param_str": ""
        }
      ],
      "failExec": [
        {
          "param": [],
          "param_str": ""
        }
      ],
      "beginExec": [
        {
          "param": [],
          "param_str": ""
        }
      ]
    },
    {
      "subId": 2006008,
      "mainId": 20060,
      "order": 8,
      "descTextMapHash": 2387293360,
      "acceptCondComb": "LOGIC_AND",
      "acceptCond": [
        {
          "type": "QUEST_COND_DAILY_TASK_START",
          "param": [22500, 0],
          "param_str": ""
        },
        {
          "type": "QUEST_COND_STATE_EQUAL",
          "param": [2006005, 3],
          "param_str": ""
        }
      ],
      "finishCond": [
        {
          "type": "QUEST_CONTENT_FINISH_ITEM_GIVING",
          "param": [2006008, 0],
          "param_str": ""
        }
      ],
      "failCond": [
        {
          "param": [],
          "param_str": ""
        }
      ],
      "guide": {
        "type": "QUEST_GUIDE_NPC",
        "param": ["1473"],
        "guideScene": 1008,
        "guideStyle": "QUEST_GUIDE_STYLE_TARGET",
        "guideLayer": "QUEST_GUIDE_LAYER_SCENE"
      },
      "isRewind": true,
      "finishExec": [
        {
          "param": [],
          "param_str": ""
        }
      ],
      "failExec": [
        {
          "param": [],
          "param_str": ""
        }
      ],
      "beginExec": [
        {
          "param": [],
          "param_str": ""
        }
      ],
      "exclusiveNpcList": [1441, 1533, 1473]
    },
    {
      "subId": 2006009,
      "mainId": 20060,
      "order": 9,
      "descTextMapHash": 2401558536,
      "showType": "QUEST_HIDDEN",
      "acceptCondComb": "LOGIC_AND",
      "acceptCond": [
        {
          "type": "QUEST_COND_DAILY_TASK_START",
          "param": [22500, 0],
          "param_str": ""
        },
        {
          "type": "QUEST_COND_STATE_EQUAL",
          "param": [2006008, 3],
          "param_str": ""
        }
      ],
      "finishCond": [
        {
          "type": "QUEST_CONTENT_COMPLETE_TALK",
          "param": [2006008, 0],
          "param_str": ""
        }
      ],
      "failCond": [
        {
          "param": [],
          "param_str": ""
        }
      ],
      "guide": {},
      "isRewind": true,
      "finishExec": [
        {
          "param": [],
          "param_str": ""
        }
      ],
      "failExec": [
        {
          "param": [],
          "param_str": ""
        }
      ],
      "beginExec": [
        {
          "param": [],
          "param_str": ""
        }
      ],
      "exclusiveNpcList": [1441, 1533, 1473]
    },
    {
      "subId": 2006010,
      "mainId": 20060,
      "order": 10,
      "descTextMapHash": 1507332112,
      "acceptCondComb": "LOGIC_AND",
      "acceptCond": [
        {
          "type": "QUEST_COND_DAILY_TASK_START",
          "param": [22500, 0],
          "param_str": ""
        },
        {
          "type": "QUEST_COND_STATE_EQUAL",
          "param": [2006009, 3],
          "param_str": ""
        }
      ],
      "finishCond": [
        {
          "type": "QUEST_CONTENT_COMPLETE_TALK",
          "param": [2006009, 0],
          "param_str": ""
        }
      ],
      "failCond": [
        {
          "param": [],
          "param_str": ""
        }
      ],
      "guide": {
        "type": "QUEST_GUIDE_NPC",
        "param": ["1533"],
        "guideScene": 3,
        "guideStyle": "QUEST_GUIDE_STYLE_FINISH",
        "guideLayer": "QUEST_GUIDE_LAYER_SCENE"
      },
      "finishParent": true,
      "isRewind": true,
      "finishExec": [
        {
          "type": "QUEST_EXEC_DEL_ALL_SPECIFIC_PACK_ITEM",
          "param": ["100351", "0"],
          "param_str": ""
        },
        {
          "type": "QUEST_EXEC_NOTIFY_DAILY_TASK",
          "param": ["22500", "0"],
          "param_str": ""
        }
      ],
      "failExec": [
        {
          "param": [],
          "param_str": ""
        }
      ],
      "beginExec": [
        {
          "param": [],
          "param_str": ""
        }
      ],
      "exclusiveNpcList": [1441, 1533, 1473]
    }
  ],
  "talks": [
    {
      "id": 2006001,
      "beginWay": "TALK_BEGIN_MANUAL",
      "beginCond": [
        {
          "type": "QUEST_COND_STATE_EQUAL",
          "param": ["2006001", "2"],
          "param_str": ""
        }
      ],
      "priority": 6,
      "initDialog": 200600101,
      "npcId": [1533],
      "performCfg": "",
      "questId": 20060,
      "prePerformCfg": ""
    },
    {
      "id": 2006002,
      "initDialog": 200600201,
      "npcId": [1005],
      "performCfg": "",
      "questId": 20060,
      "prePerformCfg": ""
    },
    {
      "id": 2006003,
      "initDialog": 200600301,
      "npcId": [1005],
      "performCfg": "",
      "questId": 20060,
      "prePerformCfg": ""
    },
    {
      "id": 2006004,
      "initDialog": 200600401,
      "npcId": [1005],
      "performCfg": "",
      "questId": 20060,
      "prePerformCfg": ""
    },
    {
      "id": 2006005,
      "beginWay": "TALK_BEGIN_MANUAL",
      "beginCondComb": "LOGIC_AND",
      "beginCond": [
        {
          "type": "QUEST_COND_STATE_EQUAL",
          "param": ["2006006", "2"],
          "param_str": ""
        },
        {
          "type": "QUEST_COND_PACK_HAVE_ITEM",
          "param": ["100012", "1"],
          "param_str": ""
        }
      ],
      "priority": 6,
      "initDialog": 200600501,
      "npcId": [1441],
      "performCfg": "",
      "questId": 20060,
      "prePerformCfg": ""
    },
    {
      "id": 2006006,
      "beginWay": "TALK_BEGIN_MANUAL",
      "beginCond": [
        {
          "type": "QUEST_COND_STATE_EQUAL",
          "param": ["2006009", "3"],
          "param_str": ""
        }
      ],
      "priority": 6,
      "initDialog": 200600601,
      "npcId": [1473],
      "performCfg": "",
      "questId": 20060,
      "prePerformCfg": ""
    },
    {
      "id": 2006007,
      "beginWay": "TALK_BEGIN_MANUAL",
      "beginCondComb": "LOGIC_AND",
      "beginCond": [
        {
          "type": "QUEST_COND_STATE_EQUAL",
          "param": ["2006008", "2"],
          "param_str": ""
        },
        {
          "type": "QUEST_COND_ITEM_GIVING_ACTIVED",
          "param": ["2006008", "0"],
          "param_str": ""
        }
      ],
      "priority": 6,
      "initDialog": 200600701,
      "npcId": [1473],
      "performCfg": "",
      "questId": 20060,
      "prePerformCfg": ""
    },
    {
      "id": 2006008,
      "beginWay": "TALK_BEGIN_MANUAL",
      "beginCond": [
        {
          "type": "QUEST_COND_STATE_EQUAL",
          "param": ["2006009", "2"],
          "param_str": ""
        }
      ],
      "priority": 6,
      "initDialog": 200600801,
      "npcId": [1473],
      "performCfg": "",
      "questId": 20060,
      "prePerformCfg": ""
    },
    {
      "id": 2006009,
      "beginWay": "TALK_BEGIN_MANUAL",
      "beginCondComb": "LOGIC_AND",
      "beginCond": [
        {
          "type": "QUEST_COND_STATE_EQUAL",
          "param": ["2006010", "2"],
          "param_str": ""
        },
        {
          "type": "QUEST_COND_STATE_EQUAL",
          "param": ["2006008", "3"],
          "param_str": ""
        },
        {
          "type": "QUEST_COND_PACK_HAVE_ITEM",
          "param": ["100351", "1"],
          "param_str": ""
        }
      ],
      "priority": 6,
      "initDialog": 200600901,
      "npcId": [1533],
      "performCfg": "",
      "questId": 20060,
      "prePerformCfg": ""
    },
    {
      "id": 2006011,
      "beginWay": "TALK_BEGIN_MANUAL",
      "beginCondComb": "LOGIC_OR",
      "beginCond": [
        {
          "type": "QUEST_COND_STATE_EQUAL",
          "param": ["2006005", "2"],
          "param_str": ""
        },
        {
          "type": "QUEST_COND_STATE_EQUAL",
          "param": ["2006008", "2"],
          "param_str": ""
        },
        {
          "type": "QUEST_COND_STATE_EQUAL",
          "param": ["2006009", "2"],
          "param_str": ""
        }
      ],
      "priority": 6,
      "initDialog": 200601001,
      "npcId": [1533],
      "performCfg": "",
      "questId": 20060,
      "prePerformCfg": ""
    }
  ]
}
