{
  "id": 20062,
  "type": "IQ",
  "titleTextMapHash": 60746233,
  "descTextMapHash": 1938379391,
  "luaPath": "Actor/Quest/IQ20062",
  "rewardIdList": [500035, 500036],
  "subQuests": [
    {
      "subId": 2006201,
      "mainId": 20062,
      "order": 1,
      "descTextMapHash": 2470194712,
      "acceptCond": [
        {
          "type": "QUEST_COND_DAILY_TASK_START",
          "param": [22400, 0],
          "param_str": ""
        }
      ],
      "finishCond": [
        {
          "type": "QUEST_CONTENT_COMPLETE_TALK",
          "param": [2006201, 0],
          "param_str": ""
        }
      ],
      "failCond": [
        {
          "param": [],
          "param_str": ""
        }
      ],
      "guide": {
        "type": "QUEST_GUIDE_NPC",
        "param": ["1604"],
        "guideScene": 3,
        "guideStyle": "QUEST_GUIDE_STYLE_START",
        "guideLayer": "QUEST_GUIDE_LAYER_UI"
      },
      "isRewind": true,
      "finishExec": [
        {
          "param": [],
          "param_str": ""
        }
      ],
      "failExec": [
        {
          "param": [],
          "param_str": ""
        }
      ],
      "beginExec": [
        {
          "param": [],
          "param_str": ""
        }
      ],
      "exclusiveNpcList": [1604]
    },
    {
      "subId": 2006202,
      "mainId": 20062,
      "order": 2,
      "descTextMapHash": 281028984,
      "acceptCondComb": "LOGIC_AND",
      "acceptCond": [
        {
          "type": "QUEST_COND_DAILY_TASK_START",
          "param": [22400, 0],
          "param_str": ""
        },
        {
          "type": "QUEST_COND_STATE_EQUAL",
          "param": [2006201, 3],
          "param_str": ""
        }
      ],
      "finishCond": [
        {
          "type": "QUEST_CONTENT_LUA_NOTIFY",
          "param": [0, 0],
          "param_str": "13300422101",
          "count": 1
        }
      ],
      "failCond": [
        {
          "type": "QUEST_CONTENT_LUA_NOTIFY",
          "param": [0, 0],
          "param_str": "13300422102",
          "count": 1
        }
      ],
      "guide": {
        "type": "QUEST_GUIDE_LOCATION",
        "param": ["Event_22400_01", "20"],
        "guideScene": 3,
        "guideStyle": "QUEST_GUIDE_STYLE_TARGET",
        "guideLayer": "QUEST_GUIDE_LAYER_SCENE"
      },
      "isRewind": true,
      "finishExec": [
        {
          "param": [],
          "param_str": ""
        }
      ],
      "failExec": [
        {
          "param": [],
          "param_str": ""
        }
      ],
      "beginExec": [
        {
          "type": "QUEST_EXEC_REFRESH_GROUP_SUITE",
          "param": ["3", "133004221,2"],
          "param_str": ""
        },
        {
          "type": "QUEST_EXEC_DEL_PACK_ITEM_BATCH",
          "param": ["100365:99,100353:99", "1"],
          "param_str": ""
        },
        {
          "type": "QUEST_EXEC_REFRESH_GROUP_SUITE",
          "param": ["3", "133004278,2"],
          "param_str": ""
        }
      ],
      "exclusiveNpcList": [1604]
    },
    {
      "subId": 2006203,
      "mainId": 20062,
      "order": 3,
      "descTextMapHash": 403344176,
      "acceptCondComb": "LOGIC_AND",
      "acceptCond": [
        {
          "type": "QUEST_COND_DAILY_TASK_START",
          "param": [22400, 0],
          "param_str": ""
        },
        {
          "type": "QUEST_COND_STATE_EQUAL",
          "param": [2006202, 3],
          "param_str": ""
        }
      ],
      "finishCond": [
        {
          "type": "QUEST_CONTENT_LUA_NOTIFY",
          "param": [0, 0],
          "param_str": "13300422103",
          "count": 1
        }
      ],
      "failCond": [
        {
          "type": "QUEST_CONTENT_LUA_NOTIFY",
          "param": [0, 0],
          "param_str": "13300422102",
          "count": 1
        }
      ],
      "guide": {
        "type": "QUEST_GUIDE_LOCATION",
        "param": ["Event_22400_01"],
        "guideScene": 3,
        "guideStyle": "QUEST_GUIDE_STYLE_POINT",
        "guideLayer": "QUEST_GUIDE_LAYER_UI"
      },
      "finishExec": [
        {
          "param": [],
          "param_str": ""
        }
      ],
      "failExec": [
        {
          "param": [],
          "param_str": ""
        }
      ],
      "beginExec": [
        {
          "param": [],
          "param_str": ""
        }
      ],
      "exclusiveNpcList": [1604]
    },
    {
      "subId": 2006204,
      "mainId": 20062,
      "order": 4,
      "descTextMapHash": 1600552632,
      "acceptCondComb": "LOGIC_AND",
      "acceptCond": [
        {
          "type": "QUEST_COND_DAILY_TASK_START",
          "param": [22400, 0],
          "param_str": ""
        },
        {
          "type": "QUEST_COND_STATE_EQUAL",
          "param": [2006203, 3],
          "param_str": ""
        }
      ],
      "finishCond": [
        {
          "type": "QUEST_CONTENT_COMPLETE_TALK",
          "param": [2006202, 0],
          "param_str": ""
        }
      ],
      "failCond": [
        {
          "param": [],
          "param_str": ""
        }
      ],
      "guide": {
        "type": "QUEST_GUIDE_NPC",
        "param": ["1604"],
        "guideScene": 3,
        "guideStyle": "QUEST_GUIDE_STYLE_FINISH",
        "guideLayer": "QUEST_GUIDE_LAYER_SCENE"
      },
      "finishParent": true,
      "isRewind": true,
      "finishExec": [
        {
          "type": "QUEST_EXEC_SET_DAILY_TASK_VAR",
          "param": ["22400", "1", "1"],
          "param_str": ""
        },
        {
          "type": "QUEST_EXEC_DEL_ALL_SPECIFIC_PACK_ITEM",
          "param": ["100365", "0"],
          "param_str": ""
        },
        {
          "type": "QUEST_EXEC_REFRESH_GROUP_SUITE",
          "param": ["3", "133004280,2"],
          "param_str": ""
        },
        {
          "type": "QUEST_EXEC_NOTIFY_DAILY_TASK",
          "param": ["22400", "0"],
          "param_str": ""
        }
      ],
      "failExec": [
        {
          "param": [],
          "param_str": ""
        }
      ],
      "beginExec": [
        {
          "param": [],
          "param_str": ""
        }
      ],
      "exclusiveNpcList": [1604]
    },
    {
      "subId": 2006205,
      "mainId": 20062,
      "order": 2,
      "descTextMapHash": 1411499416,
      "showType": "QUEST_HIDDEN",
      "acceptCondComb": "LOGIC_AND",
      "acceptCond": [
        {
          "type": "QUEST_COND_DAILY_TASK_START",
          "param": [22400, 0],
          "param_str": ""
        },
        {
          "type": "QUEST_COND_STATE_EQUAL",
          "param": [2006201, 3],
          "param_str": ""
        }
      ],
      "finishCond": [
        {
          "type": "QUEST_CONTENT_FINISH_PLOT",
          "param": [2006205, 0],
          "param_str": ""
        }
      ],
      "failCond": [
        {
          "type": "QUEST_CONTENT_LUA_NOTIFY",
          "param": [0, 0],
          "param_str": "13300422102",
          "count": 1
        }
      ],
      "guide": {},
      "finishExec": [
        {
          "param": [],
          "param_str": ""
        }
      ],
      "failExec": [
        {
          "param": [],
          "param_str": ""
        }
      ],
      "beginExec": [
        {
          "param": [],
          "param_str": ""
        }
      ]
    },
    {
      "subId": 2006206,
      "mainId": 20062,
      "order": 5,
      "descTextMapHash": 4290132560,
      "acceptCondComb": "LOGIC_AND",
      "acceptCond": [
        {
          "type": "QUEST_COND_DAILY_TASK_START",
          "param": [22400, 0],
          "param_str": ""
        },
        {
          "type": "QUEST_COND_STATE_EQUAL",
          "param": [2006205, 4],
          "param_str": ""
        }
      ],
      "finishCond": [
        {
          "type": "QUEST_CONTENT_FINISH_PLOT",
          "param": [2006206, 0],
          "param_str": "",
          "count": 1
        }
      ],
      "failCond": [
        {
          "param": [],
          "param_str": ""
        }
      ],
      "guide": {
        "type": "QUEST_GUIDE_LOCATION",
        "param": ["Event_22400_01", "10"],
        "guideScene": 3,
        "guideStyle": "QUEST_GUIDE_STYLE_TARGET",
        "guideLayer": "QUEST_GUIDE_LAYER_SCENE"
      },
      "isRewind": true,
      "finishExec": [
        {
          "param": [],
          "param_str": ""
        }
      ],
      "failExec": [
        {
          "param": [],
          "param_str": ""
        }
      ],
      "beginExec": [
        {
          "param": [],
          "param_str": ""
        }
      ],
      "exclusiveNpcList": [1604]
    },
    {
      "subId": 2006207,
      "mainId": 20062,
      "order": 6,
      "descTextMapHash": 2282270672,
      "acceptCondComb": "LOGIC_AND",
      "acceptCond": [
        {
          "type": "QUEST_COND_DAILY_TASK_START",
          "param": [22400, 0],
          "param_str": ""
        },
        {
          "type": "QUEST_COND_STATE_EQUAL",
          "param": [2006206, 3],
          "param_str": ""
        }
      ],
      "finishCond": [
        {
          "type": "QUEST_CONTENT_COMPLETE_TALK",
          "param": [2006203, 0],
          "param_str": ""
        }
      ],
      "failCond": [
        {
          "param": [],
          "param_str": ""
        }
      ],
      "guide": {
        "type": "QUEST_GUIDE_NPC",
        "param": ["1604"],
        "guideScene": 3,
        "guideStyle": "QUEST_GUIDE_STYLE_FINISH",
        "guideLayer": "QUEST_GUIDE_LAYER_SCENE"
      },
      "finishParent": true,
      "isRewind": true,
      "finishExec": [
        {
          "type": "QUEST_EXEC_SET_DAILY_TASK_VAR",
          "param": ["22400", "1", "2"],
          "param_str": ""
        },
        {
          "type": "QUEST_EXEC_DEL_ALL_SPECIFIC_PACK_ITEM",
          "param": ["100353", "0"],
          "param_str": ""
        },
        {
          "type": "QUEST_EXEC_REFRESH_GROUP_SUITE",
          "param": ["3", "133004280,3"],
          "param_str": ""
        },
        {
          "type": "QUEST_EXEC_NOTIFY_DAILY_TASK",
          "param": ["22400", "0"],
          "param_str": ""
        }
      ],
      "failExec": [
        {
          "param": [],
          "param_str": ""
        }
      ],
      "beginExec": [
        {
          "param": [],
          "param_str": ""
        }
      ],
      "exclusiveNpcList": [1604]
    }
  ],
  "talks": [
    {
      "id": 2006201,
      "beginWay": "TALK_BEGIN_MANUAL",
      "beginCond": [
        {
          "type": "QUEST_COND_STATE_EQUAL",
          "param": ["2006201", "2"],
          "param_str": ""
        }
      ],
      "priority": 5,
      "initDialog": 200620101,
      "npcId": [1604],
      "performCfg": "",
      "questId": 20062,
      "prePerformCfg": ""
    },
    {
      "id": 2006202,
      "beginWay": "TALK_BEGIN_MANUAL",
      "beginCond": [
        {
          "type": "QUEST_COND_STATE_EQUAL",
          "param": ["2006204", "2"],
          "param_str": ""
        }
      ],
      "priority": 5,
      "initDialog": 200620201,
      "npcId": [1604],
      "performCfg": "",
      "questId": 20062,
      "prePerformCfg": ""
    },
    {
      "id": 2006203,
      "beginWay": "TALK_BEGIN_MANUAL",
      "beginCond": [
        {
          "type": "QUEST_COND_STATE_EQUAL",
          "param": ["2006207", "2"],
          "param_str": ""
        }
      ],
      "priority": 5,
      "initDialog": 200620301,
      "npcId": [1604],
      "performCfg": "",
      "questId": 20062,
      "prePerformCfg": ""
    },
    {
      "id": 2006204,
      "beginWay": "TALK_BEGIN_MANUAL",
      "beginCondComb": "LOGIC_OR",
      "beginCond": [
        {
          "type": "QUEST_COND_STATE_EQUAL",
          "param": ["2006202", "2"],
          "param_str": ""
        },
        {
          "type": "QUEST_COND_STATE_EQUAL",
          "param": ["2006203", "2"],
          "param_str": ""
        },
        {
          "type": "QUEST_COND_STATE_EQUAL",
          "param": ["2006206", "2"],
          "param_str": ""
        }
      ],
      "priority": 5,
      "initDialog": 200620401,
      "npcId": [1604],
      "performCfg": "",
      "questId": 20062,
      "prePerformCfg": ""
    },
    {
      "id": 2006205,
      "beginWay": "TALK_BEGIN_MANUAL",
      "beginCondComb": "LOGIC_OR",
      "beginCond": [
        {
          "type": "QUEST_COND_STATE_EQUAL",
          "param": ["2006202", "2"],
          "param_str": ""
        },
        {
          "type": "QUEST_COND_STATE_EQUAL",
          "param": ["2006203", "2"],
          "param_str": ""
        },
        {
          "type": "QUEST_COND_STATE_EQUAL",
          "param": ["2006206", "2"],
          "param_str": ""
        }
      ],
      "priority": 5,
      "initDialog": 200620501,
      "npcId": [1605],
      "performCfg": "",
      "questId": 20062,
      "prePerformCfg": ""
    },
    {
      "id": 2006206,
      "beginWay": "TALK_BEGIN_MANUAL",
      "beginCondComb": "LOGIC_AND",
      "beginCond": [
        {
          "type": "QUEST_COND_STATE_EQUAL",
          "param": ["2006204", "3"],
          "param_str": ""
        },
        {
          "type": "QUEST_COND_STATE_EQUAL",
          "param": ["2006401", "2"],
          "param_str": ""
        }
      ],
      "priority": 5,
      "initDialog": 200620601,
      "npcId": [1605],
      "performCfg": "",
      "questId": 20062,
      "prePerformCfg": ""
    },
    {
      "id": 2006207,
      "beginWay": "TALK_BEGIN_MANUAL",
      "beginCondComb": "LOGIC_AND",
      "beginCond": [
        {
          "type": "QUEST_COND_STATE_EQUAL",
          "param": ["2006207", "3"],
          "param_str": ""
        },
        {
          "type": "QUEST_COND_STATE_EQUAL",
          "param": ["2006401", "2"],
          "param_str": ""
        }
      ],
      "priority": 5,
      "initDialog": 200620701,
      "npcId": [1605],
      "performCfg": "",
      "questId": 20062,
      "prePerformCfg": ""
    }
  ]
}
