{
  "id": 20068,
  "type": "IQ",
  "titleTextMapHash": 1025888911,
  "descTextMapHash": 3462571198,
  "luaPath": "Actor/Quest/IQ20068",
  "subQuests": [
    {
      "subId": 2006801,
      "mainId": 20068,
      "order": 1,
      "descTextMapHash": 1474815380,
      "acceptCond": [
        {
          "type": "QUEST_COND_DAILY_TASK_START",
          "param": [23100, 0],
          "param_str": ""
        }
      ],
      "finishCond": [
        {
          "type": "QUEST_CONTENT_COMPLETE_TALK",
          "param": [2006801, 0],
          "param_str": ""
        }
      ],
      "failCond": [
        {
          "param": [],
          "param_str": ""
        }
      ],
      "guide": {
        "type": "QUEST_GUIDE_NPC",
        "param": ["1429"],
        "guideScene": 3,
        "guideStyle": "QUEST_GUIDE_STYLE_START",
        "guideLayer": "QUEST_GUIDE_LAYER_SCENE"
      },
      "isRewind": true,
      "finishExec": [
        {
          "param": [],
          "param_str": ""
        }
      ],
      "failExec": [
        {
          "param": [],
          "param_str": ""
        }
      ],
      "beginExec": [
        {
          "param": [],
          "param_str": ""
        }
      ],
      "exclusiveNpcList": [1429, 1567],
      "exclusiveNpcPriority": 1100
    },
    {
      "subId": 2006802,
      "mainId": 20068,
      "order": 2,
      "descTextMapHash": 2266839036,
      "acceptCond": [
        {
          "type": "QUEST_COND_STATE_EQUAL",
          "param": [2006801, 3],
          "param_str": ""
        },
        {
          "type": "QUEST_COND_DAILY_TASK_START",
          "param": [23100, 0],
          "param_str": ""
        }
      ],
      "finishCond": [
        {
          "type": "QUEST_CONTENT_FINISH_ITEM_GIVING",
          "param": [2006802, 0],
          "param_str": ""
        }
      ],
      "failCond": [
        {
          "param": [],
          "param_str": ""
        }
      ],
      "guide": {
        "type": "QUEST_GUIDE_NPC",
        "param": ["1429"],
        "guideScene": 3,
        "guideStyle": "QUEST_GUIDE_STYLE_TARGET",
        "guideLayer": "QUEST_GUIDE_LAYER_SCENE"
      },
      "isRewind": true,
      "finishExec": [
        {
          "param": [],
          "param_str": ""
        }
      ],
      "failExec": [
        {
          "param": [],
          "param_str": ""
        }
      ],
      "beginExec": [
        {
          "type": "QUEST_EXEC_ACTIVE_ITEM_GIVING",
          "param": ["2006802", "0"],
          "param_str": ""
        }
      ],
      "exclusiveNpcList": [1429, 1567],
      "exclusiveNpcPriority": 1100
    },
    {
      "subId": 2006803,
      "mainId": 20068,
      "order": 4,
      "descTextMapHash": 962273740,
      "acceptCond": [
        {
          "type": "QUEST_COND_STATE_EQUAL",
          "param": [2006804, 3],
          "param_str": ""
        },
        {
          "type": "QUEST_COND_DAILY_TASK_START",
          "param": [23100, 0],
          "param_str": ""
        }
      ],
      "finishCond": [
        {
          "type": "QUEST_CONTENT_COMPLETE_TALK",
          "param": [2006803, 0],
          "param_str": ""
        }
      ],
      "failCond": [
        {
          "param": [],
          "param_str": ""
        }
      ],
      "guide": {
        "type": "QUEST_GUIDE_NPC",
        "param": ["1567"],
        "guideScene": 3,
        "guideStyle": "QUEST_GUIDE_STYLE_TARGET",
        "guideLayer": "QUEST_GUIDE_LAYER_SCENE"
      },
      "finishParent": true,
      "isRewind": true,
      "finishExec": [
        {
          "type": "QUEST_EXEC_DEL_PACK_ITEM",
          "param": ["100453", "1"],
          "param_str": ""
        },
        {
          "type": "QUEST_EXEC_NOTIFY_DAILY_TASK",
          "param": ["23100", "0"],
          "param_str": ""
        }
      ],
      "failExec": [
        {
          "param": [],
          "param_str": ""
        }
      ],
      "beginExec": [
        {
          "param": [],
          "param_str": ""
        }
      ],
      "exclusiveNpcList": [1567, 1429],
      "exclusiveNpcPriority": 1100
    },
    {
      "subId": 2006804,
      "mainId": 20068,
      "order": 3,
      "descTextMapHash": 1854395908,
      "showType": "QUEST_HIDDEN",
      "acceptCond": [
        {
          "type": "QUEST_COND_STATE_EQUAL",
          "param": [2006802, 3],
          "param_str": ""
        },
        {
          "type": "QUEST_COND_DAILY_TASK_START",
          "param": [23100, 0],
          "param_str": ""
        }
      ],
      "finishCond": [
        {
          "type": "QUEST_CONTENT_COMPLETE_TALK",
          "param": [2006804, 0],
          "param_str": ""
        }
      ],
      "failCond": [
        {
          "param": [],
          "param_str": ""
        }
      ],
      "guide": {
        "type": "QUEST_GUIDE_NPC",
        "param": ["1429"],
        "guideScene": 3,
        "guideStyle": "QUEST_GUIDE_STYLE_TARGET",
        "guideLayer": "QUEST_GUIDE_LAYER_SCENE"
      },
      "isRewind": true,
      "finishExec": [
        {
          "param": [],
          "param_str": ""
        }
      ],
      "failExec": [
        {
          "param": [],
          "param_str": ""
        }
      ],
      "beginExec": [
        {
          "param": [],
          "param_str": ""
        }
      ],
      "exclusiveNpcList": [1429, 1567],
      "exclusiveNpcPriority": 1100
    }
  ],
  "talks": [
    {
      "id": 2006801,
      "beginWay": "TALK_BEGIN_MANUAL",
      "beginCondComb": "LOGIC_AND",
      "beginCond": [
        {
          "type": "QUEST_COND_STATE_EQUAL",
          "param": ["2006801", "2"],
          "param_str": ""
        }
      ],
      "priority": 5,
      "initDialog": 200680101,
      "npcId": [1429],
      "performCfg": "",
      "heroTalk": "TALK_HERO_MAIN",
      "questId": 20068,
      "prePerformCfg": ""
    },
    {
      "id": 2006802,
      "beginWay": "TALK_BEGIN_MANUAL",
      "beginCondComb": "LOGIC_AND",
      "beginCond": [
        {
          "type": "QUEST_COND_ITEM_GIVING_ACTIVED",
          "param": ["2006802", "3"],
          "param_str": ""
        },
        {
          "type": "QUEST_COND_STATE_EQUAL",
          "param": ["2006801", "3"],
          "param_str": ""
        }
      ],
      "priority": 6,
      "initDialog": 200680201,
      "npcId": [1429],
      "performCfg": "",
      "heroTalk": "TALK_HERO_MAIN",
      "questId": 20068,
      "prePerformCfg": ""
    },
    {
      "id": 2006803,
      "beginWay": "TALK_BEGIN_MANUAL",
      "beginCondComb": "LOGIC_AND",
      "beginCond": [
        {
          "type": "QUEST_COND_STATE_EQUAL",
          "param": ["2006803", "2"],
          "param_str": ""
        }
      ],
      "priority": 5,
      "initDialog": 200680301,
      "npcId": [1567],
      "performCfg": "",
      "heroTalk": "TALK_HERO_MAIN",
      "questId": 20068,
      "prePerformCfg": ""
    },
    {
      "id": 2006804,
      "beginWay": "TALK_BEGIN_MANUAL",
      "beginCondComb": "LOGIC_AND",
      "beginCond": [
        {
          "type": "QUEST_COND_STATE_EQUAL",
          "param": ["2006804", "2"],
          "param_str": ""
        }
      ],
      "priority": 11,
      "initDialog": 200680401,
      "npcId": [1429],
      "performCfg": "",
      "heroTalk": "TALK_HERO_MAIN",
      "questId": 20068,
      "prePerformCfg": ""
    },
    {
      "id": 2006805,
      "beginWay": "TALK_BEGIN_MANUAL",
      "beginCond": [
        {
          "type": "QUEST_COND_STATE_EQUAL",
          "param": ["2006803", "2"],
          "param_str": ""
        }
      ],
      "priority": 6,
      "initDialog": 200680501,
      "npcId": [1429],
      "performCfg": "",
      "heroTalk": "TALK_HERO_MAIN",
      "questId": 20068,
      "prePerformCfg": ""
    },
    {
      "id": 2006806,
      "beginWay": "TALK_BEGIN_MANUAL",
      "beginCondComb": "LOGIC_OR",
      "beginCond": [
        {
          "type": "QUEST_COND_STATE_EQUAL",
          "param": ["2006802", "2"],
          "param_str": ""
        },
        {
          "type": "QUEST_COND_STATE_EQUAL",
          "param": ["2006801", "2"],
          "param_str": ""
        }
      ],
      "priority": 6,
      "initDialog": 200680601,
      "npcId": [1567],
      "performCfg": "",
      "heroTalk": "TALK_HERO_MAIN",
      "questId": 20068,
      "prePerformCfg": ""
    }
  ]
}
