{
  "id": 20063,
  "type": "IQ",
  "titleTextMapHash": 2298648409,
  "descTextMapHash": 67192207,
  "luaPath": "Actor/Quest/IQ20063",
  "subQuests": [
    {
      "subId": 2006301,
      "mainId": 20063,
      "order": 1,
      "descTextMapHash": 3152977592,
      "acceptCond": [
        {
          "type": "QUEST_COND_DAILY_TASK_START",
          "param": [22800, 0],
          "param_str": ""
        }
      ],
      "finishCondComb": "LOGIC_OR",
      "finishCond": [
        {
          "type": "QUEST_CONTENT_COMPLETE_TALK",
          "param": [2006301, 0],
          "param_str": ""
        },
        {
          "type": "QUEST_CONTENT_COMPLETE_TALK",
          "param": [2006302, 0],
          "param_str": ""
        },
        {
          "type": "QUEST_CONTENT_COMPLETE_TALK",
          "param": [2006303, 0],
          "param_str": ""
        }
      ],
      "failCond": [
        {
          "param": [],
          "param_str": ""
        }
      ],
      "guide": {
        "type": "QUEST_GUIDE_NPC",
        "param": ["141301"],
        "guideScene": 3,
        "guideStyle": "QUEST_GUIDE_STYLE_START",
        "guideLayer": "QUEST_GUIDE_LAYER_UI"
      },
      "isRewind": true,
      "finishExec": [
        {
          "param": [],
          "param_str": ""
        }
      ],
      "failExec": [
        {
          "param": [],
          "param_str": ""
        }
      ],
      "beginExec": [
        {
          "param": [],
          "param_str": ""
        }
      ],
      "exclusiveNpcList": [1411, 1412, 1409, 1410, 1413, 1414],
      "exclusiveNpcPriority": 1200
    },
    {
      "subId": 2006302,
      "mainId": 20063,
      "order": 2,
      "descTextMapHash": 289562288,
      "acceptCondComb": "LOGIC_AND",
      "acceptCond": [
        {
          "type": "QUEST_COND_DAILY_TASK_START",
          "param": [22800, 0],
          "param_str": ""
        },
        {
          "type": "QUEST_COND_STATE_EQUAL",
          "param": [2006301, 3],
          "param_str": ""
        },
        {
          "type": "QUEST_COND_QUEST_VAR_EQUAL",
          "param": [0, 1],
          "param_str": ""
        }
      ],
      "finishCond": [
        {
          "type": "QUEST_CONTENT_TRIGGER_FIRE",
          "param": [1156, 0],
          "param_str": ""
        }
      ],
      "failCond": [
        {
          "param": [],
          "param_str": ""
        }
      ],
      "guide": {
        "type": "QUEST_GUIDE_LOCATION",
        "param": ["Q20063FireSlime", "25"],
        "guideScene": 3,
        "guideStyle": "QUEST_GUIDE_STYLE_POINT",
        "guideLayer": "QUEST_GUIDE_LAYER_SCENE"
      },
      "isRewind": true,
      "finishExec": [
        {
          "type": "QUEST_EXEC_NOTIFY_GROUP_LUA",
          "param": ["3", "133001231"],
          "param_str": ""
        }
      ],
      "failExec": [
        {
          "param": [],
          "param_str": ""
        }
      ],
      "beginExec": [
        {
          "type": "QUEST_EXEC_REFRESH_GROUP_SUITE",
          "param": ["3", "133001231,3"],
          "param_str": ""
        }
      ],
      "exclusiveNpcList": [1411, 1412, 1409, 1410, 1413, 1414],
      "exclusiveNpcPriority": 1200
    },
    {
      "subId": 2006303,
      "mainId": 20063,
      "order": 3,
      "descTextMapHash": 2642649008,
      "acceptCondComb": "LOGIC_AND",
      "acceptCond": [
        {
          "type": "QUEST_COND_DAILY_TASK_START",
          "param": [22800, 0],
          "param_str": ""
        },
        {
          "type": "QUEST_COND_STATE_EQUAL",
          "param": [2006302, 3],
          "param_str": ""
        },
        {
          "type": "QUEST_COND_QUEST_VAR_EQUAL",
          "param": [0, 1],
          "param_str": ""
        }
      ],
      "finishCond": [
        {
          "type": "QUEST_CONTENT_LUA_NOTIFY",
          "param": [0, 0],
          "param_str": "1330012311",
          "count": 1
        }
      ],
      "failCond": [
        {
          "param": [],
          "param_str": ""
        }
      ],
      "guide": {
        "type": "QUEST_GUIDE_LOCATION",
        "param": ["Q20063FireSlime", "10"],
        "guideScene": 3,
        "guideStyle": "QUEST_GUIDE_STYLE_POINT",
        "guideLayer": "QUEST_GUIDE_LAYER_SCENE"
      },
      "isRewind": true,
      "finishExec": [
        {
          "param": [],
          "param_str": ""
        }
      ],
      "failExec": [
        {
          "param": [],
          "param_str": ""
        }
      ],
      "beginExec": [
        {
          "param": [],
          "param_str": ""
        }
      ],
      "exclusiveNpcList": [1411, 1412, 1409, 1410, 1413, 1414],
      "exclusiveNpcPriority": 1200
    },
    {
      "subId": 2006304,
      "mainId": 20063,
      "order": 2,
      "descTextMapHash": 1020902560,
      "acceptCondComb": "LOGIC_AND",
      "acceptCond": [
        {
          "type": "QUEST_COND_DAILY_TASK_START",
          "param": [22800, 0],
          "param_str": ""
        },
        {
          "type": "QUEST_COND_STATE_EQUAL",
          "param": [2006301, 3],
          "param_str": ""
        },
        {
          "type": "QUEST_COND_QUEST_VAR_EQUAL",
          "param": [0, 2],
          "param_str": ""
        }
      ],
      "finishCond": [
        {
          "type": "QUEST_CONTENT_TRIGGER_FIRE",
          "param": [1157, 0],
          "param_str": ""
        }
      ],
      "failCond": [
        {
          "param": [],
          "param_str": ""
        }
      ],
      "guide": {
        "type": "QUEST_GUIDE_LOCATION",
        "param": ["Q20063ShieldHili", "25"],
        "guideScene": 3,
        "guideStyle": "QUEST_GUIDE_STYLE_POINT",
        "guideLayer": "QUEST_GUIDE_LAYER_SCENE"
      },
      "isRewind": true,
      "finishExec": [
        {
          "type": "QUEST_EXEC_NOTIFY_GROUP_LUA",
          "param": ["3", "133003408"],
          "param_str": ""
        }
      ],
      "failExec": [
        {
          "param": [],
          "param_str": ""
        }
      ],
      "beginExec": [
        {
          "type": "QUEST_EXEC_REFRESH_GROUP_SUITE",
          "param": ["3", "133003408,2"],
          "param_str": ""
        }
      ],
      "exclusiveNpcList": [1411, 1412, 1409, 1410, 1413, 1414],
      "exclusiveNpcPriority": 1200
    },
    {
      "subId": 2006305,
      "mainId": 20063,
      "order": 3,
      "descTextMapHash": 2215057464,
      "acceptCondComb": "LOGIC_AND",
      "acceptCond": [
        {
          "type": "QUEST_COND_DAILY_TASK_START",
          "param": [22800, 0],
          "param_str": ""
        },
        {
          "type": "QUEST_COND_STATE_EQUAL",
          "param": [2006304, 3],
          "param_str": ""
        },
        {
          "type": "QUEST_COND_QUEST_VAR_EQUAL",
          "param": [0, 2],
          "param_str": ""
        }
      ],
      "finishCond": [
        {
          "type": "QUEST_CONTENT_LUA_NOTIFY",
          "param": [0, 0],
          "param_str": "1330034081",
          "count": 1
        }
      ],
      "failCond": [
        {
          "param": [],
          "param_str": ""
        }
      ],
      "guide": {
        "type": "QUEST_GUIDE_LOCATION",
        "param": ["Q20063ShieldHili", "10"],
        "guideScene": 3,
        "guideStyle": "QUEST_GUIDE_STYLE_POINT",
        "guideLayer": "QUEST_GUIDE_LAYER_SCENE"
      },
      "isRewind": true,
      "finishExec": [
        {
          "param": [],
          "param_str": ""
        }
      ],
      "failExec": [
        {
          "param": [],
          "param_str": ""
        }
      ],
      "beginExec": [
        {
          "param": [],
          "param_str": ""
        }
      ],
      "exclusiveNpcList": [1411, 1412, 1409, 1410, 1413, 1414],
      "exclusiveNpcPriority": 1200
    },
    {
      "subId": 2006306,
      "mainId": 20063,
      "order": 2,
      "descTextMapHash": 3341142888,
      "acceptCondComb": "LOGIC_AND",
      "acceptCond": [
        {
          "type": "QUEST_COND_DAILY_TASK_START",
          "param": [22800, 0],
          "param_str": ""
        },
        {
          "type": "QUEST_COND_STATE_EQUAL",
          "param": [2006301, 3],
          "param_str": ""
        },
        {
          "type": "QUEST_COND_QUEST_VAR_EQUAL",
          "param": [0, 3],
          "param_str": ""
        }
      ],
      "finishCond": [
        {
          "type": "QUEST_CONTENT_TRIGGER_FIRE",
          "param": [1155, 0],
          "param_str": ""
        }
      ],
      "failCond": [
        {
          "param": [],
          "param_str": ""
        }
      ],
      "guide": {
        "type": "QUEST_GUIDE_LOCATION",
        "param": ["Q20063BigIceSlime", "25"],
        "guideScene": 3,
        "guideStyle": "QUEST_GUIDE_STYLE_POINT",
        "guideLayer": "QUEST_GUIDE_LAYER_SCENE"
      },
      "isRewind": true,
      "finishExec": [
        {
          "type": "QUEST_EXEC_NOTIFY_GROUP_LUA",
          "param": ["3", "133002233"],
          "param_str": ""
        }
      ],
      "failExec": [
        {
          "param": [],
          "param_str": ""
        }
      ],
      "beginExec": [
        {
          "type": "QUEST_EXEC_REFRESH_GROUP_SUITE",
          "param": ["3", "133002233,3"],
          "param_str": ""
        }
      ],
      "exclusiveNpcList": [1411, 1412, 1409, 1410, 1413, 1414],
      "exclusiveNpcPriority": 1200,
      "exclusivePlaceList": [301]
    },
    {
      "subId": 2006307,
      "mainId": 20063,
      "order": 3,
      "descTextMapHash": 2454644672,
      "acceptCondComb": "LOGIC_AND",
      "acceptCond": [
        {
          "type": "QUEST_COND_DAILY_TASK_START",
          "param": [22800, 0],
          "param_str": ""
        },
        {
          "type": "QUEST_COND_STATE_EQUAL",
          "param": [2006306, 3],
          "param_str": ""
        },
        {
          "type": "QUEST_COND_QUEST_VAR_EQUAL",
          "param": [0, 3],
          "param_str": ""
        }
      ],
      "finishCond": [
        {
          "type": "QUEST_CONTENT_LUA_NOTIFY",
          "param": [0, 0],
          "param_str": "1330022331",
          "count": 1
        }
      ],
      "failCond": [
        {
          "param": [],
          "param_str": ""
        }
      ],
      "guide": {
        "type": "QUEST_GUIDE_LOCATION",
        "param": ["Q20063BigIceSlime", "10"],
        "guideScene": 3,
        "guideStyle": "QUEST_GUIDE_STYLE_POINT",
        "guideLayer": "QUEST_GUIDE_LAYER_SCENE"
      },
      "isRewind": true,
      "finishExec": [
        {
          "param": [],
          "param_str": ""
        }
      ],
      "failExec": [
        {
          "param": [],
          "param_str": ""
        }
      ],
      "beginExec": [
        {
          "param": [],
          "param_str": ""
        }
      ],
      "exclusiveNpcList": [1411, 1412, 1409, 1410, 1413, 1414],
      "exclusiveNpcPriority": 1200,
      "exclusivePlaceList": [301]
    },
    {
      "subId": 2006308,
      "mainId": 20063,
      "order": 5,
      "descTextMapHash": 839894984,
      "acceptCondComb": "LOGIC_A_AND_ETCOR",
      "acceptCond": [
        {
          "type": "QUEST_COND_DAILY_TASK_START",
          "param": [22800, 0],
          "param_str": ""
        },
        {
          "type": "QUEST_COND_STATE_EQUAL",
          "param": [2006303, 3],
          "param_str": ""
        },
        {
          "type": "QUEST_COND_STATE_EQUAL",
          "param": [2006307, 3],
          "param_str": ""
        }
      ],
      "finishCondComb": "LOGIC_OR",
      "finishCond": [
        {
          "type": "QUEST_CONTENT_COMPLETE_TALK",
          "param": [2006312, 0],
          "param_str": ""
        },
        {
          "type": "QUEST_CONTENT_COMPLETE_TALK",
          "param": [2006314, 0],
          "param_str": ""
        }
      ],
      "failCond": [
        {
          "param": [],
          "param_str": ""
        }
      ],
      "guide": {
        "type": "QUEST_GUIDE_NPC",
        "param": ["141301"],
        "guideScene": 3,
        "guideStyle": "QUEST_GUIDE_STYLE_FINISH",
        "guideLayer": "QUEST_GUIDE_LAYER_UI"
      },
      "finishParent": true,
      "isRewind": true,
      "finishExec": [
        {
          "type": "QUEST_EXEC_NOTIFY_GROUP_LUA",
          "param": ["3", "133001231"],
          "param_str": ""
        },
        {
          "type": "QUEST_EXEC_NOTIFY_GROUP_LUA",
          "param": ["3", "133002233"],
          "param_str": ""
        },
        {
          "type": "QUEST_EXEC_NOTIFY_DAILY_TASK",
          "param": ["22800", "0"],
          "param_str": ""
        }
      ],
      "failExec": [
        {
          "param": [],
          "param_str": ""
        }
      ],
      "beginExec": [
        {
          "param": [],
          "param_str": ""
        }
      ],
      "exclusiveNpcList": [1411, 1412, 1409, 1410, 1413, 1414],
      "exclusiveNpcPriority": 1200
    },
    {
      "subId": 2006309,
      "mainId": 20063,
      "order": 5,
      "descTextMapHash": 521776368,
      "acceptCondComb": "LOGIC_A_AND_ETCOR",
      "acceptCond": [
        {
          "type": "QUEST_COND_DAILY_TASK_START",
          "param": [22800, 0],
          "param_str": ""
        },
        {
          "type": "QUEST_COND_STATE_EQUAL",
          "param": [2006305, 3],
          "param_str": ""
        }
      ],
      "finishCond": [
        {
          "type": "QUEST_CONTENT_COMPLETE_TALK",
          "param": [2006313, 0],
          "param_str": ""
        }
      ],
      "failCond": [
        {
          "param": [],
          "param_str": ""
        }
      ],
      "guide": {
        "type": "QUEST_GUIDE_NPC",
        "param": ["141301"],
        "guideScene": 3,
        "guideStyle": "QUEST_GUIDE_STYLE_FINISH",
        "guideLayer": "QUEST_GUIDE_LAYER_UI"
      },
      "isRewind": true,
      "finishExec": [
        {
          "param": [],
          "param_str": ""
        }
      ],
      "failExec": [
        {
          "param": [],
          "param_str": ""
        }
      ],
      "beginExec": [
        {
          "param": [],
          "param_str": ""
        }
      ],
      "exclusiveNpcList": [1411, 1412, 1409, 1410, 1413, 1414],
      "exclusiveNpcPriority": 1200
    },
    {
      "subId": 2006310,
      "mainId": 20063,
      "order": 5,
      "descTextMapHash": 77993304,
      "acceptCondComb": "LOGIC_AND",
      "acceptCond": [
        {
          "type": "QUEST_COND_DAILY_TASK_START",
          "param": [22800, 0],
          "param_str": ""
        },
        {
          "type": "QUEST_COND_STATE_EQUAL",
          "param": [2006309, 3],
          "param_str": ""
        },
        {
          "type": "QUEST_COND_QUEST_VAR_EQUAL",
          "param": [1, 2],
          "param_str": ""
        }
      ],
      "finishCond": [
        {
          "type": "QUEST_CONTENT_COMPLETE_TALK",
          "param": [2006316, 0],
          "param_str": ""
        }
      ],
      "failCond": [
        {
          "param": [],
          "param_str": ""
        }
      ],
      "guide": {
        "type": "QUEST_GUIDE_NPC",
        "param": ["140901"],
        "guideScene": 3,
        "guideStyle": "QUEST_GUIDE_STYLE_FINISH",
        "guideLayer": "QUEST_GUIDE_LAYER_UI"
      },
      "finishParent": true,
      "isRewind": true,
      "finishExec": [
        {
          "type": "QUEST_EXEC_NOTIFY_GROUP_LUA",
          "param": ["3", "133003408"],
          "param_str": ""
        },
        {
          "type": "QUEST_EXEC_NOTIFY_DAILY_TASK",
          "param": ["22800", "0"],
          "param_str": ""
        }
      ],
      "failExec": [
        {
          "param": [],
          "param_str": ""
        }
      ],
      "beginExec": [
        {
          "param": [],
          "param_str": ""
        }
      ],
      "exclusiveNpcList": [1411, 1412, 1409, 1410, 1413, 1414],
      "exclusiveNpcPriority": 1200
    }
  ],
  "talks": [
    {
      "id": 2006301,
      "beginWay": "TALK_BEGIN_MANUAL",
      "beginCond": [
        {
          "type": "QUEST_COND_STATE_EQUAL",
          "param": ["2006301", "2"],
          "param_str": ""
        },
        {
          "type": "QUEST_COND_QUEST_VAR_EQUAL",
          "param": ["0", "1", "20063"],
          "param_str": ""
        }
      ],
      "priority": 3,
      "initDialog": 200630101,
      "npcId": [141301],
      "performCfg": "",
      "questId": 20063,
      "prePerformCfg": ""
    },
    {
      "id": 2006302,
      "beginWay": "TALK_BEGIN_MANUAL",
      "beginCond": [
        {
          "type": "QUEST_COND_STATE_EQUAL",
          "param": ["2006301", "2"],
          "param_str": ""
        },
        {
          "type": "QUEST_COND_QUEST_VAR_EQUAL",
          "param": ["0", "2", "20063"],
          "param_str": ""
        }
      ],
      "priority": 3,
      "initDialog": 200630201,
      "npcId": [141301],
      "performCfg": "",
      "questId": 20063,
      "prePerformCfg": ""
    },
    {
      "id": 2006303,
      "beginWay": "TALK_BEGIN_MANUAL",
      "beginCond": [
        {
          "type": "QUEST_COND_STATE_EQUAL",
          "param": ["2006301", "2"],
          "param_str": ""
        },
        {
          "type": "QUEST_COND_QUEST_VAR_EQUAL",
          "param": ["0", "3", "20063"],
          "param_str": ""
        }
      ],
      "priority": 3,
      "initDialog": 200630301,
      "npcId": [141301],
      "performCfg": "",
      "questId": 20063,
      "prePerformCfg": ""
    },
    {
      "id": 2006306,
      "beginWay": "TALK_BEGIN_MANUAL",
      "beginCondComb": "LOGIC_AND",
      "beginCond": [
        {
          "type": "QUEST_COND_STATE_EQUAL",
          "param": ["2006302", "2"],
          "param_str": ""
        },
        {
          "type": "QUEST_COND_QUEST_VAR_EQUAL",
          "param": ["0", "1", "20063"],
          "param_str": ""
        }
      ],
      "priority": 3,
      "initDialog": 200630601,
      "npcId": [141301],
      "performCfg": "",
      "questId": 20063,
      "prePerformCfg": ""
    },
    {
      "id": 2006308,
      "beginWay": "TALK_BEGIN_MANUAL",
      "beginCondComb": "LOGIC_AND",
      "beginCond": [
        {
          "type": "QUEST_COND_STATE_EQUAL",
          "param": ["2006304", "2"],
          "param_str": ""
        },
        {
          "type": "QUEST_COND_QUEST_VAR_EQUAL",
          "param": ["0", "2", "20063"],
          "param_str": ""
        }
      ],
      "priority": 3,
      "initDialog": 200630801,
      "npcId": [141301],
      "performCfg": "",
      "questId": 20063,
      "prePerformCfg": ""
    },
    {
      "id": 2006310,
      "beginWay": "TALK_BEGIN_MANUAL",
      "beginCondComb": "LOGIC_AND",
      "beginCond": [
        {
          "type": "QUEST_COND_STATE_EQUAL",
          "param": ["2006306", "2"],
          "param_str": ""
        },
        {
          "type": "QUEST_COND_QUEST_VAR_EQUAL",
          "param": ["0", "3", "20063"],
          "param_str": ""
        }
      ],
      "priority": 3,
      "initDialog": 200631001,
      "npcId": [141301],
      "performCfg": "",
      "questId": 20063,
      "prePerformCfg": ""
    },
    {
      "id": 2006312,
      "beginWay": "TALK_BEGIN_MANUAL",
      "beginCondComb": "LOGIC_AND",
      "beginCond": [
        {
          "type": "QUEST_COND_STATE_EQUAL",
          "param": ["2006308", "2"],
          "param_str": ""
        },
        {
          "type": "QUEST_COND_QUEST_VAR_EQUAL",
          "param": ["0", "1", "20063"],
          "param_str": ""
        }
      ],
      "priority": 3,
      "initDialog": 200631201,
      "npcId": [141301],
      "performCfg": "",
      "questId": 20063,
      "prePerformCfg": ""
    },
    {
      "id": 2006313,
      "beginWay": "TALK_BEGIN_MANUAL",
      "beginCondComb": "LOGIC_AND",
      "beginCond": [
        {
          "type": "QUEST_COND_STATE_EQUAL",
          "param": ["2006309", "2"],
          "param_str": ""
        },
        {
          "type": "QUEST_COND_QUEST_VAR_EQUAL",
          "param": ["0", "2", "20063"],
          "param_str": ""
        }
      ],
      "priority": 3,
      "initDialog": 200631301,
      "npcId": [141301],
      "performCfg": "",
      "questId": 20063,
      "prePerformCfg": ""
    },
    {
      "id": 2006316,
      "beginWay": "TALK_BEGIN_AUTO",
      "beginCondComb": "LOGIC_AND",
      "beginCond": [
        {
          "type": "QUEST_COND_STATE_EQUAL",
          "param": ["2006310", "2"],
          "param_str": ""
        },
        {
          "type": "QUEST_COND_QUEST_VAR_EQUAL",
          "param": ["0", "2", "20063"],
          "param_str": ""
        },
        {
          "type": "QUEST_COND_QUEST_VAR_EQUAL",
          "param": ["1", "2", "20063"],
          "param_str": ""
        }
      ],
      "priority": 3,
      "initDialog": 200631601,
      "npcId": [140901],
      "performCfg": "",
      "questId": 20063,
      "prePerformCfg": ""
    },
    {
      "id": 2006314,
      "beginWay": "TALK_BEGIN_MANUAL",
      "beginCondComb": "LOGIC_AND",
      "beginCond": [
        {
          "type": "QUEST_COND_STATE_EQUAL",
          "param": ["2006308", "2"],
          "param_str": ""
        },
        {
          "type": "QUEST_COND_QUEST_VAR_EQUAL",
          "param": ["0", "3", "20063"],
          "param_str": ""
        }
      ],
      "priority": 3,
      "initDialog": 200631401,
      "npcId": [141301],
      "performCfg": "",
      "questId": 20063,
      "prePerformCfg": ""
    }
  ]
}
