{
  "id": 20100,
  "type": "WQ",
  "titleTextMapHash": 1835163705,
  "descTextMapHash": 2745058463,
  "luaPath": "",
  "showType": "QUEST_HIDDEN",
  "rewardIdList": [120100],
  "subQuests": [
    {
      "subId": 2010001,
      "mainId": 20100,
      "order": 1,
      "descTextMapHash": 4160018528,
      "showType": "QUEST_HIDDEN",
      "acceptCond": [
        {
          "type": "QUEST_COND_STATE_EQUAL",
          "param": [35801, 3],
          "param_str": ""
        }
      ],
      "finishCond": [
        {
          "type": "QUEST_CONTENT_COMPLETE_TALK",
          "param": [35801, 0],
          "param_str": ""
        }
      ],
      "failCond": [
        {
          "param": [],
          "param_str": ""
        }
      ],
      "guide": {},
      "finishParent": true,
      "finishExec": [
        {
          "param": [],
          "param_str": ""
        }
      ],
      "failExec": [
        {
          "param": [],
          "param_str": ""
        }
      ],
      "beginExec": [
        {
          "param": [],
          "param_str": ""
        }
      ]
    }
  ]
}
