{
  "id": 20102,
  "type": "IQ",
  "titleTextMapHash": 2172505393,
  "descTextMapHash": 19272575,
  "luaPath": "Actor/Quest/IQ20102",
  "subQuests": [
    {
      "subId": 2010201,
      "mainId": 20102,
      "order": 1,
      "descTextMapHash": 4253722794,
      "acceptCond": [
        {
          "type": "QUEST_COND_DAILY_TASK_START",
          "param": [23000, 0],
          "param_str": ""
        }
      ],
      "finishCond": [
        {
          "type": "QUEST_CONTENT_COMPLETE_TALK",
          "param": [2010201, 0],
          "param_str": ""
        }
      ],
      "failCond": [
        {
          "param": [],
          "param_str": ""
        }
      ],
      "guide": {
        "type": "QUEST_GUIDE_NPC",
        "param": ["1537"],
        "guideScene": 3,
        "guideStyle": "QUEST_GUIDE_STYLE_START",
        "guideLayer": "QUEST_GUIDE_LAYER_UI"
      },
      "isRewind": true,
      "finishExec": [
        {
          "param": [],
          "param_str": ""
        }
      ],
      "failExec": [
        {
          "param": [],
          "param_str": ""
        }
      ],
      "beginExec": [
        {
          "param": [],
          "param_str": ""
        }
      ],
      "exclusiveNpcList": [1537, 1429, 1567]
    },
    {
      "subId": 2010202,
      "mainId": 20102,
      "order": 2,
      "descTextMapHash": 762440842,
      "acceptCondComb": "LOGIC_AND",
      "acceptCond": [
        {
          "type": "QUEST_COND_DAILY_TASK_START",
          "param": [23000, 0],
          "param_str": ""
        },
        {
          "type": "QUEST_COND_STATE_EQUAL",
          "param": [2010201, 3],
          "param_str": ""
        }
      ],
      "finishCond": [
        {
          "type": "QUEST_CONTENT_COMPLETE_TALK",
          "param": [2010203, 0],
          "param_str": ""
        }
      ],
      "failCond": [
        {
          "param": [],
          "param_str": ""
        }
      ],
      "guide": {
        "type": "QUEST_GUIDE_NPC",
        "param": ["1429"],
        "guideScene": 3,
        "guideStyle": "QUEST_GUIDE_STYLE_TARGET",
        "guideLayer": "QUEST_GUIDE_LAYER_SCENE"
      },
      "isRewind": true,
      "finishExec": [
        {
          "type": "QUEST_EXEC_DEL_ALL_SPECIFIC_PACK_ITEM",
          "param": ["100352", "0"],
          "param_str": ""
        }
      ],
      "failExec": [
        {
          "param": [],
          "param_str": ""
        }
      ],
      "beginExec": [
        {
          "param": [],
          "param_str": ""
        }
      ],
      "exclusiveNpcList": [1537, 1429, 1567]
    },
    {
      "subId": 2010203,
      "mainId": 20102,
      "order": 3,
      "descTextMapHash": 2294848314,
      "acceptCondComb": "LOGIC_AND",
      "acceptCond": [
        {
          "type": "QUEST_COND_DAILY_TASK_START",
          "param": [23000, 0],
          "param_str": ""
        },
        {
          "type": "QUEST_COND_STATE_EQUAL",
          "param": [2010202, 3],
          "param_str": ""
        }
      ],
      "finishCond": [
        {
          "type": "QUEST_CONTENT_COMPLETE_TALK",
          "param": [2010204, 0],
          "param_str": ""
        }
      ],
      "failCond": [
        {
          "param": [],
          "param_str": ""
        }
      ],
      "guide": {
        "type": "QUEST_GUIDE_NPC",
        "param": ["1567"],
        "guideScene": 3,
        "guideStyle": "QUEST_GUIDE_STYLE_TARGET",
        "guideLayer": "QUEST_GUIDE_LAYER_SCENE"
      },
      "isRewind": true,
      "finishExec": [
        {
          "param": [],
          "param_str": ""
        }
      ],
      "failExec": [
        {
          "param": [],
          "param_str": ""
        }
      ],
      "beginExec": [
        {
          "param": [],
          "param_str": ""
        }
      ],
      "exclusiveNpcList": [1537, 1429, 1567]
    },
    {
      "subId": 2010204,
      "mainId": 20102,
      "order": 4,
      "subIdSet": 1,
      "descTextMapHash": 1762002058,
      "acceptCondComb": "LOGIC_AND",
      "acceptCond": [
        {
          "type": "QUEST_COND_DAILY_TASK_START",
          "param": [23000, 0],
          "param_str": ""
        },
        {
          "type": "QUEST_COND_STATE_EQUAL",
          "param": [2010203, 3],
          "param_str": ""
        }
      ],
      "finishCond": [
        {
          "type": "QUEST_CONTENT_OBTAIN_ITEM",
          "param": [100057, 0],
          "param_str": "",
          "count": 3
        }
      ],
      "failCond": [
        {
          "param": [],
          "param_str": ""
        }
      ],
      "guide": {
        "type": "QUEST_GUIDE_NPC",
        "param": ["1567"],
        "guideScene": 3,
        "guideStyle": "QUEST_GUIDE_STYLE_TARGET",
        "guideLayer": "QUEST_GUIDE_LAYER_SCENE"
      },
      "isRewind": true,
      "finishExec": [
        {
          "param": [],
          "param_str": ""
        }
      ],
      "failExec": [
        {
          "param": [],
          "param_str": ""
        }
      ],
      "beginExec": [
        {
          "param": [],
          "param_str": ""
        }
      ],
      "exclusiveNpcList": [1537, 1429, 1567]
    },
    {
      "subId": 2010205,
      "mainId": 20102,
      "order": 5,
      "descTextMapHash": 4169314322,
      "acceptCondComb": "LOGIC_AND",
      "acceptCond": [
        {
          "type": "QUEST_COND_DAILY_TASK_START",
          "param": [23000, 0],
          "param_str": ""
        },
        {
          "type": "QUEST_COND_STATE_EQUAL",
          "param": [2010204, 3],
          "param_str": ""
        }
      ],
      "finishCond": [
        {
          "type": "QUEST_CONTENT_COMPLETE_TALK",
          "param": [2010206, 0],
          "param_str": ""
        }
      ],
      "failCond": [
        {
          "type": "QUEST_CONTENT_ITEM_LESS_THAN",
          "param": [100057, 3],
          "param_str": ""
        }
      ],
      "guide": {
        "type": "QUEST_GUIDE_NPC",
        "param": ["1567"],
        "guideScene": 3,
        "guideStyle": "QUEST_GUIDE_STYLE_FINISH",
        "guideLayer": "QUEST_GUIDE_LAYER_SCENE"
      },
      "isRewind": true,
      "finishExec": [
        {
          "type": "QUEST_EXEC_DEL_PACK_ITEM",
          "param": ["100057", "3"],
          "param_str": ""
        }
      ],
      "failExec": [
        {
          "type": "QUEST_EXEC_ROLLBACK_QUEST",
          "param": ["2010204", "0"],
          "param_str": ""
        }
      ],
      "beginExec": [
        {
          "param": [],
          "param_str": ""
        }
      ],
      "exclusiveNpcList": [1537, 1429, 1567]
    },
    {
      "subId": 2010206,
      "mainId": 20102,
      "order": 6,
      "descTextMapHash": 2040087970,
      "acceptCondComb": "LOGIC_AND",
      "acceptCond": [
        {
          "type": "QUEST_COND_DAILY_TASK_START",
          "param": [23000, 0],
          "param_str": ""
        },
        {
          "type": "QUEST_COND_STATE_EQUAL",
          "param": [2010205, 3],
          "param_str": ""
        }
      ],
      "finishCond": [
        {
          "type": "QUEST_CONTENT_COMPLETE_TALK",
          "param": [2010207, 0],
          "param_str": ""
        }
      ],
      "failCond": [
        {
          "param": [],
          "param_str": ""
        }
      ],
      "guide": {
        "type": "QUEST_GUIDE_NPC",
        "param": ["1537"],
        "guideScene": 3,
        "guideStyle": "QUEST_GUIDE_STYLE_FINISH",
        "guideLayer": "QUEST_GUIDE_LAYER_SCENE"
      },
      "finishParent": true,
      "isRewind": true,
      "finishExec": [
        {
          "type": "QUEST_EXEC_NOTIFY_DAILY_TASK",
          "param": ["23000", "0"],
          "param_str": ""
        },
        {
          "type": "QUEST_EXEC_DEL_ALL_SPECIFIC_PACK_ITEM",
          "param": ["100472", "0"],
          "param_str": ""
        }
      ],
      "failExec": [
        {
          "param": [],
          "param_str": ""
        }
      ],
      "beginExec": [
        {
          "param": [],
          "param_str": ""
        }
      ],
      "exclusiveNpcList": [1537, 1429, 1567]
    }
  ],
  "talks": [
    {
      "id": 2010201,
      "beginWay": "TALK_BEGIN_MANUAL",
      "beginCond": [
        {
          "type": "QUEST_COND_STATE_EQUAL",
          "param": ["2010201", "2"],
          "param_str": ""
        }
      ],
      "priority": 3,
      "initDialog": 201020101,
      "npcId": [1537],
      "performCfg": "",
      "heroTalk": "TALK_HERO_MAIN",
      "questId": 20102,
      "prePerformCfg": ""
    },
    {
      "id": 2010202,
      "beginWay": "TALK_BEGIN_MANUAL",
      "beginCond": [
        {
          "type": "QUEST_COND_STATE_EQUAL",
          "param": ["2010202", "2"],
          "param_str": ""
        }
      ],
      "priority": 3,
      "initDialog": 201020201,
      "npcId": [1537],
      "performCfg": "",
      "questId": 20102,
      "prePerformCfg": ""
    },
    {
      "id": 2010203,
      "beginWay": "TALK_BEGIN_MANUAL",
      "beginCond": [
        {
          "type": "QUEST_COND_STATE_EQUAL",
          "param": ["2010202", "2"],
          "param_str": ""
        }
      ],
      "priority": 3,
      "initDialog": 201020301,
      "npcId": [1429],
      "performCfg": "",
      "heroTalk": "TALK_HERO_MAIN",
      "questId": 20102,
      "prePerformCfg": ""
    },
    {
      "id": 2010204,
      "beginWay": "TALK_BEGIN_MANUAL",
      "beginCond": [
        {
          "type": "QUEST_COND_STATE_EQUAL",
          "param": ["2010203", "2"],
          "param_str": ""
        }
      ],
      "priority": 3,
      "initDialog": 201020401,
      "npcId": [1567],
      "performCfg": "",
      "heroTalk": "TALK_HERO_MAIN",
      "questId": 20102,
      "prePerformCfg": ""
    },
    {
      "id": 2010205,
      "beginWay": "TALK_BEGIN_MANUAL",
      "beginCond": [
        {
          "type": "QUEST_COND_STATE_EQUAL",
          "param": ["2010204", "2"],
          "param_str": ""
        }
      ],
      "priority": 3,
      "initDialog": 201020501,
      "npcId": [1567],
      "performCfg": "",
      "questId": 20102,
      "prePerformCfg": ""
    },
    {
      "id": 2010206,
      "beginWay": "TALK_BEGIN_MANUAL",
      "beginCond": [
        {
          "type": "QUEST_COND_STATE_EQUAL",
          "param": ["2010205", "2"],
          "param_str": ""
        }
      ],
      "priority": 3,
      "initDialog": 201020601,
      "npcId": [1567],
      "performCfg": "",
      "heroTalk": "TALK_HERO_MAIN",
      "questId": 20102,
      "prePerformCfg": ""
    },
    {
      "id": 2010207,
      "beginWay": "TALK_BEGIN_MANUAL",
      "beginCond": [
        {
          "type": "QUEST_COND_STATE_EQUAL",
          "param": ["2010206", "2"],
          "param_str": ""
        }
      ],
      "priority": 3,
      "initDialog": 201020701,
      "npcId": [1537],
      "performCfg": "",
      "heroTalk": "TALK_HERO_MAIN",
      "questId": 20102,
      "prePerformCfg": ""
    },
    {
      "id": 2010208,
      "beginWay": "TALK_BEGIN_MANUAL",
      "beginCond": [
        {
          "type": "QUEST_COND_STATE_EQUAL",
          "param": ["2010203", "2"],
          "param_str": ""
        }
      ],
      "priority": 3,
      "initDialog": 201020801,
      "npcId": [1429],
      "performCfg": "",
      "questId": 20102,
      "prePerformCfg": ""
    },
    {
      "id": 2010209,
      "beginWay": "TALK_BEGIN_MANUAL",
      "beginCond": [
        {
          "type": "QUEST_COND_STATE_EQUAL",
          "param": ["2010206", "2"],
          "param_str": ""
        }
      ],
      "priority": 3,
      "initDialog": 201020901,
      "npcId": [1567],
      "performCfg": "",
      "questId": 20102,
      "prePerformCfg": ""
    }
  ]
}
