{
  "id": 20101,
  "series": 1002,
  "titleTextMapHash": 171821929,
  "descTextMapHash": 1767145463,
  "luaPath": "Actor/Quest/IQ20101",
  "suggestTrackMainQuestList": [379],
  "rewardIdList": [120101],
  "chapterId": 1002,
  "subQuests": [
    {
      "subId": 2010100,
      "mainId": 20101,
      "order": 1,
      "descTextMapHash": 2002540799,
      "showType": "QUEST_HIDDEN",
      "acceptCond": [
        {
          "type": "QUEST_COND_STATE_EQUAL",
          "param": [37706, 3],
          "param_str": ""
        }
      ],
      "finishCond": [
        {
          "type": "QUEST_CONTENT_ENTER_MY_WORLD",
          "param": [3, 0],
          "param_str": ""
        }
      ],
      "failCond": [
        {
          "param": [],
          "param_str": ""
        }
      ],
      "guide": {},
      "finishExec": [
        {
          "param": [],
          "param_str": ""
        }
      ],
      "failExec": [
        {
          "param": [],
          "param_str": ""
        }
      ],
      "beginExec": [
        {
          "param": [],
          "param_str": ""
        }
      ]
    },
    {
      "subId": 2010101,
      "mainId": 20101,
      "order": 1,
      "isMpBlock": true,
      "descTextMapHash": 3494890943,
      "acceptCond": [
        {
          "type": "QUEST_COND_STATE_EQUAL",
          "param": [37706, 3],
          "param_str": ""
        }
      ],
      "finishCond": [
        {
          "type": "QUEST_CONTENT_ENTER_DUNGEON",
          "param": [1009, 22],
          "param_str": ""
        }
      ],
      "failCond": [
        {
          "param": [],
          "param_str": ""
        }
      ],
      "guide": {
        "type": "QUEST_GUIDE_LOCATION",
        "param": ["Yuren_Enter"],
        "guideScene": 3,
        "guideStyle": "QUEST_GUIDE_STYLE_POINT",
        "guideLayer": "QUEST_GUIDE_LAYER_UI"
      },
      "isRewind": true,
      "finishExec": [
        {
          "param": [],
          "param_str": ""
        }
      ],
      "failExec": [
        {
          "param": [],
          "param_str": ""
        }
      ],
      "beginExec": [
        {
          "type": "QUEST_EXEC_DEL_PACK_ITEM",
          "param": ["100175", "1"],
          "param_str": ""
        },
        {
          "type": "QUEST_EXEC_REFRESH_GROUP_SUITE",
          "param": ["3", "133002334,2"],
          "param_str": ""
        }
      ]
    },
    {
      "subId": 2010102,
      "mainId": 20101,
      "order": 2,
      "isMpBlock": true,
      "descTextMapHash": 799016831,
      "acceptCond": [
        {
          "type": "QUEST_COND_STATE_EQUAL",
          "param": [2010101, 3],
          "param_str": ""
        }
      ],
      "finishCond": [
        {
          "type": "QUEST_CONTENT_FINISH_PLOT",
          "param": [2010102, 0],
          "param_str": ""
        }
      ],
      "failCond": [
        {
          "type": "QUEST_CONTENT_FAIL_DUNGEON",
          "param": [1009, 0],
          "param_str": ""
        }
      ],
      "guide": {},
      "isRewind": true,
      "finishExec": [
        {
          "param": [],
          "param_str": ""
        }
      ],
      "failExec": [
        {
          "type": "QUEST_EXEC_ROLLBACK_QUEST",
          "param": ["2010101", "0"],
          "param_str": ""
        }
      ],
      "beginExec": [
        {
          "type": "QUEST_EXEC_GRANT_TRIAL_AVATAR",
          "param": ["11", "0"],
          "param_str": ""
        }
      ],
      "trialAvatarList": [11]
    },
    {
      "subId": 2010103,
      "mainId": 20101,
      "order": 3,
      "isMpBlock": true,
      "descTextMapHash": 783788687,
      "acceptCond": [
        {
          "type": "QUEST_COND_STATE_EQUAL",
          "param": [2010102, 3],
          "param_str": ""
        }
      ],
      "finishCond": [
        {
          "type": "QUEST_CONTENT_COMPLETE_TALK",
          "param": [2010103, 0],
          "param_str": ""
        }
      ],
      "failCond": [
        {
          "type": "QUEST_CONTENT_FAIL_DUNGEON",
          "param": [1009, 0],
          "param_str": ""
        }
      ],
      "guide": {},
      "isRewind": true,
      "finishExec": [
        {
          "type": "QUEST_EXEC_NOTIFY_GROUP_LUA",
          "param": ["20023", "220023005"],
          "param_str": ""
        }
      ],
      "failExec": [
        {
          "type": "QUEST_EXEC_ROLLBACK_QUEST",
          "param": ["2010101", "0"],
          "param_str": ""
        }
      ],
      "beginExec": [
        {
          "param": [],
          "param_str": ""
        }
      ],
      "trialAvatarList": [11]
    },
    {
      "subId": 2010144,
      "mainId": 20101,
      "order": 4,
      "descTextMapHash": 1457131679,
      "showType": "QUEST_HIDDEN",
      "acceptCond": [
        {
          "type": "QUEST_COND_STATE_EQUAL",
          "param": [2010103, 3],
          "param_str": ""
        }
      ],
      "finishCond": [
        {
          "type": "QUEST_CONTENT_GAME_TIME_TICK",
          "param": [0, 0],
          "param_str": "0,24"
        }
      ],
      "failCond": [
        {
          "type": "QUEST_CONTENT_FAIL_DUNGEON",
          "param": [1009, 0],
          "param_str": ""
        }
      ],
      "guide": {},
      "isRewind": true,
      "finishExec": [
        {
          "param": [],
          "param_str": ""
        }
      ],
      "failExec": [
        {
          "type": "QUEST_EXEC_ROLLBACK_QUEST",
          "param": ["2010101", "0"],
          "param_str": ""
        }
      ],
      "beginExec": [
        {
          "param": [],
          "param_str": ""
        }
      ],
      "trialAvatarList": [11]
    },
    {
      "subId": 2010104,
      "mainId": 20101,
      "order": 5,
      "descTextMapHash": 1086641159,
      "showType": "QUEST_HIDDEN",
      "acceptCond": [
        {
          "type": "QUEST_COND_STATE_EQUAL",
          "param": [2010144, 3],
          "param_str": ""
        }
      ],
      "finishCond": [
        {
          "type": "QUEST_CONTENT_FINISH_PLOT",
          "param": [2010104, 0],
          "param_str": ""
        }
      ],
      "failCond": [
        {
          "param": [],
          "param_str": ""
        }
      ],
      "guide": {},
      "isRewind": true,
      "finishExec": [
        {
          "param": [],
          "param_str": ""
        }
      ],
      "failExec": [
        {
          "param": [],
          "param_str": ""
        }
      ],
      "beginExec": [
        {
          "param": [],
          "param_str": ""
        }
      ],
      "trialAvatarList": [11]
    },
    {
      "subId": 2010105,
      "mainId": 20101,
      "order": 6,
      "descTextMapHash": 802600271,
      "showType": "QUEST_HIDDEN",
      "acceptCond": [
        {
          "type": "QUEST_COND_STATE_EQUAL",
          "param": [2010144, 3],
          "param_str": ""
        }
      ],
      "finishCond": [
        {
          "type": "QUEST_CONTENT_COMPLETE_TALK",
          "param": [2010105, 0],
          "param_str": ""
        }
      ],
      "failCond": [
        {
          "param": [],
          "param_str": ""
        }
      ],
      "guide": {},
      "isRewind": true,
      "finishExec": [
        {
          "param": [],
          "param_str": ""
        }
      ],
      "failExec": [
        {
          "param": [],
          "param_str": ""
        }
      ],
      "beginExec": [
        {
          "param": [],
          "param_str": ""
        }
      ],
      "trialAvatarList": [11]
    },
    {
      "subId": 2010106,
      "mainId": 20101,
      "order": 7,
      "descTextMapHash": 3290468831,
      "showType": "QUEST_HIDDEN",
      "acceptCond": [
        {
          "type": "QUEST_COND_STATE_EQUAL",
          "param": [2010144, 3],
          "param_str": ""
        }
      ],
      "finishCond": [
        {
          "type": "QUEST_CONTENT_COMPLETE_TALK",
          "param": [2010106, 0],
          "param_str": ""
        }
      ],
      "failCond": [
        {
          "param": [],
          "param_str": ""
        }
      ],
      "guide": {},
      "isRewind": true,
      "finishExec": [
        {
          "param": [],
          "param_str": ""
        }
      ],
      "failExec": [
        {
          "param": [],
          "param_str": ""
        }
      ],
      "beginExec": [
        {
          "param": [],
          "param_str": ""
        }
      ],
      "trialAvatarList": [11]
    },
    {
      "subId": 2010107,
      "mainId": 20101,
      "order": 8,
      "descTextMapHash": 4272301911,
      "showType": "QUEST_HIDDEN",
      "acceptCond": [
        {
          "type": "QUEST_COND_STATE_EQUAL",
          "param": [2010144, 3],
          "param_str": ""
        }
      ],
      "finishCond": [
        {
          "type": "QUEST_CONTENT_COMPLETE_TALK",
          "param": [2010107, 0],
          "param_str": ""
        }
      ],
      "failCond": [
        {
          "param": [],
          "param_str": ""
        }
      ],
      "guide": {},
      "isRewind": true,
      "finishExec": [
        {
          "param": [],
          "param_str": ""
        }
      ],
      "failExec": [
        {
          "param": [],
          "param_str": ""
        }
      ],
      "beginExec": [
        {
          "param": [],
          "param_str": ""
        }
      ],
      "trialAvatarList": [11]
    },
    {
      "subId": 2010108,
      "mainId": 20101,
      "order": 9,
      "descTextMapHash": 311899023,
      "showType": "QUEST_HIDDEN",
      "acceptCond": [
        {
          "type": "QUEST_COND_STATE_EQUAL",
          "param": [2010144, 3],
          "param_str": ""
        }
      ],
      "finishCond": [
        {
          "type": "QUEST_CONTENT_COMPLETE_TALK",
          "param": [2010108, 0],
          "param_str": ""
        }
      ],
      "failCond": [
        {
          "param": [],
          "param_str": ""
        }
      ],
      "guide": {},
      "isRewind": true,
      "finishExec": [
        {
          "param": [],
          "param_str": ""
        }
      ],
      "failExec": [
        {
          "param": [],
          "param_str": ""
        }
      ],
      "beginExec": [
        {
          "param": [],
          "param_str": ""
        }
      ],
      "trialAvatarList": [11]
    },
    {
      "subId": 2010109,
      "mainId": 20101,
      "order": 10,
      "descTextMapHash": 4272457047,
      "showType": "QUEST_HIDDEN",
      "acceptCond": [
        {
          "type": "QUEST_COND_STATE_EQUAL",
          "param": [2010144, 3],
          "param_str": ""
        }
      ],
      "finishCond": [
        {
          "type": "QUEST_CONTENT_FINISH_PLOT",
          "param": [2010109, 0],
          "param_str": ""
        }
      ],
      "failCond": [
        {
          "type": "QUEST_CONTENT_NOT_FINISH_PLOT",
          "param": [2010109, 0],
          "param_str": ""
        }
      ],
      "guide": {},
      "isRewind": true,
      "finishExec": [
        {
          "type": "QUEST_EXEC_NOTIFY_GROUP_LUA",
          "param": ["20023", "220023016"],
          "param_str": ""
        }
      ],
      "failExec": [
        {
          "param": [],
          "param_str": ""
        }
      ],
      "beginExec": [
        {
          "param": [],
          "param_str": ""
        }
      ],
      "trialAvatarList": [11]
    },
    {
      "subId": 2010110,
      "mainId": 20101,
      "order": 11,
      "descTextMapHash": 3839863311,
      "showType": "QUEST_HIDDEN",
      "acceptCond": [
        {
          "type": "QUEST_COND_STATE_EQUAL",
          "param": [2010144, 3],
          "param_str": ""
        }
      ],
      "finishCond": [
        {
          "type": "QUEST_CONTENT_FINISH_PLOT",
          "param": [2010110, 0],
          "param_str": ""
        }
      ],
      "failCond": [
        {
          "type": "QUEST_CONTENT_NOT_FINISH_PLOT",
          "param": [2010110, 0],
          "param_str": ""
        }
      ],
      "guide": {},
      "isRewind": true,
      "finishExec": [
        {
          "param": [],
          "param_str": ""
        }
      ],
      "failExec": [
        {
          "param": [],
          "param_str": ""
        }
      ],
      "beginExec": [
        {
          "param": [],
          "param_str": ""
        }
      ],
      "trialAvatarList": [11]
    },
    {
      "subId": 2010111,
      "mainId": 20101,
      "order": 12,
      "descTextMapHash": 511553143,
      "showType": "QUEST_HIDDEN",
      "acceptCond": [
        {
          "type": "QUEST_COND_STATE_EQUAL",
          "param": [2010110, 3],
          "param_str": ""
        }
      ],
      "finishCond": [
        {
          "type": "QUEST_CONTENT_FINISH_PLOT",
          "param": [2010111, 0],
          "param_str": ""
        }
      ],
      "failCond": [
        {
          "param": [],
          "param_str": ""
        }
      ],
      "guide": {},
      "isRewind": true,
      "finishExec": [
        {
          "type": "QUEST_EXEC_REFRESH_GROUP_SUITE",
          "param": ["20023", "220023016,2"],
          "param_str": ""
        }
      ],
      "failExec": [
        {
          "param": [],
          "param_str": ""
        }
      ],
      "beginExec": [
        {
          "param": [],
          "param_str": ""
        }
      ],
      "trialAvatarList": [11]
    },
    {
      "subId": 2010112,
      "mainId": 20101,
      "order": 13,
      "descTextMapHash": 228406063,
      "showType": "QUEST_HIDDEN",
      "acceptCond": [
        {
          "type": "QUEST_COND_STATE_EQUAL",
          "param": [2010111, 3],
          "param_str": ""
        }
      ],
      "finishCond": [
        {
          "type": "QUEST_CONTENT_LUA_NOTIFY",
          "param": [0, 0],
          "param_str": "220023016",
          "count": 1
        }
      ],
      "failCond": [
        {
          "param": [],
          "param_str": ""
        }
      ],
      "guide": {},
      "isRewind": true,
      "finishExec": [
        {
          "param": [],
          "param_str": ""
        }
      ],
      "failExec": [
        {
          "param": [],
          "param_str": ""
        }
      ],
      "beginExec": [
        {
          "param": [],
          "param_str": ""
        }
      ],
      "trialAvatarList": [11]
    },
    {
      "subId": 2010113,
      "mainId": 20101,
      "order": 14,
      "descTextMapHash": 1157851343,
      "showType": "QUEST_HIDDEN",
      "acceptCondComb": "LOGIC_OR",
      "acceptCond": [
        {
          "type": "QUEST_COND_STATE_EQUAL",
          "param": [2010112, 3],
          "param_str": ""
        },
        {
          "type": "QUEST_COND_STATE_EQUAL",
          "param": [2010109, 3],
          "param_str": ""
        }
      ],
      "finishCond": [
        {
          "type": "QUEST_CONTENT_GAME_TIME_TICK",
          "param": [0, 0],
          "param_str": "0,24"
        }
      ],
      "failCond": [
        {
          "param": [],
          "param_str": ""
        }
      ],
      "guide": {},
      "isRewind": true,
      "finishExec": [
        {
          "type": "QUEST_EXEC_ADD_QUEST_PROGRESS",
          "param": ["2010140", "1"],
          "param_str": ""
        },
        {
          "type": "QUEST_EXEC_ADD_QUEST_PROGRESS",
          "param": ["2010141", "1"],
          "param_str": ""
        }
      ],
      "failExec": [
        {
          "param": [],
          "param_str": ""
        }
      ],
      "beginExec": [
        {
          "param": [],
          "param_str": ""
        }
      ],
      "trialAvatarList": [11]
    },
    {
      "subId": 2010145,
      "mainId": 20101,
      "order": 15,
      "descTextMapHash": 1655871263,
      "showType": "QUEST_HIDDEN",
      "acceptCond": [
        {
          "type": "QUEST_COND_STATE_EQUAL",
          "param": [2010109, 3],
          "param_str": ""
        }
      ],
      "finishCond": [
        {
          "type": "QUEST_CONTENT_FINISH_PLOT",
          "param": [2010145, 0],
          "param_str": ""
        }
      ],
      "failCond": [
        {
          "param": [],
          "param_str": ""
        }
      ],
      "guide": {},
      "isRewind": true,
      "finishExec": [
        {
          "param": [],
          "param_str": ""
        }
      ],
      "failExec": [
        {
          "param": [],
          "param_str": ""
        }
      ],
      "beginExec": [
        {
          "param": [],
          "param_str": ""
        }
      ],
      "trialAvatarList": [11],
      "gainItems": [
        {
          "itemId": 100175,
          "count": 1
        }
      ]
    },
    {
      "subId": 2010146,
      "mainId": 20101,
      "order": 16,
      "descTextMapHash": 2632644623,
      "showType": "QUEST_HIDDEN",
      "acceptCond": [
        {
          "type": "QUEST_COND_STATE_EQUAL",
          "param": [2010112, 3],
          "param_str": ""
        }
      ],
      "finishCond": [
        {
          "type": "QUEST_CONTENT_FINISH_PLOT",
          "param": [2010146, 0],
          "param_str": ""
        }
      ],
      "failCond": [
        {
          "param": [],
          "param_str": ""
        }
      ],
      "guide": {},
      "isRewind": true,
      "finishExec": [
        {
          "param": [],
          "param_str": ""
        }
      ],
      "failExec": [
        {
          "param": [],
          "param_str": ""
        }
      ],
      "beginExec": [
        {
          "param": [],
          "param_str": ""
        }
      ],
      "trialAvatarList": [11],
      "gainItems": [
        {
          "itemId": 100175,
          "count": 1
        }
      ]
    },
    {
      "subId": 2010153,
      "mainId": 20101,
      "order": 17,
      "descTextMapHash": 488130759,
      "showType": "QUEST_HIDDEN",
      "acceptCond": [
        {
          "type": "QUEST_COND_STATE_EQUAL",
          "param": [2010144, 3],
          "param_str": ""
        }
      ],
      "finishCond": [
        {
          "type": "QUEST_CONTENT_COMPLETE_TALK",
          "param": [20101155, 0],
          "param_str": ""
        }
      ],
      "failCond": [
        {
          "param": [],
          "param_str": ""
        }
      ],
      "guide": {},
      "isRewind": true,
      "finishExec": [
        {
          "param": [],
          "param_str": ""
        }
      ],
      "failExec": [
        {
          "param": [],
          "param_str": ""
        }
      ],
      "beginExec": [
        {
          "param": [],
          "param_str": ""
        }
      ],
      "trialAvatarList": [11]
    },
    {
      "subId": 2010154,
      "mainId": 20101,
      "order": 18,
      "descTextMapHash": 3819267335,
      "showType": "QUEST_HIDDEN",
      "acceptCond": [
        {
          "type": "QUEST_COND_STATE_EQUAL",
          "param": [2010144, 3],
          "param_str": ""
        }
      ],
      "finishCond": [
        {
          "type": "QUEST_CONTENT_COMPLETE_TALK",
          "param": [20101156, 0],
          "param_str": ""
        }
      ],
      "failCond": [
        {
          "param": [],
          "param_str": ""
        }
      ],
      "guide": {},
      "isRewind": true,
      "finishExec": [
        {
          "param": [],
          "param_str": ""
        }
      ],
      "failExec": [
        {
          "param": [],
          "param_str": ""
        }
      ],
      "beginExec": [
        {
          "param": [],
          "param_str": ""
        }
      ],
      "trialAvatarList": [11]
    },
    {
      "subId": 2010155,
      "mainId": 20101,
      "order": 19,
      "descTextMapHash": 3217864991,
      "showType": "QUEST_HIDDEN",
      "acceptCond": [
        {
          "type": "QUEST_COND_STATE_EQUAL",
          "param": [2010144, 3],
          "param_str": ""
        }
      ],
      "finishCond": [
        {
          "type": "QUEST_CONTENT_COMPLETE_TALK",
          "param": [20101157, 0],
          "param_str": ""
        }
      ],
      "failCond": [
        {
          "param": [],
          "param_str": ""
        }
      ],
      "guide": {},
      "isRewind": true,
      "finishExec": [
        {
          "param": [],
          "param_str": ""
        }
      ],
      "failExec": [
        {
          "param": [],
          "param_str": ""
        }
      ],
      "beginExec": [
        {
          "param": [],
          "param_str": ""
        }
      ],
      "trialAvatarList": [11]
    },
    {
      "subId": 2010156,
      "mainId": 20101,
      "order": 20,
      "descTextMapHash": 3360368663,
      "showType": "QUEST_HIDDEN",
      "acceptCond": [
        {
          "type": "QUEST_COND_STATE_EQUAL",
          "param": [2010144, 3],
          "param_str": ""
        }
      ],
      "finishCond": [
        {
          "type": "QUEST_CONTENT_COMPLETE_TALK",
          "param": [20101158, 0],
          "param_str": ""
        }
      ],
      "failCond": [
        {
          "param": [],
          "param_str": ""
        }
      ],
      "guide": {},
      "isRewind": true,
      "finishExec": [
        {
          "param": [],
          "param_str": ""
        }
      ],
      "failExec": [
        {
          "param": [],
          "param_str": ""
        }
      ],
      "beginExec": [
        {
          "param": [],
          "param_str": ""
        }
      ],
      "trialAvatarList": [11]
    },
    {
      "subId": 2010157,
      "mainId": 20101,
      "order": 21,
      "descTextMapHash": 524562567,
      "showType": "QUEST_HIDDEN",
      "acceptCond": [
        {
          "type": "QUEST_COND_STATE_EQUAL",
          "param": [2010144, 3],
          "param_str": ""
        }
      ],
      "finishCond": [
        {
          "type": "QUEST_CONTENT_COMPLETE_TALK",
          "param": [20101159, 0],
          "param_str": ""
        }
      ],
      "failCond": [
        {
          "param": [],
          "param_str": ""
        }
      ],
      "guide": {},
      "isRewind": true,
      "finishExec": [
        {
          "param": [],
          "param_str": ""
        }
      ],
      "failExec": [
        {
          "param": [],
          "param_str": ""
        }
      ],
      "beginExec": [
        {
          "param": [],
          "param_str": ""
        }
      ],
      "trialAvatarList": [11]
    },
    {
      "subId": 2010114,
      "mainId": 20101,
      "order": 22,
      "descTextMapHash": 240447967,
      "showType": "QUEST_HIDDEN",
      "acceptCond": [
        {
          "type": "QUEST_COND_STATE_EQUAL",
          "param": [2010144, 3],
          "param_str": ""
        }
      ],
      "finishCond": [
        {
          "type": "QUEST_CONTENT_FINISH_PLOT",
          "param": [2010114, 0],
          "param_str": ""
        }
      ],
      "failCond": [
        {
          "param": [],
          "param_str": ""
        }
      ],
      "guide": {},
      "isRewind": true,
      "finishExec": [
        {
          "param": [],
          "param_str": ""
        }
      ],
      "failExec": [
        {
          "param": [],
          "param_str": ""
        }
      ],
      "beginExec": [
        {
          "param": [],
          "param_str": ""
        }
      ],
      "trialAvatarList": [11]
    },
    {
      "subId": 2010115,
      "mainId": 20101,
      "order": 23,
      "descTextMapHash": 2127179383,
      "showType": "QUEST_HIDDEN",
      "acceptCond": [
        {
          "type": "QUEST_COND_STATE_EQUAL",
          "param": [2010144, 3],
          "param_str": ""
        }
      ],
      "finishCond": [
        {
          "type": "QUEST_CONTENT_COMPLETE_TALK",
          "param": [2010115, 0],
          "param_str": ""
        }
      ],
      "failCond": [
        {
          "param": [],
          "param_str": ""
        }
      ],
      "guide": {},
      "isRewind": true,
      "finishExec": [
        {
          "param": [],
          "param_str": ""
        }
      ],
      "failExec": [
        {
          "param": [],
          "param_str": ""
        }
      ],
      "beginExec": [
        {
          "param": [],
          "param_str": ""
        }
      ],
      "trialAvatarList": [11]
    },
    {
      "subId": 2010116,
      "mainId": 20101,
      "order": 24,
      "descTextMapHash": 3845364423,
      "showType": "QUEST_HIDDEN",
      "acceptCond": [
        {
          "type": "QUEST_COND_STATE_EQUAL",
          "param": [2010144, 3],
          "param_str": ""
        }
      ],
      "finishCond": [
        {
          "type": "QUEST_CONTENT_COMPLETE_TALK",
          "param": [2010116, 0],
          "param_str": ""
        }
      ],
      "failCond": [
        {
          "param": [],
          "param_str": ""
        }
      ],
      "guide": {},
      "isRewind": true,
      "finishExec": [
        {
          "param": [],
          "param_str": ""
        }
      ],
      "failExec": [
        {
          "param": [],
          "param_str": ""
        }
      ],
      "beginExec": [
        {
          "param": [],
          "param_str": ""
        }
      ],
      "trialAvatarList": [11]
    },
    {
      "subId": 2010117,
      "mainId": 20101,
      "order": 25,
      "descTextMapHash": 1807208623,
      "showType": "QUEST_HIDDEN",
      "acceptCond": [
        {
          "type": "QUEST_COND_STATE_EQUAL",
          "param": [2010144, 3],
          "param_str": ""
        }
      ],
      "finishCond": [
        {
          "type": "QUEST_CONTENT_COMPLETE_TALK",
          "param": [2010117, 0],
          "param_str": ""
        }
      ],
      "failCond": [
        {
          "param": [],
          "param_str": ""
        }
      ],
      "guide": {},
      "isRewind": true,
      "finishExec": [
        {
          "param": [],
          "param_str": ""
        }
      ],
      "failExec": [
        {
          "param": [],
          "param_str": ""
        }
      ],
      "beginExec": [
        {
          "param": [],
          "param_str": ""
        }
      ],
      "trialAvatarList": [11]
    },
    {
      "subId": 2010118,
      "mainId": 20101,
      "order": 26,
      "descTextMapHash": 4209649351,
      "showType": "QUEST_HIDDEN",
      "acceptCond": [
        {
          "type": "QUEST_COND_STATE_EQUAL",
          "param": [2010144, 3],
          "param_str": ""
        }
      ],
      "finishCond": [
        {
          "type": "QUEST_CONTENT_COMPLETE_TALK",
          "param": [2010118, 0],
          "param_str": ""
        }
      ],
      "failCond": [
        {
          "param": [],
          "param_str": ""
        }
      ],
      "guide": {},
      "isRewind": true,
      "finishExec": [
        {
          "param": [],
          "param_str": ""
        }
      ],
      "failExec": [
        {
          "param": [],
          "param_str": ""
        }
      ],
      "beginExec": [
        {
          "param": [],
          "param_str": ""
        }
      ],
      "trialAvatarList": [11]
    },
    {
      "subId": 2010119,
      "mainId": 20101,
      "order": 27,
      "descTextMapHash": 4152519823,
      "showType": "QUEST_HIDDEN",
      "acceptCond": [
        {
          "type": "QUEST_COND_STATE_EQUAL",
          "param": [2010144, 3],
          "param_str": ""
        }
      ],
      "finishCond": [
        {
          "type": "QUEST_CONTENT_FINISH_PLOT",
          "param": [2010119, 0],
          "param_str": ""
        }
      ],
      "failCond": [
        {
          "type": "QUEST_CONTENT_NOT_FINISH_PLOT",
          "param": [2010119, 0],
          "param_str": ""
        }
      ],
      "guide": {},
      "isRewind": true,
      "finishExec": [
        {
          "type": "QUEST_EXEC_NOTIFY_GROUP_LUA",
          "param": ["20023", "220023015"],
          "param_str": ""
        }
      ],
      "failExec": [
        {
          "param": [],
          "param_str": ""
        }
      ],
      "beginExec": [
        {
          "param": [],
          "param_str": ""
        }
      ],
      "trialAvatarList": [11]
    },
    {
      "subId": 2010120,
      "mainId": 20101,
      "order": 28,
      "descTextMapHash": 2597786103,
      "showType": "QUEST_HIDDEN",
      "acceptCond": [
        {
          "type": "QUEST_COND_STATE_EQUAL",
          "param": [2010144, 3],
          "param_str": ""
        }
      ],
      "finishCond": [
        {
          "type": "QUEST_CONTENT_FINISH_PLOT",
          "param": [2010120, 0],
          "param_str": ""
        }
      ],
      "failCond": [
        {
          "type": "QUEST_CONTENT_NOT_FINISH_PLOT",
          "param": [2010120, 0],
          "param_str": ""
        }
      ],
      "guide": {},
      "isRewind": true,
      "finishExec": [
        {
          "param": [],
          "param_str": ""
        }
      ],
      "failExec": [
        {
          "param": [],
          "param_str": ""
        }
      ],
      "beginExec": [
        {
          "param": [],
          "param_str": ""
        }
      ],
      "trialAvatarList": [11]
    },
    {
      "subId": 2010121,
      "mainId": 20101,
      "order": 29,
      "descTextMapHash": 2218058327,
      "showType": "QUEST_HIDDEN",
      "acceptCond": [
        {
          "type": "QUEST_COND_STATE_EQUAL",
          "param": [2010120, 3],
          "param_str": ""
        }
      ],
      "finishCond": [
        {
          "type": "QUEST_CONTENT_FINISH_PLOT",
          "param": [2010121, 0],
          "param_str": ""
        }
      ],
      "failCond": [
        {
          "param": [],
          "param_str": ""
        }
      ],
      "guide": {},
      "isRewind": true,
      "finishExec": [
        {
          "type": "QUEST_EXEC_REFRESH_GROUP_SUITE",
          "param": ["20023", "220023015,2"],
          "param_str": ""
        }
      ],
      "failExec": [
        {
          "param": [],
          "param_str": ""
        }
      ],
      "beginExec": [
        {
          "param": [],
          "param_str": ""
        }
      ],
      "trialAvatarList": [11]
    },
    {
      "subId": 2010122,
      "mainId": 20101,
      "order": 30,
      "descTextMapHash": 3656442599,
      "showType": "QUEST_HIDDEN",
      "acceptCond": [
        {
          "type": "QUEST_COND_STATE_EQUAL",
          "param": [2010121, 3],
          "param_str": ""
        }
      ],
      "finishCond": [
        {
          "type": "QUEST_CONTENT_LUA_NOTIFY",
          "param": [0, 0],
          "param_str": "220023015",
          "count": 1
        }
      ],
      "failCond": [
        {
          "param": [],
          "param_str": ""
        }
      ],
      "guide": {},
      "isRewind": true,
      "finishExec": [
        {
          "param": [],
          "param_str": ""
        }
      ],
      "failExec": [
        {
          "param": [],
          "param_str": ""
        }
      ],
      "beginExec": [
        {
          "param": [],
          "param_str": ""
        }
      ],
      "trialAvatarList": [11]
    },
    {
      "subId": 2010123,
      "mainId": 20101,
      "order": 31,
      "descTextMapHash": 120475783,
      "showType": "QUEST_HIDDEN",
      "acceptCondComb": "LOGIC_OR",
      "acceptCond": [
        {
          "type": "QUEST_COND_STATE_EQUAL",
          "param": [2010122, 3],
          "param_str": ""
        },
        {
          "type": "QUEST_COND_STATE_EQUAL",
          "param": [2010119, 3],
          "param_str": ""
        }
      ],
      "finishCond": [
        {
          "type": "QUEST_CONTENT_GAME_TIME_TICK",
          "param": [0, 0],
          "param_str": "0,24"
        }
      ],
      "failCond": [
        {
          "param": [],
          "param_str": ""
        }
      ],
      "guide": {},
      "isRewind": true,
      "finishExec": [
        {
          "type": "QUEST_EXEC_ADD_QUEST_PROGRESS",
          "param": ["2010140", "1"],
          "param_str": ""
        },
        {
          "type": "QUEST_EXEC_ADD_QUEST_PROGRESS",
          "param": ["2010141", "1"],
          "param_str": ""
        }
      ],
      "failExec": [
        {
          "param": [],
          "param_str": ""
        }
      ],
      "beginExec": [
        {
          "param": [],
          "param_str": ""
        }
      ],
      "trialAvatarList": [11]
    },
    {
      "subId": 2010147,
      "mainId": 20101,
      "order": 32,
      "descTextMapHash": 2780266575,
      "showType": "QUEST_HIDDEN",
      "acceptCond": [
        {
          "type": "QUEST_COND_STATE_EQUAL",
          "param": [2010119, 3],
          "param_str": ""
        }
      ],
      "finishCond": [
        {
          "type": "QUEST_CONTENT_FINISH_PLOT",
          "param": [2010147, 0],
          "param_str": ""
        }
      ],
      "failCond": [
        {
          "param": [],
          "param_str": ""
        }
      ],
      "guide": {},
      "isRewind": true,
      "finishExec": [
        {
          "param": [],
          "param_str": ""
        }
      ],
      "failExec": [
        {
          "param": [],
          "param_str": ""
        }
      ],
      "beginExec": [
        {
          "param": [],
          "param_str": ""
        }
      ],
      "trialAvatarList": [11],
      "gainItems": [
        {
          "itemId": 100175,
          "count": 1
        }
      ]
    },
    {
      "subId": 2010148,
      "mainId": 20101,
      "order": 33,
      "descTextMapHash": 16081903,
      "showType": "QUEST_HIDDEN",
      "acceptCond": [
        {
          "type": "QUEST_COND_STATE_EQUAL",
          "param": [2010122, 3],
          "param_str": ""
        }
      ],
      "finishCond": [
        {
          "type": "QUEST_CONTENT_FINISH_PLOT",
          "param": [2010148, 0],
          "param_str": ""
        }
      ],
      "failCond": [
        {
          "param": [],
          "param_str": ""
        }
      ],
      "guide": {},
      "isRewind": true,
      "finishExec": [
        {
          "param": [],
          "param_str": ""
        }
      ],
      "failExec": [
        {
          "param": [],
          "param_str": ""
        }
      ],
      "beginExec": [
        {
          "param": [],
          "param_str": ""
        }
      ],
      "trialAvatarList": [11],
      "gainItems": [
        {
          "itemId": 100175,
          "count": 1
        }
      ]
    },
    {
      "subId": 2010158,
      "mainId": 20101,
      "order": 34,
      "descTextMapHash": 1883017423,
      "showType": "QUEST_HIDDEN",
      "acceptCond": [
        {
          "type": "QUEST_COND_STATE_EQUAL",
          "param": [2010144, 3],
          "param_str": ""
        }
      ],
      "finishCond": [
        {
          "type": "QUEST_CONTENT_COMPLETE_TALK",
          "param": [20101255, 0],
          "param_str": ""
        }
      ],
      "failCond": [
        {
          "param": [],
          "param_str": ""
        }
      ],
      "guide": {},
      "isRewind": true,
      "finishExec": [
        {
          "param": [],
          "param_str": ""
        }
      ],
      "failExec": [
        {
          "param": [],
          "param_str": ""
        }
      ],
      "beginExec": [
        {
          "param": [],
          "param_str": ""
        }
      ],
      "trialAvatarList": [11]
    },
    {
      "subId": 2010159,
      "mainId": 20101,
      "order": 35,
      "descTextMapHash": 4032026567,
      "showType": "QUEST_HIDDEN",
      "acceptCond": [
        {
          "type": "QUEST_COND_STATE_EQUAL",
          "param": [2010144, 3],
          "param_str": ""
        }
      ],
      "finishCond": [
        {
          "type": "QUEST_CONTENT_COMPLETE_TALK",
          "param": [20101256, 0],
          "param_str": ""
        }
      ],
      "failCond": [
        {
          "param": [],
          "param_str": ""
        }
      ],
      "guide": {},
      "isRewind": true,
      "finishExec": [
        {
          "param": [],
          "param_str": ""
        }
      ],
      "failExec": [
        {
          "param": [],
          "param_str": ""
        }
      ],
      "beginExec": [
        {
          "param": [],
          "param_str": ""
        }
      ],
      "trialAvatarList": [11]
    },
    {
      "subId": 2010160,
      "mainId": 20101,
      "order": 36,
      "descTextMapHash": 3741624687,
      "showType": "QUEST_HIDDEN",
      "acceptCond": [
        {
          "type": "QUEST_COND_STATE_EQUAL",
          "param": [2010144, 3],
          "param_str": ""
        }
      ],
      "finishCond": [
        {
          "type": "QUEST_CONTENT_COMPLETE_TALK",
          "param": [20101257, 0],
          "param_str": ""
        }
      ],
      "failCond": [
        {
          "param": [],
          "param_str": ""
        }
      ],
      "guide": {},
      "isRewind": true,
      "finishExec": [
        {
          "param": [],
          "param_str": ""
        }
      ],
      "failExec": [
        {
          "param": [],
          "param_str": ""
        }
      ],
      "beginExec": [
        {
          "param": [],
          "param_str": ""
        }
      ],
      "trialAvatarList": [11]
    },
    {
      "subId": 2010124,
      "mainId": 20101,
      "order": 37,
      "descTextMapHash": 4020823183,
      "showType": "QUEST_HIDDEN",
      "acceptCond": [
        {
          "type": "QUEST_COND_STATE_EQUAL",
          "param": [99902, 3],
          "param_str": ""
        }
      ],
      "finishCond": [
        {
          "type": "QUEST_CONTENT_FINISH_PLOT",
          "param": [2010124, 0],
          "param_str": ""
        }
      ],
      "failCond": [
        {
          "param": [],
          "param_str": ""
        }
      ],
      "guide": {},
      "isRewind": true,
      "finishExec": [
        {
          "param": [],
          "param_str": ""
        }
      ],
      "failExec": [
        {
          "param": [],
          "param_str": ""
        }
      ],
      "beginExec": [
        {
          "param": [],
          "param_str": ""
        }
      ],
      "trialAvatarList": [11]
    },
    {
      "subId": 2010125,
      "mainId": 20101,
      "order": 38,
      "descTextMapHash": 2931256415,
      "showType": "QUEST_HIDDEN",
      "acceptCond": [
        {
          "type": "QUEST_COND_STATE_EQUAL",
          "param": [2010124, 3],
          "param_str": ""
        }
      ],
      "finishCond": [
        {
          "type": "QUEST_CONTENT_COMPLETE_TALK",
          "param": [2010125, 0],
          "param_str": ""
        }
      ],
      "failCond": [
        {
          "param": [],
          "param_str": ""
        }
      ],
      "guide": {},
      "isRewind": true,
      "finishExec": [
        {
          "param": [],
          "param_str": ""
        }
      ],
      "failExec": [
        {
          "param": [],
          "param_str": ""
        }
      ],
      "beginExec": [
        {
          "param": [],
          "param_str": ""
        }
      ],
      "trialAvatarList": [11]
    },
    {
      "subId": 2010126,
      "mainId": 20101,
      "order": 39,
      "descTextMapHash": 431081703,
      "showType": "QUEST_HIDDEN",
      "acceptCond": [
        {
          "type": "QUEST_COND_STATE_EQUAL",
          "param": [2010124, 3],
          "param_str": ""
        }
      ],
      "finishCond": [
        {
          "type": "QUEST_CONTENT_COMPLETE_TALK",
          "param": [2010126, 0],
          "param_str": ""
        }
      ],
      "failCond": [
        {
          "param": [],
          "param_str": ""
        }
      ],
      "guide": {},
      "isRewind": true,
      "finishExec": [
        {
          "param": [],
          "param_str": ""
        }
      ],
      "failExec": [
        {
          "param": [],
          "param_str": ""
        }
      ],
      "beginExec": [
        {
          "param": [],
          "param_str": ""
        }
      ],
      "trialAvatarList": [11]
    },
    {
      "subId": 2010127,
      "mainId": 20101,
      "order": 40,
      "descTextMapHash": 1217344239,
      "showType": "QUEST_HIDDEN",
      "acceptCond": [
        {
          "type": "QUEST_COND_STATE_EQUAL",
          "param": [2010124, 3],
          "param_str": ""
        }
      ],
      "finishCond": [
        {
          "type": "QUEST_CONTENT_COMPLETE_TALK",
          "param": [2010127, 0],
          "param_str": ""
        }
      ],
      "failCond": [
        {
          "param": [],
          "param_str": ""
        }
      ],
      "guide": {},
      "isRewind": true,
      "finishExec": [
        {
          "param": [],
          "param_str": ""
        }
      ],
      "failExec": [
        {
          "param": [],
          "param_str": ""
        }
      ],
      "beginExec": [
        {
          "param": [],
          "param_str": ""
        }
      ],
      "trialAvatarList": [11]
    },
    {
      "subId": 2010128,
      "mainId": 20101,
      "order": 41,
      "descTextMapHash": 2383808455,
      "showType": "QUEST_HIDDEN",
      "acceptCond": [
        {
          "type": "QUEST_COND_STATE_EQUAL",
          "param": [2010124, 3],
          "param_str": ""
        }
      ],
      "finishCond": [
        {
          "type": "QUEST_CONTENT_COMPLETE_TALK",
          "param": [2010128, 0],
          "param_str": ""
        }
      ],
      "failCond": [
        {
          "param": [],
          "param_str": ""
        }
      ],
      "guide": {},
      "isRewind": true,
      "finishExec": [
        {
          "param": [],
          "param_str": ""
        }
      ],
      "failExec": [
        {
          "param": [],
          "param_str": ""
        }
      ],
      "beginExec": [
        {
          "param": [],
          "param_str": ""
        }
      ],
      "trialAvatarList": [11]
    },
    {
      "subId": 2010129,
      "mainId": 20101,
      "order": 42,
      "descTextMapHash": 3094876975,
      "showType": "QUEST_HIDDEN",
      "acceptCond": [
        {
          "type": "QUEST_COND_STATE_EQUAL",
          "param": [2010124, 3],
          "param_str": ""
        }
      ],
      "finishCond": [
        {
          "type": "QUEST_CONTENT_FINISH_PLOT",
          "param": [2010129, 0],
          "param_str": ""
        }
      ],
      "failCond": [
        {
          "type": "QUEST_CONTENT_NOT_FINISH_PLOT",
          "param": [2010129, 0],
          "param_str": ""
        }
      ],
      "guide": {},
      "isRewind": true,
      "finishExec": [
        {
          "param": [],
          "param_str": ""
        }
      ],
      "failExec": [
        {
          "param": [],
          "param_str": ""
        }
      ],
      "beginExec": [
        {
          "param": [],
          "param_str": ""
        }
      ],
      "trialAvatarList": [11]
    },
    {
      "subId": 2010130,
      "mainId": 20101,
      "order": 43,
      "descTextMapHash": 3308366239,
      "showType": "QUEST_HIDDEN",
      "acceptCond": [
        {
          "type": "QUEST_COND_STATE_EQUAL",
          "param": [2010124, 3],
          "param_str": ""
        }
      ],
      "finishCond": [
        {
          "type": "QUEST_CONTENT_FINISH_PLOT",
          "param": [2010130, 0],
          "param_str": ""
        }
      ],
      "failCond": [
        {
          "type": "QUEST_CONTENT_NOT_FINISH_PLOT",
          "param": [2010130, 0],
          "param_str": ""
        }
      ],
      "guide": {},
      "isRewind": true,
      "finishExec": [
        {
          "param": [],
          "param_str": ""
        }
      ],
      "failExec": [
        {
          "param": [],
          "param_str": ""
        }
      ],
      "beginExec": [
        {
          "param": [],
          "param_str": ""
        }
      ],
      "trialAvatarList": [11]
    },
    {
      "subId": 2010131,
      "mainId": 20101,
      "order": 44,
      "descTextMapHash": 2803063871,
      "showType": "QUEST_HIDDEN",
      "acceptCond": [
        {
          "type": "QUEST_COND_STATE_EQUAL",
          "param": [2010130, 3],
          "param_str": ""
        }
      ],
      "finishCond": [
        {
          "type": "QUEST_CONTENT_FINISH_PLOT",
          "param": [2010131, 0],
          "param_str": ""
        }
      ],
      "failCond": [
        {
          "param": [],
          "param_str": ""
        }
      ],
      "guide": {},
      "isRewind": true,
      "finishExec": [
        {
          "type": "QUEST_EXEC_REFRESH_GROUP_SUITE",
          "param": ["20023", "220023008,2"],
          "param_str": ""
        }
      ],
      "failExec": [
        {
          "param": [],
          "param_str": ""
        }
      ],
      "beginExec": [
        {
          "param": [],
          "param_str": ""
        }
      ],
      "trialAvatarList": [11]
    },
    {
      "subId": 2010132,
      "mainId": 20101,
      "order": 45,
      "descTextMapHash": 1744726895,
      "showType": "QUEST_HIDDEN",
      "acceptCond": [
        {
          "type": "QUEST_COND_STATE_EQUAL",
          "param": [2010131, 3],
          "param_str": ""
        }
      ],
      "finishCond": [
        {
          "type": "QUEST_CONTENT_LUA_NOTIFY",
          "param": [0, 0],
          "param_str": "220023008",
          "count": 1
        }
      ],
      "failCond": [
        {
          "param": [],
          "param_str": ""
        }
      ],
      "guide": {},
      "isRewind": true,
      "finishExec": [
        {
          "param": [],
          "param_str": ""
        }
      ],
      "failExec": [
        {
          "param": [],
          "param_str": ""
        }
      ],
      "beginExec": [
        {
          "param": [],
          "param_str": ""
        }
      ],
      "trialAvatarList": [11]
    },
    {
      "subId": 2010133,
      "mainId": 20101,
      "order": 46,
      "descTextMapHash": 2194508207,
      "showType": "QUEST_HIDDEN",
      "acceptCondComb": "LOGIC_OR",
      "acceptCond": [
        {
          "type": "QUEST_COND_STATE_EQUAL",
          "param": [2010132, 3],
          "param_str": ""
        },
        {
          "type": "QUEST_COND_STATE_EQUAL",
          "param": [2010129, 3],
          "param_str": ""
        }
      ],
      "finishCond": [
        {
          "type": "QUEST_CONTENT_GAME_TIME_TICK",
          "param": [0, 0],
          "param_str": "0,24"
        }
      ],
      "failCond": [
        {
          "param": [],
          "param_str": ""
        }
      ],
      "guide": {},
      "isRewind": true,
      "finishExec": [
        {
          "type": "QUEST_EXEC_ADD_QUEST_PROGRESS",
          "param": ["2010140", "1"],
          "param_str": ""
        },
        {
          "type": "QUEST_EXEC_ADD_QUEST_PROGRESS",
          "param": ["2010141", "1"],
          "param_str": ""
        }
      ],
      "failExec": [
        {
          "param": [],
          "param_str": ""
        }
      ],
      "beginExec": [
        {
          "param": [],
          "param_str": ""
        }
      ],
      "trialAvatarList": [11]
    },
    {
      "subId": 2010149,
      "mainId": 20101,
      "order": 47,
      "descTextMapHash": 4219375535,
      "showType": "QUEST_HIDDEN",
      "acceptCond": [
        {
          "type": "QUEST_COND_STATE_EQUAL",
          "param": [2010144, 3],
          "param_str": ""
        }
      ],
      "finishCond": [
        {
          "type": "QUEST_CONTENT_FINISH_PLOT",
          "param": [2010149, 0],
          "param_str": ""
        }
      ],
      "failCond": [
        {
          "param": [],
          "param_str": ""
        }
      ],
      "guide": {},
      "isRewind": true,
      "finishExec": [
        {
          "param": [],
          "param_str": ""
        }
      ],
      "failExec": [
        {
          "param": [],
          "param_str": ""
        }
      ],
      "beginExec": [
        {
          "param": [],
          "param_str": ""
        }
      ],
      "trialAvatarList": [11],
      "gainItems": [
        {
          "itemId": 100175,
          "count": 1
        }
      ]
    },
    {
      "subId": 2010150,
      "mainId": 20101,
      "order": 48,
      "descTextMapHash": 3146037007,
      "showType": "QUEST_HIDDEN",
      "acceptCond": [
        {
          "type": "QUEST_COND_STATE_EQUAL",
          "param": [2010144, 3],
          "param_str": ""
        }
      ],
      "finishCond": [
        {
          "type": "QUEST_CONTENT_FINISH_PLOT",
          "param": [2010150, 0],
          "param_str": ""
        }
      ],
      "failCond": [
        {
          "param": [],
          "param_str": ""
        }
      ],
      "guide": {},
      "isRewind": true,
      "finishExec": [
        {
          "param": [],
          "param_str": ""
        }
      ],
      "failExec": [
        {
          "param": [],
          "param_str": ""
        }
      ],
      "beginExec": [
        {
          "param": [],
          "param_str": ""
        }
      ],
      "trialAvatarList": [11],
      "gainItems": [
        {
          "itemId": 100175,
          "count": 1
        }
      ]
    },
    {
      "subId": 2010134,
      "mainId": 20101,
      "order": 49,
      "descTextMapHash": 2418947439,
      "showType": "QUEST_HIDDEN",
      "acceptCond": [
        {
          "type": "QUEST_COND_STATE_EQUAL",
          "param": [2010144, 3],
          "param_str": ""
        }
      ],
      "finishCond": [
        {
          "type": "QUEST_CONTENT_FINISH_PLOT",
          "param": [2010134, 0],
          "param_str": ""
        }
      ],
      "failCond": [
        {
          "param": [],
          "param_str": ""
        }
      ],
      "guide": {},
      "isRewind": true,
      "finishExec": [
        {
          "param": [],
          "param_str": ""
        }
      ],
      "failExec": [
        {
          "param": [],
          "param_str": ""
        }
      ],
      "beginExec": [
        {
          "param": [],
          "param_str": ""
        }
      ],
      "trialAvatarList": [11]
    },
    {
      "subId": 2010135,
      "mainId": 20101,
      "order": 50,
      "descTextMapHash": 1603772327,
      "showType": "QUEST_HIDDEN",
      "acceptCond": [
        {
          "type": "QUEST_COND_STATE_EQUAL",
          "param": [2010144, 3],
          "param_str": ""
        }
      ],
      "finishCond": [
        {
          "type": "QUEST_CONTENT_LUA_NOTIFY",
          "param": [0, 0],
          "param_str": "220023018",
          "count": 1
        }
      ],
      "failCond": [
        {
          "param": [],
          "param_str": ""
        }
      ],
      "guide": {},
      "isRewind": true,
      "finishExec": [
        {
          "type": "QUEST_EXEC_ADD_QUEST_PROGRESS",
          "param": ["2010140", "1"],
          "param_str": ""
        },
        {
          "type": "QUEST_EXEC_ADD_QUEST_PROGRESS",
          "param": ["2010141", "1"],
          "param_str": ""
        }
      ],
      "failExec": [
        {
          "param": [],
          "param_str": ""
        }
      ],
      "beginExec": [
        {
          "param": [],
          "param_str": ""
        }
      ],
      "trialAvatarList": [11]
    },
    {
      "subId": 2010136,
      "mainId": 20101,
      "order": 51,
      "descTextMapHash": 1711353151,
      "showType": "QUEST_HIDDEN",
      "acceptCond": [
        {
          "type": "QUEST_COND_STATE_EQUAL",
          "param": [99902, 3],
          "param_str": ""
        }
      ],
      "finishCond": [
        {
          "type": "QUEST_CONTENT_FINISH_PLOT",
          "param": [2010136, 0],
          "param_str": ""
        }
      ],
      "failCond": [
        {
          "param": [],
          "param_str": ""
        }
      ],
      "guide": {},
      "isRewind": true,
      "finishExec": [
        {
          "param": [],
          "param_str": ""
        }
      ],
      "failExec": [
        {
          "param": [],
          "param_str": ""
        }
      ],
      "beginExec": [
        {
          "param": [],
          "param_str": ""
        }
      ],
      "trialAvatarList": [11]
    },
    {
      "subId": 2010137,
      "mainId": 20101,
      "order": 52,
      "descTextMapHash": 3682705823,
      "showType": "QUEST_HIDDEN",
      "acceptCond": [
        {
          "type": "QUEST_COND_STATE_EQUAL",
          "param": [2010136, 3],
          "param_str": ""
        }
      ],
      "finishCond": [
        {
          "type": "QUEST_CONTENT_LUA_NOTIFY",
          "param": [0, 0],
          "param_str": "220023019",
          "count": 1
        }
      ],
      "failCond": [
        {
          "param": [],
          "param_str": ""
        }
      ],
      "guide": {},
      "isRewind": true,
      "finishExec": [
        {
          "type": "QUEST_EXEC_ADD_QUEST_PROGRESS",
          "param": ["2010140", "1"],
          "param_str": ""
        },
        {
          "type": "QUEST_EXEC_ADD_QUEST_PROGRESS",
          "param": ["2010141", "1"],
          "param_str": ""
        }
      ],
      "failExec": [
        {
          "param": [],
          "param_str": ""
        }
      ],
      "beginExec": [
        {
          "param": [],
          "param_str": ""
        }
      ],
      "trialAvatarList": [11]
    },
    {
      "subId": 2010138,
      "mainId": 20101,
      "order": 53,
      "descTextMapHash": 4279696287,
      "showType": "QUEST_HIDDEN",
      "acceptCond": [
        {
          "type": "QUEST_COND_STATE_EQUAL",
          "param": [2010144, 3],
          "param_str": ""
        }
      ],
      "finishCond": [
        {
          "type": "QUEST_CONTENT_FINISH_PLOT",
          "param": [2010138, 0],
          "param_str": ""
        }
      ],
      "failCond": [
        {
          "param": [],
          "param_str": ""
        }
      ],
      "guide": {},
      "isRewind": true,
      "finishExec": [
        {
          "param": [],
          "param_str": ""
        }
      ],
      "failExec": [
        {
          "param": [],
          "param_str": ""
        }
      ],
      "beginExec": [
        {
          "param": [],
          "param_str": ""
        }
      ],
      "trialAvatarList": [11]
    },
    {
      "subId": 2010139,
      "mainId": 20101,
      "order": 54,
      "descTextMapHash": 841235831,
      "showType": "QUEST_HIDDEN",
      "acceptCond": [
        {
          "type": "QUEST_COND_STATE_EQUAL",
          "param": [2010144, 3],
          "param_str": ""
        }
      ],
      "finishCond": [
        {
          "type": "QUEST_CONTENT_LUA_NOTIFY",
          "param": [0, 0],
          "param_str": "220023017",
          "count": 1
        }
      ],
      "failCond": [
        {
          "param": [],
          "param_str": ""
        }
      ],
      "guide": {},
      "isRewind": true,
      "finishExec": [
        {
          "type": "QUEST_EXEC_ADD_QUEST_PROGRESS",
          "param": ["2010140", "1"],
          "param_str": ""
        },
        {
          "type": "QUEST_EXEC_ADD_QUEST_PROGRESS",
          "param": ["2010141", "1"],
          "param_str": ""
        }
      ],
      "failExec": [
        {
          "param": [],
          "param_str": ""
        }
      ],
      "beginExec": [
        {
          "param": [],
          "param_str": ""
        }
      ],
      "trialAvatarList": [11]
    },
    {
      "subId": 2010140,
      "mainId": 20101,
      "order": 55,
      "descTextMapHash": 2586910287,
      "showType": "QUEST_HIDDEN",
      "acceptCond": [
        {
          "type": "QUEST_COND_STATE_EQUAL",
          "param": [2010144, 3],
          "param_str": ""
        }
      ],
      "finishCond": [
        {
          "type": "QUEST_CONTENT_ADD_QUEST_PROGRESS",
          "param": [2010140, 0],
          "param_str": "",
          "count": 3
        }
      ],
      "failCond": [
        {
          "param": [],
          "param_str": ""
        }
      ],
      "guide": {},
      "isRewind": true,
      "finishExec": [
        {
          "type": "QUEST_EXEC_NOTIFY_GROUP_LUA",
          "param": ["20023", "220023017"],
          "param_str": ""
        },
        {
          "type": "QUEST_EXEC_NOTIFY_GROUP_LUA",
          "param": ["20023", "220023018"],
          "param_str": ""
        },
        {
          "type": "QUEST_EXEC_NOTIFY_GROUP_LUA",
          "param": ["20023", "220023019"],
          "param_str": ""
        }
      ],
      "failExec": [
        {
          "param": [],
          "param_str": ""
        }
      ],
      "beginExec": [
        {
          "param": [],
          "param_str": ""
        }
      ],
      "trialAvatarList": [11]
    },
    {
      "subId": 2010141,
      "mainId": 20101,
      "order": 56,
      "isMpBlock": true,
      "descTextMapHash": 3188672111,
      "acceptCond": [
        {
          "type": "QUEST_COND_STATE_EQUAL",
          "param": [2010144, 3],
          "param_str": ""
        }
      ],
      "finishCond": [
        {
          "type": "QUEST_CONTENT_OBTAIN_ITEM",
          "param": [100175, 0],
          "param_str": ""
        }
      ],
      "failCond": [
        {
          "type": "QUEST_CONTENT_FAIL_DUNGEON",
          "param": [1009, 0],
          "param_str": ""
        }
      ],
      "guide": {},
      "isRewind": true,
      "finishExec": [
        {
          "type": "QUEST_EXEC_NOTIFY_GROUP_LUA",
          "param": ["20023", "220023012"],
          "param_str": ""
        }
      ],
      "failExec": [
        {
          "type": "QUEST_EXEC_ROLLBACK_QUEST",
          "param": ["2010101", "0"],
          "param_str": ""
        }
      ],
      "beginExec": [
        {
          "param": [],
          "param_str": ""
        }
      ],
      "trialAvatarList": [11]
    },
    {
      "subId": 2010142,
      "mainId": 20101,
      "order": 57,
      "isMpBlock": true,
      "descTextMapHash": 3316461639,
      "acceptCond": [
        {
          "type": "QUEST_COND_STATE_EQUAL",
          "param": [2010141, 3],
          "param_str": ""
        }
      ],
      "finishCond": [
        {
          "type": "QUEST_CONTENT_LUA_NOTIFY",
          "param": [0, 0],
          "param_str": "220023012",
          "count": 1
        }
      ],
      "failCond": [
        {
          "type": "QUEST_CONTENT_FAIL_DUNGEON",
          "param": [1009, 0],
          "param_str": ""
        }
      ],
      "guide": {},
      "isRewind": true,
      "finishExec": [
        {
          "type": "QUEST_EXEC_DEL_PACK_ITEM",
          "param": ["100175", "1"],
          "param_str": ""
        }
      ],
      "failExec": [
        {
          "type": "QUEST_EXEC_ROLLBACK_QUEST",
          "param": ["2010101", "0"],
          "param_str": ""
        }
      ],
      "beginExec": [
        {
          "param": [],
          "param_str": ""
        }
      ],
      "trialAvatarList": [11]
    },
    {
      "subId": 2010143,
      "mainId": 20101,
      "order": 58,
      "isMpBlock": true,
      "descTextMapHash": 3140800703,
      "acceptCond": [
        {
          "type": "QUEST_COND_STATE_EQUAL",
          "param": [2010142, 3],
          "param_str": ""
        }
      ],
      "finishCond": [
        {
          "type": "QUEST_CONTENT_LUA_NOTIFY",
          "param": [0, 0],
          "param_str": "220023014",
          "count": 1
        }
      ],
      "failCond": [
        {
          "type": "QUEST_CONTENT_FAIL_DUNGEON",
          "param": [1009, 0],
          "param_str": ""
        }
      ],
      "guide": {},
      "isRewind": true,
      "finishExec": [
        {
          "param": [],
          "param_str": ""
        }
      ],
      "failExec": [
        {
          "type": "QUEST_EXEC_ROLLBACK_QUEST",
          "param": ["2010101", "0"],
          "param_str": ""
        }
      ],
      "beginExec": [
        {
          "param": [],
          "param_str": ""
        }
      ],
      "trialAvatarList": [11]
    },
    {
      "subId": 2010152,
      "mainId": 20101,
      "order": 59,
      "isMpBlock": true,
      "descTextMapHash": 4165330335,
      "acceptCond": [
        {
          "type": "QUEST_COND_STATE_EQUAL",
          "param": [2010143, 3],
          "param_str": ""
        }
      ],
      "finishCond": [
        {
          "type": "QUEST_CONTENT_INTERACT_GADGET",
          "param": [70700016, 0],
          "param_str": ""
        }
      ],
      "failCond": [
        {
          "type": "QUEST_CONTENT_FAIL_DUNGEON",
          "param": [1009, 0],
          "param_str": ""
        }
      ],
      "guide": {},
      "isRewind": true,
      "finishExec": [
        {
          "param": [],
          "param_str": ""
        }
      ],
      "failExec": [
        {
          "type": "QUEST_EXEC_ROLLBACK_QUEST",
          "param": ["2010101", "0"],
          "param_str": ""
        }
      ],
      "beginExec": [
        {
          "param": [],
          "param_str": ""
        }
      ],
      "trialAvatarList": [11]
    },
    {
      "subId": 2010151,
      "mainId": 20101,
      "order": 60,
      "isMpBlock": true,
      "descTextMapHash": 1806749615,
      "acceptCond": [
        {
          "type": "QUEST_COND_STATE_EQUAL",
          "param": [2010152, 3],
          "param_str": ""
        }
      ],
      "finishCond": [
        {
          "type": "QUEST_CONTENT_COMPLETE_TALK",
          "param": [2010151, 0],
          "param_str": ""
        }
      ],
      "failCond": [
        {
          "type": "QUEST_CONTENT_FAIL_DUNGEON",
          "param": [1009, 0],
          "param_str": ""
        }
      ],
      "guide": {},
      "finishParent": true,
      "isRewind": true,
      "finishExec": [
        {
          "type": "QUEST_EXEC_LOCK_POINT",
          "param": ["3", "113"],
          "param_str": ""
        },
        {
          "type": "QUEST_EXEC_REMOVE_TRIAL_AVATAR",
          "param": ["11", "0"],
          "param_str": ""
        },
        {
          "type": "QUEST_EXEC_REFRESH_GROUP_SUITE",
          "param": ["3", "133002334,1"],
          "param_str": ""
        }
      ],
      "failExec": [
        {
          "type": "QUEST_EXEC_ROLLBACK_QUEST",
          "param": ["2010101", "0"],
          "param_str": ""
        }
      ],
      "beginExec": [
        {
          "param": [],
          "param_str": ""
        }
      ],
      "trialAvatarList": [11],
      "gainItems": [
        {
          "itemId": 100175,
          "count": 1
        }
      ]
    }
  ],
  "talks": [
    {
      "id": 2010103,
      "beginWay": "TALK_BEGIN_AUTO",
      "activeMode": "PLAY_MODE_SINGLE",
      "beginCond": [
        {
          "type": "QUEST_COND_STATE_EQUAL",
          "param": ["2010103", "2"],
          "param_str": ""
        }
      ],
      "initDialog": 201010301,
      "npcId": [1501],
      "performCfg": "QuestDialogue/AQ/Mengde2_20101/Q2010103",
      "heroTalk": "TALK_HERO_MAIN",
      "questId": 20101,
      "prePerformCfg": ""
    },
    {
      "id": 2010105,
      "beginWay": "TALK_BEGIN_MANUAL",
      "activeMode": "PLAY_MODE_SINGLE",
      "beginCond": [
        {
          "type": "QUEST_COND_STATE_EQUAL",
          "param": ["2010105", "2"],
          "param_str": ""
        }
      ],
      "nextTalks": [2010106, 2010108],
      "initDialog": 201010501,
      "npcId": [1503],
      "performCfg": "",
      "heroTalk": "TALK_HERO_MAIN",
      "questId": 20101,
      "prePerformCfg": ""
    },
    {
      "id": 2010106,
      "nextTalks": [20101155, 20101156],
      "initDialog": 201010601,
      "npcId": [1503],
      "performCfg": "",
      "heroTalk": "TALK_HERO_MAIN",
      "questId": 20101,
      "prePerformCfg": ""
    },
    {
      "id": 2010108,
      "nextTalks": [2010109],
      "initDialog": 201010801,
      "npcId": [1503],
      "performCfg": "",
      "heroTalk": "TALK_HERO_MAIN",
      "questId": 20101,
      "prePerformCfg": ""
    },
    {
      "id": 2010109,
      "nextTalks": [2010110, 2010111, 2010113, 2010114],
      "initDialog": 201010901,
      "npcId": [1503],
      "performCfg": "",
      "heroTalk": "TALK_HERO_MAIN",
      "questId": 20101,
      "prePerformCfg": ""
    },
    {
      "id": 2010110,
      "beginCondComb": "LOGIC_AND",
      "beginCond": [
        {
          "type": "QUEST_COND_STATE_EQUAL",
          "param": ["2010109", "3"],
          "param_str": ""
        },
        {
          "type": "QUEST_COND_STATE_EQUAL",
          "param": ["2010141", "2"],
          "param_str": ""
        }
      ],
      "initDialog": 2010110011,
      "npcId": [1503],
      "performCfg": "",
      "heroTalk": "TALK_HERO_MAIN",
      "questId": 20101,
      "prePerformCfg": ""
    },
    {
      "id": 2010111,
      "beginCondComb": "LOGIC_AND",
      "beginCond": [
        {
          "type": "QUEST_COND_STATE_EQUAL",
          "param": ["2010110", "3"],
          "param_str": ""
        },
        {
          "type": "QUEST_COND_STATE_EQUAL",
          "param": ["2010106", "3"],
          "param_str": ""
        },
        {
          "type": "QUEST_COND_STATE_NOT_EQUAL",
          "param": ["2010108", "3"],
          "param_str": ""
        }
      ],
      "initDialog": 201011101,
      "npcId": [1503],
      "performCfg": "",
      "heroTalk": "TALK_HERO_MAIN",
      "questId": 20101,
      "prePerformCfg": ""
    },
    {
      "id": 2010113,
      "beginCondComb": "LOGIC_AND",
      "beginCond": [
        {
          "type": "QUEST_COND_STATE_EQUAL",
          "param": ["2010110", "3"],
          "param_str": ""
        },
        {
          "type": "QUEST_COND_STATE_EQUAL",
          "param": ["2010108", "3"],
          "param_str": ""
        }
      ],
      "initDialog": 201011301,
      "npcId": [1503],
      "performCfg": "",
      "heroTalk": "TALK_HERO_MAIN",
      "questId": 20101,
      "prePerformCfg": ""
    },
    {
      "id": 2010114,
      "beginCondComb": "LOGIC_AND",
      "beginCond": [
        {
          "type": "QUEST_COND_STATE_EQUAL",
          "param": ["2010109", "3"],
          "param_str": ""
        },
        {
          "type": "QUEST_COND_STATE_EQUAL",
          "param": ["2010141", "3"],
          "param_str": ""
        }
      ],
      "initDialog": 2010110021,
      "npcId": [1503],
      "performCfg": "",
      "heroTalk": "TALK_HERO_MAIN",
      "questId": 20101,
      "prePerformCfg": ""
    },
    {
      "id": 20101151,
      "beginWay": "TALK_BEGIN_MANUAL",
      "activeMode": "PLAY_MODE_SINGLE",
      "beginCondComb": "LOGIC_AND",
      "beginCond": [
        {
          "type": "QUEST_COND_STATE_EQUAL",
          "param": ["2010113", "3"],
          "param_str": ""
        },
        {
          "type": "QUEST_COND_STATE_EQUAL",
          "param": ["2010145", "3"],
          "param_str": ""
        }
      ],
      "priority": 5,
      "initDialog": 201011302,
      "npcId": [1503],
      "performCfg": "",
      "heroTalk": "TALK_HERO_MAIN",
      "questId": 20101,
      "prePerformCfg": ""
    },
    {
      "id": 20101152,
      "beginWay": "TALK_BEGIN_MANUAL",
      "activeMode": "PLAY_MODE_SINGLE",
      "beginCondComb": "LOGIC_AND",
      "beginCond": [
        {
          "type": "QUEST_COND_STATE_EQUAL",
          "param": ["2010113", "3"],
          "param_str": ""
        },
        {
          "type": "QUEST_COND_STATE_EQUAL",
          "param": ["2010145", "2"],
          "param_str": ""
        }
      ],
      "priority": 5,
      "initDialog": 201011303,
      "npcId": [1503],
      "performCfg": "",
      "heroTalk": "TALK_HERO_MAIN",
      "questId": 20101,
      "prePerformCfg": ""
    },
    {
      "id": 20101153,
      "beginWay": "TALK_BEGIN_MANUAL",
      "activeMode": "PLAY_MODE_SINGLE",
      "beginCondComb": "LOGIC_AND",
      "beginCond": [
        {
          "type": "QUEST_COND_STATE_EQUAL",
          "param": ["2010105", "3"],
          "param_str": ""
        },
        {
          "type": "QUEST_COND_STATE_EQUAL",
          "param": ["2010108", "2"],
          "param_str": ""
        }
      ],
      "priority": 3,
      "nextTalks": [2010108],
      "initDialog": 201010501,
      "npcId": [1503],
      "performCfg": "",
      "heroTalk": "TALK_HERO_MAIN",
      "questId": 20101,
      "prePerformCfg": ""
    },
    {
      "id": 20101154,
      "beginWay": "TALK_BEGIN_MANUAL",
      "activeMode": "PLAY_MODE_SINGLE",
      "beginCondComb": "LOGIC_AND",
      "beginCond": [
        {
          "type": "QUEST_COND_STATE_EQUAL",
          "param": ["2010108", "3"],
          "param_str": ""
        },
        {
          "type": "QUEST_COND_STATE_EQUAL",
          "param": ["2010111", "2"],
          "param_str": ""
        }
      ],
      "priority": 3,
      "initDialog": 201011101,
      "npcId": [1503],
      "performCfg": "",
      "heroTalk": "TALK_HERO_MAIN",
      "questId": 20101,
      "prePerformCfg": ""
    },
    {
      "id": 20101155,
      "nextTalks": [20101157, 20101158, 20101159],
      "initDialog": 201010605,
      "npcId": [1503],
      "performCfg": "",
      "heroTalk": "TALK_HERO_MAIN",
      "questId": 20101,
      "prePerformCfg": ""
    },
    {
      "id": 20101156,
      "nextTalks": [20101157, 20101158, 20101159],
      "initDialog": 201010603,
      "npcId": [1503],
      "performCfg": "",
      "heroTalk": "TALK_HERO_MAIN",
      "questId": 20101,
      "prePerformCfg": ""
    },
    {
      "id": 20101157,
      "nextTalks": [20101160],
      "initDialog": 201010610,
      "npcId": [1503],
      "performCfg": "",
      "heroTalk": "TALK_HERO_MAIN",
      "questId": 20101,
      "prePerformCfg": ""
    },
    {
      "id": 20101158,
      "nextTalks": [20101160],
      "initDialog": 201010612,
      "npcId": [1503],
      "performCfg": "",
      "heroTalk": "TALK_HERO_MAIN",
      "questId": 20101,
      "prePerformCfg": ""
    },
    {
      "id": 20101159,
      "nextTalks": [20101160],
      "initDialog": 201010614,
      "npcId": [1503],
      "performCfg": "",
      "heroTalk": "TALK_HERO_MAIN",
      "questId": 20101,
      "prePerformCfg": ""
    },
    {
      "id": 20101160,
      "nextTalks": [2010109],
      "initDialog": 201010616,
      "npcId": [1503],
      "performCfg": "",
      "heroTalk": "TALK_HERO_MAIN",
      "questId": 20101,
      "prePerformCfg": ""
    },
    {
      "id": 2010115,
      "beginWay": "TALK_BEGIN_MANUAL",
      "activeMode": "PLAY_MODE_SINGLE",
      "beginCond": [
        {
          "type": "QUEST_COND_STATE_EQUAL",
          "param": ["2010115", "2"],
          "param_str": ""
        }
      ],
      "nextTalks": [2010117, 2010118],
      "initDialog": 201011501,
      "npcId": [1504],
      "performCfg": "",
      "heroTalk": "TALK_HERO_MAIN",
      "questId": 20101,
      "prePerformCfg": ""
    },
    {
      "id": 2010117,
      "nextTalks": [20101255, 20101256, 20101257],
      "initDialog": 201011701,
      "npcId": [1504],
      "performCfg": "",
      "heroTalk": "TALK_HERO_MAIN",
      "questId": 20101,
      "prePerformCfg": ""
    },
    {
      "id": 2010118,
      "nextTalks": [2010119],
      "initDialog": 201011801,
      "npcId": [1504],
      "performCfg": "",
      "heroTalk": "TALK_HERO_MAIN",
      "questId": 20101,
      "prePerformCfg": ""
    },
    {
      "id": 2010119,
      "nextTalks": [2010120, 2010122, 2010123, 2010124],
      "initDialog": 201011901,
      "npcId": [1504],
      "performCfg": "",
      "heroTalk": "TALK_HERO_MAIN",
      "questId": 20101,
      "prePerformCfg": ""
    },
    {
      "id": 2010120,
      "beginCondComb": "LOGIC_AND",
      "beginCond": [
        {
          "type": "QUEST_COND_STATE_EQUAL",
          "param": ["2010119", "3"],
          "param_str": ""
        },
        {
          "type": "QUEST_COND_STATE_EQUAL",
          "param": ["2010141", "2"],
          "param_str": ""
        }
      ],
      "initDialog": 201012001,
      "npcId": [1504],
      "performCfg": "",
      "heroTalk": "TALK_HERO_MAIN",
      "questId": 20101,
      "prePerformCfg": ""
    },
    {
      "id": 2010122,
      "beginCondComb": "LOGIC_AND",
      "beginCond": [
        {
          "type": "QUEST_COND_STATE_EQUAL",
          "param": ["2010120", "3"],
          "param_str": ""
        },
        {
          "type": "QUEST_COND_STATE_EQUAL",
          "param": ["2010117", "3"],
          "param_str": ""
        },
        {
          "type": "QUEST_COND_STATE_NOT_EQUAL",
          "param": ["2010118", "3"],
          "param_str": ""
        }
      ],
      "initDialog": 201012201,
      "npcId": [1504],
      "performCfg": "",
      "heroTalk": "TALK_HERO_MAIN",
      "questId": 20101,
      "prePerformCfg": ""
    },
    {
      "id": 2010123,
      "beginCondComb": "LOGIC_AND",
      "beginCond": [
        {
          "type": "QUEST_COND_STATE_EQUAL",
          "param": ["2010120", "3"],
          "param_str": ""
        },
        {
          "type": "QUEST_COND_STATE_EQUAL",
          "param": ["2010118", "3"],
          "param_str": ""
        }
      ],
      "initDialog": 201012301,
      "npcId": [1504],
      "performCfg": "",
      "heroTalk": "TALK_HERO_MAIN",
      "questId": 20101,
      "prePerformCfg": ""
    },
    {
      "id": 2010124,
      "beginCondComb": "LOGIC_AND",
      "beginCond": [
        {
          "type": "QUEST_COND_STATE_EQUAL",
          "param": ["2010119", "3"],
          "param_str": ""
        },
        {
          "type": "QUEST_COND_STATE_EQUAL",
          "param": ["2010141", "3"],
          "param_str": ""
        }
      ],
      "initDialog": 201012002,
      "npcId": [1504],
      "performCfg": "",
      "heroTalk": "TALK_HERO_MAIN",
      "questId": 20101,
      "prePerformCfg": ""
    },
    {
      "id": 20101251,
      "beginWay": "TALK_BEGIN_MANUAL",
      "activeMode": "PLAY_MODE_SINGLE",
      "beginCondComb": "LOGIC_AND",
      "beginCond": [
        {
          "type": "QUEST_COND_STATE_EQUAL",
          "param": ["2010123", "3"],
          "param_str": ""
        },
        {
          "type": "QUEST_COND_STATE_EQUAL",
          "param": ["2010147", "3"],
          "param_str": ""
        }
      ],
      "priority": 5,
      "initDialog": 201012302,
      "npcId": [1504],
      "performCfg": "",
      "heroTalk": "TALK_HERO_MAIN",
      "questId": 20101,
      "prePerformCfg": ""
    },
    {
      "id": 20101252,
      "beginWay": "TALK_BEGIN_MANUAL",
      "activeMode": "PLAY_MODE_SINGLE",
      "beginCond": [
        {
          "type": "QUEST_COND_STATE_EQUAL",
          "param": ["2010123", "3"],
          "param_str": ""
        },
        {
          "type": "QUEST_COND_STATE_EQUAL",
          "param": ["2010147", "2"],
          "param_str": ""
        }
      ],
      "priority": 5,
      "initDialog": 201012303,
      "npcId": [1504],
      "performCfg": "",
      "heroTalk": "TALK_HERO_MAIN",
      "questId": 20101,
      "prePerformCfg": ""
    },
    {
      "id": 20101253,
      "beginWay": "TALK_BEGIN_MANUAL",
      "activeMode": "PLAY_MODE_SINGLE",
      "beginCondComb": "LOGIC_AND",
      "beginCond": [
        {
          "type": "QUEST_COND_STATE_EQUAL",
          "param": ["2010115", "3"],
          "param_str": ""
        },
        {
          "type": "QUEST_COND_STATE_EQUAL",
          "param": ["2010118", "2"],
          "param_str": ""
        }
      ],
      "priority": 3,
      "nextTalks": [2010118],
      "initDialog": 201011501,
      "npcId": [1504],
      "performCfg": "",
      "heroTalk": "TALK_HERO_MAIN",
      "questId": 20101,
      "prePerformCfg": ""
    },
    {
      "id": 20101254,
      "beginWay": "TALK_BEGIN_MANUAL",
      "activeMode": "PLAY_MODE_SINGLE",
      "beginCondComb": "LOGIC_AND",
      "beginCond": [
        {
          "type": "QUEST_COND_STATE_EQUAL",
          "param": ["2010118", "3"],
          "param_str": ""
        },
        {
          "type": "QUEST_COND_STATE_EQUAL",
          "param": ["2010121", "2"],
          "param_str": ""
        }
      ],
      "priority": 3,
      "initDialog": 201012201,
      "npcId": [1504],
      "performCfg": "",
      "heroTalk": "TALK_HERO_MAIN",
      "questId": 20101,
      "prePerformCfg": ""
    },
    {
      "id": 20101255,
      "nextTalks": [20101258],
      "initDialog": 201011710,
      "npcId": [1504],
      "performCfg": "",
      "heroTalk": "TALK_HERO_MAIN",
      "questId": 20101,
      "prePerformCfg": ""
    },
    {
      "id": 20101256,
      "nextTalks": [20101258],
      "initDialog": 201011712,
      "npcId": [1504],
      "performCfg": "",
      "heroTalk": "TALK_HERO_MAIN",
      "questId": 20101,
      "prePerformCfg": ""
    },
    {
      "id": 20101257,
      "nextTalks": [20101258],
      "initDialog": 201011714,
      "npcId": [1504],
      "performCfg": "",
      "heroTalk": "TALK_HERO_MAIN",
      "questId": 20101,
      "prePerformCfg": ""
    },
    {
      "id": 20101258,
      "nextTalks": [2010119],
      "initDialog": 201011716,
      "npcId": [1504],
      "performCfg": "",
      "heroTalk": "TALK_HERO_MAIN",
      "questId": 20101,
      "prePerformCfg": ""
    },
    {
      "id": 2010151,
      "beginWay": "TALK_BEGIN_MANUAL",
      "activeMode": "PLAY_MODE_SINGLE",
      "beginCond": [
        {
          "type": "QUEST_COND_STATE_EQUAL",
          "param": ["2010151", "2"],
          "param_str": ""
        }
      ],
      "initDialog": 201015101,
      "npcId": [1009],
      "performCfg": "QuestDialogue/AQ/Mengde2_20101/Q2010151",
      "heroTalk": "TALK_HERO_MAIN",
      "questId": 20101,
      "prePerformCfg": ""
    }
  ]
}
