{
  "id": 2011,
  "titleTextMapHash": 3126017879,
  "descTextMapHash": 3197847918,
  "luaPath": "Actor/Quest/AQ2011",
  "suggestTrackMainQuestList": [2012],
  "rewardIdList": [102011],
  "chapterId": 1202,
  "subQuests": [
    {
      "subId": 201101,
      "mainId": 2011,
      "order": 1,
      "descTextMapHash": 1986048236,
      "acceptCond": [
        {
          "type": "QUEST_COND_STATE_EQUAL",
          "param": [200212, 3],
          "param_str": ""
        }
      ],
      "finishCond": [
        {
          "type": "QUEST_CONTENT_COMPLETE_TALK",
          "param": [201101, 0],
          "param_str": ""
        }
      ],
      "failCond": [
        {
          "param": [],
          "param_str": ""
        }
      ],
      "guide": {
        "type": "QUEST_GUIDE_NPC",
        "param": ["2078"],
        "guideScene": 3,
        "guideStyle": "QUEST_GUIDE_STYLE_TARGET",
        "guideLayer": "QUEST_GUIDE_LAYER_SCENE"
      },
      "isRewind": true,
      "finishExec": [
        {
          "param": [],
          "param_str": ""
        }
      ],
      "failExec": [
        {
          "param": [],
          "param_str": ""
        }
      ],
      "beginExec": [
        {
          "param": [],
          "param_str": ""
        }
      ],
      "exclusiveNpcList": [2078, 2440],
      "exclusiveNpcPriority": 1000
    },
    {
      "subId": 201102,
      "mainId": 2011,
      "order": 2,
      "descTextMapHash": 4205351284,
      "acceptCond": [
        {
          "type": "QUEST_COND_STATE_EQUAL",
          "param": [201101, 3],
          "param_str": ""
        }
      ],
      "finishCond": [
        {
          "type": "QUEST_CONTENT_FINISH_PLOT",
          "param": [201102, 0],
          "param_str": ""
        }
      ],
      "failCond": [
        {
          "param": [],
          "param_str": ""
        }
      ],
      "guide": {
        "type": "QUEST_GUIDE_NPC",
        "param": ["1031"],
        "guideScene": 3,
        "guideStyle": "QUEST_GUIDE_STYLE_TARGET",
        "guideLayer": "QUEST_GUIDE_LAYER_SCENE"
      },
      "isRewind": true,
      "finishExec": [
        {
          "param": [],
          "param_str": ""
        }
      ],
      "failExec": [
        {
          "param": [],
          "param_str": ""
        }
      ],
      "beginExec": [
        {
          "param": [],
          "param_str": ""
        }
      ],
      "exclusiveNpcList": [1031],
      "exclusiveNpcPriority": 1000
    },
    {
      "subId": 201103,
      "mainId": 2011,
      "order": 3,
      "isMpBlock": true,
      "descTextMapHash": 1763984460,
      "acceptCond": [
        {
          "type": "QUEST_COND_STATE_EQUAL",
          "param": [201102, 3],
          "param_str": ""
        }
      ],
      "finishCond": [
        {
          "type": "QUEST_CONTENT_COMPLETE_TALK",
          "param": [201103, 0],
          "param_str": ""
        }
      ],
      "failCond": [
        {
          "param": [],
          "param_str": ""
        }
      ],
      "guide": {
        "type": "QUEST_GUIDE_NPC",
        "param": ["1031"],
        "guideScene": 3,
        "guideStyle": "QUEST_GUIDE_STYLE_TARGET",
        "guideLayer": "QUEST_GUIDE_LAYER_SCENE"
      },
      "isRewind": true,
      "finishExec": [
        {
          "param": [],
          "param_str": ""
        }
      ],
      "failExec": [
        {
          "param": [],
          "param_str": ""
        }
      ],
      "beginExec": [
        {
          "param": [],
          "param_str": ""
        }
      ],
      "exclusiveNpcList": [1031],
      "exclusiveNpcPriority": 1000
    },
    {
      "subId": 201104,
      "mainId": 2011,
      "order": 4,
      "isMpBlock": true,
      "descTextMapHash": 2100170324,
      "acceptCond": [
        {
          "type": "QUEST_COND_STATE_EQUAL",
          "param": [201103, 3],
          "param_str": ""
        }
      ],
      "finishCond": [
        {
          "type": "QUEST_CONTENT_FINISH_PLOT",
          "param": [201104, 0],
          "param_str": ""
        }
      ],
      "failCond": [
        {
          "param": [],
          "param_str": ""
        }
      ],
      "guide": {},
      "isRewind": true,
      "finishExec": [
        {
          "param": [],
          "param_str": ""
        }
      ],
      "failExec": [
        {
          "param": [],
          "param_str": ""
        }
      ],
      "beginExec": [
        {
          "type": "QUEST_EXEC_SET_GAME_TIME",
          "param": ["9", "0"],
          "param_str": ""
        }
      ],
      "exclusiveNpcList": [1031],
      "exclusiveNpcPriority": 1000
    },
    {
      "subId": 201105,
      "mainId": 2011,
      "order": 5,
      "isMpBlock": true,
      "descTextMapHash": 3560136316,
      "acceptCond": [
        {
          "type": "QUEST_COND_STATE_EQUAL",
          "param": [201104, 3],
          "param_str": ""
        }
      ],
      "finishCond": [
        {
          "type": "QUEST_CONTENT_FINISH_PLOT",
          "param": [201105, 0],
          "param_str": ""
        }
      ],
      "failCond": [
        {
          "param": [],
          "param_str": ""
        }
      ],
      "guide": {},
      "isRewind": true,
      "finishExec": [
        {
          "param": [],
          "param_str": ""
        }
      ],
      "failExec": [
        {
          "param": [],
          "param_str": ""
        }
      ],
      "beginExec": [
        {
          "param": [],
          "param_str": ""
        }
      ],
      "exclusiveNpcList": [1031],
      "exclusiveNpcPriority": 1000
    },
    {
      "subId": 201106,
      "mainId": 2011,
      "order": 6,
      "isMpBlock": true,
      "descTextMapHash": 1431813012,
      "acceptCond": [
        {
          "type": "QUEST_COND_STATE_EQUAL",
          "param": [201105, 3],
          "param_str": ""
        }
      ],
      "finishCond": [
        {
          "type": "QUEST_CONTENT_FINISH_PLOT",
          "param": [201106, 0],
          "param_str": ""
        }
      ],
      "failCond": [
        {
          "param": [],
          "param_str": ""
        }
      ],
      "guide": {},
      "isRewind": true,
      "finishExec": [
        {
          "type": "QUEST_EXEC_UNLOCK_POINT",
          "param": ["3", "241"],
          "param_str": ""
        }
      ],
      "failExec": [
        {
          "param": [],
          "param_str": ""
        }
      ],
      "beginExec": [
        {
          "param": [],
          "param_str": ""
        }
      ],
      "exclusiveNpcList": [1031],
      "exclusiveNpcPriority": 1000
    },
    {
      "subId": 201107,
      "mainId": 2011,
      "order": 7,
      "descTextMapHash": 4287035588,
      "acceptCond": [
        {
          "type": "QUEST_COND_STATE_EQUAL",
          "param": [201106, 3],
          "param_str": ""
        }
      ],
      "finishCond": [
        {
          "type": "QUEST_CONTENT_COMPLETE_TALK",
          "param": [201107, 0],
          "param_str": ""
        }
      ],
      "failCond": [
        {
          "param": [],
          "param_str": ""
        }
      ],
      "guide": {
        "type": "QUEST_GUIDE_NPC",
        "param": ["1033"],
        "guideScene": 3,
        "guideStyle": "QUEST_GUIDE_STYLE_TARGET",
        "guideLayer": "QUEST_GUIDE_LAYER_SCENE"
      },
      "finishParent": true,
      "isRewind": true,
      "finishExec": [
        {
          "param": [],
          "param_str": ""
        }
      ],
      "failExec": [
        {
          "param": [],
          "param_str": ""
        }
      ],
      "beginExec": [
        {
          "type": "QUEST_EXEC_SET_GAME_TIME",
          "param": ["17", "0"],
          "param_str": ""
        }
      ],
      "exclusiveNpcList": [1031, 1033],
      "exclusiveNpcPriority": 1000
    }
  ],
  "talks": [
    {
      "id": 201101,
      "beginWay": "TALK_BEGIN_MANUAL",
      "activeMode": "PLAY_MODE_SINGLE",
      "beginCond": [
        {
          "type": "QUEST_COND_STATE_EQUAL",
          "param": ["201101", "2"],
          "param_str": ""
        }
      ],
      "priority": 5,
      "initDialog": 20110101,
      "npcId": [2078],
      "performCfg": "QuestDialogue/AQ/Inazuma1_2011/Q201101",
      "heroTalk": "TALK_HERO_MAIN",
      "questId": 2011,
      "prePerformCfg": ""
    },
    {
      "id": 201103,
      "beginWay": "TALK_BEGIN_MANUAL",
      "activeMode": "PLAY_MODE_SINGLE",
      "beginCond": [
        {
          "type": "QUEST_COND_STATE_EQUAL",
          "param": ["201103", "2"],
          "param_str": ""
        }
      ],
      "priority": 5,
      "initDialog": 20110301,
      "npcId": [1031],
      "performCfg": "QuestDialogue/AQ/Inazuma1_2011/Q201103",
      "heroTalk": "TALK_HERO_MAIN",
      "questId": 2011,
      "prePerformCfg": ""
    },
    {
      "id": 201107,
      "beginWay": "TALK_BEGIN_MANUAL",
      "activeMode": "PLAY_MODE_SINGLE",
      "beginCond": [
        {
          "type": "QUEST_COND_STATE_EQUAL",
          "param": ["201107", "2"],
          "param_str": ""
        }
      ],
      "priority": 5,
      "initDialog": 20110701,
      "npcId": [1033],
      "performCfg": "QuestDialogue/AQ/Inazuma1_2011/Q201107",
      "heroTalk": "TALK_HERO_MAIN",
      "questId": 2011,
      "prePerformCfg": "",
      "lockGameTime": true
    }
  ]
}
