{
  "id": 2012,
  "titleTextMapHash": 3576818855,
  "descTextMapHash": 873253758,
  "luaPath": "Actor/Quest/AQ2012",
  "suggestTrackMainQuestList": [2013],
  "rewardIdList": [102012],
  "chapterId": 1202,
  "subQuests": [
    {
      "subId": 201201,
      "mainId": 2012,
      "order": 1,
      "descTextMapHash": 2909056260,
      "acceptCond": [
        {
          "type": "QUEST_COND_STATE_EQUAL",
          "param": [201107, 3],
          "param_str": ""
        }
      ],
      "finishCond": [
        {
          "type": "QUEST_CONTENT_COMPLETE_TALK",
          "param": [201201, 0],
          "param_str": ""
        }
      ],
      "failCond": [
        {
          "param": [],
          "param_str": ""
        }
      ],
      "guide": {
        "type": "QUEST_GUIDE_NPC",
        "param": ["3075"],
        "guideScene": 3,
        "guideStyle": "QUEST_GUIDE_STYLE_TARGET",
        "guideLayer": "QUEST_GUIDE_LAYER_SCENE"
      },
      "isRewind": true,
      "finishExec": [
        {
          "param": [],
          "param_str": ""
        }
      ],
      "failExec": [
        {
          "param": [],
          "param_str": ""
        }
      ],
      "beginExec": [
        {
          "param": [],
          "param_str": ""
        }
      ],
      "exclusiveNpcList": [1033, 3075],
      "exclusiveNpcPriority": 1000
    },
    {
      "subId": 201202,
      "mainId": 2012,
      "order": 2,
      "descTextMapHash": 1214434644,
      "acceptCond": [
        {
          "type": "QUEST_COND_STATE_EQUAL",
          "param": [201201, 3],
          "param_str": ""
        }
      ],
      "finishCond": [
        {
          "type": "QUEST_CONTENT_COMPLETE_TALK",
          "param": [201202, 0],
          "param_str": ""
        }
      ],
      "failCond": [
        {
          "param": [],
          "param_str": ""
        }
      ],
      "guide": {
        "type": "QUEST_GUIDE_NPC",
        "param": ["3089"],
        "guideScene": 3,
        "guideStyle": "QUEST_GUIDE_STYLE_TARGET",
        "guideLayer": "QUEST_GUIDE_LAYER_SCENE"
      },
      "isRewind": true,
      "finishExec": [
        {
          "param": [],
          "param_str": ""
        }
      ],
      "failExec": [
        {
          "param": [],
          "param_str": ""
        }
      ],
      "beginExec": [
        {
          "param": [],
          "param_str": ""
        }
      ],
      "exclusiveNpcList": [1033, 3089],
      "exclusiveNpcPriority": 1000
    },
    {
      "subId": 201203,
      "mainId": 2012,
      "order": 3,
      "descTextMapHash": 2745422484,
      "acceptCond": [
        {
          "type": "QUEST_COND_STATE_EQUAL",
          "param": [201202, 3],
          "param_str": ""
        }
      ],
      "finishCond": [
        {
          "type": "QUEST_CONTENT_COMPLETE_TALK",
          "param": [201203, 0],
          "param_str": ""
        }
      ],
      "failCond": [
        {
          "param": [],
          "param_str": ""
        }
      ],
      "guide": {
        "type": "QUEST_GUIDE_LOCATION",
        "param": ["Q2012Wgshanghui01", "20"],
        "guideScene": 3,
        "guideStyle": "QUEST_GUIDE_STYLE_TARGET",
        "guideLayer": "QUEST_GUIDE_LAYER_SCENE"
      },
      "isRewind": true,
      "finishExec": [
        {
          "param": [],
          "param_str": ""
        }
      ],
      "failExec": [
        {
          "param": [],
          "param_str": ""
        }
      ],
      "beginExec": [
        {
          "param": [],
          "param_str": ""
        }
      ],
      "exclusiveNpcList": [3084, 1033],
      "exclusiveNpcPriority": 1000
    },
    {
      "subId": 201204,
      "mainId": 2012,
      "order": 4,
      "descTextMapHash": 3202325620,
      "acceptCond": [
        {
          "type": "QUEST_COND_STATE_EQUAL",
          "param": [201203, 3],
          "param_str": ""
        }
      ],
      "finishCond": [
        {
          "type": "QUEST_CONTENT_COMPLETE_TALK",
          "param": [201204, 0],
          "param_str": ""
        }
      ],
      "failCond": [
        {
          "param": [],
          "param_str": ""
        }
      ],
      "guide": {
        "type": "QUEST_GUIDE_LOCATION",
        "param": ["Q2012Heishang01", "20"],
        "guideScene": 3,
        "guideStyle": "QUEST_GUIDE_STYLE_TARGET",
        "guideLayer": "QUEST_GUIDE_LAYER_SCENE"
      },
      "isRewind": true,
      "finishExec": [
        {
          "param": [],
          "param_str": ""
        }
      ],
      "failExec": [
        {
          "param": [],
          "param_str": ""
        }
      ],
      "beginExec": [
        {
          "type": "QUEST_EXEC_REGISTER_DYNAMIC_GROUP_ONLY",
          "param": ["133209030", "0"],
          "param_str": ""
        }
      ],
      "exclusiveNpcList": [12043, 1033, 3084],
      "exclusiveNpcPriority": 1000
    },
    {
      "subId": 201205,
      "mainId": 2012,
      "order": 5,
      "descTextMapHash": 108061868,
      "acceptCond": [
        {
          "type": "QUEST_COND_STATE_EQUAL",
          "param": [201204, 3],
          "param_str": ""
        }
      ],
      "finishCond": [
        {
          "type": "QUEST_CONTENT_COMPLETE_TALK",
          "param": [201205, 0],
          "param_str": ""
        }
      ],
      "failCond": [
        {
          "param": [],
          "param_str": ""
        }
      ],
      "guide": {
        "type": "QUEST_GUIDE_NPC",
        "param": ["1033"],
        "guideScene": 3,
        "guideStyle": "QUEST_GUIDE_STYLE_TARGET",
        "guideLayer": "QUEST_GUIDE_LAYER_SCENE"
      },
      "isRewind": true,
      "finishExec": [
        {
          "param": [],
          "param_str": ""
        }
      ],
      "failExec": [
        {
          "param": [],
          "param_str": ""
        }
      ],
      "beginExec": [
        {
          "type": "QUEST_EXEC_REGISTER_DYNAMIC_GROUP_ONLY",
          "param": ["133209030", "0"],
          "param_str": ""
        }
      ],
      "exclusiveNpcList": [1033, 12043],
      "exclusiveNpcPriority": 1000
    },
    {
      "subId": 201206,
      "mainId": 2012,
      "order": 6,
      "descTextMapHash": 1050646476,
      "acceptCond": [
        {
          "type": "QUEST_COND_STATE_EQUAL",
          "param": [201205, 3],
          "param_str": ""
        }
      ],
      "finishCond": [
        {
          "type": "QUEST_CONTENT_COMPLETE_TALK",
          "param": [201206, 0],
          "param_str": ""
        }
      ],
      "failCond": [
        {
          "param": [],
          "param_str": ""
        }
      ],
      "guide": {
        "type": "QUEST_GUIDE_NPC",
        "param": ["12043"],
        "guideScene": 3,
        "guideStyle": "QUEST_GUIDE_STYLE_TARGET",
        "guideLayer": "QUEST_GUIDE_LAYER_SCENE"
      },
      "isRewind": true,
      "finishExec": [
        {
          "param": [],
          "param_str": ""
        }
      ],
      "failExec": [
        {
          "param": [],
          "param_str": ""
        }
      ],
      "beginExec": [
        {
          "type": "QUEST_EXEC_REGISTER_DYNAMIC_GROUP_ONLY",
          "param": ["133209030", "0"],
          "param_str": ""
        },
        {
          "type": "QUEST_EXEC_ACTIVE_ITEM_GIVING",
          "param": ["201201", "0"],
          "param_str": ""
        }
      ],
      "exclusiveNpcList": [12043, 1033],
      "exclusiveNpcPriority": 1000
    },
    {
      "subId": 201207,
      "mainId": 2012,
      "order": 12,
      "isMpBlock": true,
      "descTextMapHash": 1108409828,
      "acceptCond": [
        {
          "type": "QUEST_COND_STATE_EQUAL",
          "param": [201212, 3],
          "param_str": ""
        }
      ],
      "finishCond": [
        {
          "type": "QUEST_CONTENT_FINISH_PLOT",
          "param": [201207, 0],
          "param_str": ""
        }
      ],
      "failCond": [
        {
          "type": "QUEST_CONTENT_NOT_FINISH_PLOT",
          "param": [201207, 0],
          "param_str": ""
        }
      ],
      "guide": {
        "type": "QUEST_GUIDE_NPC",
        "param": ["12051"],
        "guideScene": 3,
        "guideStyle": "QUEST_GUIDE_STYLE_TARGET",
        "guideLayer": "QUEST_GUIDE_LAYER_SCENE"
      },
      "showGuide": "QUEST_GUIDE_ITEM_DISABLE",
      "isRewind": true,
      "finishExec": [
        {
          "type": "QUEST_EXEC_UNLOCK_AVATAR_TEAM",
          "param": [0, 0],
          "param_str": ""
        }
      ],
      "failExec": [
        {
          "type": "QUEST_EXEC_ROLLBACK_QUEST",
          "param": ["201212", "0"],
          "param_str": ""
        },
        {
          "type": "QUEST_EXEC_UNLOCK_AVATAR_TEAM",
          "param": [0, 0],
          "param_str": ""
        }
      ],
      "beginExec": [
        {
          "type": "QUEST_EXEC_REGISTER_DYNAMIC_GROUP_ONLY",
          "param": ["133209025", "0"],
          "param_str": ""
        },
        {
          "type": "QUEST_EXEC_LOCK_AVATAR_TEAM",
          "param": ["0", "0"],
          "param_str": ""
        }
      ],
      "exclusiveNpcList": [12051, 3078],
      "exclusiveNpcPriority": 1000
    },
    {
      "subId": 201208,
      "mainId": 2012,
      "order": 14,
      "descTextMapHash": 1344041844,
      "acceptCond": [
        {
          "type": "QUEST_COND_STATE_EQUAL",
          "param": [201213, 3],
          "param_str": ""
        }
      ],
      "finishCond": [
        {
          "type": "QUEST_CONTENT_INTERACT_GADGET",
          "param": [71700283, 0],
          "param_str": ""
        }
      ],
      "failCond": [
        {
          "param": [],
          "param_str": ""
        }
      ],
      "guide": {
        "type": "QUEST_GUIDE_LOCATION",
        "param": ["Q2012ZhangbenPos"],
        "guideScene": 3,
        "guideStyle": "QUEST_GUIDE_STYLE_POINT",
        "guideLayer": "QUEST_GUIDE_LAYER_SCENE"
      },
      "isRewind": true,
      "finishExec": [
        {
          "param": [],
          "param_str": ""
        }
      ],
      "failExec": [
        {
          "param": [],
          "param_str": ""
        }
      ],
      "beginExec": [
        {
          "type": "QUEST_EXEC_REGISTER_DYNAMIC_GROUP_ONLY",
          "param": ["133209025", "0"],
          "param_str": ""
        }
      ],
      "exclusiveNpcList": [12043],
      "exclusiveNpcPriority": 1000
    },
    {
      "subId": 201209,
      "mainId": 2012,
      "order": 16,
      "descTextMapHash": 3575985324,
      "acceptCond": [
        {
          "type": "QUEST_COND_STATE_EQUAL",
          "param": [201214, 3],
          "param_str": ""
        }
      ],
      "finishCond": [
        {
          "type": "QUEST_CONTENT_COMPLETE_TALK",
          "param": [201209, 0],
          "param_str": ""
        }
      ],
      "failCond": [
        {
          "param": [],
          "param_str": ""
        }
      ],
      "guide": {
        "type": "QUEST_GUIDE_LOCATION",
        "param": ["Q2012Wgshanghui01", "20"],
        "guideScene": 3,
        "guideStyle": "QUEST_GUIDE_STYLE_TARGET",
        "guideLayer": "QUEST_GUIDE_LAYER_SCENE"
      },
      "isRewind": true,
      "finishExec": [
        {
          "param": [],
          "param_str": ""
        }
      ],
      "failExec": [
        {
          "param": [],
          "param_str": ""
        }
      ],
      "beginExec": [
        {
          "param": [],
          "param_str": ""
        }
      ],
      "exclusiveNpcList": [3084, 12044, 3083, 12045, 3097],
      "exclusiveNpcPriority": 1000
    },
    {
      "subId": 201210,
      "mainId": 2012,
      "order": 7,
      "descTextMapHash": 3877899484,
      "acceptCond": [
        {
          "type": "QUEST_COND_STATE_EQUAL",
          "param": [201206, 3],
          "param_str": ""
        }
      ],
      "finishCond": [
        {
          "type": "QUEST_CONTENT_FINISH_ITEM_GIVING",
          "param": [201201, 0],
          "param_str": ""
        }
      ],
      "failCond": [
        {
          "param": [],
          "param_str": ""
        }
      ],
      "guide": {
        "type": "QUEST_GUIDE_NPC",
        "param": ["12043"],
        "guideScene": 3,
        "guideStyle": "QUEST_GUIDE_STYLE_TARGET",
        "guideLayer": "QUEST_GUIDE_LAYER_SCENE"
      },
      "isRewind": true,
      "finishExec": [
        {
          "param": [],
          "param_str": ""
        }
      ],
      "failExec": [
        {
          "param": [],
          "param_str": ""
        }
      ],
      "beginExec": [
        {
          "type": "QUEST_EXEC_ACTIVE_ITEM_GIVING",
          "param": ["201201", "0"],
          "param_str": ""
        },
        {
          "type": "QUEST_EXEC_REGISTER_DYNAMIC_GROUP_ONLY",
          "param": ["133209030", "0"],
          "param_str": ""
        }
      ],
      "exclusiveNpcList": [12043],
      "exclusiveNpcPriority": 1000
    },
    {
      "subId": 201211,
      "mainId": 2012,
      "order": 8,
      "descTextMapHash": 1035541164,
      "acceptCond": [
        {
          "type": "QUEST_COND_STATE_EQUAL",
          "param": [201210, 3],
          "param_str": ""
        }
      ],
      "finishCond": [
        {
          "type": "QUEST_CONTENT_COMPLETE_TALK",
          "param": [201211, 0],
          "param_str": ""
        }
      ],
      "failCond": [
        {
          "param": [],
          "param_str": ""
        }
      ],
      "guide": {
        "type": "QUEST_GUIDE_NPC",
        "param": ["12043"],
        "guideScene": 3,
        "guideStyle": "QUEST_GUIDE_STYLE_TARGET",
        "guideLayer": "QUEST_GUIDE_LAYER_SCENE"
      },
      "isRewind": true,
      "finishExec": [
        {
          "param": [],
          "param_str": ""
        }
      ],
      "failExec": [
        {
          "param": [],
          "param_str": ""
        }
      ],
      "beginExec": [
        {
          "type": "QUEST_EXEC_REGISTER_DYNAMIC_GROUP_ONLY",
          "param": ["133209030", "0"],
          "param_str": ""
        },
        {
          "type": "QUEST_EXEC_ACTIVE_ITEM_GIVING",
          "param": ["201202", "0"],
          "param_str": ""
        }
      ],
      "exclusiveNpcList": [12043],
      "exclusiveNpcPriority": 1000
    },
    {
      "subId": 201212,
      "mainId": 2012,
      "order": 11,
      "isMpBlock": true,
      "descTextMapHash": 4209199108,
      "acceptCond": [
        {
          "type": "QUEST_COND_STATE_EQUAL",
          "param": [201217, 3],
          "param_str": ""
        }
      ],
      "finishCond": [
        {
          "type": "QUEST_CONTENT_COMPLETE_TALK",
          "param": [201212, 0],
          "param_str": ""
        }
      ],
      "failCond": [
        {
          "param": [],
          "param_str": ""
        }
      ],
      "guide": {
        "type": "QUEST_GUIDE_LOCATION",
        "param": ["Q2012Heishang03"],
        "guideScene": 3,
        "guideStyle": "QUEST_GUIDE_STYLE_POINT",
        "guideLayer": "QUEST_GUIDE_LAYER_SCENE"
      },
      "isRewind": true,
      "finishExec": [
        {
          "type": "QUEST_EXEC_UNREGISTER_DYNAMIC_GROUP",
          "param": ["133209030", "0"],
          "param_str": ""
        }
      ],
      "failExec": [
        {
          "param": [],
          "param_str": ""
        }
      ],
      "beginExec": [
        {
          "param": [],
          "param_str": ""
        }
      ],
      "exclusiveNpcList": [12043, 12044, 3078],
      "exclusiveNpcPriority": 1000
    },
    {
      "subId": 201213,
      "mainId": 2012,
      "order": 13,
      "descTextMapHash": 3222105644,
      "acceptCond": [
        {
          "type": "QUEST_COND_STATE_EQUAL",
          "param": [201207, 3],
          "param_str": ""
        }
      ],
      "finishCond": [
        {
          "type": "QUEST_CONTENT_COMPLETE_TALK",
          "param": [201213, 0],
          "param_str": ""
        }
      ],
      "failCond": [
        {
          "param": [],
          "param_str": ""
        }
      ],
      "guide": {
        "type": "QUEST_GUIDE_NPC",
        "param": ["12043"],
        "guideScene": 3,
        "guideStyle": "QUEST_GUIDE_STYLE_TARGET",
        "guideLayer": "QUEST_GUIDE_LAYER_SCENE"
      },
      "isRewind": true,
      "finishExec": [
        {
          "param": [],
          "param_str": ""
        }
      ],
      "failExec": [
        {
          "param": [],
          "param_str": ""
        }
      ],
      "beginExec": [
        {
          "type": "QUEST_EXEC_REGISTER_DYNAMIC_GROUP_ONLY",
          "param": ["133209025", "0"],
          "param_str": ""
        }
      ],
      "exclusiveNpcList": [12043, 12044],
      "exclusiveNpcPriority": 1000
    },
    {
      "subId": 201214,
      "mainId": 2012,
      "order": 15,
      "descTextMapHash": 2824197972,
      "acceptCond": [
        {
          "type": "QUEST_COND_STATE_EQUAL",
          "param": [201208, 3],
          "param_str": ""
        }
      ],
      "finishCond": [
        {
          "type": "QUEST_CONTENT_COMPLETE_TALK",
          "param": [201214, 0],
          "param_str": ""
        }
      ],
      "failCond": [
        {
          "param": [],
          "param_str": ""
        }
      ],
      "guide": {
        "type": "QUEST_GUIDE_NPC",
        "param": ["12043"],
        "guideScene": 3,
        "guideStyle": "QUEST_GUIDE_STYLE_TARGET",
        "guideLayer": "QUEST_GUIDE_LAYER_SCENE"
      },
      "isRewind": true,
      "finishExec": [
        {
          "type": "QUEST_EXEC_UNREGISTER_DYNAMIC_GROUP",
          "param": ["133209025", "1"],
          "param_str": ""
        }
      ],
      "failExec": [
        {
          "param": [],
          "param_str": ""
        }
      ],
      "beginExec": [
        {
          "type": "QUEST_EXEC_REGISTER_DYNAMIC_GROUP_ONLY",
          "param": ["133209025", "0"],
          "param_str": ""
        }
      ],
      "exclusiveNpcList": [12043],
      "exclusiveNpcPriority": 1000
    },
    {
      "subId": 201215,
      "mainId": 2012,
      "order": 17,
      "descTextMapHash": 127863052,
      "acceptCond": [
        {
          "type": "QUEST_COND_STATE_EQUAL",
          "param": [201209, 3],
          "param_str": ""
        }
      ],
      "finishCond": [
        {
          "type": "QUEST_CONTENT_COMPLETE_TALK",
          "param": [201215, 0],
          "param_str": ""
        }
      ],
      "failCond": [
        {
          "param": [],
          "param_str": ""
        }
      ],
      "guide": {
        "type": "QUEST_GUIDE_NPC",
        "param": ["1033"],
        "guideScene": 3,
        "guideStyle": "QUEST_GUIDE_STYLE_TARGET",
        "guideLayer": "QUEST_GUIDE_LAYER_SCENE"
      },
      "finishParent": true,
      "isRewind": true,
      "finishExec": [
        {
          "param": [],
          "param_str": ""
        }
      ],
      "failExec": [
        {
          "param": [],
          "param_str": ""
        }
      ],
      "beginExec": [
        {
          "param": [],
          "param_str": ""
        }
      ],
      "exclusiveNpcList": [1033, 3083, 3084, 3073, 3074, 3097],
      "exclusiveNpcPriority": 1000
    },
    {
      "subId": 201216,
      "mainId": 2012,
      "order": 9,
      "descTextMapHash": 2680590044,
      "acceptCond": [
        {
          "type": "QUEST_COND_STATE_EQUAL",
          "param": [201211, 3],
          "param_str": ""
        }
      ],
      "finishCond": [
        {
          "type": "QUEST_CONTENT_FINISH_ITEM_GIVING",
          "param": [201202, 0],
          "param_str": ""
        }
      ],
      "failCond": [
        {
          "param": [],
          "param_str": ""
        }
      ],
      "guide": {
        "type": "QUEST_GUIDE_NPC",
        "param": ["12043"],
        "guideScene": 3,
        "guideStyle": "QUEST_GUIDE_STYLE_TARGET",
        "guideLayer": "QUEST_GUIDE_LAYER_SCENE"
      },
      "isRewind": true,
      "finishExec": [
        {
          "param": [],
          "param_str": ""
        }
      ],
      "failExec": [
        {
          "param": [],
          "param_str": ""
        }
      ],
      "beginExec": [
        {
          "type": "QUEST_EXEC_ACTIVE_ITEM_GIVING",
          "param": ["201202", "0"],
          "param_str": ""
        },
        {
          "type": "QUEST_EXEC_REGISTER_DYNAMIC_GROUP_ONLY",
          "param": ["133209030", "0"],
          "param_str": ""
        }
      ],
      "exclusiveNpcList": [12043],
      "exclusiveNpcPriority": 1000
    },
    {
      "subId": 201217,
      "mainId": 2012,
      "order": 10,
      "descTextMapHash": 3016864852,
      "acceptCond": [
        {
          "type": "QUEST_COND_STATE_EQUAL",
          "param": [201216, 3],
          "param_str": ""
        }
      ],
      "finishCond": [
        {
          "type": "QUEST_CONTENT_COMPLETE_TALK",
          "param": [201217, 0],
          "param_str": ""
        }
      ],
      "failCond": [
        {
          "param": [],
          "param_str": ""
        }
      ],
      "guide": {
        "type": "QUEST_GUIDE_NPC",
        "param": ["12043"],
        "guideScene": 3,
        "guideStyle": "QUEST_GUIDE_STYLE_TARGET",
        "guideLayer": "QUEST_GUIDE_LAYER_SCENE"
      },
      "isRewind": true,
      "finishExec": [
        {
          "param": [],
          "param_str": ""
        }
      ],
      "failExec": [
        {
          "param": [],
          "param_str": ""
        }
      ],
      "beginExec": [
        {
          "type": "QUEST_EXEC_REGISTER_DYNAMIC_GROUP_ONLY",
          "param": ["133209030", "0"],
          "param_str": ""
        }
      ],
      "exclusiveNpcList": [12043],
      "exclusiveNpcPriority": 1000
    }
  ],
  "talks": [
    {
      "id": 201201,
      "beginWay": "TALK_BEGIN_MANUAL",
      "activeMode": "PLAY_MODE_SINGLE",
      "beginCond": [
        {
          "type": "QUEST_COND_STATE_EQUAL",
          "param": ["201201", "2"],
          "param_str": ""
        }
      ],
      "priority": 5,
      "initDialog": 20120101,
      "npcId": [3075],
      "performCfg": "QuestDialogue/AQ/Inazuma1_2012/Q201201",
      "heroTalk": "TALK_HERO_MAIN",
      "questId": 2012,
      "prePerformCfg": ""
    },
    {
      "id": 201202,
      "beginWay": "TALK_BEGIN_MANUAL",
      "activeMode": "PLAY_MODE_SINGLE",
      "beginCond": [
        {
          "type": "QUEST_COND_STATE_EQUAL",
          "param": ["201202", "2"],
          "param_str": ""
        }
      ],
      "priority": 5,
      "initDialog": 20120201,
      "npcId": [3089],
      "performCfg": "QuestDialogue/AQ/Inazuma1_2012/Q201202",
      "heroTalk": "TALK_HERO_MAIN",
      "questId": 2012,
      "prePerformCfg": ""
    },
    {
      "id": 201203,
      "beginWay": "TALK_BEGIN_MANUAL",
      "activeMode": "PLAY_MODE_SINGLE",
      "beginCond": [
        {
          "type": "QUEST_COND_STATE_EQUAL",
          "param": ["201203", "2"],
          "param_str": ""
        }
      ],
      "priority": 5,
      "initDialog": 20120301,
      "npcId": [3084],
      "performCfg": "QuestDialogue/AQ/Inazuma1_2012/Q201203",
      "heroTalk": "TALK_HERO_MAIN",
      "questId": 2012,
      "prePerformCfg": ""
    },
    {
      "id": 201204,
      "beginWay": "TALK_BEGIN_MANUAL",
      "activeMode": "PLAY_MODE_SINGLE",
      "beginCond": [
        {
          "type": "QUEST_COND_STATE_EQUAL",
          "param": ["201204", "2"],
          "param_str": ""
        }
      ],
      "priority": 5,
      "initDialog": 20120401,
      "npcId": [12043],
      "performCfg": "QuestDialogue/AQ/Inazuma1_2012/Q201204",
      "heroTalk": "TALK_HERO_MAIN",
      "questId": 2012,
      "prePerformCfg": "",
      "enableCameraDisplacement": true
    },
    {
      "id": 201205,
      "beginWay": "TALK_BEGIN_MANUAL",
      "activeMode": "PLAY_MODE_SINGLE",
      "beginCond": [
        {
          "type": "QUEST_COND_STATE_EQUAL",
          "param": ["201205", "2"],
          "param_str": ""
        }
      ],
      "priority": 5,
      "initDialog": 20120501,
      "npcId": [1033],
      "performCfg": "QuestDialogue/AQ/Inazuma1_2012/Q201205",
      "heroTalk": "TALK_HERO_MAIN",
      "questId": 2012,
      "prePerformCfg": ""
    },
    {
      "id": 201206,
      "beginWay": "TALK_BEGIN_MANUAL",
      "activeMode": "PLAY_MODE_SINGLE",
      "beginCond": [
        {
          "type": "QUEST_COND_STATE_EQUAL",
          "param": ["201206", "2"],
          "param_str": ""
        }
      ],
      "priority": 5,
      "nextTalks": [201210],
      "initDialog": 20120601,
      "npcId": [12043],
      "performCfg": "QuestDialogue/AQ/Inazuma1_2012/Q201206",
      "heroTalk": "TALK_HERO_MAIN",
      "questId": 2012,
      "prePerformCfg": ""
    },
    {
      "id": 201209,
      "beginWay": "TALK_BEGIN_MANUAL",
      "activeMode": "PLAY_MODE_SINGLE",
      "beginCond": [
        {
          "type": "QUEST_COND_STATE_EQUAL",
          "param": ["201209", "2"],
          "param_str": ""
        }
      ],
      "priority": 5,
      "initDialog": 20120901,
      "npcId": [12044],
      "performCfg": "QuestDialogue/AQ/Inazuma1_2012/Q201209",
      "heroTalk": "TALK_HERO_MAIN",
      "questId": 2012,
      "prePerformCfg": ""
    },
    {
      "id": 201210,
      "beginWay": "TALK_BEGIN_MANUAL",
      "activeMode": "PLAY_MODE_SINGLE",
      "beginCondComb": "LOGIC_AND",
      "beginCond": [
        {
          "type": "QUEST_COND_STATE_EQUAL",
          "param": ["201210", "2"],
          "param_str": ""
        },
        {
          "type": "QUEST_COND_ITEM_GIVING_ACTIVED",
          "param": ["201201", "0"],
          "param_str": ""
        }
      ],
      "priority": 5,
      "initDialog": 20121001,
      "npcId": [12043],
      "performCfg": "QuestDialogue/AQ/Inazuma1_2012/Q201210",
      "heroTalk": "TALK_HERO_MAIN",
      "questId": 2012,
      "prePerformCfg": ""
    },
    {
      "id": 201211,
      "beginWay": "TALK_BEGIN_AUTO",
      "activeMode": "PLAY_MODE_SINGLE",
      "beginCond": [
        {
          "type": "QUEST_COND_STATE_EQUAL",
          "param": ["201211", "2"],
          "param_str": ""
        }
      ],
      "priority": 5,
      "nextTalks": [201216],
      "initDialog": 20120609,
      "npcId": [12043],
      "performCfg": "QuestDialogue/AQ/Inazuma1_2012/Q201211",
      "heroTalk": "TALK_HERO_MAIN",
      "questId": 2012,
      "prePerformCfg": ""
    },
    {
      "id": 201212,
      "beginWay": "TALK_BEGIN_MANUAL",
      "activeMode": "PLAY_MODE_SINGLE",
      "beginCond": [
        {
          "type": "QUEST_COND_STATE_EQUAL",
          "param": ["201212", "2"],
          "param_str": ""
        }
      ],
      "priority": 5,
      "initDialog": 20121201,
      "npcId": [12043],
      "performCfg": "QuestDialogue/AQ/Inazuma1_2012/Q201212",
      "heroTalk": "TALK_HERO_MAIN",
      "questId": 2012,
      "prePerformCfg": ""
    },
    {
      "id": 201213,
      "beginWay": "TALK_BEGIN_MANUAL",
      "activeMode": "PLAY_MODE_SINGLE",
      "beginCond": [
        {
          "type": "QUEST_COND_STATE_EQUAL",
          "param": ["201213", "2"],
          "param_str": ""
        }
      ],
      "priority": 5,
      "initDialog": 20121301,
      "npcId": [12043],
      "performCfg": "QuestDialogue/AQ/Inazuma1_2012/Q201213",
      "heroTalk": "TALK_HERO_MAIN",
      "questId": 2012,
      "prePerformCfg": ""
    },
    {
      "id": 201214,
      "beginWay": "TALK_BEGIN_MANUAL",
      "activeMode": "PLAY_MODE_SINGLE",
      "beginCond": [
        {
          "type": "QUEST_COND_STATE_EQUAL",
          "param": ["201214", "2"],
          "param_str": ""
        }
      ],
      "priority": 5,
      "initDialog": 20121401,
      "npcId": [12043],
      "performCfg": "QuestDialogue/AQ/Inazuma1_2012/Q201214",
      "heroTalk": "TALK_HERO_MAIN",
      "questId": 2012,
      "prePerformCfg": ""
    },
    {
      "id": 201215,
      "beginWay": "TALK_BEGIN_MANUAL",
      "activeMode": "PLAY_MODE_SINGLE",
      "beginCond": [
        {
          "type": "QUEST_COND_STATE_EQUAL",
          "param": ["201215", "2"],
          "param_str": ""
        }
      ],
      "priority": 5,
      "initDialog": 20121501,
      "npcId": [1033],
      "performCfg": "QuestDialogue/AQ/Inazuma1_2012/Q201215",
      "heroTalk": "TALK_HERO_MAIN",
      "questId": 2012,
      "prePerformCfg": ""
    },
    {
      "id": 201216,
      "beginWay": "TALK_BEGIN_MANUAL",
      "activeMode": "PLAY_MODE_SINGLE",
      "beginCondComb": "LOGIC_AND",
      "beginCond": [
        {
          "type": "QUEST_COND_STATE_EQUAL",
          "param": ["201216", "2"],
          "param_str": ""
        },
        {
          "type": "QUEST_COND_ITEM_GIVING_ACTIVED",
          "param": ["201202", "0"],
          "param_str": ""
        }
      ],
      "priority": 5,
      "initDialog": 20121601,
      "npcId": [12043],
      "performCfg": "QuestDialogue/AQ/Inazuma1_2012/Q201216",
      "heroTalk": "TALK_HERO_MAIN",
      "questId": 2012,
      "prePerformCfg": ""
    },
    {
      "id": 201217,
      "beginWay": "TALK_BEGIN_AUTO",
      "activeMode": "PLAY_MODE_SINGLE",
      "beginCond": [
        {
          "type": "QUEST_COND_STATE_EQUAL",
          "param": ["201217", "2"],
          "param_str": ""
        }
      ],
      "priority": 5,
      "initDialog": 20120629,
      "npcId": [12043],
      "performCfg": "QuestDialogue/AQ/Inazuma1_2012/Q201217",
      "heroTalk": "TALK_HERO_MAIN",
      "questId": 2012,
      "prePerformCfg": ""
    },
    {
      "id": 201291,
      "beginWay": "TALK_BEGIN_MANUAL",
      "activeMode": "PLAY_MODE_SINGLE",
      "beginCondComb": "LOGIC_OR",
      "beginCond": [
        {
          "type": "QUEST_COND_STATE_EQUAL",
          "param": ["201203", "2"],
          "param_str": ""
        },
        {
          "type": "QUEST_COND_STATE_EQUAL",
          "param": ["201204", "2"],
          "param_str": ""
        }
      ],
      "priority": 5,
      "initDialog": 20129101,
      "npcId": [1033],
      "performCfg": "QuestDialogue/AQ/Inazuma1_2012/Q201291",
      "heroTalk": "TALK_HERO_MAIN",
      "questId": 2012,
      "prePerformCfg": ""
    },
    {
      "id": 201292,
      "beginWay": "TALK_BEGIN_MANUAL",
      "activeMode": "PLAY_MODE_SINGLE",
      "beginCond": [
        {
          "type": "QUEST_COND_STATE_EQUAL",
          "param": ["201204", "2"],
          "param_str": ""
        }
      ],
      "priority": 5,
      "initDialog": 20129201,
      "npcId": [3084],
      "performCfg": "QuestDialogue/AQ/Inazuma1_2012/Q201292",
      "heroTalk": "TALK_HERO_MAIN",
      "questId": 2012,
      "prePerformCfg": ""
    },
    {
      "id": 201293,
      "beginWay": "TALK_BEGIN_MANUAL",
      "activeMode": "PLAY_MODE_SINGLE",
      "beginCond": [
        {
          "type": "QUEST_COND_STATE_EQUAL",
          "param": ["201206", "2"],
          "param_str": ""
        }
      ],
      "priority": 5,
      "initDialog": 20129301,
      "npcId": [1033],
      "performCfg": "QuestDialogue/AQ/Inazuma1_2012/Q201293",
      "heroTalk": "TALK_HERO_MAIN",
      "questId": 2012,
      "prePerformCfg": ""
    },
    {
      "id": 201294,
      "beginWay": "TALK_BEGIN_MANUAL",
      "activeMode": "PLAY_MODE_SINGLE",
      "beginCond": [
        {
          "type": "QUEST_COND_STATE_EQUAL",
          "param": ["201205", "2"],
          "param_str": ""
        }
      ],
      "priority": 5,
      "initDialog": 20129401,
      "npcId": [12043],
      "performCfg": "QuestDialogue/AQ/Inazuma1_2012/Q201294",
      "heroTalk": "TALK_HERO_MAIN",
      "questId": 2012,
      "prePerformCfg": ""
    },
    {
      "id": 201295,
      "beginWay": "TALK_BEGIN_MANUAL",
      "activeMode": "PLAY_MODE_SINGLE",
      "beginCond": [
        {
          "type": "QUEST_COND_STATE_EQUAL",
          "param": ["201215", "2"],
          "param_str": ""
        }
      ],
      "priority": 5,
      "initDialog": 20129501,
      "npcId": [3083],
      "performCfg": "QuestDialogue/AQ/Inazuma1_2012/Q201295",
      "heroTalk": "TALK_HERO_MAIN",
      "questId": 2012,
      "prePerformCfg": ""
    },
    {
      "id": 201296,
      "beginWay": "TALK_BEGIN_MANUAL",
      "activeMode": "PLAY_MODE_SINGLE",
      "beginCond": [
        {
          "type": "QUEST_COND_STATE_EQUAL",
          "param": ["201215", "2"],
          "param_str": ""
        }
      ],
      "priority": 5,
      "initDialog": 20129601,
      "npcId": [3084],
      "performCfg": "QuestDialogue/AQ/Inazuma1_2012/Q201296",
      "heroTalk": "TALK_HERO_MAIN",
      "questId": 2012,
      "prePerformCfg": ""
    }
  ]
}
