{
  "id": 2013,
  "titleTextMapHash": 1388933119,
  "descTextMapHash": 2476400902,
  "luaPath": "Actor/Quest/AQ2013",
  "suggestTrackMainQuestList": [2003],
  "rewardIdList": [102013],
  "chapterId": 1202,
  "subQuests": [
    {
      "subId": 201301,
      "mainId": 2013,
      "order": 1,
      "descTextMapHash": 1786725396,
      "acceptCond": [
        {
          "type": "QUEST_COND_STATE_EQUAL",
          "param": [201215, 3],
          "param_str": ""
        }
      ],
      "finishCond": [
        {
          "type": "QUEST_CONTENT_COMPLETE_TALK",
          "param": [201301, 0],
          "param_str": ""
        }
      ],
      "failCond": [
        {
          "param": [],
          "param_str": ""
        }
      ],
      "guide": {
        "type": "QUEST_GUIDE_LOCATION",
        "param": ["Q2013Guard01", "20"],
        "guideScene": 3,
        "guideStyle": "QUEST_GUIDE_STYLE_TARGET",
        "guideLayer": "QUEST_GUIDE_LAYER_SCENE"
      },
      "isRewind": true,
      "finishExec": [
        {
          "param": [],
          "param_str": ""
        }
      ],
      "failExec": [
        {
          "param": [],
          "param_str": ""
        }
      ],
      "beginExec": [
        {
          "param": [],
          "param_str": ""
        }
      ],
      "exclusiveNpcList": [3069, 3073, 3074],
      "exclusiveNpcPriority": 1000
    },
    {
      "subId": 201302,
      "mainId": 2013,
      "order": 3,
      "descTextMapHash": 1743099124,
      "acceptCond": [
        {
          "type": "QUEST_COND_STATE_EQUAL",
          "param": [201311, 3],
          "param_str": ""
        }
      ],
      "finishCond": [
        {
          "type": "QUEST_CONTENT_COMPLETE_TALK",
          "param": [201302, 0],
          "param_str": ""
        }
      ],
      "failCond": [
        {
          "param": [],
          "param_str": ""
        }
      ],
      "guide": {
        "type": "QUEST_GUIDE_NPC",
        "param": ["3085"],
        "guideScene": 3,
        "guideStyle": "QUEST_GUIDE_STYLE_TARGET",
        "guideLayer": "QUEST_GUIDE_LAYER_SCENE"
      },
      "isRewind": true,
      "finishExec": [
        {
          "param": [],
          "param_str": ""
        }
      ],
      "failExec": [
        {
          "param": [],
          "param_str": ""
        }
      ],
      "beginExec": [
        {
          "param": [],
          "param_str": ""
        }
      ],
      "exclusiveNpcList": [3085, 3086],
      "exclusiveNpcPriority": 1000
    },
    {
      "subId": 201303,
      "mainId": 2013,
      "order": 4,
      "descTextMapHash": 3468278908,
      "acceptCond": [
        {
          "type": "QUEST_COND_STATE_EQUAL",
          "param": [201302, 3],
          "param_str": ""
        }
      ],
      "finishCond": [
        {
          "type": "QUEST_CONTENT_FINISH_PLOT",
          "param": [201303, 0],
          "param_str": ""
        }
      ],
      "failCond": [
        {
          "param": [],
          "param_str": ""
        }
      ],
      "guide": {
        "type": "QUEST_GUIDE_LOCATION",
        "param": ["Q2013Puren01"],
        "guideScene": 3,
        "guideStyle": "QUEST_GUIDE_STYLE_POINT",
        "guideLayer": "QUEST_GUIDE_LAYER_SCENE"
      },
      "isRewind": true,
      "finishExec": [
        {
          "param": [],
          "param_str": ""
        }
      ],
      "failExec": [
        {
          "param": [],
          "param_str": ""
        }
      ],
      "beginExec": [
        {
          "param": [],
          "param_str": ""
        }
      ],
      "exclusiveNpcList": [3016, 3086],
      "exclusiveNpcPriority": 1000
    },
    {
      "subId": 201304,
      "mainId": 2013,
      "order": 5,
      "descTextMapHash": 789119236,
      "acceptCond": [
        {
          "type": "QUEST_COND_STATE_EQUAL",
          "param": [201303, 3],
          "param_str": ""
        }
      ],
      "finishCond": [
        {
          "type": "QUEST_CONTENT_COMPLETE_TALK",
          "param": [201304, 0],
          "param_str": ""
        }
      ],
      "failCond": [
        {
          "param": [],
          "param_str": ""
        }
      ],
      "guide": {
        "type": "QUEST_GUIDE_NPC",
        "param": ["3016"],
        "guideScene": 3,
        "guideStyle": "QUEST_GUIDE_STYLE_TARGET",
        "guideLayer": "QUEST_GUIDE_LAYER_SCENE"
      },
      "finishExec": [
        {
          "param": [],
          "param_str": ""
        }
      ],
      "failExec": [
        {
          "param": [],
          "param_str": ""
        }
      ],
      "beginExec": [
        {
          "param": [],
          "param_str": ""
        }
      ],
      "exclusiveNpcList": [3016, 3086],
      "exclusiveNpcPriority": 1000
    },
    {
      "subId": 201305,
      "mainId": 2013,
      "order": 6,
      "descTextMapHash": 312395772,
      "showType": "QUEST_HIDDEN",
      "acceptCond": [
        {
          "type": "QUEST_COND_STATE_EQUAL",
          "param": [99902, 3],
          "param_str": ""
        }
      ],
      "finishCond": [
        {
          "type": "QUEST_CONTENT_GAME_TIME_TICK",
          "param": [0, 0],
          "param_str": "0,24"
        }
      ],
      "failCond": [
        {
          "param": [],
          "param_str": ""
        }
      ],
      "guide": {},
      "isRewind": true,
      "finishExec": [
        {
          "param": [],
          "param_str": ""
        }
      ],
      "failExec": [
        {
          "param": [],
          "param_str": ""
        }
      ],
      "beginExec": [
        {
          "param": [],
          "param_str": ""
        }
      ],
      "exclusiveNpcList": [3086],
      "exclusiveNpcPriority": 1000
    },
    {
      "subId": 201306,
      "mainId": 2013,
      "order": 7,
      "descTextMapHash": 2557114524,
      "acceptCond": [
        {
          "type": "QUEST_COND_STATE_EQUAL",
          "param": [201304, 3],
          "param_str": ""
        }
      ],
      "finishCond": [
        {
          "type": "QUEST_CONTENT_GAME_TIME_TICK",
          "param": [0, 0],
          "param_str": "18,24"
        }
      ],
      "failCond": [
        {
          "param": [],
          "param_str": ""
        }
      ],
      "guide": {},
      "isRewind": true,
      "finishExec": [
        {
          "param": [],
          "param_str": ""
        }
      ],
      "failExec": [
        {
          "param": [],
          "param_str": ""
        }
      ],
      "beginExec": [
        {
          "param": [],
          "param_str": ""
        }
      ],
      "exclusiveNpcList": [3086],
      "exclusiveNpcPriority": 1000
    },
    {
      "subId": 201307,
      "mainId": 2013,
      "order": 8,
      "descTextMapHash": 1153198380,
      "acceptCond": [
        {
          "type": "QUEST_COND_STATE_EQUAL",
          "param": [201306, 3],
          "param_str": ""
        }
      ],
      "finishCond": [
        {
          "type": "QUEST_CONTENT_COMPLETE_TALK",
          "param": [201307, 0],
          "param_str": ""
        }
      ],
      "failCond": [
        {
          "type": "QUEST_CONTENT_GAME_TIME_TICK",
          "param": [0, 0],
          "param_str": "0,18"
        }
      ],
      "guide": {
        "type": "QUEST_GUIDE_LOCATION",
        "param": ["Q2013Qianli01", "15"],
        "guideScene": 3,
        "guideStyle": "QUEST_GUIDE_STYLE_TARGET",
        "guideLayer": "QUEST_GUIDE_LAYER_SCENE"
      },
      "isRewind": true,
      "finishExec": [
        {
          "param": [],
          "param_str": ""
        }
      ],
      "failExec": [
        {
          "type": "QUEST_EXEC_ROLLBACK_QUEST",
          "param": ["201306", "0"],
          "param_str": ""
        }
      ],
      "beginExec": [
        {
          "param": [],
          "param_str": ""
        }
      ],
      "exclusiveNpcList": [3086],
      "exclusiveNpcPriority": 1000
    },
    {
      "subId": 201308,
      "mainId": 2013,
      "order": 9,
      "isMpBlock": true,
      "descTextMapHash": 702384804,
      "acceptCond": [
        {
          "type": "QUEST_COND_STATE_EQUAL",
          "param": [201307, 3],
          "param_str": ""
        }
      ],
      "finishCond": [
        {
          "type": "QUEST_CONTENT_COMPLETE_TALK",
          "param": [201308, 0],
          "param_str": ""
        }
      ],
      "failCond": [
        {
          "param": [],
          "param_str": ""
        }
      ],
      "guide": {
        "type": "QUEST_GUIDE_LOCATION",
        "param": ["Q2013Guard01", "15"],
        "guideScene": 3,
        "guideStyle": "QUEST_GUIDE_STYLE_TARGET",
        "guideLayer": "QUEST_GUIDE_LAYER_SCENE"
      },
      "isRewind": true,
      "finishExec": [
        {
          "type": "QUEST_EXEC_UNREGISTER_DYNAMIC_GROUP",
          "param": ["133209037", "0"],
          "param_str": ""
        }
      ],
      "failExec": [
        {
          "param": [],
          "param_str": ""
        }
      ],
      "beginExec": [
        {
          "type": "QUEST_EXEC_REGISTER_DYNAMIC_GROUP_ONLY",
          "param": ["133209037", "0"],
          "param_str": ""
        }
      ],
      "exclusiveNpcList": [3086, 3016, 12054],
      "exclusiveNpcPriority": 1000
    },
    {
      "subId": 201309,
      "mainId": 2013,
      "order": 10,
      "isMpBlock": true,
      "descTextMapHash": 1126796300,
      "acceptCond": [
        {
          "type": "QUEST_COND_STATE_EQUAL",
          "param": [201308, 3],
          "param_str": ""
        }
      ],
      "finishCond": [
        {
          "type": "QUEST_CONTENT_LUA_NOTIFY",
          "param": [0, 0],
          "param_str": "133209024",
          "count": 1
        }
      ],
      "failCondComb": "LOGIC_OR",
      "failCond": [
        {
          "type": "QUEST_CONTENT_NOT_FINISH_PLOT",
          "param": [201309, 0],
          "param_str": ""
        },
        {
          "type": "QUEST_CONTENT_LUA_NOTIFY",
          "param": [0, 0],
          "param_str": "13320902401",
          "count": 1
        },
        {
          "type": "QUEST_CONTENT_TEAM_DEAD",
          "param": [0, 0],
          "param_str": ""
        }
      ],
      "guide": {
        "type": "QUEST_GUIDE_GADGET",
        "autoGuide": "QUEST_GUIDE_AUTO_ENABLE",
        "param": ["133209024", "24004", "-2560:208:-3889"],
        "guideScene": 3,
        "guideStyle": "QUEST_GUIDE_STYLE_TARGET",
        "guideLayer": "QUEST_GUIDE_LAYER_UI"
      },
      "isRewind": true,
      "finishExec": [
        {
          "param": [],
          "param_str": ""
        }
      ],
      "failExec": [
        {
          "param": [],
          "param_str": ""
        }
      ],
      "beginExec": [
        {
          "type": "QUEST_EXEC_REGISTER_DYNAMIC_GROUP",
          "param": ["3", "133209024"],
          "param_str": ""
        }
      ],
      "exclusiveNpcList": [3086, 3016, 12054],
      "exclusiveNpcPriority": 1000
    },
    {
      "subId": 201310,
      "mainId": 2013,
      "order": 12,
      "isMpBlock": true,
      "descTextMapHash": 2451095932,
      "acceptCond": [
        {
          "type": "QUEST_COND_STATE_EQUAL",
          "param": [201309, 3],
          "param_str": ""
        }
      ],
      "finishCond": [
        {
          "type": "QUEST_CONTENT_COMPLETE_TALK",
          "param": [201310, 0],
          "param_str": ""
        }
      ],
      "failCond": [
        {
          "param": [],
          "param_str": ""
        }
      ],
      "guide": {
        "type": "QUEST_GUIDE_LOCATION",
        "param": ["Q2013Stop01"],
        "guideScene": 3,
        "guideStyle": "QUEST_GUIDE_STYLE_POINT",
        "guideLayer": "QUEST_GUIDE_LAYER_SCENE"
      },
      "finishParent": true,
      "isRewind": true,
      "finishExec": [
        {
          "type": "QUEST_EXEC_UNREGISTER_DYNAMIC_GROUP",
          "param": ["133209024", "0"],
          "param_str": ""
        },
        {
          "type": "QUEST_EXEC_NOTIFY_GROUP_LUA",
          "param": ["3", "133220200"],
          "param_str": ""
        }
      ],
      "failExec": [
        {
          "param": [],
          "param_str": ""
        }
      ],
      "beginExec": [
        {
          "param": [],
          "param_str": ""
        }
      ],
      "exclusiveNpcList": [3086, 3016, 12054],
      "exclusiveNpcPriority": 1000
    },
    {
      "subId": 201311,
      "mainId": 2013,
      "order": 2,
      "descTextMapHash": 3533877508,
      "acceptCond": [
        {
          "type": "QUEST_COND_STATE_EQUAL",
          "param": [201301, 3],
          "param_str": ""
        }
      ],
      "finishCond": [
        {
          "type": "QUEST_CONTENT_COMPLETE_TALK",
          "param": [201311, 0],
          "param_str": ""
        }
      ],
      "failCond": [
        {
          "param": [],
          "param_str": ""
        }
      ],
      "guide": {
        "type": "QUEST_GUIDE_LOCATION",
        "param": ["Q2013Gate01", "15"],
        "guideScene": 3,
        "guideStyle": "QUEST_GUIDE_STYLE_POINT",
        "guideLayer": "QUEST_GUIDE_LAYER_SCENE"
      },
      "isRewind": true,
      "finishExec": [
        {
          "param": [],
          "param_str": ""
        }
      ],
      "failExec": [
        {
          "param": [],
          "param_str": ""
        }
      ],
      "beginExec": [
        {
          "param": [],
          "param_str": ""
        }
      ],
      "exclusiveNpcList": [3085, 3093, 3086],
      "exclusiveNpcPriority": 1000
    },
    {
      "subId": 201312,
      "mainId": 2013,
      "order": 11,
      "isMpBlock": true,
      "descTextMapHash": 3016999076,
      "showType": "QUEST_HIDDEN",
      "acceptCond": [
        {
          "type": "QUEST_COND_STATE_EQUAL",
          "param": [201309, 4],
          "param_str": ""
        }
      ],
      "finishCond": [
        {
          "type": "QUEST_CONTENT_FINISH_PLOT",
          "param": [201312, 0],
          "param_str": ""
        }
      ],
      "failCond": [
        {
          "param": [],
          "param_str": ""
        }
      ],
      "guide": {},
      "failParentShow": "QUEST_HIDDEN",
      "isRewind": true,
      "finishExec": [
        {
          "type": "QUEST_EXEC_UNREGISTER_DYNAMIC_GROUP",
          "param": ["133209024", "0"],
          "param_str": ""
        },
        {
          "type": "QUEST_EXEC_ROLLBACK_QUEST",
          "param": ["201308", "0"],
          "param_str": ""
        }
      ],
      "failExec": [
        {
          "param": [],
          "param_str": ""
        }
      ],
      "beginExec": [
        {
          "param": [],
          "param_str": ""
        }
      ],
      "exclusiveNpcList": [3086, 3016, 12054],
      "exclusiveNpcPriority": 1000
    }
  ],
  "talks": [
    {
      "id": 201301,
      "beginWay": "TALK_BEGIN_MANUAL",
      "activeMode": "PLAY_MODE_SINGLE",
      "beginCond": [
        {
          "type": "QUEST_COND_STATE_EQUAL",
          "param": ["201301", "2"],
          "param_str": ""
        }
      ],
      "priority": 5,
      "initDialog": 20130101,
      "npcId": [3069, 1005],
      "performCfg": "QuestDialogue/AQ/Inazuma1_2013/Q201301",
      "heroTalk": "TALK_HERO_MAIN",
      "questId": 2013,
      "prePerformCfg": ""
    },
    {
      "id": 201302,
      "beginWay": "TALK_BEGIN_MANUAL",
      "activeMode": "PLAY_MODE_SINGLE",
      "beginCond": [
        {
          "type": "QUEST_COND_STATE_EQUAL",
          "param": ["201302", "2"],
          "param_str": ""
        }
      ],
      "priority": 5,
      "initDialog": 20130201,
      "npcId": [3085, 1005],
      "performCfg": "QuestDialogue/AQ/Inazuma1_2013/Q201302",
      "heroTalk": "TALK_HERO_MAIN",
      "questId": 2013,
      "prePerformCfg": ""
    },
    {
      "id": 201304,
      "beginWay": "TALK_BEGIN_MANUAL",
      "activeMode": "PLAY_MODE_SINGLE",
      "beginCond": [
        {
          "type": "QUEST_COND_STATE_EQUAL",
          "param": ["201304", "2"],
          "param_str": ""
        }
      ],
      "priority": 5,
      "initDialog": 20130401,
      "npcId": [3016],
      "performCfg": "QuestDialogue/AQ/Inazuma1_2013/Q201304",
      "heroTalk": "TALK_HERO_MAIN",
      "questId": 2013,
      "prePerformCfg": ""
    },
    {
      "id": 201307,
      "beginWay": "TALK_BEGIN_MANUAL",
      "activeMode": "PLAY_MODE_SINGLE",
      "beginCond": [
        {
          "type": "QUEST_COND_STATE_EQUAL",
          "param": ["201307", "2"],
          "param_str": ""
        }
      ],
      "priority": 5,
      "initDialog": 20130701,
      "npcId": [3086, 1005],
      "performCfg": "QuestDialogue/AQ/Inazuma1_2013/Q201307",
      "heroTalk": "TALK_HERO_MAIN",
      "questId": 2013,
      "prePerformCfg": "",
      "lockGameTime": true
    },
    {
      "id": 201308,
      "beginWay": "TALK_BEGIN_MANUAL",
      "activeMode": "PLAY_MODE_SINGLE",
      "beginCond": [
        {
          "type": "QUEST_COND_STATE_EQUAL",
          "param": ["201308", "2"],
          "param_str": ""
        }
      ],
      "priority": 5,
      "initDialog": 20130801,
      "npcId": [3086, 3016],
      "performCfg": "QuestDialogue/AQ/Inazuma1_2013/Q201308",
      "heroTalk": "TALK_HERO_MAIN",
      "questId": 2013,
      "prePerformCfg": "",
      "enableCameraDisplacement": true
    },
    {
      "id": 201310,
      "beginWay": "TALK_BEGIN_MANUAL",
      "activeMode": "PLAY_MODE_SINGLE",
      "beginCond": [
        {
          "type": "QUEST_COND_STATE_EQUAL",
          "param": ["201310", "2"],
          "param_str": ""
        }
      ],
      "priority": 5,
      "initDialog": 20131001,
      "npcId": [3086],
      "performCfg": "QuestDialogue/AQ/Inazuma1_2013/Q201310",
      "heroTalk": "TALK_HERO_MAIN",
      "questId": 2013,
      "prePerformCfg": ""
    },
    {
      "id": 201311,
      "beginWay": "TALK_BEGIN_MANUAL",
      "activeMode": "PLAY_MODE_SINGLE",
      "beginCond": [
        {
          "type": "QUEST_COND_STATE_EQUAL",
          "param": ["201311", "2"],
          "param_str": ""
        }
      ],
      "priority": 5,
      "initDialog": 20131101,
      "npcId": [3093, 1005, 3085],
      "performCfg": "QuestDialogue/AQ/Inazuma1_2013/Q201311",
      "heroTalk": "TALK_HERO_MAIN",
      "questId": 2013,
      "prePerformCfg": ""
    },
    {
      "id": 201391,
      "beginWay": "TALK_BEGIN_MANUAL",
      "activeMode": "PLAY_MODE_SINGLE",
      "beginCond": [
        {
          "type": "QUEST_COND_STATE_EQUAL",
          "param": ["201303", "2"],
          "param_str": ""
        }
      ],
      "priority": 5,
      "initDialog": 20139101,
      "npcId": [3085],
      "performCfg": "QuestDialogue/AQ/Inazuma1_2013/Q201391",
      "heroTalk": "TALK_HERO_MAIN",
      "questId": 2013,
      "prePerformCfg": ""
    }
  ]
}
