{
  "id": 2014,
  "series": 1210,
  "titleTextMapHash": 4016615943,
  "descTextMapHash": 960288382,
  "luaPath": "Actor/Quest/AQ2014",
  "suggestTrackMainQuestList": [2015],
  "rewardIdList": [102014],
  "chapterId": 1204,
  "subQuests": [
    {
      "subId": 201401,
      "mainId": 2014,
      "order": 1,
      "descTextMapHash": 2185202684,
      "acceptCond": [
        {
          "type": "QUEST_COND_STATE_EQUAL",
          "param": [201009, 3],
          "param_str": ""
        }
      ],
      "finishCondComb": "LOGIC_OR",
      "finishCond": [
        {
          "type": "QUEST_CONTENT_FINISH_PLOT",
          "param": [201401, 0],
          "param_str": ""
        },
        {
          "type": "QUEST_CONTENT_LUA_NOTIFY",
          "param": [0, 0],
          "param_str": "1332110013",
          "count": 1
        }
      ],
      "failCond": [
        {
          "param": [],
          "param_str": ""
        }
      ],
      "guide": {
        "type": "QUEST_GUIDE_LOCATION",
        "param": ["Q201401Target"],
        "guideScene": 3,
        "guideStyle": "QUEST_GUIDE_STYLE_POINT",
        "guideLayer": "QUEST_GUIDE_LAYER_SCENE"
      },
      "isRewind": true,
      "finishExec": [
        {
          "param": [],
          "param_str": ""
        }
      ],
      "failExec": [
        {
          "param": [],
          "param_str": ""
        }
      ],
      "beginExec": [
        {
          "type": "QUEST_EXEC_REGISTER_DYNAMIC_GROUP",
          "param": ["3", "133211001"],
          "param_str": ""
        }
      ],
      "exclusiveNpcList": [1037],
      "exclusiveNpcPriority": 1000
    },
    {
      "subId": 201402,
      "mainId": 2014,
      "order": 2,
      "descTextMapHash": 1839190676,
      "showType": "QUEST_HIDDEN",
      "acceptCond": [
        {
          "type": "QUEST_COND_STATE_EQUAL",
          "param": [99902, 3],
          "param_str": ""
        }
      ],
      "finishCond": [
        {
          "type": "QUEST_CONTENT_FINISH_PLOT",
          "param": [201402, 0],
          "param_str": ""
        }
      ],
      "failCond": [
        {
          "param": [],
          "param_str": ""
        }
      ],
      "guide": {
        "type": "QUEST_GUIDE_NPC",
        "param": ["1005"],
        "guideScene": 3,
        "guideStyle": "QUEST_GUIDE_STYLE_TARGET",
        "guideLayer": "QUEST_GUIDE_LAYER_SCENE"
      },
      "finishExec": [
        {
          "param": [],
          "param_str": ""
        }
      ],
      "failExec": [
        {
          "param": [],
          "param_str": ""
        }
      ],
      "beginExec": [
        {
          "param": [],
          "param_str": ""
        }
      ],
      "exclusiveNpcList": [1037],
      "exclusiveNpcPriority": 1000
    },
    {
      "subId": 201403,
      "mainId": 2014,
      "order": 3,
      "descTextMapHash": 3525214612,
      "acceptCond": [
        {
          "type": "QUEST_COND_STATE_EQUAL",
          "param": [201401, 3],
          "param_str": ""
        }
      ],
      "finishCond": [
        {
          "type": "QUEST_CONTENT_LUA_NOTIFY",
          "param": [0, 0],
          "param_str": "1332110011",
          "count": 1
        }
      ],
      "failCond": [
        {
          "param": [],
          "param_str": ""
        }
      ],
      "guide": {
        "type": "QUEST_GUIDE_LOCATION",
        "param": ["Q201403Target", "50"],
        "guideScene": 3,
        "guideStyle": "QUEST_GUIDE_STYLE_TARGET",
        "guideLayer": "QUEST_GUIDE_LAYER_SCENE"
      },
      "finishExec": [
        {
          "param": [],
          "param_str": ""
        }
      ],
      "failExec": [
        {
          "param": [],
          "param_str": ""
        }
      ],
      "beginExec": [
        {
          "type": "QUEST_EXEC_REGISTER_DYNAMIC_GROUP",
          "param": ["3", "133211001"],
          "param_str": ""
        }
      ],
      "exclusiveNpcList": [1037],
      "exclusiveNpcPriority": 1000
    },
    {
      "subId": 201404,
      "mainId": 2014,
      "order": 4,
      "descTextMapHash": 2454644740,
      "acceptCond": [
        {
          "type": "QUEST_COND_STATE_EQUAL",
          "param": [201403, 3],
          "param_str": ""
        }
      ],
      "finishCond": [
        {
          "type": "QUEST_CONTENT_LUA_NOTIFY",
          "param": [0, 0],
          "param_str": "1332110012",
          "count": 1
        }
      ],
      "failCond": [
        {
          "param": [],
          "param_str": ""
        }
      ],
      "guide": {
        "type": "QUEST_GUIDE_LOCATION",
        "param": ["Q201403Target", "30"],
        "guideScene": 3,
        "guideStyle": "QUEST_GUIDE_STYLE_TARGET",
        "guideLayer": "QUEST_GUIDE_LAYER_SCENE"
      },
      "finishExec": [
        {
          "param": [],
          "param_str": ""
        }
      ],
      "failExec": [
        {
          "param": [],
          "param_str": ""
        }
      ],
      "beginExec": [
        {
          "param": [],
          "param_str": ""
        }
      ],
      "exclusiveNpcList": [1037],
      "exclusiveNpcPriority": 1000
    },
    {
      "subId": 201405,
      "mainId": 2014,
      "order": 5,
      "descTextMapHash": 402721788,
      "acceptCond": [
        {
          "type": "QUEST_COND_STATE_EQUAL",
          "param": [201404, 3],
          "param_str": ""
        }
      ],
      "finishCond": [
        {
          "type": "QUEST_CONTENT_COMPLETE_TALK",
          "param": [201405, 0],
          "param_str": ""
        }
      ],
      "failCond": [
        {
          "param": [],
          "param_str": ""
        }
      ],
      "guide": {
        "type": "QUEST_GUIDE_LOCATION",
        "param": ["Q201403Target"],
        "guideScene": 3,
        "guideStyle": "QUEST_GUIDE_STYLE_POINT",
        "guideLayer": "QUEST_GUIDE_LAYER_SCENE"
      },
      "isRewind": true,
      "finishExec": [
        {
          "type": "QUEST_EXEC_UNREGISTER_DYNAMIC_GROUP",
          "param": ["133211001", "1"],
          "param_str": ""
        }
      ],
      "failExec": [
        {
          "param": [],
          "param_str": ""
        }
      ],
      "beginExec": [
        {
          "type": "QUEST_EXEC_REGISTER_DYNAMIC_GROUP_ONLY",
          "param": ["133211001", "0"],
          "param_str": ""
        }
      ],
      "exclusiveNpcList": [12013, 1037],
      "exclusiveNpcPriority": 1000
    },
    {
      "subId": 201406,
      "mainId": 2014,
      "order": 6,
      "descTextMapHash": 1219860564,
      "acceptCond": [
        {
          "type": "QUEST_COND_STATE_EQUAL",
          "param": [201405, 3],
          "param_str": ""
        }
      ],
      "finishCond": [
        {
          "type": "QUEST_CONTENT_COMPLETE_TALK",
          "param": [201406, 0],
          "param_str": ""
        }
      ],
      "failCond": [
        {
          "param": [],
          "param_str": ""
        }
      ],
      "guide": {
        "type": "QUEST_GUIDE_NPC",
        "param": ["1037"],
        "guideScene": 3,
        "guideStyle": "QUEST_GUIDE_STYLE_TARGET",
        "guideLayer": "QUEST_GUIDE_LAYER_SCENE"
      },
      "isRewind": true,
      "finishExec": [
        {
          "param": [],
          "param_str": ""
        }
      ],
      "failExec": [
        {
          "param": [],
          "param_str": ""
        }
      ],
      "beginExec": [
        {
          "param": [],
          "param_str": ""
        }
      ],
      "exclusiveNpcList": [12013, 1037, 1039],
      "exclusiveNpcPriority": 1000
    },
    {
      "subId": 201407,
      "mainId": 2014,
      "order": 7,
      "descTextMapHash": 1086875868,
      "acceptCond": [
        {
          "type": "QUEST_COND_STATE_EQUAL",
          "param": [201406, 3],
          "param_str": ""
        }
      ],
      "finishCond": [
        {
          "type": "QUEST_CONTENT_FINISH_PLOT",
          "param": [201407, 0],
          "param_str": ""
        }
      ],
      "failCond": [
        {
          "param": [],
          "param_str": ""
        }
      ],
      "guide": {
        "type": "QUEST_GUIDE_LOCATION",
        "param": ["Q201407Target", "30"],
        "guideScene": 3,
        "guideStyle": "QUEST_GUIDE_STYLE_TARGET",
        "guideLayer": "QUEST_GUIDE_LAYER_SCENE"
      },
      "isRewind": true,
      "finishExec": [
        {
          "param": [],
          "param_str": ""
        }
      ],
      "failExec": [
        {
          "param": [],
          "param_str": ""
        }
      ],
      "beginExec": [
        {
          "param": [],
          "param_str": ""
        }
      ],
      "exclusiveNpcList": [1037, 12013, 1039, 3146],
      "exclusiveNpcPriority": 1000
    },
    {
      "subId": 201408,
      "mainId": 2014,
      "order": 8,
      "descTextMapHash": 4038058916,
      "acceptCond": [
        {
          "type": "QUEST_COND_STATE_EQUAL",
          "param": [201407, 3],
          "param_str": ""
        }
      ],
      "finishCond": [
        {
          "type": "QUEST_CONTENT_COMPLETE_TALK",
          "param": [201408, 0],
          "param_str": ""
        }
      ],
      "failCond": [
        {
          "param": [],
          "param_str": ""
        }
      ],
      "guide": {
        "type": "QUEST_GUIDE_NPC",
        "param": ["12072"],
        "guideScene": 3,
        "guideStyle": "QUEST_GUIDE_STYLE_TARGET",
        "guideLayer": "QUEST_GUIDE_LAYER_SCENE"
      },
      "finishParent": true,
      "finishExec": [
        {
          "param": [],
          "param_str": ""
        }
      ],
      "failExec": [
        {
          "param": [],
          "param_str": ""
        }
      ],
      "beginExec": [
        {
          "param": [],
          "param_str": ""
        }
      ],
      "exclusiveNpcList": [1037, 12013, 3146],
      "exclusiveNpcPriority": 1000
    }
  ],
  "talks": [
    {
      "id": 201402,
      "beginWay": "TALK_BEGIN_MANUAL",
      "activeMode": "PLAY_MODE_SINGLE",
      "beginCond": [
        {
          "type": "QUEST_COND_STATE_EQUAL",
          "param": ["201402", "2"],
          "param_str": ""
        }
      ],
      "priority": 5,
      "initDialog": 20140501,
      "npcId": [1005],
      "performCfg": "QuestDialogue/AQ/Inazuma2_2014/Q201402",
      "heroTalk": "TALK_HERO_MAIN",
      "questId": 2014,
      "prePerformCfg": ""
    },
    {
      "id": 201405,
      "beginWay": "TALK_BEGIN_MANUAL",
      "activeMode": "PLAY_MODE_SINGLE",
      "beginCond": [
        {
          "type": "QUEST_COND_STATE_EQUAL",
          "param": ["201405", "2"],
          "param_str": ""
        }
      ],
      "priority": 5,
      "initDialog": 20140501,
      "npcId": [12071, 1005],
      "performCfg": "QuestDialogue/AQ/Inazuma2_2014/Q201405",
      "heroTalk": "TALK_HERO_MAIN",
      "questId": 2014,
      "prePerformCfg": ""
    },
    {
      "id": 201406,
      "beginWay": "TALK_BEGIN_MANUAL",
      "activeMode": "PLAY_MODE_SINGLE",
      "beginCond": [
        {
          "type": "QUEST_COND_STATE_EQUAL",
          "param": ["201406", "2"],
          "param_str": ""
        }
      ],
      "priority": 5,
      "initDialog": 20140601,
      "npcId": [1037],
      "performCfg": "QuestDialogue/AQ/Inazuma2_2014/Q201406",
      "heroTalk": "TALK_HERO_MAIN",
      "questId": 2014,
      "prePerformCfg": ""
    },
    {
      "id": 201408,
      "beginWay": "TALK_BEGIN_MANUAL",
      "activeMode": "PLAY_MODE_SINGLE",
      "beginCond": [
        {
          "type": "QUEST_COND_STATE_EQUAL",
          "param": ["201408", "2"],
          "param_str": ""
        }
      ],
      "priority": 5,
      "initDialog": 20140801,
      "npcId": [12072],
      "performCfg": "QuestDialogue/AQ/Inazuma2_2014/Q201408",
      "heroTalk": "TALK_HERO_MAIN",
      "questId": 2014,
      "prePerformCfg": ""
    },
    {
      "id": 201450,
      "beginWay": "TALK_BEGIN_MANUAL",
      "activeMode": "PLAY_MODE_SINGLE",
      "beginCond": [
        {
          "type": "QUEST_COND_STATE_EQUAL",
          "param": ["201407", "2"],
          "param_str": ""
        }
      ],
      "priority": 5,
      "initDialog": 20145001,
      "npcId": [1037, 1039],
      "performCfg": "QuestDialogue/AQ/Inazuma2_2014/Q201450",
      "heroTalk": "TALK_HERO_MAIN",
      "questId": 2014,
      "prePerformCfg": ""
    },
    {
      "id": 4006411,
      "beginWay": "TALK_BEGIN_MANUAL",
      "activeMode": "PLAY_MODE_SINGLE",
      "beginCond": [
        {
          "type": "QUEST_COND_ACTIVITY_CLIENT_COND",
          "param": ["2014", "2014022", "1"],
          "param_str": ""
        }
      ],
      "priority": 3,
      "initDialog": 400641101,
      "npcId": [30203, 30204],
      "performCfg": "QuestDialogue/EQ/DreamIsland_40064/Q4006411",
      "heroTalk": "TALK_HERO_MAIN",
      "loadType": "TALK_ACTIVITY",
      "questId": 2014,
      "prePerformCfg": "",
      "lowPriority": true
    },
    {
      "id": 4006412,
      "beginWay": "TALK_BEGIN_MANUAL",
      "activeMode": "PLAY_MODE_SINGLE",
      "beginCond": [
        {
          "type": "QUEST_COND_ACTIVITY_CLIENT_COND",
          "param": ["2014", "2014022", "1"],
          "param_str": ""
        }
      ],
      "priority": 3,
      "initDialog": 400641201,
      "npcId": [30205, 30206, 30207],
      "performCfg": "QuestDialogue/EQ/DreamIsland_40064/Q4006412",
      "heroTalk": "TALK_HERO_MAIN",
      "loadType": "TALK_ACTIVITY",
      "questId": 2014,
      "prePerformCfg": "",
      "lowPriority": true
    },
    {
      "id": 4006413,
      "beginWay": "TALK_BEGIN_MANUAL",
      "activeMode": "PLAY_MODE_SINGLE",
      "beginCond": [
        {
          "type": "QUEST_COND_ACTIVITY_CLIENT_COND",
          "param": ["2014", "2014027", "1"],
          "param_str": ""
        }
      ],
      "priority": 3,
      "initDialog": 400641301,
      "npcId": [30208],
      "performCfg": "QuestDialogue/EQ/DreamIsland_40064/Q4006413",
      "heroTalk": "TALK_HERO_MAIN",
      "loadType": "TALK_ACTIVITY",
      "questId": 2014,
      "prePerformCfg": "",
      "lowPriority": true
    },
    {
      "id": 4006707,
      "beginWay": "TALK_BEGIN_MANUAL",
      "activeMode": "PLAY_MODE_SINGLE",
      "beginCond": [
        {
          "type": "QUEST_COND_ACTIVITY_CLIENT_COND",
          "param": ["2014", "2014023", "1"],
          "param_str": ""
        }
      ],
      "priority": 5,
      "initDialog": 400670701,
      "npcId": [30207],
      "performCfg": "QuestDialogue/EQ/DreamIsland_40067/Q4006707",
      "heroTalk": "TALK_HERO_MAIN",
      "loadType": "TALK_ACTIVITY",
      "questId": 2014,
      "prePerformCfg": "",
      "lowPriority": true
    },
    {
      "id": 4006708,
      "beginWay": "TALK_BEGIN_MANUAL",
      "activeMode": "PLAY_MODE_SINGLE",
      "beginCond": [
        {
          "type": "QUEST_COND_ACTIVITY_CLIENT_COND",
          "param": ["2014", "2014023", "1"],
          "param_str": ""
        }
      ],
      "priority": 5,
      "initDialog": 400670801,
      "npcId": [30204],
      "performCfg": "QuestDialogue/EQ/DreamIsland_40067/Q4006708",
      "heroTalk": "TALK_HERO_MAIN",
      "loadType": "TALK_ACTIVITY",
      "questId": 2014,
      "prePerformCfg": "",
      "lowPriority": true
    },
    {
      "id": 4006709,
      "beginWay": "TALK_BEGIN_MANUAL",
      "activeMode": "PLAY_MODE_SINGLE",
      "beginCond": [
        {
          "type": "QUEST_COND_ACTIVITY_CLIENT_COND",
          "param": ["2014", "2014023", "1"],
          "param_str": ""
        }
      ],
      "priority": 5,
      "initDialog": 400670901,
      "npcId": [30203],
      "performCfg": "QuestDialogue/EQ/DreamIsland_40067/Q4006709",
      "heroTalk": "TALK_HERO_MAIN",
      "loadType": "TALK_ACTIVITY",
      "questId": 2014,
      "prePerformCfg": "",
      "lowPriority": true
    },
    {
      "id": 4007001,
      "beginWay": "TALK_BEGIN_MANUAL",
      "activeMode": "PLAY_MODE_SINGLE",
      "beginCond": [
        {
          "type": "QUEST_COND_ACTIVITY_CLIENT_COND",
          "param": ["2014", "2014024", "1"],
          "param_str": ""
        }
      ],
      "priority": 5,
      "initDialog": 400700101,
      "npcId": [30207],
      "performCfg": "QuestDialogue/EQ/DreamIsland_40070/Q4007001",
      "heroTalk": "TALK_HERO_MAIN",
      "loadType": "TALK_ACTIVITY",
      "questId": 2014,
      "prePerformCfg": "",
      "lowPriority": true
    },
    {
      "id": 4007002,
      "beginWay": "TALK_BEGIN_MANUAL",
      "activeMode": "PLAY_MODE_SINGLE",
      "beginCond": [
        {
          "type": "QUEST_COND_ACTIVITY_CLIENT_COND",
          "param": ["2014", "2014024", "1"],
          "param_str": ""
        }
      ],
      "priority": 5,
      "initDialog": 400700201,
      "npcId": [30204],
      "performCfg": "QuestDialogue/EQ/DreamIsland_40070/Q4007002",
      "heroTalk": "TALK_HERO_MAIN",
      "loadType": "TALK_ACTIVITY",
      "questId": 2014,
      "prePerformCfg": "",
      "lowPriority": true
    },
    {
      "id": 4007003,
      "beginWay": "TALK_BEGIN_MANUAL",
      "activeMode": "PLAY_MODE_SINGLE",
      "beginCond": [
        {
          "type": "QUEST_COND_ACTIVITY_CLIENT_COND",
          "param": ["2014", "2014024", "1"],
          "param_str": ""
        }
      ],
      "priority": 5,
      "initDialog": 400700301,
      "npcId": [30203],
      "performCfg": "QuestDialogue/EQ/DreamIsland_40070/Q4007003",
      "heroTalk": "TALK_HERO_MAIN",
      "loadType": "TALK_ACTIVITY",
      "questId": 2014,
      "prePerformCfg": "",
      "lowPriority": true
    },
    {
      "id": 4007006,
      "beginWay": "TALK_BEGIN_MANUAL",
      "activeMode": "PLAY_MODE_SINGLE",
      "beginCond": [
        {
          "type": "QUEST_COND_ACTIVITY_CLIENT_COND",
          "param": ["2014", "2014024", "1"],
          "param_str": ""
        }
      ],
      "priority": 5,
      "initDialog": 400700601,
      "npcId": [12616],
      "performCfg": "QuestDialogue/EQ/DreamIsland_40070/Q4007006",
      "heroTalk": "TALK_HERO_MAIN",
      "loadType": "TALK_ACTIVITY",
      "questId": 2014,
      "prePerformCfg": "",
      "lowPriority": true
    },
    {
      "id": 4007007,
      "beginWay": "TALK_BEGIN_MANUAL",
      "activeMode": "PLAY_MODE_SINGLE",
      "beginCond": [
        {
          "type": "QUEST_COND_ACTIVITY_CLIENT_COND",
          "param": ["2014", "2014024", "1"],
          "param_str": ""
        }
      ],
      "priority": 5,
      "initDialog": 400700701,
      "npcId": [12623],
      "performCfg": "QuestDialogue/EQ/DreamIsland_40070/Q4007007",
      "heroTalk": "TALK_HERO_MAIN",
      "loadType": "TALK_ACTIVITY",
      "questId": 2014,
      "prePerformCfg": "",
      "lowPriority": true
    },
    {
      "id": 4007301,
      "beginWay": "TALK_BEGIN_MANUAL",
      "activeMode": "PLAY_MODE_SINGLE",
      "beginCond": [
        {
          "type": "QUEST_COND_ACTIVITY_CLIENT_COND",
          "param": ["2014", "2014025", "1"],
          "param_str": ""
        }
      ],
      "priority": 5,
      "initDialog": 400730101,
      "npcId": [30231, 30206],
      "performCfg": "QuestDialogue/EQ/DreamIsland_40073/Q4007301",
      "heroTalk": "TALK_HERO_MAIN",
      "loadType": "TALK_ACTIVITY",
      "questId": 2014,
      "prePerformCfg": "",
      "lowPriority": true
    },
    {
      "id": 4007303,
      "beginWay": "TALK_BEGIN_MANUAL",
      "activeMode": "PLAY_MODE_SINGLE",
      "beginCond": [
        {
          "type": "QUEST_COND_ACTIVITY_CLIENT_COND",
          "param": ["2014", "2014025", "1"],
          "param_str": ""
        }
      ],
      "priority": 5,
      "initDialog": 400730301,
      "npcId": [30207],
      "performCfg": "QuestDialogue/EQ/DreamIsland_40073/Q4007303",
      "heroTalk": "TALK_HERO_MAIN",
      "loadType": "TALK_ACTIVITY",
      "questId": 2014,
      "prePerformCfg": "",
      "lowPriority": true
    },
    {
      "id": 4007305,
      "beginWay": "TALK_BEGIN_MANUAL",
      "activeMode": "PLAY_MODE_SINGLE",
      "beginCond": [
        {
          "type": "QUEST_COND_ACTIVITY_CLIENT_COND",
          "param": ["2014", "2014025", "1"],
          "param_str": ""
        }
      ],
      "priority": 5,
      "initDialog": 400730501,
      "npcId": [30204],
      "performCfg": "QuestDialogue/EQ/DreamIsland_40073/Q4007305",
      "heroTalk": "TALK_HERO_MAIN",
      "loadType": "TALK_ACTIVITY",
      "questId": 2014,
      "prePerformCfg": "",
      "lowPriority": true
    },
    {
      "id": 4007307,
      "beginWay": "TALK_BEGIN_MANUAL",
      "activeMode": "PLAY_MODE_SINGLE",
      "beginCond": [
        {
          "type": "QUEST_COND_ACTIVITY_CLIENT_COND",
          "param": ["2014", "2014025", "1"],
          "param_str": ""
        }
      ],
      "priority": 5,
      "initDialog": 400730701,
      "npcId": [30203],
      "performCfg": "QuestDialogue/EQ/DreamIsland_40073/Q4007307",
      "heroTalk": "TALK_HERO_MAIN",
      "loadType": "TALK_ACTIVITY",
      "questId": 2014,
      "prePerformCfg": "",
      "lowPriority": true
    },
    {
      "id": 4007703,
      "beginWay": "TALK_BEGIN_MANUAL",
      "activeMode": "PLAY_MODE_SINGLE",
      "beginCond": [
        {
          "type": "QUEST_COND_ACTIVITY_CLIENT_COND",
          "param": ["2014", "2014026", "1"],
          "param_str": ""
        }
      ],
      "priority": 5,
      "initDialog": 400770301,
      "npcId": [30205, 30206],
      "performCfg": "QuestDialogue/EQ/DreamIsland_40077/Q4007703",
      "heroTalk": "TALK_HERO_MAIN",
      "loadType": "TALK_ACTIVITY",
      "questId": 2014,
      "prePerformCfg": "",
      "lowPriority": true
    },
    {
      "id": 4007704,
      "beginWay": "TALK_BEGIN_MANUAL",
      "activeMode": "PLAY_MODE_SINGLE",
      "beginCond": [
        {
          "type": "QUEST_COND_ACTIVITY_CLIENT_COND",
          "param": ["2014", "2014026", "1"],
          "param_str": ""
        }
      ],
      "priority": 5,
      "initDialog": 400770401,
      "npcId": [30207],
      "performCfg": "QuestDialogue/EQ/DreamIsland_40077/Q4007704",
      "heroTalk": "TALK_HERO_MAIN",
      "loadType": "TALK_ACTIVITY",
      "questId": 2014,
      "prePerformCfg": "",
      "lowPriority": true
    },
    {
      "id": 4007705,
      "beginWay": "TALK_BEGIN_MANUAL",
      "activeMode": "PLAY_MODE_SINGLE",
      "beginCond": [
        {
          "type": "QUEST_COND_ACTIVITY_CLIENT_COND",
          "param": ["2014", "2014026", "1"],
          "param_str": ""
        }
      ],
      "priority": 5,
      "initDialog": 400770501,
      "npcId": [30204],
      "performCfg": "QuestDialogue/EQ/DreamIsland_40077/Q4007705",
      "heroTalk": "TALK_HERO_MAIN",
      "loadType": "TALK_ACTIVITY",
      "questId": 2014,
      "prePerformCfg": "",
      "lowPriority": true
    },
    {
      "id": 4007706,
      "beginWay": "TALK_BEGIN_MANUAL",
      "activeMode": "PLAY_MODE_SINGLE",
      "beginCond": [
        {
          "type": "QUEST_COND_ACTIVITY_CLIENT_COND",
          "param": ["2014", "2014026", "1"],
          "param_str": ""
        }
      ],
      "priority": 5,
      "initDialog": 400770601,
      "npcId": [30203],
      "performCfg": "QuestDialogue/EQ/DreamIsland_40077/Q4007706",
      "heroTalk": "TALK_HERO_MAIN",
      "loadType": "TALK_ACTIVITY",
      "questId": 2014,
      "prePerformCfg": "",
      "lowPriority": true
    }
  ]
}
