{
  "id": 2015,
  "series": 1210,
  "titleTextMapHash": 2156306839,
  "descTextMapHash": 2645944750,
  "luaPath": "Actor/Quest/AQ2015",
  "suggestTrackMainQuestList": [2016],
  "rewardIdList": [102015],
  "chapterId": 1204,
  "subQuests": [
    {
      "subId": 201501,
      "mainId": 2015,
      "order": 1,
      "descTextMapHash": 539189964,
      "acceptCond": [
        {
          "type": "QUEST_COND_STATE_EQUAL",
          "param": [201408, 3],
          "param_str": ""
        }
      ],
      "finishCond": [
        {
          "type": "QUEST_CONTENT_COMPLETE_TALK",
          "param": [201501, 0],
          "param_str": ""
        }
      ],
      "failCond": [
        {
          "param": [],
          "param_str": ""
        }
      ],
      "guide": {
        "type": "QUEST_GUIDE_NPC",
        "param": ["1037"],
        "guideScene": 3,
        "guideStyle": "QUEST_GUIDE_STYLE_TARGET",
        "guideLayer": "QUEST_GUIDE_LAYER_SCENE"
      },
      "isRewind": true,
      "finishExec": [
        {
          "param": [],
          "param_str": ""
        }
      ],
      "failExec": [
        {
          "param": [],
          "param_str": ""
        }
      ],
      "beginExec": [
        {
          "param": [],
          "param_str": ""
        }
      ],
      "exclusiveNpcList": [1037, 12013, 3146, 1039],
      "exclusiveNpcPriority": 1000
    },
    {
      "subId": 201502,
      "mainId": 2015,
      "order": 2,
      "descTextMapHash": 3543382964,
      "acceptCond": [
        {
          "type": "QUEST_COND_STATE_EQUAL",
          "param": [201501, 3],
          "param_str": ""
        }
      ],
      "finishCond": [
        {
          "type": "QUEST_CONTENT_FINISH_PLOT",
          "param": [201502, 0],
          "param_str": ""
        }
      ],
      "failCond": [
        {
          "param": [],
          "param_str": ""
        }
      ],
      "guide": {
        "type": "QUEST_GUIDE_LOCATION",
        "param": ["Q201502Target", "50"],
        "guideScene": 3,
        "guideStyle": "QUEST_GUIDE_STYLE_TARGET",
        "guideLayer": "QUEST_GUIDE_LAYER_SCENE"
      },
      "isRewind": true,
      "finishExec": [
        {
          "param": [],
          "param_str": ""
        }
      ],
      "failExec": [
        {
          "param": [],
          "param_str": ""
        }
      ],
      "beginExec": [
        {
          "type": "QUEST_EXEC_REGISTER_DYNAMIC_GROUP",
          "param": ["3", "133212571"],
          "param_str": ""
        }
      ],
      "exclusiveNpcList": [12013, 3146],
      "exclusiveNpcPriority": 1000
    },
    {
      "subId": 201503,
      "mainId": 2015,
      "order": 3,
      "descTextMapHash": 4196096748,
      "acceptCond": [
        {
          "type": "QUEST_COND_STATE_EQUAL",
          "param": [201502, 3],
          "param_str": ""
        }
      ],
      "finishCond": [
        {
          "type": "QUEST_CONTENT_ENTER_DUNGEON",
          "param": [1119, 398],
          "param_str": ""
        }
      ],
      "failCond": [
        {
          "param": [],
          "param_str": ""
        }
      ],
      "guide": {
        "type": "QUEST_GUIDE_LOCATION",
        "param": ["Q201503Target"],
        "guideScene": 3,
        "guideStyle": "QUEST_GUIDE_STYLE_POINT",
        "guideLayer": "QUEST_GUIDE_LAYER_SCENE"
      },
      "isRewind": true,
      "finishExec": [
        {
          "param": [],
          "param_str": ""
        }
      ],
      "failExec": [
        {
          "param": [],
          "param_str": ""
        }
      ],
      "beginExec": [
        {
          "type": "QUEST_EXEC_REGISTER_DYNAMIC_GROUP_ONLY",
          "param": ["133212571", "0"],
          "param_str": ""
        },
        {
          "type": "QUEST_EXEC_UNLOCK_POINT",
          "param": ["3", "398"],
          "param_str": ""
        }
      ],
      "exclusiveNpcList": [3146],
      "exclusiveNpcPriority": 1000
    },
    {
      "subId": 201504,
      "mainId": 2015,
      "order": 4,
      "isMpBlock": true,
      "descTextMapHash": 2737492820,
      "acceptCond": [
        {
          "type": "QUEST_COND_STATE_EQUAL",
          "param": [201503, 3],
          "param_str": ""
        }
      ],
      "finishCond": [
        {
          "type": "QUEST_CONTENT_LUA_NOTIFY",
          "param": [0, 0],
          "param_str": "2201130101",
          "count": 1
        }
      ],
      "failCondComb": "LOGIC_OR",
      "failCond": [
        {
          "type": "QUEST_CONTENT_ENTER_MY_WORLD",
          "param": [3, 0],
          "param_str": ""
        },
        {
          "type": "QUEST_CONTENT_FAIL_DUNGEON",
          "param": [1119, 0],
          "param_str": ""
        }
      ],
      "guide": {},
      "isRewind": true,
      "finishExec": [
        {
          "param": [],
          "param_str": ""
        }
      ],
      "failExec": [
        {
          "type": "QUEST_EXEC_ROLLBACK_QUEST",
          "param": ["201503", "0"],
          "param_str": ""
        }
      ],
      "beginExec": [
        {
          "param": [],
          "param_str": ""
        }
      ],
      "exclusiveNpcList": [10013],
      "exclusiveNpcPriority": 1000
    },
    {
      "subId": 201505,
      "mainId": 2015,
      "order": 5,
      "isMpBlock": true,
      "descTextMapHash": 2006273268,
      "acceptCond": [
        {
          "type": "QUEST_COND_STATE_EQUAL",
          "param": [201504, 3],
          "param_str": ""
        }
      ],
      "finishCondComb": "LOGIC_OR",
      "finishCond": [
        {
          "type": "QUEST_CONTENT_COMPLETE_TALK",
          "param": [201504, 0],
          "param_str": ""
        },
        {
          "type": "QUEST_CONTENT_COMPLETE_TALK",
          "param": [201505, 0],
          "param_str": ""
        }
      ],
      "failCondComb": "LOGIC_OR",
      "failCond": [
        {
          "type": "QUEST_CONTENT_ENTER_MY_WORLD",
          "param": [3, 0],
          "param_str": ""
        },
        {
          "type": "QUEST_CONTENT_FAIL_DUNGEON",
          "param": [1119, 0],
          "param_str": ""
        }
      ],
      "guide": {},
      "finishParent": true,
      "isRewind": true,
      "finishExec": [
        {
          "type": "QUEST_EXEC_LOCK_POINT",
          "param": ["3", "398"],
          "param_str": ""
        }
      ],
      "failExec": [
        {
          "type": "QUEST_EXEC_ROLLBACK_QUEST",
          "param": ["201503", "0"],
          "param_str": ""
        }
      ],
      "beginExec": [
        {
          "param": [],
          "param_str": ""
        }
      ],
      "exclusiveNpcList": [10013],
      "exclusiveNpcPriority": 1000
    }
  ],
  "talks": [
    {
      "id": 201501,
      "beginWay": "TALK_BEGIN_MANUAL",
      "activeMode": "PLAY_MODE_SINGLE",
      "beginCond": [
        {
          "type": "QUEST_COND_STATE_EQUAL",
          "param": ["201501", "2"],
          "param_str": ""
        }
      ],
      "priority": 5,
      "initDialog": 20150101,
      "npcId": [1037, 1039],
      "performCfg": "QuestDialogue/AQ/Inazuma2_2015/Q201501",
      "heroTalk": "TALK_HERO_MAIN",
      "questId": 2015,
      "prePerformCfg": ""
    },
    {
      "id": 201504,
      "beginWay": "TALK_BEGIN_MANUAL",
      "activeMode": "PLAY_MODE_SINGLE",
      "beginCondComb": "LOGIC_AND",
      "beginCond": [
        {
          "type": "QUEST_COND_STATE_EQUAL",
          "param": ["201505", "2"],
          "param_str": ""
        },
        {
          "type": "QUEST_COND_QUEST_GLOBAL_VAR_EQUAL",
          "param": ["50001", "1"],
          "param_str": ""
        }
      ],
      "priority": 5,
      "initDialog": 20150401,
      "npcId": [10013],
      "performCfg": "QuestDialogue/AQ/Inazuma2_2015/Q201504",
      "heroTalk": "TALK_HERO_MAIN",
      "questId": 2015,
      "prePerformCfg": ""
    },
    {
      "id": 201505,
      "beginWay": "TALK_BEGIN_MANUAL",
      "activeMode": "PLAY_MODE_SINGLE",
      "beginCondComb": "LOGIC_AND",
      "beginCond": [
        {
          "type": "QUEST_COND_STATE_EQUAL",
          "param": ["201505", "2"],
          "param_str": ""
        },
        {
          "type": "QUEST_COND_QUEST_GLOBAL_VAR_EQUAL",
          "param": ["50001", "0"],
          "param_str": ""
        }
      ],
      "priority": 5,
      "initDialog": 20150501,
      "npcId": [10013],
      "performCfg": "QuestDialogue/AQ/Inazuma2_2015/Q201505",
      "heroTalk": "TALK_HERO_MAIN",
      "questId": 2015,
      "prePerformCfg": ""
    },
    {
      "id": 201552,
      "beginWay": "TALK_BEGIN_MANUAL",
      "activeMode": "PLAY_MODE_SINGLE",
      "beginCondComb": "LOGIC_OR",
      "beginCond": [
        {
          "type": "QUEST_COND_STATE_EQUAL",
          "param": ["201501", "2"],
          "param_str": ""
        },
        {
          "type": "QUEST_COND_STATE_EQUAL",
          "param": ["201502", "2"],
          "param_str": ""
        }
      ],
      "priority": 5,
      "initDialog": 20155201,
      "npcId": [12072],
      "performCfg": "QuestDialogue/AQ/Inazuma2_2015/Q201552",
      "heroTalk": "TALK_HERO_MAIN",
      "questId": 2015,
      "prePerformCfg": ""
    },
    {
      "id": 201553,
      "beginWay": "TALK_BEGIN_MANUAL",
      "activeMode": "PLAY_MODE_SINGLE",
      "priority": 5,
      "initDialog": 20155325,
      "npcId": [12296],
      "performCfg": "",
      "questId": 2015,
      "prePerformCfg": ""
    }
  ]
}
