{
  "id": 2016,
  "series": 1210,
  "titleTextMapHash": 873861071,
  "descTextMapHash": 1295850046,
  "luaPath": "Actor/Quest/AQ2016",
  "suggestTrackMainQuestList": [2017],
  "rewardIdList": [102016],
  "chapterId": 1204,
  "subQuests": [
    {
      "subId": 201601,
      "mainId": 2016,
      "order": 1,
      "descTextMapHash": 802735044,
      "acceptCond": [
        {
          "type": "QUEST_COND_STATE_EQUAL",
          "param": [201505, 3],
          "param_str": ""
        }
      ],
      "finishCond": [
        {
          "type": "QUEST_CONTENT_COMPLETE_TALK",
          "param": [201601, 0],
          "param_str": ""
        }
      ],
      "failCond": [
        {
          "param": [],
          "param_str": ""
        }
      ],
      "guide": {
        "type": "QUEST_GUIDE_NPC",
        "param": ["1034"],
        "guideScene": 3,
        "guideStyle": "QUEST_GUIDE_STYLE_TARGET",
        "guideLayer": "QUEST_GUIDE_LAYER_SCENE"
      },
      "isRewind": true,
      "finishExec": [
        {
          "param": [],
          "param_str": ""
        }
      ],
      "failExec": [
        {
          "param": [],
          "param_str": ""
        }
      ],
      "beginExec": [
        {
          "param": [],
          "param_str": ""
        }
      ],
      "exclusiveNpcList": [1034],
      "exclusiveNpcPriority": 1000
    },
    {
      "subId": 201602,
      "mainId": 2016,
      "order": 4,
      "descTextMapHash": 1413776660,
      "acceptCond": [
        {
          "type": "QUEST_COND_STATE_EQUAL",
          "param": [201608, 3],
          "param_str": ""
        }
      ],
      "finishCond": [
        {
          "type": "QUEST_CONTENT_LUA_NOTIFY",
          "param": [0, 0],
          "param_str": "1332203531suc",
          "count": 1
        }
      ],
      "failCond": [
        {
          "param": [],
          "param_str": ""
        }
      ],
      "guide": {
        "type": "QUEST_GUIDE_LOCATION",
        "param": ["Q201602_Target"],
        "guideScene": 3,
        "guideStyle": "QUEST_GUIDE_STYLE_TARGET",
        "guideLayer": "QUEST_GUIDE_LAYER_SCENE"
      },
      "isRewind": true,
      "finishExec": [
        {
          "param": [],
          "param_str": ""
        }
      ],
      "failExec": [
        {
          "param": [],
          "param_str": ""
        }
      ],
      "beginExec": [
        {
          "type": "QUEST_EXEC_REGISTER_DYNAMIC_GROUP",
          "param": ["3", "133220353"],
          "param_str": ""
        },
        {
          "type": "QUEST_EXEC_REFRESH_GROUP_SUITE",
          "param": ["3", "133220353,2"],
          "param_str": ""
        }
      ],
      "exclusiveNpcList": [1034],
      "exclusiveNpcPriority": 1000
    },
    {
      "subId": 201603,
      "mainId": 2016,
      "order": 6,
      "descTextMapHash": 2374496884,
      "acceptCond": [
        {
          "type": "QUEST_COND_STATE_EQUAL",
          "param": [201607, 3],
          "param_str": ""
        }
      ],
      "finishCond": [
        {
          "type": "QUEST_CONTENT_LUA_NOTIFY",
          "param": [0, 0],
          "param_str": "1332203532suc",
          "count": 1
        }
      ],
      "failCond": [
        {
          "param": [],
          "param_str": ""
        }
      ],
      "guide": {
        "type": "QUEST_GUIDE_LOCATION",
        "param": ["Q201602_Target"],
        "guideScene": 3,
        "guideStyle": "QUEST_GUIDE_STYLE_TARGET"
      },
      "isRewind": true,
      "finishExec": [
        {
          "param": [],
          "param_str": ""
        }
      ],
      "failExec": [
        {
          "param": [],
          "param_str": ""
        }
      ],
      "beginExec": [
        {
          "type": "QUEST_EXEC_REGISTER_DYNAMIC_GROUP",
          "param": ["3", "133220353"],
          "param_str": ""
        },
        {
          "type": "QUEST_EXEC_REFRESH_GROUP_SUITE",
          "param": ["3", "133220353,3"],
          "param_str": ""
        }
      ],
      "exclusiveNpcList": [1034],
      "exclusiveNpcPriority": 1000
    },
    {
      "subId": 201604,
      "mainId": 2016,
      "order": 7,
      "descTextMapHash": 2260606844,
      "acceptCond": [
        {
          "type": "QUEST_COND_STATE_EQUAL",
          "param": [201603, 3],
          "param_str": ""
        }
      ],
      "finishCond": [
        {
          "type": "QUEST_CONTENT_COMPLETE_TALK",
          "param": [201604, 0],
          "param_str": ""
        }
      ],
      "failCond": [
        {
          "param": [],
          "param_str": ""
        }
      ],
      "guide": {
        "type": "QUEST_GUIDE_NPC",
        "param": ["1034"],
        "guideScene": 3,
        "guideStyle": "QUEST_GUIDE_STYLE_TARGET",
        "guideLayer": "QUEST_GUIDE_LAYER_SCENE"
      },
      "isRewind": true,
      "finishExec": [
        {
          "type": "QUEST_EXEC_REFRESH_GROUP_SUITE",
          "param": ["3", "133220353,1"],
          "param_str": ""
        },
        {
          "type": "QUEST_EXEC_UNREGISTER_DYNAMIC_GROUP",
          "param": ["133220353", "1"],
          "param_str": ""
        }
      ],
      "failExec": [
        {
          "param": [],
          "param_str": ""
        }
      ],
      "beginExec": [
        {
          "type": "QUEST_EXEC_REGISTER_DYNAMIC_GROUP_ONLY",
          "param": ["133220353", "0"],
          "param_str": ""
        }
      ],
      "exclusiveNpcList": [1034],
      "exclusiveNpcPriority": 1000
    },
    {
      "subId": 201605,
      "mainId": 2016,
      "order": 8,
      "descTextMapHash": 1293501340,
      "acceptCond": [
        {
          "type": "QUEST_COND_STATE_EQUAL",
          "param": [201604, 3],
          "param_str": ""
        }
      ],
      "finishCond": [
        {
          "type": "QUEST_CONTENT_FINISH_PLOT",
          "param": [201605, 0],
          "param_str": ""
        }
      ],
      "failCond": [
        {
          "param": [],
          "param_str": ""
        }
      ],
      "guide": {
        "type": "QUEST_GUIDE_LOCATION",
        "param": ["Q201605Yaeko"],
        "guideScene": 3,
        "guideStyle": "QUEST_GUIDE_STYLE_POINT",
        "guideLayer": "QUEST_GUIDE_LAYER_SCENE"
      },
      "isRewind": true,
      "finishExec": [
        {
          "param": [],
          "param_str": ""
        }
      ],
      "failExec": [
        {
          "param": [],
          "param_str": ""
        }
      ],
      "beginExec": [
        {
          "param": [],
          "param_str": ""
        }
      ],
      "exclusiveNpcList": [1034],
      "exclusiveNpcPriority": 1000
    },
    {
      "subId": 201606,
      "mainId": 2016,
      "order": 2,
      "descTextMapHash": 1978692220,
      "acceptCond": [
        {
          "type": "QUEST_COND_STATE_EQUAL",
          "param": [201601, 3],
          "param_str": ""
        }
      ],
      "finishCond": [
        {
          "type": "QUEST_CONTENT_FINISH_PLOT",
          "param": [201606, 0],
          "param_str": ""
        }
      ],
      "failCond": [
        {
          "param": [],
          "param_str": ""
        }
      ],
      "guide": {
        "type": "QUEST_GUIDE_LOCATION",
        "param": ["Q201604Yaeko"],
        "guideScene": 3,
        "guideStyle": "QUEST_GUIDE_STYLE_POINT",
        "guideLayer": "QUEST_GUIDE_LAYER_SCENE"
      },
      "isRewind": true,
      "finishExec": [
        {
          "param": [],
          "param_str": ""
        }
      ],
      "failExec": [
        {
          "param": [],
          "param_str": ""
        }
      ],
      "beginExec": [
        {
          "type": "QUEST_EXEC_REGISTER_DYNAMIC_GROUP",
          "param": ["3", "133220353"],
          "param_str": ""
        }
      ],
      "exclusiveNpcList": [1034],
      "exclusiveNpcPriority": 1000
    },
    {
      "subId": 201607,
      "mainId": 2016,
      "order": 5,
      "descTextMapHash": 4088443596,
      "acceptCond": [
        {
          "type": "QUEST_COND_STATE_EQUAL",
          "param": [201602, 3],
          "param_str": ""
        }
      ],
      "finishCond": [
        {
          "type": "QUEST_CONTENT_COMPLETE_TALK",
          "param": [201607, 0],
          "param_str": ""
        }
      ],
      "failCond": [
        {
          "param": [],
          "param_str": ""
        }
      ],
      "guide": {
        "type": "QUEST_GUIDE_NPC",
        "param": ["1034"],
        "guideScene": 3,
        "guideStyle": "QUEST_GUIDE_STYLE_TARGET"
      },
      "isRewind": true,
      "finishExec": [
        {
          "param": [],
          "param_str": ""
        }
      ],
      "failExec": [
        {
          "param": [],
          "param_str": ""
        }
      ],
      "beginExec": [
        {
          "type": "QUEST_EXEC_REGISTER_DYNAMIC_GROUP_ONLY",
          "param": ["133220353", "0"],
          "param_str": ""
        }
      ],
      "exclusiveNpcList": [1034],
      "exclusiveNpcPriority": 1000
    },
    {
      "subId": 201608,
      "mainId": 2016,
      "order": 3,
      "descTextMapHash": 2139245244,
      "acceptCond": [
        {
          "type": "QUEST_COND_STATE_EQUAL",
          "param": [201606, 3],
          "param_str": ""
        }
      ],
      "finishCond": [
        {
          "type": "QUEST_CONTENT_COMPLETE_TALK",
          "param": [201606, 0],
          "param_str": ""
        }
      ],
      "failCond": [
        {
          "param": [],
          "param_str": ""
        }
      ],
      "guide": {
        "type": "QUEST_GUIDE_NPC",
        "param": ["1034"],
        "guideScene": 3,
        "guideStyle": "QUEST_GUIDE_STYLE_TARGET"
      },
      "finishExec": [
        {
          "param": [],
          "param_str": ""
        }
      ],
      "failExec": [
        {
          "param": [],
          "param_str": ""
        }
      ],
      "beginExec": [
        {
          "param": [],
          "param_str": ""
        }
      ],
      "exclusiveNpcList": [1034],
      "exclusiveNpcPriority": 1000
    },
    {
      "subId": 201609,
      "mainId": 2016,
      "order": 9,
      "descTextMapHash": 657098788,
      "acceptCond": [
        {
          "type": "QUEST_COND_STATE_EQUAL",
          "param": [201605, 3],
          "param_str": ""
        }
      ],
      "finishCond": [
        {
          "type": "QUEST_CONTENT_COMPLETE_TALK",
          "param": [201605, 0],
          "param_str": ""
        }
      ],
      "failCond": [
        {
          "param": [],
          "param_str": ""
        }
      ],
      "guide": {
        "type": "QUEST_GUIDE_NPC",
        "param": ["1034"],
        "guideScene": 3,
        "guideStyle": "QUEST_GUIDE_STYLE_TARGET",
        "guideLayer": "QUEST_GUIDE_LAYER_SCENE"
      },
      "finishParent": true,
      "finishExec": [
        {
          "param": [],
          "param_str": ""
        }
      ],
      "failExec": [
        {
          "param": [],
          "param_str": ""
        }
      ],
      "beginExec": [
        {
          "param": [],
          "param_str": ""
        }
      ],
      "exclusiveNpcList": [1034],
      "exclusiveNpcPriority": 1000
    }
  ],
  "talks": [
    {
      "id": 201601,
      "beginWay": "TALK_BEGIN_MANUAL",
      "activeMode": "PLAY_MODE_SINGLE",
      "beginCond": [
        {
          "type": "QUEST_COND_STATE_EQUAL",
          "param": ["201601", "2"],
          "param_str": ""
        }
      ],
      "priority": 5,
      "initDialog": 20160101,
      "npcId": [1034],
      "performCfg": "QuestDialogue/AQ/Inazuma2_2016/Q201601",
      "heroTalk": "TALK_HERO_MAIN",
      "questId": 2016,
      "prePerformCfg": ""
    },
    {
      "id": 201604,
      "beginWay": "TALK_BEGIN_MANUAL",
      "activeMode": "PLAY_MODE_SINGLE",
      "beginCond": [
        {
          "type": "QUEST_COND_STATE_EQUAL",
          "param": ["201604", "2"],
          "param_str": ""
        }
      ],
      "priority": 5,
      "initDialog": 20160401,
      "npcId": [1034],
      "performCfg": "QuestDialogue/AQ/Inazuma2_2016/Q201604",
      "heroTalk": "TALK_HERO_MAIN",
      "questId": 2016,
      "prePerformCfg": ""
    },
    {
      "id": 201605,
      "beginWay": "TALK_BEGIN_MANUAL",
      "activeMode": "PLAY_MODE_SINGLE",
      "beginCond": [
        {
          "type": "QUEST_COND_STATE_EQUAL",
          "param": ["201609", "2"],
          "param_str": ""
        }
      ],
      "priority": 5,
      "initDialog": 20160501,
      "npcId": [1034],
      "performCfg": "QuestDialogue/AQ/Inazuma2_2016/Q201605",
      "heroTalk": "TALK_HERO_MAIN",
      "questId": 2016,
      "prePerformCfg": ""
    },
    {
      "id": 201606,
      "beginWay": "TALK_BEGIN_MANUAL",
      "activeMode": "PLAY_MODE_SINGLE",
      "beginCond": [
        {
          "type": "QUEST_COND_STATE_EQUAL",
          "param": ["201608", "2"],
          "param_str": ""
        }
      ],
      "priority": 5,
      "initDialog": 20160601,
      "npcId": [1034],
      "performCfg": "QuestDialogue/AQ/Inazuma2_2016/Q201606",
      "heroTalk": "TALK_HERO_MAIN",
      "questId": 2016,
      "prePerformCfg": ""
    },
    {
      "id": 201607,
      "beginWay": "TALK_BEGIN_MANUAL",
      "activeMode": "PLAY_MODE_SINGLE",
      "beginCond": [
        {
          "type": "QUEST_COND_STATE_EQUAL",
          "param": ["201607", "2"],
          "param_str": ""
        }
      ],
      "priority": 5,
      "initDialog": 20160701,
      "npcId": [1034],
      "performCfg": "QuestDialogue/AQ/Inazuma2_2016/Q201607",
      "heroTalk": "TALK_HERO_MAIN",
      "questId": 2016,
      "prePerformCfg": ""
    },
    {
      "id": 201650,
      "beginWay": "TALK_BEGIN_MANUAL",
      "activeMode": "PLAY_MODE_SINGLE",
      "beginCond": [
        {
          "type": "QUEST_COND_STATE_EQUAL",
          "param": ["201602", "2"],
          "param_str": ""
        }
      ],
      "priority": 5,
      "initDialog": 20155001,
      "npcId": [1034],
      "performCfg": "QuestDialogue/AQ/Inazuma2_2016/Q201650",
      "heroTalk": "TALK_HERO_MAIN",
      "questId": 2016,
      "prePerformCfg": ""
    },
    {
      "id": 201651,
      "beginWay": "TALK_BEGIN_MANUAL",
      "activeMode": "PLAY_MODE_SINGLE",
      "beginCond": [
        {
          "type": "QUEST_COND_STATE_EQUAL",
          "param": ["201603", "2"],
          "param_str": ""
        }
      ],
      "priority": 5,
      "initDialog": 20155101,
      "npcId": [1034],
      "performCfg": "QuestDialogue/AQ/Inazuma2_2016/Q201651",
      "heroTalk": "TALK_HERO_MAIN",
      "questId": 2016,
      "prePerformCfg": ""
    },
    {
      "id": 4008070,
      "beginWay": "TALK_BEGIN_MANUAL",
      "activeMode": "PLAY_MODE_HOST",
      "beginCond": [
        {
          "type": "QUEST_COND_ACTIVITY_CLIENT_COND",
          "param": ["2016", "2016037", "1"],
          "param_str": ""
        }
      ],
      "priority": 5,
      "initDialog": 400807001,
      "npcId": [30260, 30261],
      "performCfg": "QuestDialogue/EQ/Vintage_40080/Q4008070",
      "heroTalk": "TALK_HERO_MAIN",
      "loadType": "TALK_ACTIVITY",
      "questId": 2016,
      "prePerformCfg": ""
    },
    {
      "id": 4008071,
      "beginWay": "TALK_BEGIN_MANUAL",
      "activeMode": "PLAY_MODE_HOST",
      "beginCondComb": "LOGIC_AND",
      "beginCond": [
        {
          "type": "QUEST_COND_ACTIVITY_CLIENT_COND",
          "param": ["2016", "2016001", "1"],
          "param_str": ""
        },
        {
          "type": "QUEST_COND_STATE_EQUAL",
          "param": ["4008006", "3"],
          "param_str": ""
        }
      ],
      "priority": 5,
      "initDialog": 400807101,
      "npcId": [30261],
      "performCfg": "QuestDialogue/EQ/Vintage_40080/Q4008071",
      "heroTalk": "TALK_HERO_MAIN",
      "loadType": "TALK_ACTIVITY",
      "questId": 2016,
      "prePerformCfg": ""
    },
    {
      "id": 4008072,
      "beginWay": "TALK_BEGIN_MANUAL",
      "activeMode": "PLAY_MODE_HOST",
      "beginCondComb": "LOGIC_AND",
      "beginCond": [
        {
          "type": "QUEST_COND_ACTIVITY_CLIENT_COND",
          "param": ["2016", "2016001", "1"],
          "param_str": ""
        },
        {
          "type": "QUEST_COND_STATE_EQUAL",
          "param": ["4008006", "3"],
          "param_str": ""
        }
      ],
      "priority": 5,
      "initDialog": 400807201,
      "npcId": [30262],
      "performCfg": "QuestDialogue/EQ/Vintage_40080/Q4008072",
      "heroTalk": "TALK_HERO_MAIN",
      "loadType": "TALK_ACTIVITY",
      "questId": 2016,
      "prePerformCfg": ""
    },
    {
      "id": 4008073,
      "beginWay": "TALK_BEGIN_MANUAL",
      "activeMode": "PLAY_MODE_HOST",
      "beginCondComb": "LOGIC_AND",
      "beginCond": [
        {
          "type": "QUEST_COND_ACTIVITY_CLIENT_COND",
          "param": ["2016", "2016001", "1"],
          "param_str": ""
        },
        {
          "type": "QUEST_COND_STATE_EQUAL",
          "param": ["4008006", "3"],
          "param_str": ""
        }
      ],
      "priority": 5,
      "initDialog": 400807301,
      "npcId": [30260],
      "performCfg": "QuestDialogue/EQ/Vintage_40080/Q4008073",
      "heroTalk": "TALK_HERO_MAIN",
      "loadType": "TALK_ACTIVITY",
      "questId": 2016,
      "prePerformCfg": ""
    },
    {
      "id": 4008074,
      "beginWay": "TALK_BEGIN_MANUAL",
      "activeMode": "PLAY_MODE_HOST",
      "beginCondComb": "LOGIC_AND",
      "beginCond": [
        {
          "type": "QUEST_COND_ACTIVITY_CLIENT_COND",
          "param": ["2016", "2016001", "1"],
          "param_str": ""
        },
        {
          "type": "QUEST_COND_STATE_EQUAL",
          "param": ["4008006", "3"],
          "param_str": ""
        }
      ],
      "priority": 5,
      "initDialog": 400807401,
      "npcId": [30263],
      "performCfg": "QuestDialogue/EQ/Vintage_40080/Q4008074",
      "heroTalk": "TALK_HERO_MAIN",
      "loadType": "TALK_ACTIVITY",
      "questId": 2016,
      "prePerformCfg": ""
    },
    {
      "id": 4008075,
      "beginWay": "TALK_BEGIN_MANUAL",
      "activeMode": "PLAY_MODE_HOST",
      "beginCondComb": "LOGIC_AND",
      "beginCond": [
        {
          "type": "QUEST_COND_ACTIVITY_CLIENT_COND",
          "param": ["2016", "2016001", "1"],
          "param_str": ""
        },
        {
          "type": "QUEST_COND_STATE_EQUAL",
          "param": ["4008006", "3"],
          "param_str": ""
        }
      ],
      "priority": 5,
      "initDialog": 400807501,
      "npcId": [30264],
      "performCfg": "QuestDialogue/EQ/Vintage_40080/Q4008075",
      "heroTalk": "TALK_HERO_MAIN",
      "loadType": "TALK_ACTIVITY",
      "questId": 2016,
      "prePerformCfg": ""
    },
    {
      "id": 4008076,
      "beginWay": "TALK_BEGIN_MANUAL",
      "activeMode": "PLAY_MODE_HOST",
      "beginCondComb": "LOGIC_AND",
      "beginCond": [
        {
          "type": "QUEST_COND_ACTIVITY_CLIENT_COND",
          "param": ["2016", "2016001", "1"],
          "param_str": ""
        },
        {
          "type": "QUEST_COND_STATE_EQUAL",
          "param": ["4008006", "3"],
          "param_str": ""
        }
      ],
      "priority": 5,
      "initDialog": 400807601,
      "npcId": [30265],
      "performCfg": "QuestDialogue/EQ/Vintage_40080/Q4008076",
      "heroTalk": "TALK_HERO_MAIN",
      "loadType": "TALK_ACTIVITY",
      "questId": 2016,
      "prePerformCfg": ""
    },
    {
      "id": 4008801,
      "beginWay": "TALK_BEGIN_MANUAL",
      "activeMode": "PLAY_MODE_SINGLE",
      "beginCondComb": "LOGIC_AND",
      "beginCond": [
        {
          "type": "QUEST_COND_ACTIVITY_CLIENT_COND",
          "param": ["2016", "2016002", "1"],
          "param_str": ""
        },
        {
          "type": "QUEST_COND_ACTIVITY_CLIENT_COND",
          "param": ["2016", "2016001", "0"],
          "param_str": ""
        }
      ],
      "priority": 3,
      "initDialog": 400880101,
      "npcId": [30275],
      "performCfg": "",
      "heroTalk": "TALK_HERO_MAIN",
      "loadType": "TALK_ACTIVITY",
      "questId": 2016,
      "prePerformCfg": ""
    },
    {
      "id": 4008802,
      "beginWay": "TALK_BEGIN_MANUAL",
      "activeMode": "PLAY_MODE_SINGLE",
      "beginCond": [
        {
          "type": "QUEST_COND_ACTIVITY_CLIENT_COND",
          "param": ["2016", "2016001", "1"],
          "param_str": ""
        }
      ],
      "priority": 3,
      "nextTalks": [4008821, 4008820, 4008822, 4008823],
      "initDialog": 400880201,
      "npcId": [30235],
      "performCfg": "",
      "heroTalk": "TALK_HERO_MAIN",
      "loadType": "TALK_ACTIVITY",
      "questId": 2016,
      "prePerformCfg": ""
    },
    {
      "id": 4008803,
      "beginWay": "TALK_BEGIN_MANUAL",
      "activeMode": "PLAY_MODE_SINGLE",
      "beginCondComb": "LOGIC_AND",
      "beginCond": [
        {
          "type": "QUEST_COND_ACTIVITY_CLIENT_COND",
          "param": ["2016", "2016002", "1"],
          "param_str": ""
        },
        {
          "type": "QUEST_COND_ACTIVITY_CLIENT_COND",
          "param": ["2016", "2016001", "0"],
          "param_str": ""
        }
      ],
      "priority": 3,
      "initDialog": 400880301,
      "npcId": [30250],
      "performCfg": "",
      "heroTalk": "TALK_HERO_MAIN",
      "loadType": "TALK_ACTIVITY",
      "questId": 2016,
      "prePerformCfg": ""
    },
    {
      "id": 4008804,
      "beginWay": "TALK_BEGIN_MANUAL",
      "activeMode": "PLAY_MODE_SINGLE",
      "beginCond": [
        {
          "type": "QUEST_COND_ACTIVITY_CLIENT_COND",
          "param": ["2016", "2016001", "1"],
          "param_str": ""
        }
      ],
      "priority": 3,
      "initDialog": 400880401,
      "npcId": [30250],
      "performCfg": "",
      "heroTalk": "TALK_HERO_MAIN",
      "loadType": "TALK_ACTIVITY",
      "questId": 2016,
      "prePerformCfg": ""
    },
    {
      "id": 4008805,
      "beginWay": "TALK_BEGIN_MANUAL",
      "activeMode": "PLAY_MODE_SINGLE",
      "beginCond": [
        {
          "type": "QUEST_COND_ACTIVITY_CLIENT_COND",
          "param": ["2016", "2016001", "1"],
          "param_str": ""
        }
      ],
      "priority": 3,
      "nextTalks": [4008850, 4008851, 4008852],
      "initDialog": 400880501,
      "npcId": [30236],
      "performCfg": "",
      "heroTalk": "TALK_HERO_MAIN",
      "loadType": "TALK_ACTIVITY",
      "questId": 2016,
      "prePerformCfg": ""
    },
    {
      "id": 4008806,
      "beginWay": "TALK_BEGIN_MANUAL",
      "activeMode": "PLAY_MODE_SINGLE",
      "beginCond": [
        {
          "type": "QUEST_COND_ACTIVITY_CLIENT_COND",
          "param": ["2016", "2016001", "1"],
          "param_str": ""
        }
      ],
      "priority": 3,
      "initDialog": 400880601,
      "npcId": [30240],
      "performCfg": "",
      "heroTalk": "TALK_HERO_MAIN",
      "loadType": "TALK_ACTIVITY",
      "questId": 2016,
      "prePerformCfg": ""
    },
    {
      "id": 4008807,
      "beginWay": "TALK_BEGIN_MANUAL",
      "activeMode": "PLAY_MODE_SINGLE",
      "beginCond": [
        {
          "type": "QUEST_COND_ACTIVITY_CLIENT_COND",
          "param": ["2016", "2016001", "1"],
          "param_str": ""
        }
      ],
      "priority": 3,
      "initDialog": 400880701,
      "npcId": [30251],
      "performCfg": "",
      "heroTalk": "TALK_HERO_MAIN",
      "loadType": "TALK_ACTIVITY",
      "questId": 2016,
      "prePerformCfg": ""
    },
    {
      "id": 4008808,
      "beginWay": "TALK_BEGIN_MANUAL",
      "activeMode": "PLAY_MODE_SINGLE",
      "beginCond": [
        {
          "type": "QUEST_COND_ACTIVITY_CLIENT_COND",
          "param": ["2016", "2016001", "1"],
          "param_str": ""
        }
      ],
      "priority": 3,
      "initDialog": 400880801,
      "npcId": [30267],
      "performCfg": "",
      "heroTalk": "TALK_HERO_MAIN",
      "loadType": "TALK_ACTIVITY",
      "questId": 2016,
      "prePerformCfg": ""
    },
    {
      "id": 4008809,
      "beginWay": "TALK_BEGIN_MANUAL",
      "activeMode": "PLAY_MODE_SINGLE",
      "beginCond": [
        {
          "type": "QUEST_COND_ACTIVITY_CLIENT_COND",
          "param": ["2016", "2016001", "1"],
          "param_str": ""
        }
      ],
      "priority": 3,
      "initDialog": 400880901,
      "npcId": [30266],
      "performCfg": "",
      "heroTalk": "TALK_HERO_MAIN",
      "loadType": "TALK_ACTIVITY",
      "questId": 2016,
      "prePerformCfg": ""
    },
    {
      "id": 4008810,
      "beginWay": "TALK_BEGIN_MANUAL",
      "activeMode": "PLAY_MODE_SINGLE",
      "beginCond": [
        {
          "type": "QUEST_COND_ACTIVITY_CLIENT_COND",
          "param": ["2016", "2016001", "1"],
          "param_str": ""
        }
      ],
      "priority": 3,
      "initDialog": 400881001,
      "npcId": [30237],
      "performCfg": "",
      "heroTalk": "TALK_HERO_MAIN",
      "loadType": "TALK_ACTIVITY",
      "questId": 2016,
      "prePerformCfg": ""
    },
    {
      "id": 4008811,
      "beginWay": "TALK_BEGIN_MANUAL",
      "activeMode": "PLAY_MODE_SINGLE",
      "beginCond": [
        {
          "type": "QUEST_COND_ACTIVITY_CLIENT_COND",
          "param": ["2016", "2016001", "1"],
          "param_str": ""
        }
      ],
      "priority": 1,
      "initDialog": 400881101,
      "npcId": [30173],
      "performCfg": "",
      "heroTalk": "TALK_HERO_MAIN",
      "loadType": "TALK_ACTIVITY",
      "questId": 2016,
      "prePerformCfg": ""
    },
    {
      "id": 4008812,
      "beginWay": "TALK_BEGIN_MANUAL",
      "activeMode": "PLAY_MODE_SINGLE",
      "beginCond": [
        {
          "type": "QUEST_COND_ACTIVITY_CLIENT_COND",
          "param": ["2016", "2016028", "1"],
          "param_str": ""
        }
      ],
      "priority": 5,
      "nextTalks": [4008860, 4008861],
      "initDialog": 400881201,
      "npcId": [30243],
      "performCfg": "",
      "heroTalk": "TALK_HERO_MAIN",
      "loadType": "TALK_ACTIVITY",
      "questId": 2016,
      "prePerformCfg": ""
    },
    {
      "id": 4008813,
      "beginWay": "TALK_BEGIN_MANUAL",
      "activeMode": "PLAY_MODE_SINGLE",
      "beginCond": [
        {
          "type": "QUEST_COND_ACTIVITY_CLIENT_COND",
          "param": ["2016", "2016028", "1"],
          "param_str": ""
        }
      ],
      "priority": 5,
      "nextTalks": [4008862, 4008863],
      "initDialog": 400881301,
      "npcId": [30244],
      "performCfg": "",
      "heroTalk": "TALK_HERO_MAIN",
      "loadType": "TALK_ACTIVITY",
      "questId": 2016,
      "prePerformCfg": ""
    },
    {
      "id": 4008814,
      "beginWay": "TALK_BEGIN_MANUAL",
      "activeMode": "PLAY_MODE_SINGLE",
      "beginCond": [
        {
          "type": "QUEST_COND_ACTIVITY_CLIENT_COND",
          "param": ["2016", "2016025", "1"],
          "param_str": ""
        }
      ],
      "priority": 5,
      "nextTalks": [4008864, 4008865],
      "initDialog": 400881401,
      "npcId": [30234],
      "performCfg": "",
      "heroTalk": "TALK_HERO_MAIN",
      "loadType": "TALK_ACTIVITY",
      "questId": 2016,
      "prePerformCfg": ""
    },
    {
      "id": 4008815,
      "beginWay": "TALK_BEGIN_MANUAL",
      "activeMode": "PLAY_MODE_SINGLE",
      "beginCond": [
        {
          "type": "QUEST_COND_ACTIVITY_CLIENT_COND",
          "param": ["2016", "2016030", "1"],
          "param_str": ""
        }
      ],
      "priority": 5,
      "initDialog": 400881501,
      "npcId": [30267],
      "performCfg": "",
      "heroTalk": "TALK_HERO_MAIN",
      "loadType": "TALK_ACTIVITY",
      "questId": 2016,
      "prePerformCfg": ""
    },
    {
      "id": 4008816,
      "beginWay": "TALK_BEGIN_MANUAL",
      "activeMode": "PLAY_MODE_SINGLE",
      "beginCond": [
        {
          "type": "QUEST_COND_ACTIVITY_CLIENT_COND",
          "param": ["2016", "2016030", "1"],
          "param_str": ""
        }
      ],
      "priority": 5,
      "initDialog": 400881601,
      "npcId": [30266],
      "performCfg": "",
      "heroTalk": "TALK_HERO_MAIN",
      "loadType": "TALK_ACTIVITY",
      "questId": 2016,
      "prePerformCfg": ""
    },
    {
      "id": 4008817,
      "beginWay": "TALK_BEGIN_MANUAL",
      "activeMode": "PLAY_MODE_SINGLE",
      "beginCondComb": "LOGIC_AND",
      "beginCond": [
        {
          "type": "QUEST_COND_ACTIVITY_CLIENT_COND",
          "param": ["2016", "2016022", "1"],
          "param_str": ""
        },
        {
          "type": "QUEST_COND_ACTIVITY_CLIENT_COND",
          "param": ["2016", "2016025", "0"],
          "param_str": ""
        }
      ],
      "priority": 5,
      "initDialog": 400881701,
      "npcId": [30274],
      "performCfg": "",
      "heroTalk": "TALK_HERO_MAIN",
      "loadType": "TALK_ACTIVITY",
      "questId": 2016,
      "prePerformCfg": ""
    },
    {
      "id": 4008820,
      "activeMode": "PLAY_MODE_SINGLE",
      "priority": 1,
      "initDialog": 400882001,
      "npcId": [30235],
      "performCfg": "",
      "heroTalk": "TALK_HERO_MAIN",
      "loadType": "TALK_ACTIVITY",
      "questId": 2016,
      "prePerformCfg": ""
    },
    {
      "id": 4008821,
      "activeMode": "PLAY_MODE_SINGLE",
      "beginCondComb": "LOGIC_AND",
      "beginCond": [
        {
          "type": "QUEST_COND_ACTIVITY_CLIENT_COND",
          "param": ["2016", "2016023", "1"],
          "param_str": ""
        },
        {
          "type": "QUEST_COND_ACTIVITY_CLIENT_COND",
          "param": ["2016", "2016030", "0"],
          "param_str": ""
        }
      ],
      "priority": 1,
      "initDialog": 400882101,
      "npcId": [30235],
      "performCfg": "",
      "heroTalk": "TALK_HERO_MAIN",
      "loadType": "TALK_ACTIVITY",
      "questId": 2016,
      "prePerformCfg": ""
    },
    {
      "id": 4008822,
      "activeMode": "PLAY_MODE_SINGLE",
      "priority": 1,
      "initDialog": 400882201,
      "npcId": [30235],
      "performCfg": "",
      "heroTalk": "TALK_HERO_MAIN",
      "loadType": "TALK_ACTIVITY",
      "questId": 2016,
      "prePerformCfg": ""
    },
    {
      "id": 4008823,
      "activeMode": "PLAY_MODE_SINGLE",
      "priority": 1,
      "initDialog": 400882301,
      "npcId": [30235],
      "performCfg": "",
      "heroTalk": "TALK_HERO_MAIN",
      "loadType": "TALK_ACTIVITY",
      "questId": 2016,
      "prePerformCfg": ""
    },
    {
      "id": 4008830,
      "activeMode": "PLAY_MODE_HOST",
      "beginCond": [
        {
          "type": "QUEST_COND_ACTIVITY_CLIENT_COND",
          "param": ["2016", "2016001", "1"],
          "param_str": ""
        }
      ],
      "priority": 5,
      "nextTalks": [4008844],
      "initDialog": 400883001,
      "npcId": [30234],
      "performCfg": "QuestDialogue/EQ/Vintage_40088/Q4008830",
      "heroTalk": "TALK_HERO_MAIN",
      "loadType": "TALK_ACTIVITY",
      "questId": 2016,
      "prePerformCfg": ""
    },
    {
      "id": 4008831,
      "activeMode": "PLAY_MODE_HOST",
      "beginCond": [
        {
          "type": "QUEST_COND_ACTIVITY_CLIENT_COND",
          "param": ["2016", "2016001", "1"],
          "param_str": ""
        }
      ],
      "priority": 5,
      "nextTalks": [4008844],
      "initDialog": 400883101,
      "npcId": [30234],
      "performCfg": "QuestDialogue/EQ/Vintage_40088/Q4008831",
      "heroTalk": "TALK_HERO_MAIN",
      "loadType": "TALK_ACTIVITY",
      "questId": 2016,
      "prePerformCfg": ""
    },
    {
      "id": 4008832,
      "activeMode": "PLAY_MODE_HOST",
      "beginCond": [
        {
          "type": "QUEST_COND_ACTIVITY_CLIENT_COND",
          "param": ["2016", "2016001", "1"],
          "param_str": ""
        }
      ],
      "priority": 5,
      "nextTalks": [4008833, 4008834],
      "initDialog": 400883201,
      "npcId": [30234],
      "performCfg": "QuestDialogue/EQ/Vintage_40088/Q4008832",
      "heroTalk": "TALK_HERO_MAIN",
      "loadType": "TALK_ACTIVITY",
      "questId": 2016,
      "prePerformCfg": ""
    },
    {
      "id": 4008833,
      "activeMode": "PLAY_MODE_HOST",
      "beginCond": [
        {
          "type": "QUEST_COND_ACTIVITY_CLIENT_COND",
          "param": ["2016", "2016001", "1"],
          "param_str": ""
        }
      ],
      "priority": 5,
      "nextTalks": [4008844],
      "initDialog": 400883301,
      "npcId": [30234],
      "performCfg": "QuestDialogue/EQ/Vintage_40088/Q4008833",
      "heroTalk": "TALK_HERO_MAIN",
      "loadType": "TALK_ACTIVITY",
      "questId": 2016,
      "prePerformCfg": ""
    },
    {
      "id": 4008834,
      "activeMode": "PLAY_MODE_HOST",
      "beginCond": [
        {
          "type": "QUEST_COND_ACTIVITY_CLIENT_COND",
          "param": ["2016", "2016001", "1"],
          "param_str": ""
        }
      ],
      "priority": 5,
      "nextTalks": [4008844],
      "initDialog": 400883401,
      "npcId": [30234],
      "performCfg": "QuestDialogue/EQ/Vintage_40088/Q4008834",
      "heroTalk": "TALK_HERO_MAIN",
      "loadType": "TALK_ACTIVITY",
      "questId": 2016,
      "prePerformCfg": ""
    },
    {
      "id": 4008835,
      "activeMode": "PLAY_MODE_HOST",
      "beginCond": [
        {
          "type": "QUEST_COND_ACTIVITY_CLIENT_COND",
          "param": ["2016", "2016001", "1"],
          "param_str": ""
        }
      ],
      "priority": 5,
      "nextTalks": [4008836, 4008837],
      "initDialog": 400883501,
      "npcId": [30243],
      "performCfg": "QuestDialogue/EQ/Vintage_40088/Q4008835",
      "heroTalk": "TALK_HERO_MAIN",
      "loadType": "TALK_ACTIVITY",
      "questId": 2016,
      "prePerformCfg": ""
    },
    {
      "id": 4008836,
      "activeMode": "PLAY_MODE_HOST",
      "beginCond": [
        {
          "type": "QUEST_COND_ACTIVITY_CLIENT_COND",
          "param": ["2016", "2016001", "1"],
          "param_str": ""
        }
      ],
      "priority": 5,
      "nextTalks": [4008845],
      "initDialog": 400883601,
      "npcId": [30243],
      "performCfg": "QuestDialogue/EQ/Vintage_40088/Q4008836",
      "heroTalk": "TALK_HERO_MAIN",
      "loadType": "TALK_ACTIVITY",
      "questId": 2016,
      "prePerformCfg": ""
    },
    {
      "id": 4008837,
      "activeMode": "PLAY_MODE_HOST",
      "beginCond": [
        {
          "type": "QUEST_COND_ACTIVITY_CLIENT_COND",
          "param": ["2016", "2016001", "1"],
          "param_str": ""
        }
      ],
      "priority": 5,
      "nextTalks": [4008845],
      "initDialog": 400883701,
      "npcId": [30243],
      "performCfg": "QuestDialogue/EQ/Vintage_40088/Q4008837",
      "heroTalk": "TALK_HERO_MAIN",
      "loadType": "TALK_ACTIVITY",
      "questId": 2016,
      "prePerformCfg": ""
    },
    {
      "id": 4008838,
      "activeMode": "PLAY_MODE_HOST",
      "beginCond": [
        {
          "type": "QUEST_COND_ACTIVITY_CLIENT_COND",
          "param": ["2016", "2016001", "1"],
          "param_str": ""
        }
      ],
      "priority": 5,
      "nextTalks": [4008839, 4008840],
      "initDialog": 400883801,
      "npcId": [30244],
      "performCfg": "QuestDialogue/EQ/Vintage_40088/Q4008838",
      "heroTalk": "TALK_HERO_MAIN",
      "loadType": "TALK_ACTIVITY",
      "questId": 2016,
      "prePerformCfg": ""
    },
    {
      "id": 4008839,
      "activeMode": "PLAY_MODE_HOST",
      "beginCond": [
        {
          "type": "QUEST_COND_ACTIVITY_CLIENT_COND",
          "param": ["2016", "2016001", "1"],
          "param_str": ""
        }
      ],
      "priority": 5,
      "nextTalks": [4008846],
      "initDialog": 400883901,
      "npcId": [30244],
      "performCfg": "QuestDialogue/EQ/Vintage_40088/Q4008839",
      "heroTalk": "TALK_HERO_MAIN",
      "loadType": "TALK_ACTIVITY",
      "questId": 2016,
      "prePerformCfg": ""
    },
    {
      "id": 4008840,
      "activeMode": "PLAY_MODE_HOST",
      "beginCond": [
        {
          "type": "QUEST_COND_ACTIVITY_CLIENT_COND",
          "param": ["2016", "2016001", "1"],
          "param_str": ""
        }
      ],
      "priority": 5,
      "nextTalks": [4008846],
      "initDialog": 400884001,
      "npcId": [30244],
      "performCfg": "QuestDialogue/EQ/Vintage_40088/Q4008840",
      "heroTalk": "TALK_HERO_MAIN",
      "loadType": "TALK_ACTIVITY",
      "questId": 2016,
      "prePerformCfg": ""
    },
    {
      "id": 4008841,
      "activeMode": "PLAY_MODE_HOST",
      "beginCond": [
        {
          "type": "QUEST_COND_ACTIVITY_CLIENT_COND",
          "param": ["2016", "2016001", "1"],
          "param_str": ""
        }
      ],
      "priority": 5,
      "nextTalks": [4008842, 4008843],
      "initDialog": 400884101,
      "npcId": [30234],
      "performCfg": "QuestDialogue/EQ/Vintage_40088/Q4008841",
      "heroTalk": "TALK_HERO_MAIN",
      "loadType": "TALK_ACTIVITY",
      "questId": 2016,
      "prePerformCfg": ""
    },
    {
      "id": 4008842,
      "activeMode": "PLAY_MODE_HOST",
      "beginCond": [
        {
          "type": "QUEST_COND_ACTIVITY_CLIENT_COND",
          "param": ["2016", "2016001", "1"],
          "param_str": ""
        }
      ],
      "priority": 5,
      "nextTalks": [4008844],
      "initDialog": 400884201,
      "npcId": [30234],
      "performCfg": "QuestDialogue/EQ/Vintage_40088/Q4008842",
      "heroTalk": "TALK_HERO_MAIN",
      "loadType": "TALK_ACTIVITY",
      "questId": 2016,
      "prePerformCfg": ""
    },
    {
      "id": 4008843,
      "activeMode": "PLAY_MODE_HOST",
      "beginCond": [
        {
          "type": "QUEST_COND_ACTIVITY_CLIENT_COND",
          "param": ["2016", "2016001", "1"],
          "param_str": ""
        }
      ],
      "priority": 5,
      "nextTalks": [4008844],
      "initDialog": 400884301,
      "npcId": [30234],
      "performCfg": "QuestDialogue/EQ/Vintage_40088/Q4008843",
      "heroTalk": "TALK_HERO_MAIN",
      "loadType": "TALK_ACTIVITY",
      "questId": 2016,
      "prePerformCfg": ""
    },
    {
      "id": 4008844,
      "activeMode": "PLAY_MODE_HOST",
      "beginCond": [
        {
          "type": "QUEST_COND_ACTIVITY_CLIENT_COND",
          "param": ["2016", "2016001", "1"],
          "param_str": ""
        }
      ],
      "priority": 5,
      "initDialog": 400884401,
      "npcId": [30234, 30244, 30243],
      "performCfg": "UI/open_activity_vintage_marketmainpage_30234",
      "heroTalk": "TALK_HERO_MAIN",
      "loadType": "TALK_ACTIVITY",
      "questId": 2016,
      "prePerformCfg": ""
    },
    {
      "id": 4008845,
      "activeMode": "PLAY_MODE_HOST",
      "beginCond": [
        {
          "type": "QUEST_COND_ACTIVITY_CLIENT_COND",
          "param": ["2016", "2016001", "1"],
          "param_str": ""
        }
      ],
      "priority": 5,
      "initDialog": 400884501,
      "npcId": [30234, 30244, 30243],
      "performCfg": "UI/open_activity_vintage_marketmainpage_30243",
      "heroTalk": "TALK_HERO_MAIN",
      "loadType": "TALK_ACTIVITY",
      "questId": 2016,
      "prePerformCfg": ""
    },
    {
      "id": 4008846,
      "activeMode": "PLAY_MODE_HOST",
      "beginCond": [
        {
          "type": "QUEST_COND_ACTIVITY_CLIENT_COND",
          "param": ["2016", "2016001", "1"],
          "param_str": ""
        }
      ],
      "priority": 5,
      "initDialog": 400884601,
      "npcId": [30234, 30244, 30243],
      "performCfg": "UI/open_activity_vintage_marketmainpage_30244",
      "heroTalk": "TALK_HERO_MAIN",
      "loadType": "TALK_ACTIVITY",
      "questId": 2016,
      "prePerformCfg": ""
    },
    {
      "id": 4008850,
      "activeMode": "PLAY_MODE_SINGLE",
      "beginCondComb": "LOGIC_AND",
      "beginCond": [
        {
          "type": "QUEST_COND_ACTIVITY_CLIENT_COND",
          "param": ["2016", "2016023", "1"],
          "param_str": ""
        },
        {
          "type": "QUEST_COND_ACTIVITY_CLIENT_COND",
          "param": ["2016", "2016030", "0"],
          "param_str": ""
        }
      ],
      "priority": 1,
      "initDialog": 400885001,
      "npcId": [30236],
      "performCfg": "",
      "heroTalk": "TALK_HERO_MAIN",
      "loadType": "TALK_ACTIVITY",
      "questId": 2016,
      "prePerformCfg": ""
    },
    {
      "id": 4008851,
      "activeMode": "PLAY_MODE_SINGLE",
      "priority": 1,
      "initDialog": 400885101,
      "npcId": [30236],
      "performCfg": "",
      "heroTalk": "TALK_HERO_MAIN",
      "loadType": "TALK_ACTIVITY",
      "questId": 2016,
      "prePerformCfg": ""
    },
    {
      "id": 4008852,
      "activeMode": "PLAY_MODE_SINGLE",
      "priority": 1,
      "initDialog": 400885201,
      "npcId": [30236],
      "performCfg": "",
      "heroTalk": "TALK_HERO_MAIN",
      "loadType": "TALK_ACTIVITY",
      "questId": 2016,
      "prePerformCfg": ""
    },
    {
      "id": 4008860,
      "activeMode": "PLAY_MODE_SINGLE",
      "priority": 3,
      "nextTalks": [4008845],
      "initDialog": 400881202,
      "npcId": [30243],
      "performCfg": "",
      "heroTalk": "TALK_HERO_MAIN",
      "loadType": "TALK_ACTIVITY",
      "questId": 2016,
      "prePerformCfg": ""
    },
    {
      "id": 4008861,
      "activeMode": "PLAY_MODE_SINGLE",
      "priority": 3,
      "initDialog": 400881204,
      "npcId": [30243],
      "performCfg": "",
      "heroTalk": "TALK_HERO_MAIN",
      "loadType": "TALK_ACTIVITY",
      "questId": 2016,
      "prePerformCfg": ""
    },
    {
      "id": 4008862,
      "activeMode": "PLAY_MODE_SINGLE",
      "priority": 3,
      "nextTalks": [4008846],
      "initDialog": 400881302,
      "npcId": [30244],
      "performCfg": "",
      "heroTalk": "TALK_HERO_MAIN",
      "loadType": "TALK_ACTIVITY",
      "questId": 2016,
      "prePerformCfg": ""
    },
    {
      "id": 4008863,
      "activeMode": "PLAY_MODE_SINGLE",
      "priority": 3,
      "initDialog": 400881304,
      "npcId": [30244],
      "performCfg": "",
      "heroTalk": "TALK_HERO_MAIN",
      "loadType": "TALK_ACTIVITY",
      "questId": 2016,
      "prePerformCfg": ""
    },
    {
      "id": 4008864,
      "activeMode": "PLAY_MODE_SINGLE",
      "priority": 3,
      "nextTalks": [4008844],
      "initDialog": 400881402,
      "npcId": [30234],
      "performCfg": "",
      "heroTalk": "TALK_HERO_MAIN",
      "loadType": "TALK_ACTIVITY",
      "questId": 2016,
      "prePerformCfg": ""
    },
    {
      "id": 4008865,
      "activeMode": "PLAY_MODE_SINGLE",
      "priority": 3,
      "initDialog": 400881404,
      "npcId": [30234],
      "performCfg": "",
      "heroTalk": "TALK_HERO_MAIN",
      "loadType": "TALK_ACTIVITY",
      "questId": 2016,
      "prePerformCfg": ""
    },
    {
      "id": 4008870,
      "beginWay": "TALK_BEGIN_MANUAL",
      "activeMode": "PLAY_MODE_SINGLE",
      "beginCond": [
        {
          "type": "QUEST_COND_ACTIVITY_CLIENT_COND",
          "param": ["2016", "2016001", "1"],
          "param_str": ""
        }
      ],
      "priority": 5,
      "initDialog": 400887001,
      "npcId": [1401, 1403],
      "performCfg": "",
      "loadType": "TALK_ACTIVITY",
      "questId": 2016,
      "prePerformCfg": ""
    },
    {
      "id": 4008871,
      "activeMode": "PLAY_MODE_SINGLE",
      "beginCondComb": "LOGIC_AND",
      "beginCond": [
        {
          "type": "QUEST_COND_ACTIVITY_CLIENT_COND",
          "param": ["2016", "2016001", "1"],
          "param_str": ""
        },
        {
          "type": "QUEST_COND_STATE_EQUAL",
          "param": ["4007813", "3"],
          "param_str": ""
        }
      ],
      "priority": 3,
      "initDialog": 400887101,
      "npcId": [1439],
      "performCfg": "",
      "loadType": "TALK_ACTIVITY",
      "questId": 2016,
      "prePerformCfg": "",
      "stayFreeStyle": true
    },
    {
      "id": 4008872,
      "beginWay": "TALK_BEGIN_MANUAL",
      "activeMode": "PLAY_MODE_SINGLE",
      "beginCondComb": "LOGIC_AND",
      "beginCond": [
        {
          "type": "QUEST_COND_ACTIVITY_CLIENT_COND",
          "param": ["2016", "2016001", "1"],
          "param_str": ""
        },
        {
          "type": "QUEST_COND_IS_DAYTIME",
          "param": ["0", "0"],
          "param_str": ""
        }
      ],
      "priority": 5,
      "initDialog": 400887201,
      "npcId": [1404],
      "performCfg": "",
      "loadType": "TALK_ACTIVITY",
      "questId": 2016,
      "prePerformCfg": ""
    },
    {
      "id": 4008875,
      "beginWay": "TALK_BEGIN_MANUAL",
      "activeMode": "PLAY_MODE_SINGLE",
      "beginCond": [
        {
          "type": "QUEST_COND_ACTIVITY_CLIENT_COND",
          "param": ["2016", "2016001", "1"],
          "param_str": ""
        }
      ],
      "priority": 5,
      "nextTalks": [
        2074004, 2074005, 2074006, 2074007, 7081008, 7081011, 7081012, 1010061,
        6142502, 6142503, 6142504, 46410, 41710, 41711
      ],
      "initDialog": 400887501,
      "npcId": [1425],
      "performCfg": "",
      "loadType": "TALK_ACTIVITY",
      "questId": 2016,
      "prePerformCfg": ""
    },
    {
      "id": 4008877,
      "beginWay": "TALK_BEGIN_MANUAL",
      "activeMode": "PLAY_MODE_SINGLE",
      "beginCond": [
        {
          "type": "QUEST_COND_ACTIVITY_CLIENT_COND",
          "param": ["2016", "2016001", "1"],
          "param_str": ""
        }
      ],
      "priority": 5,
      "nextTalks": [6146704, 6146702, 6146703, 7090501],
      "initDialog": 400887701,
      "npcId": [1467],
      "performCfg": "",
      "loadType": "TALK_ACTIVITY",
      "questId": 2016,
      "prePerformCfg": ""
    },
    {
      "id": 4008878,
      "activeMode": "PLAY_MODE_SINGLE",
      "beginCondComb": "LOGIC_AND",
      "beginCond": [
        {
          "type": "QUEST_COND_ACTIVITY_CLIENT_COND",
          "param": ["2016", "2016001", "1"],
          "param_str": ""
        },
        {
          "type": "QUEST_COND_STATE_EQUAL",
          "param": ["4007813", "3"],
          "param_str": ""
        }
      ],
      "priority": 3,
      "initDialog": 400887801,
      "npcId": [1433],
      "performCfg": "",
      "loadType": "TALK_ACTIVITY",
      "questId": 2016,
      "prePerformCfg": ""
    },
    {
      "id": 4008879,
      "beginWay": "TALK_BEGIN_MANUAL",
      "activeMode": "PLAY_MODE_SINGLE",
      "beginCondComb": "LOGIC_AND",
      "beginCond": [
        {
          "type": "QUEST_COND_ACTIVITY_CLIENT_COND",
          "param": ["2016", "2016001", "1"],
          "param_str": ""
        },
        {
          "type": "QUEST_COND_STATE_EQUAL",
          "param": ["4007813", "3"],
          "param_str": ""
        }
      ],
      "priority": 5,
      "nextTalks": [4008871, 6143905, 6143908, 6143906, 6143907],
      "initDialog": 400887901,
      "npcId": [1439],
      "performCfg": "",
      "loadType": "TALK_ACTIVITY",
      "questId": 2016,
      "prePerformCfg": ""
    },
    {
      "id": 4008880,
      "beginWay": "TALK_BEGIN_MANUAL",
      "activeMode": "PLAY_MODE_SINGLE",
      "beginCond": [
        {
          "type": "QUEST_COND_ACTIVITY_CLIENT_COND",
          "param": ["2016", "2016001", "1"],
          "param_str": ""
        }
      ],
      "priority": 5,
      "initDialog": 400888001,
      "npcId": [1441],
      "performCfg": "",
      "loadType": "TALK_ACTIVITY",
      "questId": 2016,
      "prePerformCfg": ""
    },
    {
      "id": 4008881,
      "beginWay": "TALK_BEGIN_MANUAL",
      "activeMode": "PLAY_MODE_SINGLE",
      "beginCond": [
        {
          "type": "QUEST_COND_ACTIVITY_CLIENT_COND",
          "param": ["2016", "2016001", "1"],
          "param_str": ""
        }
      ],
      "priority": 5,
      "nextTalks": [6145702, 6145703],
      "initDialog": 400888101,
      "npcId": [1457],
      "performCfg": "",
      "loadType": "TALK_ACTIVITY",
      "questId": 2016,
      "prePerformCfg": ""
    },
    {
      "id": 4008882,
      "beginWay": "TALK_BEGIN_MANUAL",
      "activeMode": "PLAY_MODE_SINGLE",
      "beginCondComb": "LOGIC_AND",
      "beginCond": [
        {
          "type": "QUEST_COND_ACTIVITY_CLIENT_COND",
          "param": ["2016", "2016001", "1"],
          "param_str": ""
        },
        {
          "type": "QUEST_COND_STATE_EQUAL",
          "param": ["4007813", "3"],
          "param_str": ""
        },
        {
          "type": "QUEST_COND_IS_DAYTIME",
          "param": ["1", "0"],
          "param_str": ""
        }
      ],
      "priority": 5,
      "nextTalks": [6140903, 46111, 46110, 40215, 40216, 40217],
      "initDialog": 400888201,
      "npcId": [1409],
      "performCfg": "",
      "loadType": "TALK_ACTIVITY",
      "questId": 2016,
      "prePerformCfg": ""
    },
    {
      "id": 4008883,
      "beginWay": "TALK_BEGIN_MANUAL",
      "activeMode": "PLAY_MODE_SINGLE",
      "beginCondComb": "LOGIC_AND",
      "beginCond": [
        {
          "type": "QUEST_COND_ACTIVITY_CLIENT_COND",
          "param": ["2016", "2016001", "1"],
          "param_str": ""
        },
        {
          "type": "QUEST_COND_STATE_EQUAL",
          "param": ["4008006", "3"],
          "param_str": ""
        }
      ],
      "priority": 5,
      "nextTalks": [6145305, 6145302, 6145303, 6145304],
      "initDialog": 400888301,
      "npcId": [1453],
      "performCfg": "",
      "loadType": "TALK_ACTIVITY",
      "questId": 2016,
      "prePerformCfg": ""
    },
    {
      "id": 4008884,
      "beginWay": "TALK_BEGIN_MANUAL",
      "activeMode": "PLAY_MODE_SINGLE",
      "beginCond": [
        {
          "type": "QUEST_COND_ACTIVITY_CLIENT_COND",
          "param": ["2016", "2016001", "1"],
          "param_str": ""
        }
      ],
      "priority": 5,
      "nextTalks": [6143106, 6143107, 6143108],
      "initDialog": 400888401,
      "npcId": [1431],
      "performCfg": "",
      "loadType": "TALK_ACTIVITY",
      "questId": 2016,
      "prePerformCfg": ""
    },
    {
      "id": 4008885,
      "beginWay": "TALK_BEGIN_MANUAL",
      "activeMode": "PLAY_MODE_SINGLE",
      "beginCond": [
        {
          "type": "QUEST_COND_ACTIVITY_CLIENT_COND",
          "param": ["2016", "2016001", "1"],
          "param_str": ""
        }
      ],
      "priority": 5,
      "nextTalks": [6146105, 6146104, 46415, 6146102, 6146103],
      "initDialog": 400888501,
      "npcId": [1461],
      "performCfg": "",
      "loadType": "TALK_ACTIVITY",
      "questId": 2016,
      "prePerformCfg": ""
    },
    {
      "id": 4008886,
      "beginWay": "TALK_BEGIN_MANUAL",
      "activeMode": "PLAY_MODE_SINGLE",
      "beginCondComb": "LOGIC_AND",
      "beginCond": [
        {
          "type": "QUEST_COND_ACTIVITY_CLIENT_COND",
          "param": ["2016", "2016001", "1"],
          "param_str": ""
        },
        {
          "type": "QUEST_COND_STATE_EQUAL",
          "param": ["4007813", "3"],
          "param_str": ""
        }
      ],
      "priority": 5,
      "nextTalks": [7070101, 6152105, 6152102, 6152103, 6152104],
      "initDialog": 400888601,
      "npcId": [1521],
      "performCfg": "",
      "loadType": "TALK_ACTIVITY",
      "questId": 2016,
      "prePerformCfg": ""
    },
    {
      "id": 4008887,
      "beginWay": "TALK_BEGIN_MANUAL",
      "activeMode": "PLAY_MODE_SINGLE",
      "beginCond": [
        {
          "type": "QUEST_COND_ACTIVITY_CLIENT_COND",
          "param": ["2016", "2016001", "1"],
          "param_str": ""
        }
      ],
      "priority": 5,
      "nextTalks": [6147705, 6147702, 6147703, 6147704],
      "initDialog": 400888701,
      "npcId": [1477],
      "performCfg": "",
      "loadType": "TALK_ACTIVITY",
      "questId": 2016,
      "prePerformCfg": ""
    },
    {
      "id": 4008888,
      "beginWay": "TALK_BEGIN_MANUAL",
      "activeMode": "PLAY_MODE_SINGLE",
      "beginCondComb": "LOGIC_AND",
      "beginCond": [
        {
          "type": "QUEST_COND_ACTIVITY_CLIENT_COND",
          "param": ["2016", "2016001", "1"],
          "param_str": ""
        },
        {
          "type": "QUEST_COND_STATE_EQUAL",
          "param": ["4008006", "3"],
          "param_str": ""
        }
      ],
      "priority": 5,
      "nextTalks": [6164205, 6164202, 7091701, 6164203],
      "initDialog": 400888801,
      "npcId": [1642],
      "performCfg": "",
      "loadType": "TALK_ACTIVITY",
      "questId": 2016,
      "prePerformCfg": ""
    },
    {
      "id": 4008889,
      "activeMode": "PLAY_MODE_SINGLE",
      "beginCondComb": "LOGIC_AND",
      "beginCond": [
        {
          "type": "QUEST_COND_ACTIVITY_CLIENT_COND",
          "param": ["2016", "2016001", "1"],
          "param_str": ""
        },
        {
          "type": "QUEST_COND_STATE_EQUAL",
          "param": ["4008006", "3"],
          "param_str": ""
        }
      ],
      "priority": 3,
      "initDialog": 400888901,
      "npcId": [1663],
      "performCfg": "",
      "loadType": "TALK_ACTIVITY",
      "questId": 2016,
      "prePerformCfg": ""
    },
    {
      "id": 4008890,
      "beginWay": "TALK_BEGIN_MANUAL",
      "activeMode": "PLAY_MODE_SINGLE",
      "beginCondComb": "LOGIC_AND",
      "beginCond": [
        {
          "type": "QUEST_COND_ACTIVITY_CLIENT_COND",
          "param": ["2016", "2016001", "1"],
          "param_str": ""
        },
        {
          "type": "QUEST_COND_STATE_EQUAL",
          "param": ["4008006", "3"],
          "param_str": ""
        }
      ],
      "priority": 5,
      "nextTalks": [6152702, 6152703],
      "initDialog": 400889001,
      "npcId": [1527],
      "performCfg": "",
      "loadType": "TALK_ACTIVITY",
      "questId": 2016,
      "prePerformCfg": ""
    },
    {
      "id": 4008891,
      "activeMode": "PLAY_MODE_SINGLE",
      "beginCondComb": "LOGIC_AND",
      "beginCond": [
        {
          "type": "QUEST_COND_ACTIVITY_CLIENT_COND",
          "param": ["2016", "2016001", "1"],
          "param_str": ""
        },
        {
          "type": "QUEST_COND_STATE_EQUAL",
          "param": ["4007912", "3"],
          "param_str": ""
        }
      ],
      "priority": 3,
      "initDialog": 400889101,
      "npcId": [1531],
      "performCfg": "",
      "loadType": "TALK_ACTIVITY",
      "questId": 2016,
      "prePerformCfg": ""
    },
    {
      "id": 4008892,
      "beginWay": "TALK_BEGIN_MANUAL",
      "activeMode": "PLAY_MODE_SINGLE",
      "beginCondComb": "LOGIC_AND",
      "beginCond": [
        {
          "type": "QUEST_COND_ACTIVITY_CLIENT_COND",
          "param": ["2016", "2016001", "1"],
          "param_str": ""
        },
        {
          "type": "QUEST_COND_IS_DAYTIME",
          "param": ["1", "0"],
          "param_str": ""
        }
      ],
      "priority": 5,
      "nextTalks": [
        2006101, 2006104, 2006105, 2006109, 2006110, 2006113, 8153701, 6153710,
        6153702, 6153703, 6153704
      ],
      "initDialog": 400889201,
      "npcId": [1537],
      "performCfg": "",
      "loadType": "TALK_ACTIVITY",
      "questId": 2016,
      "prePerformCfg": ""
    },
    {
      "id": 4008893,
      "beginWay": "TALK_BEGIN_MANUAL",
      "activeMode": "PLAY_MODE_SINGLE",
      "beginCond": [
        {
          "type": "QUEST_COND_ACTIVITY_CLIENT_COND",
          "param": ["2016", "2016001", "1"],
          "param_str": ""
        }
      ],
      "priority": 5,
      "nextTalks": [6153902, 6153903, 6153904],
      "initDialog": 400889301,
      "npcId": [1539],
      "performCfg": "",
      "loadType": "TALK_ACTIVITY",
      "questId": 2016,
      "prePerformCfg": ""
    },
    {
      "id": 4008894,
      "beginWay": "TALK_BEGIN_MANUAL",
      "activeMode": "PLAY_MODE_SINGLE",
      "beginCondComb": "LOGIC_AND",
      "beginCond": [
        {
          "type": "QUEST_COND_ACTIVITY_CLIENT_COND",
          "param": ["2016", "2016001", "1"],
          "param_str": ""
        },
        {
          "type": "QUEST_COND_STATE_EQUAL",
          "param": ["4008006", "3"],
          "param_str": ""
        }
      ],
      "priority": 5,
      "nextTalks": [6163002, 6163003, 6163004],
      "initDialog": 400889401,
      "npcId": [1630],
      "performCfg": "",
      "loadType": "TALK_ACTIVITY",
      "questId": 2016,
      "prePerformCfg": ""
    },
    {
      "id": 4008895,
      "beginWay": "TALK_BEGIN_MANUAL",
      "activeMode": "PLAY_MODE_SINGLE",
      "beginCondComb": "LOGIC_AND",
      "beginCond": [
        {
          "type": "QUEST_COND_ACTIVITY_CLIENT_COND",
          "param": ["2016", "2016001", "1"],
          "param_str": ""
        },
        {
          "type": "QUEST_COND_STATE_EQUAL",
          "param": ["4008006", "3"],
          "param_str": ""
        }
      ],
      "priority": 5,
      "initDialog": 400889501,
      "npcId": [30277, 30280],
      "performCfg": "",
      "loadType": "TALK_ACTIVITY",
      "questId": 2016,
      "prePerformCfg": ""
    },
    {
      "id": 4008896,
      "beginWay": "TALK_BEGIN_MANUAL",
      "activeMode": "PLAY_MODE_SINGLE",
      "beginCondComb": "LOGIC_AND",
      "beginCond": [
        {
          "type": "QUEST_COND_ACTIVITY_CLIENT_COND",
          "param": ["2016", "2016001", "1"],
          "param_str": ""
        },
        {
          "type": "QUEST_COND_STATE_EQUAL",
          "param": ["4008006", "3"],
          "param_str": ""
        }
      ],
      "priority": 5,
      "nextTalks": [4008897, 4008898],
      "initDialog": 616390401,
      "npcId": [30278],
      "performCfg": "",
      "loadType": "TALK_ACTIVITY",
      "questId": 2016,
      "prePerformCfg": ""
    },
    {
      "id": 4008897,
      "activeMode": "PLAY_MODE_SINGLE",
      "beginCondComb": "LOGIC_AND",
      "beginCond": [
        {
          "type": "QUEST_COND_ACTIVITY_CLIENT_COND",
          "param": ["2016", "2016001", "1"],
          "param_str": ""
        },
        {
          "type": "QUEST_COND_STATE_EQUAL",
          "param": ["4008006", "3"],
          "param_str": ""
        }
      ],
      "priority": 3,
      "nextTalks": [4008899],
      "initDialog": 616390501,
      "npcId": [30278],
      "performCfg": "",
      "loadType": "TALK_ACTIVITY",
      "questId": 2016,
      "prePerformCfg": ""
    },
    {
      "id": 4008898,
      "activeMode": "PLAY_MODE_SINGLE",
      "beginCondComb": "LOGIC_AND",
      "beginCond": [
        {
          "type": "QUEST_COND_ACTIVITY_CLIENT_COND",
          "param": ["2016", "2016001", "1"],
          "param_str": ""
        },
        {
          "type": "QUEST_COND_STATE_EQUAL",
          "param": ["4008006", "3"],
          "param_str": ""
        }
      ],
      "priority": 3,
      "initDialog": 616390601,
      "npcId": [30278],
      "performCfg": "",
      "loadType": "TALK_ACTIVITY",
      "questId": 2016,
      "prePerformCfg": ""
    },
    {
      "id": 4008899,
      "activeMode": "PLAY_MODE_SINGLE",
      "beginCondComb": "LOGIC_AND",
      "beginCond": [
        {
          "type": "QUEST_COND_ACTIVITY_CLIENT_COND",
          "param": ["2016", "2016001", "1"],
          "param_str": ""
        },
        {
          "type": "QUEST_COND_STATE_EQUAL",
          "param": ["4008006", "3"],
          "param_str": ""
        },
        {
          "type": "QUEST_COND_QUEST_NOT_RECEIVE",
          "param": ["7090901", "1"],
          "param_str": ""
        }
      ],
      "priority": 3,
      "initDialog": 709090101,
      "npcId": [30278],
      "performCfg": "",
      "loadType": "TALK_ACTIVITY",
      "questId": 2016,
      "prePerformCfg": ""
    }
  ]
}
