{
  "id": 2019,
  "series": 1210,
  "titleTextMapHash": 172874215,
  "descTextMapHash": 662672838,
  "luaPath": "Actor/Quest/AQ2019",
  "suggestTrackMainQuestList": [2020],
  "rewardIdList": [102019],
  "chapterId": 1204,
  "subQuests": [
    {
      "subId": 201901,
      "mainId": 2019,
      "order": 3,
      "isMpBlock": true,
      "descTextMapHash": 4239877732,
      "acceptCond": [
        {
          "type": "QUEST_COND_STATE_EQUAL",
          "param": [201905, 3],
          "param_str": ""
        }
      ],
      "finishCond": [
        {
          "type": "QUEST_CONTENT_COMPLETE_TALK",
          "param": [201901, 0],
          "param_str": ""
        }
      ],
      "failCondComb": "LOGIC_OR",
      "failCond": [
        {
          "type": "QUEST_CONTENT_FAIL_DUNGEON",
          "param": [126, 0],
          "param_str": ""
        },
        {
          "type": "QUEST_CONTENT_ENTER_MY_WORLD",
          "param": [3, 0],
          "param_str": ""
        }
      ],
      "guide": {},
      "isRewind": true,
      "finishExec": [
        {
          "type": "QUEST_EXEC_NOTIFY_GROUP_LUA",
          "param": ["20114", "220114001"],
          "param_str": ""
        }
      ],
      "failExec": [
        {
          "type": "QUEST_EXEC_ROLLBACK_QUEST",
          "param": ["201905", "0"],
          "param_str": ""
        }
      ],
      "beginExec": [
        {
          "param": [],
          "param_str": ""
        }
      ],
      "exclusiveNpcList": [
        1017, 1036, 1038, 3058, 3055, 3056, 3059, 3025, 3175, 3176, 3177, 3061,
        3178, 12138, 12139, 12140, 12141, 12142, 12143, 3060, 3064
      ],
      "exclusiveNpcPriority": 1000
    },
    {
      "subId": 201902,
      "mainId": 2019,
      "order": 4,
      "isMpBlock": true,
      "descTextMapHash": 256933484,
      "acceptCond": [
        {
          "type": "QUEST_COND_STATE_EQUAL",
          "param": [201901, 3],
          "param_str": ""
        }
      ],
      "finishCond": [
        {
          "type": "QUEST_CONTENT_LUA_NOTIFY",
          "param": [0, 0],
          "param_str": "2201140011",
          "count": 1
        }
      ],
      "failCondComb": "LOGIC_OR",
      "failCond": [
        {
          "type": "QUEST_CONTENT_FAIL_DUNGEON",
          "param": [126, 0],
          "param_str": ""
        },
        {
          "type": "QUEST_CONTENT_ENTER_MY_WORLD",
          "param": [3, 0],
          "param_str": ""
        }
      ],
      "guide": {},
      "isRewind": true,
      "finishExec": [
        {
          "param": [],
          "param_str": ""
        }
      ],
      "failExec": [
        {
          "type": "QUEST_EXEC_ROLLBACK_QUEST",
          "param": ["201905", "0"],
          "param_str": ""
        }
      ],
      "beginExec": [
        {
          "type": "QUEST_EXEC_NOTIFY_GROUP_LUA",
          "param": ["20114", "220114001"],
          "param_str": ""
        }
      ],
      "exclusiveNpcList": [
        1036, 1038, 3058, 3055, 3056, 3059, 3025, 3175, 3176, 3177, 3061, 3178,
        12138, 12139, 12140, 12141, 12142, 12143, 3060, 3064
      ],
      "exclusiveNpcPriority": 1000
    },
    {
      "subId": 201903,
      "mainId": 2019,
      "order": 5,
      "isMpBlock": true,
      "descTextMapHash": 4013488724,
      "showType": "QUEST_HIDDEN",
      "acceptCond": [
        {
          "type": "QUEST_COND_STATE_EQUAL",
          "param": [201902, 3],
          "param_str": ""
        }
      ],
      "finishCond": [
        {
          "type": "QUEST_CONTENT_FINISH_PLOT",
          "param": [201903, 0],
          "param_str": ""
        }
      ],
      "failCondComb": "LOGIC_OR",
      "failCond": [
        {
          "type": "QUEST_CONTENT_FAIL_DUNGEON",
          "param": [126, 0],
          "param_str": ""
        },
        {
          "type": "QUEST_CONTENT_ENTER_MY_WORLD",
          "param": [3, 0],
          "param_str": ""
        }
      ],
      "guide": {},
      "isRewind": true,
      "finishExec": [
        {
          "param": [],
          "param_str": ""
        }
      ],
      "failExec": [
        {
          "type": "QUEST_EXEC_ROLLBACK_QUEST",
          "param": ["201905", "0"],
          "param_str": ""
        }
      ],
      "beginExec": [
        {
          "param": [],
          "param_str": ""
        }
      ],
      "exclusiveNpcList": [
        1036, 1038, 3058, 3055, 3056, 3059, 3025, 3175, 3176, 3177, 3061, 3178,
        12138, 12139, 12140, 12141, 12142, 12143, 3060, 3064
      ],
      "exclusiveNpcPriority": 1000
    },
    {
      "subId": 201904,
      "mainId": 2019,
      "order": 6,
      "isMpBlock": true,
      "descTextMapHash": 548436668,
      "acceptCond": [
        {
          "type": "QUEST_COND_STATE_EQUAL",
          "param": [201903, 3],
          "param_str": ""
        }
      ],
      "finishCond": [
        {
          "type": "QUEST_CONTENT_ENTER_MY_WORLD",
          "param": [3, 0],
          "param_str": ""
        }
      ],
      "failCond": [
        {
          "param": [],
          "param_str": ""
        }
      ],
      "guide": {},
      "finishParent": true,
      "isRewind": true,
      "finishExec": [
        {
          "type": "QUEST_EXEC_LOCK_POINT",
          "param": ["3", "394"],
          "param_str": ""
        }
      ],
      "failExec": [
        {
          "param": [],
          "param_str": ""
        }
      ],
      "beginExec": [
        {
          "param": [],
          "param_str": ""
        }
      ],
      "exclusiveNpcList": [
        1036, 1038, 3058, 3055, 3056, 3059, 3025, 3175, 3176, 3177, 3061, 3178,
        12138, 12139, 12140, 12141, 12142, 12143, 3060, 3064
      ],
      "exclusiveNpcPriority": 1000
    },
    {
      "subId": 201905,
      "mainId": 2019,
      "order": 2,
      "descTextMapHash": 1998491692,
      "acceptCond": [
        {
          "type": "QUEST_COND_STATE_EQUAL",
          "param": [201804, 3],
          "param_str": ""
        }
      ],
      "finishCond": [
        {
          "type": "QUEST_CONTENT_ENTER_DUNGEON",
          "param": [126, 394],
          "param_str": ""
        }
      ],
      "failCond": [
        {
          "param": [],
          "param_str": ""
        }
      ],
      "guide": {
        "type": "QUEST_GUIDE_LOCATION",
        "param": ["Q201805Target"],
        "guideScene": 3,
        "guideStyle": "QUEST_GUIDE_STYLE_POINT",
        "guideLayer": "QUEST_GUIDE_LAYER_SCENE"
      },
      "isRewind": true,
      "finishExec": [
        {
          "param": [],
          "param_str": ""
        }
      ],
      "failExec": [
        {
          "param": [],
          "param_str": ""
        }
      ],
      "beginExec": [
        {
          "type": "QUEST_EXEC_UNLOCK_POINT",
          "param": ["3", "394"],
          "param_str": ""
        }
      ],
      "exclusiveNpcList": [
        3053, 1038, 3058, 3055, 3056, 3059, 3025, 3175, 3176, 3177, 3061, 3178,
        12138, 12139, 12140, 12141, 12142, 12143, 3060, 3064, 1036, 1017
      ],
      "exclusiveNpcPriority": 1000
    }
  ],
  "talks": [
    {
      "id": 201853,
      "beginWay": "TALK_BEGIN_MANUAL",
      "activeMode": "PLAY_MODE_SINGLE",
      "beginCond": [
        {
          "type": "QUEST_COND_STATE_EQUAL",
          "param": ["201905", "2"],
          "param_str": ""
        }
      ],
      "priority": 5,
      "initDialog": 20185301,
      "npcId": [3053],
      "performCfg": "QuestDialogue/AQ/Inazuma2_2018/Q201853",
      "heroTalk": "TALK_HERO_MAIN",
      "questId": 2019,
      "prePerformCfg": ""
    },
    {
      "id": 201901,
      "beginWay": "TALK_BEGIN_MANUAL",
      "activeMode": "PLAY_MODE_SINGLE",
      "beginCond": [
        {
          "type": "QUEST_COND_STATE_EQUAL",
          "param": ["201901", "2"],
          "param_str": ""
        }
      ],
      "priority": 5,
      "initDialog": 20190101,
      "npcId": [1017, 1005, 1036],
      "performCfg": "QuestDialogue/AQ/Inazuma2_2019/Q201901",
      "heroTalk": "TALK_HERO_MAIN",
      "questId": 2019,
      "prePerformCfg": ""
    },
    {
      "id": 7151101,
      "beginWay": "TALK_BEGIN_MANUAL",
      "activeMode": "PLAY_MODE_SINGLE",
      "beginCond": [
        {
          "type": "QUEST_COND_ACTIVITY_CLIENT_COND",
          "param": ["2019", "2019006", "1"],
          "param_str": ""
        }
      ],
      "priority": 5,
      "initDialog": 715110101,
      "npcId": [30284, 30285],
      "performCfg": "QuestDialogue/EQ/Sealamp3_71511/Q7151101",
      "heroTalk": "TALK_HERO_MAIN",
      "loadType": "TALK_ACTIVITY",
      "questId": 2019,
      "prePerformCfg": "",
      "lowPriority": true
    },
    {
      "id": 7151102,
      "beginWay": "TALK_BEGIN_MANUAL",
      "activeMode": "PLAY_MODE_SINGLE",
      "beginCond": [
        {
          "type": "QUEST_COND_ACTIVITY_CLIENT_COND",
          "param": ["2019", "2019006", "1"],
          "param_str": ""
        }
      ],
      "priority": 5,
      "initDialog": 715110201,
      "npcId": [30286, 30287],
      "performCfg": "QuestDialogue/EQ/Sealamp3_71511/Q7151102",
      "heroTalk": "TALK_HERO_MAIN",
      "loadType": "TALK_ACTIVITY",
      "questId": 2019,
      "prePerformCfg": "",
      "lowPriority": true
    },
    {
      "id": 7151103,
      "beginWay": "TALK_BEGIN_MANUAL",
      "activeMode": "PLAY_MODE_SINGLE",
      "beginCond": [
        {
          "type": "QUEST_COND_ACTIVITY_CLIENT_COND",
          "param": ["2019", "2019006", "1"],
          "param_str": ""
        }
      ],
      "priority": 5,
      "initDialog": 715110301,
      "npcId": [30288, 30289],
      "performCfg": "QuestDialogue/EQ/Sealamp3_71511/Q7151103",
      "heroTalk": "TALK_HERO_MAIN",
      "loadType": "TALK_ACTIVITY",
      "questId": 2019,
      "prePerformCfg": "",
      "lowPriority": true
    },
    {
      "id": 7151104,
      "beginWay": "TALK_BEGIN_MANUAL",
      "activeMode": "PLAY_MODE_SINGLE",
      "beginCond": [
        {
          "type": "QUEST_COND_ACTIVITY_CLIENT_COND",
          "param": ["2019", "2019006", "1"],
          "param_str": ""
        }
      ],
      "priority": 5,
      "initDialog": 715110401,
      "npcId": [30290],
      "performCfg": "QuestDialogue/EQ/Sealamp3_71511/Q7151104",
      "heroTalk": "TALK_HERO_MAIN",
      "loadType": "TALK_ACTIVITY",
      "questId": 2019,
      "prePerformCfg": "",
      "lowPriority": true
    },
    {
      "id": 7151105,
      "beginWay": "TALK_BEGIN_MANUAL",
      "activeMode": "PLAY_MODE_SINGLE",
      "beginCond": [
        {
          "type": "QUEST_COND_ACTIVITY_CLIENT_COND",
          "param": ["2019", "2019006", "1"],
          "param_str": ""
        }
      ],
      "priority": 5,
      "initDialog": 715110501,
      "npcId": [30291],
      "performCfg": "QuestDialogue/EQ/Sealamp3_71511/Q7151105",
      "heroTalk": "TALK_HERO_MAIN",
      "loadType": "TALK_ACTIVITY",
      "questId": 2019,
      "prePerformCfg": "",
      "lowPriority": true
    },
    {
      "id": 7151203,
      "beginWay": "TALK_BEGIN_MANUAL",
      "activeMode": "PLAY_MODE_HOST",
      "beginCondComb": "LOGIC_AND",
      "beginCond": [
        {
          "type": "QUEST_COND_ACTIVITY_CLIENT_COND",
          "param": ["2019", "2019004", "1"],
          "param_str": ""
        },
        {
          "type": "QUEST_COND_STATE_EQUAL",
          "param": ["7151201", "3"],
          "param_str": ""
        }
      ],
      "priority": 5,
      "initDialog": 715120301,
      "npcId": [30295],
      "performCfg": "",
      "loadType": "TALK_ACTIVITY",
      "questId": 2019,
      "prePerformCfg": ""
    },
    {
      "id": 7151310,
      "beginWay": "TALK_BEGIN_MANUAL",
      "activeMode": "PLAY_MODE_HOST",
      "beginCond": [
        {
          "type": "QUEST_COND_ACTIVITY_CLIENT_COND",
          "param": ["2019", "2019004", "1"],
          "param_str": ""
        }
      ],
      "priority": 5,
      "initDialog": 715131001,
      "npcId": [2434],
      "performCfg": "",
      "heroTalk": "TALK_HERO_MAIN",
      "loadType": "TALK_ACTIVITY",
      "questId": 2019,
      "prePerformCfg": ""
    },
    {
      "id": 7151410,
      "beginWay": "TALK_BEGIN_MANUAL",
      "activeMode": "PLAY_MODE_HOST",
      "beginCond": [
        {
          "type": "QUEST_COND_ACTIVITY_CLIENT_COND",
          "param": ["2019", "2019004", "1"],
          "param_str": ""
        }
      ],
      "priority": 5,
      "initDialog": 715141001,
      "npcId": [2096],
      "performCfg": "",
      "heroTalk": "TALK_HERO_MAIN",
      "loadType": "TALK_ACTIVITY",
      "questId": 2019,
      "prePerformCfg": ""
    },
    {
      "id": 7151510,
      "beginWay": "TALK_BEGIN_MANUAL",
      "activeMode": "PLAY_MODE_SINGLE",
      "beginCondComb": "LOGIC_AND",
      "beginCond": [
        {
          "type": "QUEST_COND_ACTIVITY_CLIENT_COND",
          "param": ["2019", "2019004", "1"],
          "param_str": ""
        },
        {
          "type": "QUEST_COND_STATE_EQUAL",
          "param": ["7151502", "3"],
          "param_str": ""
        }
      ],
      "priority": 5,
      "initDialog": 715151001,
      "npcId": [30306],
      "performCfg": "",
      "heroTalk": "TALK_HERO_MAIN",
      "loadType": "TALK_ACTIVITY",
      "questId": 2019,
      "prePerformCfg": ""
    },
    {
      "id": 7151511,
      "beginWay": "TALK_BEGIN_MANUAL",
      "activeMode": "PLAY_MODE_SINGLE",
      "beginCondComb": "LOGIC_AND",
      "beginCond": [
        {
          "type": "QUEST_COND_ACTIVITY_CLIENT_COND",
          "param": ["2019", "2019004", "1"],
          "param_str": ""
        },
        {
          "type": "QUEST_COND_STATE_EQUAL",
          "param": ["7151502", "3"],
          "param_str": ""
        }
      ],
      "priority": 5,
      "initDialog": 715151101,
      "npcId": [30307],
      "performCfg": "",
      "heroTalk": "TALK_HERO_MAIN",
      "loadType": "TALK_ACTIVITY",
      "questId": 2019,
      "prePerformCfg": ""
    },
    {
      "id": 7151512,
      "beginWay": "TALK_BEGIN_MANUAL",
      "activeMode": "PLAY_MODE_SINGLE",
      "beginCondComb": "LOGIC_AND",
      "beginCond": [
        {
          "type": "QUEST_COND_ACTIVITY_CLIENT_COND",
          "param": ["2019", "2019004", "1"],
          "param_str": ""
        },
        {
          "type": "QUEST_COND_STATE_EQUAL",
          "param": ["7151502", "3"],
          "param_str": ""
        }
      ],
      "priority": 5,
      "initDialog": 715151201,
      "npcId": [30308],
      "performCfg": "",
      "heroTalk": "TALK_HERO_MAIN",
      "loadType": "TALK_ACTIVITY",
      "questId": 2019,
      "prePerformCfg": ""
    },
    {
      "id": 7151513,
      "beginWay": "TALK_BEGIN_MANUAL",
      "activeMode": "PLAY_MODE_SINGLE",
      "beginCondComb": "LOGIC_AND",
      "beginCond": [
        {
          "type": "QUEST_COND_ACTIVITY_CLIENT_COND",
          "param": ["2019", "2019004", "1"],
          "param_str": ""
        },
        {
          "type": "QUEST_COND_STATE_EQUAL",
          "param": ["7151601", "3"],
          "param_str": ""
        }
      ],
      "priority": 6,
      "initDialog": 715151301,
      "npcId": [30306],
      "performCfg": "",
      "heroTalk": "TALK_HERO_MAIN",
      "loadType": "TALK_ACTIVITY",
      "questId": 2019,
      "prePerformCfg": ""
    },
    {
      "id": 7151701,
      "beginWay": "TALK_BEGIN_MANUAL",
      "activeMode": "PLAY_MODE_SINGLE",
      "beginCond": [
        {
          "type": "QUEST_COND_ACTIVITY_CLIENT_COND",
          "param": ["2019", "2019005", "1"],
          "param_str": ""
        }
      ],
      "priority": 5,
      "initDialog": 715170101,
      "npcId": [30294, 30296],
      "performCfg": "QuestDialogue/EQ/Sealamp3_71517/Q7151701",
      "heroTalk": "TALK_HERO_MAIN",
      "loadType": "TALK_ACTIVITY",
      "questId": 2019,
      "prePerformCfg": "",
      "lowPriority": true
    },
    {
      "id": 7151702,
      "beginWay": "TALK_BEGIN_MANUAL",
      "activeMode": "PLAY_MODE_SINGLE",
      "beginCond": [
        {
          "type": "QUEST_COND_ACTIVITY_CLIENT_COND",
          "param": ["2019", "2019005", "1"],
          "param_str": ""
        }
      ],
      "priority": 5,
      "initDialog": 715170201,
      "npcId": [30297, 30298],
      "performCfg": "QuestDialogue/EQ/Sealamp3_71517/Q7151702",
      "heroTalk": "TALK_HERO_MAIN",
      "loadType": "TALK_ACTIVITY",
      "questId": 2019,
      "prePerformCfg": "",
      "lowPriority": true
    },
    {
      "id": 7151703,
      "beginWay": "TALK_BEGIN_MANUAL",
      "activeMode": "PLAY_MODE_SINGLE",
      "beginCond": [
        {
          "type": "QUEST_COND_ACTIVITY_CLIENT_COND",
          "param": ["2019", "2019005", "1"],
          "param_str": ""
        }
      ],
      "priority": 5,
      "initDialog": 715170301,
      "npcId": [30299, 30300],
      "performCfg": "QuestDialogue/EQ/Sealamp3_71517/Q7151703",
      "heroTalk": "TALK_HERO_MAIN",
      "loadType": "TALK_ACTIVITY",
      "questId": 2019,
      "prePerformCfg": "",
      "lowPriority": true
    },
    {
      "id": 7151704,
      "beginWay": "TALK_BEGIN_MANUAL",
      "activeMode": "PLAY_MODE_SINGLE",
      "beginCond": [
        {
          "type": "QUEST_COND_ACTIVITY_CLIENT_COND",
          "param": ["2019", "2019005", "1"],
          "param_str": ""
        }
      ],
      "priority": 5,
      "initDialog": 715170401,
      "npcId": [30301, 30303, 30302, 30304],
      "performCfg": "QuestDialogue/EQ/Sealamp3_71517/Q7151704",
      "heroTalk": "TALK_HERO_MAIN",
      "loadType": "TALK_ACTIVITY",
      "questId": 2019,
      "prePerformCfg": "",
      "lowPriority": true
    },
    {
      "id": 7151705,
      "beginWay": "TALK_BEGIN_MANUAL",
      "activeMode": "PLAY_MODE_SINGLE",
      "beginCond": [
        {
          "type": "QUEST_COND_ACTIVITY_CLIENT_COND",
          "param": ["2019", "2019005", "1"],
          "param_str": ""
        }
      ],
      "priority": 5,
      "initDialog": 715170501,
      "npcId": [30305],
      "performCfg": "QuestDialogue/EQ/Sealamp3_71517/Q7151705",
      "heroTalk": "TALK_HERO_MAIN",
      "loadType": "TALK_ACTIVITY",
      "questId": 2019,
      "prePerformCfg": "",
      "lowPriority": true
    },
    {
      "id": 7151801,
      "beginWay": "TALK_BEGIN_MANUAL",
      "activeMode": "PLAY_MODE_SINGLE",
      "beginCondComb": "LOGIC_AND",
      "beginCond": [
        {
          "type": "QUEST_COND_ACTIVITY_CLIENT_COND",
          "param": ["2019", "2019001", "1"],
          "param_str": ""
        }
      ],
      "priority": 5,
      "nextTalks": [6201404, 6201402, 6201403],
      "initDialog": 715180101,
      "npcId": [2014],
      "performCfg": "",
      "loadType": "TALK_ACTIVITY",
      "questId": 2019,
      "prePerformCfg": ""
    },
    {
      "id": 7151802,
      "beginWay": "TALK_BEGIN_MANUAL",
      "activeMode": "PLAY_MODE_SINGLE",
      "beginCondComb": "LOGIC_AND",
      "beginCond": [
        {
          "type": "QUEST_COND_ACTIVITY_CLIENT_COND",
          "param": ["2019", "2019001", "1"],
          "param_str": ""
        }
      ],
      "priority": 5,
      "nextTalks": [6206406, 6206403, 6206402, 6206405, 6206404],
      "initDialog": 715180201,
      "npcId": [2064],
      "performCfg": "",
      "loadType": "TALK_ACTIVITY",
      "questId": 2019,
      "prePerformCfg": ""
    },
    {
      "id": 7151803,
      "beginWay": "TALK_BEGIN_MANUAL",
      "activeMode": "PLAY_MODE_SINGLE",
      "beginCondComb": "LOGIC_AND",
      "beginCond": [
        {
          "type": "QUEST_COND_ACTIVITY_CLIENT_COND",
          "param": ["2019", "2019001", "1"],
          "param_str": ""
        }
      ],
      "priority": 5,
      "nextTalks": [6208302, 6208303],
      "initDialog": 715180301,
      "npcId": [2083],
      "performCfg": "",
      "loadType": "TALK_ACTIVITY",
      "questId": 2019,
      "prePerformCfg": ""
    },
    {
      "id": 7151804,
      "beginWay": "TALK_BEGIN_MANUAL",
      "activeMode": "PLAY_MODE_SINGLE",
      "beginCondComb": "LOGIC_AND",
      "beginCond": [
        {
          "type": "QUEST_COND_ACTIVITY_CLIENT_COND",
          "param": ["2019", "2019001", "1"],
          "param_str": ""
        }
      ],
      "priority": 5,
      "nextTalks": [6204405, 6204402, 6204403, 6204404],
      "initDialog": 715180401,
      "npcId": [2044],
      "performCfg": "",
      "loadType": "TALK_ACTIVITY",
      "questId": 2019,
      "prePerformCfg": ""
    },
    {
      "id": 7151805,
      "beginWay": "TALK_BEGIN_MANUAL",
      "activeMode": "PLAY_MODE_SINGLE",
      "beginCondComb": "LOGIC_AND",
      "beginCond": [
        {
          "type": "QUEST_COND_ACTIVITY_CLIENT_COND",
          "param": ["2019", "2019001", "1"],
          "param_str": ""
        }
      ],
      "priority": 5,
      "nextTalks": [6200502, 6200504, 6200503],
      "initDialog": 715180501,
      "npcId": [2005],
      "performCfg": "",
      "loadType": "TALK_ACTIVITY",
      "questId": 2019,
      "prePerformCfg": ""
    },
    {
      "id": 7151806,
      "beginWay": "TALK_BEGIN_MANUAL",
      "activeMode": "PLAY_MODE_SINGLE",
      "beginCondComb": "LOGIC_AND",
      "beginCond": [
        {
          "type": "QUEST_COND_ACTIVITY_CLIENT_COND",
          "param": ["2019", "2019001", "1"],
          "param_str": ""
        }
      ],
      "priority": 4,
      "nextTalks": [6207702, 6207703, 6207704],
      "initDialog": 715180601,
      "npcId": [2077],
      "performCfg": "",
      "loadType": "TALK_ACTIVITY",
      "questId": 2019,
      "prePerformCfg": ""
    },
    {
      "id": 7151807,
      "beginWay": "TALK_BEGIN_MANUAL",
      "activeMode": "PLAY_MODE_SINGLE",
      "beginCondComb": "LOGIC_AND",
      "beginCond": [
        {
          "type": "QUEST_COND_ACTIVITY_CLIENT_COND",
          "param": ["2019", "2019001", "1"],
          "param_str": ""
        },
        {
          "type": "QUEST_COND_QUEST_GLOBAL_VAR_EQUAL",
          "param": ["4009201", "1"],
          "param_str": ""
        },
        {
          "type": "QUEST_COND_IS_DAYTIME",
          "param": ["1", "0"],
          "param_str": ""
        }
      ],
      "priority": 5,
      "nextTalks": [
        7151824, 7227101, 7227102, 7101602, 7101603, 7100508, 7100509, 6202309,
        6202302, 6202304, 6202303
      ],
      "initDialog": 715180701,
      "npcId": [2023],
      "performCfg": "",
      "loadType": "TALK_ACTIVITY",
      "questId": 2019,
      "prePerformCfg": ""
    },
    {
      "id": 7151808,
      "beginWay": "TALK_BEGIN_MANUAL",
      "activeMode": "PLAY_MODE_SINGLE",
      "beginCondComb": "LOGIC_AND",
      "beginCond": [
        {
          "type": "QUEST_COND_ACTIVITY_CLIENT_COND",
          "param": ["2019", "2019001", "1"],
          "param_str": ""
        },
        {
          "type": "QUEST_COND_QUEST_GLOBAL_VAR_EQUAL",
          "param": ["4009201", "1"],
          "param_str": ""
        }
      ],
      "priority": 5,
      "nextTalks": [6201202, 6201203],
      "initDialog": 715180801,
      "npcId": [2012],
      "performCfg": "",
      "loadType": "TALK_ACTIVITY",
      "questId": 2019,
      "prePerformCfg": ""
    },
    {
      "id": 7151809,
      "beginWay": "TALK_BEGIN_MANUAL",
      "activeMode": "PLAY_MODE_SINGLE",
      "beginCondComb": "LOGIC_AND",
      "beginCond": [
        {
          "type": "QUEST_COND_ACTIVITY_CLIENT_COND",
          "param": ["2019", "2019001", "1"],
          "param_str": ""
        },
        {
          "type": "QUEST_COND_QUEST_GLOBAL_VAR_EQUAL",
          "param": ["4009201", "1"],
          "param_str": ""
        }
      ],
      "priority": 5,
      "nextTalks": [7170001, 6202502, 6202503],
      "initDialog": 715180901,
      "npcId": [2025],
      "performCfg": "",
      "loadType": "TALK_ACTIVITY",
      "questId": 2019,
      "prePerformCfg": ""
    },
    {
      "id": 7151810,
      "beginWay": "TALK_BEGIN_MANUAL",
      "activeMode": "PLAY_MODE_SINGLE",
      "beginCondComb": "LOGIC_AND",
      "beginCond": [
        {
          "type": "QUEST_COND_ACTIVITY_CLIENT_COND",
          "param": ["2019", "2019001", "1"],
          "param_str": ""
        },
        {
          "type": "QUEST_COND_QUEST_GLOBAL_VAR_EQUAL",
          "param": ["4009201", "1"],
          "param_str": ""
        }
      ],
      "priority": 5,
      "initDialog": 715181001,
      "npcId": [2098],
      "performCfg": "",
      "loadType": "TALK_ACTIVITY",
      "questId": 2019,
      "prePerformCfg": ""
    },
    {
      "id": 7151811,
      "beginWay": "TALK_BEGIN_MANUAL",
      "activeMode": "PLAY_MODE_SINGLE",
      "beginCondComb": "LOGIC_AND",
      "beginCond": [
        {
          "type": "QUEST_COND_ACTIVITY_CLIENT_COND",
          "param": ["2019", "2019001", "1"],
          "param_str": ""
        },
        {
          "type": "QUEST_COND_QUEST_GLOBAL_VAR_EQUAL",
          "param": ["4009201", "1"],
          "param_str": ""
        }
      ],
      "priority": 5,
      "initDialog": 715181101,
      "npcId": [2099],
      "performCfg": "",
      "loadType": "TALK_ACTIVITY",
      "questId": 2019,
      "prePerformCfg": ""
    },
    {
      "id": 7151812,
      "beginWay": "TALK_BEGIN_MANUAL",
      "activeMode": "PLAY_MODE_SINGLE",
      "beginCondComb": "LOGIC_AND",
      "beginCond": [
        {
          "type": "QUEST_COND_ACTIVITY_CLIENT_COND",
          "param": ["2019", "2019001", "1"],
          "param_str": ""
        },
        {
          "type": "QUEST_COND_QUEST_GLOBAL_VAR_EQUAL",
          "param": ["4009201", "1"],
          "param_str": ""
        }
      ],
      "priority": 5,
      "nextTalks": [6202907, 6202909, 6202903],
      "initDialog": 715181201,
      "npcId": [2029],
      "performCfg": "",
      "loadType": "TALK_ACTIVITY",
      "questId": 2019,
      "prePerformCfg": ""
    },
    {
      "id": 7151813,
      "beginWay": "TALK_BEGIN_MANUAL",
      "activeMode": "PLAY_MODE_SINGLE",
      "beginCondComb": "LOGIC_AND",
      "beginCond": [
        {
          "type": "QUEST_COND_ACTIVITY_CLIENT_COND",
          "param": ["2019", "2019001", "1"],
          "param_str": ""
        },
        {
          "type": "QUEST_COND_QUEST_GLOBAL_VAR_EQUAL",
          "param": ["4009201", "1"],
          "param_str": ""
        }
      ],
      "priority": 5,
      "nextTalks": [6206502, 6206504, 6206503],
      "initDialog": 715181301,
      "npcId": [2065],
      "performCfg": "",
      "loadType": "TALK_ACTIVITY",
      "questId": 2019,
      "prePerformCfg": ""
    },
    {
      "id": 7151814,
      "beginWay": "TALK_BEGIN_MANUAL",
      "activeMode": "PLAY_MODE_SINGLE",
      "beginCondComb": "LOGIC_AND",
      "beginCond": [
        {
          "type": "QUEST_COND_ACTIVITY_CLIENT_COND",
          "param": ["2019", "2019001", "1"],
          "param_str": ""
        },
        {
          "type": "QUEST_COND_QUEST_GLOBAL_VAR_EQUAL",
          "param": ["4009201", "1"],
          "param_str": ""
        }
      ],
      "priority": 5,
      "nextTalks": [6201702, 6201703],
      "initDialog": 715181401,
      "npcId": [2017],
      "performCfg": "",
      "loadType": "TALK_ACTIVITY",
      "questId": 2019,
      "prePerformCfg": ""
    },
    {
      "id": 7151815,
      "beginWay": "TALK_BEGIN_MANUAL",
      "activeMode": "PLAY_MODE_SINGLE",
      "beginCondComb": "LOGIC_AND",
      "beginCond": [
        {
          "type": "QUEST_COND_ACTIVITY_CLIENT_COND",
          "param": ["2019", "2019001", "1"],
          "param_str": ""
        },
        {
          "type": "QUEST_COND_QUEST_GLOBAL_VAR_EQUAL",
          "param": ["4009201", "1"],
          "param_str": ""
        }
      ],
      "priority": 5,
      "nextTalks": [6214804, 6214805, 6214802, 6214803],
      "initDialog": 715181501,
      "npcId": [2148],
      "performCfg": "",
      "loadType": "TALK_ACTIVITY",
      "questId": 2019,
      "prePerformCfg": ""
    },
    {
      "id": 7151816,
      "beginWay": "TALK_BEGIN_MANUAL",
      "activeMode": "PLAY_MODE_SINGLE",
      "beginCondComb": "LOGIC_AND",
      "beginCond": [
        {
          "type": "QUEST_COND_ACTIVITY_CLIENT_COND",
          "param": ["2019", "2019001", "1"],
          "param_str": ""
        },
        {
          "type": "QUEST_COND_QUEST_GLOBAL_VAR_EQUAL",
          "param": ["4009201", "1"],
          "param_str": ""
        }
      ],
      "priority": 5,
      "nextTalks": [6208506, 6208507, 6208508],
      "initDialog": 715181601,
      "npcId": [2085],
      "performCfg": "",
      "loadType": "TALK_ACTIVITY",
      "questId": 2019,
      "prePerformCfg": ""
    },
    {
      "id": 7151817,
      "beginWay": "TALK_BEGIN_MANUAL",
      "activeMode": "PLAY_MODE_SINGLE",
      "beginCondComb": "LOGIC_AND",
      "beginCond": [
        {
          "type": "QUEST_COND_ACTIVITY_CLIENT_COND",
          "param": ["2019", "2019001", "1"],
          "param_str": ""
        },
        {
          "type": "QUEST_COND_QUEST_GLOBAL_VAR_EQUAL",
          "param": ["4009201", "1"],
          "param_str": ""
        }
      ],
      "priority": 5,
      "nextTalks": [6208506, 6208507, 6208508],
      "initDialog": 715181701,
      "npcId": [2002],
      "performCfg": "",
      "loadType": "TALK_ACTIVITY",
      "questId": 2019,
      "prePerformCfg": ""
    },
    {
      "id": 7151818,
      "beginWay": "TALK_BEGIN_MANUAL",
      "activeMode": "PLAY_MODE_SINGLE",
      "beginCondComb": "LOGIC_AND",
      "beginCond": [
        {
          "type": "QUEST_COND_ACTIVITY_CLIENT_COND",
          "param": ["2019", "2019001", "1"],
          "param_str": ""
        },
        {
          "type": "QUEST_COND_QUEST_GLOBAL_VAR_EQUAL",
          "param": ["4009201", "1"],
          "param_str": ""
        }
      ],
      "priority": 5,
      "nextTalks": [6207602, 6207603, 6207604],
      "initDialog": 715181801,
      "npcId": [2076],
      "performCfg": "",
      "loadType": "TALK_ACTIVITY",
      "questId": 2019,
      "prePerformCfg": ""
    },
    {
      "id": 7151819,
      "beginWay": "TALK_BEGIN_MANUAL",
      "activeMode": "PLAY_MODE_SINGLE",
      "beginCondComb": "LOGIC_AND",
      "beginCond": [
        {
          "type": "QUEST_COND_ACTIVITY_CLIENT_COND",
          "param": ["2019", "2019002", "1"],
          "param_str": ""
        },
        {
          "type": "QUEST_COND_QUEST_GLOBAL_VAR_EQUAL",
          "param": ["4009301", "1"],
          "param_str": ""
        }
      ],
      "priority": 5,
      "initDialog": 715181901,
      "npcId": [2059],
      "performCfg": "",
      "loadType": "TALK_ACTIVITY",
      "questId": 2019,
      "prePerformCfg": ""
    },
    {
      "id": 7151820,
      "beginWay": "TALK_BEGIN_MANUAL",
      "activeMode": "PLAY_MODE_SINGLE",
      "beginCondComb": "LOGIC_AND",
      "beginCond": [
        {
          "type": "QUEST_COND_ACTIVITY_CLIENT_COND",
          "param": ["2019", "2019002", "1"],
          "param_str": ""
        },
        {
          "type": "QUEST_COND_QUEST_GLOBAL_VAR_EQUAL",
          "param": ["4009301", "1"],
          "param_str": ""
        }
      ],
      "priority": 5,
      "initDialog": 715182001,
      "npcId": [2086],
      "performCfg": "",
      "loadType": "TALK_ACTIVITY",
      "questId": 2019,
      "prePerformCfg": ""
    },
    {
      "id": 7151821,
      "beginWay": "TALK_BEGIN_MANUAL",
      "activeMode": "PLAY_MODE_SINGLE",
      "beginCondComb": "LOGIC_AND",
      "beginCond": [
        {
          "type": "QUEST_COND_ACTIVITY_CLIENT_COND",
          "param": ["2019", "2019002", "1"],
          "param_str": ""
        },
        {
          "type": "QUEST_COND_QUEST_GLOBAL_VAR_EQUAL",
          "param": ["4009301", "1"],
          "param_str": ""
        }
      ],
      "priority": 5,
      "nextTalks": [1200206, 6207202, 6207203, 6207204],
      "initDialog": 715182101,
      "npcId": [2072],
      "performCfg": "",
      "loadType": "TALK_ACTIVITY",
      "questId": 2019,
      "prePerformCfg": ""
    },
    {
      "id": 7151822,
      "beginWay": "TALK_BEGIN_MANUAL",
      "activeMode": "PLAY_MODE_SINGLE",
      "beginCondComb": "LOGIC_AND",
      "beginCond": [
        {
          "type": "QUEST_COND_ACTIVITY_CLIENT_COND",
          "param": ["2019", "2019002", "1"],
          "param_str": ""
        },
        {
          "type": "QUEST_COND_QUEST_GLOBAL_VAR_EQUAL",
          "param": ["4009301", "1"],
          "param_str": ""
        }
      ],
      "priority": 5,
      "nextTalks": [6205602, 6205603, 6205604],
      "initDialog": 715182201,
      "npcId": [2056],
      "performCfg": "",
      "loadType": "TALK_ACTIVITY",
      "questId": 2019,
      "prePerformCfg": ""
    },
    {
      "id": 7151823,
      "beginWay": "TALK_BEGIN_MANUAL",
      "activeMode": "PLAY_MODE_SINGLE",
      "beginCondComb": "LOGIC_AND",
      "beginCond": [
        {
          "type": "QUEST_COND_ACTIVITY_CLIENT_COND",
          "param": ["2019", "2019002", "1"],
          "param_str": ""
        },
        {
          "type": "QUEST_COND_QUEST_GLOBAL_VAR_EQUAL",
          "param": ["4009301", "1"],
          "param_str": ""
        },
        {
          "type": "QUEST_COND_IS_DAYTIME",
          "param": ["0", "0"],
          "param_str": ""
        }
      ],
      "priority": 5,
      "nextTalks": [6206706, 6206707],
      "initDialog": 715182301,
      "npcId": [2067],
      "performCfg": "",
      "loadType": "TALK_ACTIVITY",
      "questId": 2019,
      "prePerformCfg": ""
    },
    {
      "id": 7151824,
      "beginWay": "TALK_BEGIN_MANUAL",
      "activeMode": "PLAY_MODE_SINGLE",
      "beginCondComb": "LOGIC_AND",
      "beginCond": [
        {
          "type": "QUEST_COND_ACTIVITY_CLIENT_COND",
          "param": ["2019", "2019001", "1"],
          "param_str": ""
        },
        {
          "type": "QUEST_COND_QUEST_GLOBAL_VAR_EQUAL",
          "param": ["4009201", "1"],
          "param_str": ""
        },
        {
          "type": "QUEST_COND_IS_DAYTIME",
          "param": ["1", "0"],
          "param_str": ""
        }
      ],
      "priority": 4,
      "initDialog": 715182401,
      "npcId": [2023],
      "performCfg": "",
      "loadType": "TALK_ACTIVITY",
      "questId": 2019,
      "prePerformCfg": ""
    }
  ]
}
