{
  "id": 2020,
  "series": 1210,
  "titleTextMapHash": 2485356903,
  "descTextMapHash": 1349829006,
  "luaPath": "Actor/Quest/AQ2020",
  "suggestTrackMainQuestList": [2021],
  "rewardIdList": [102020],
  "chapterId": 1204,
  "subQuests": [
    {
      "subId": 202001,
      "mainId": 2020,
      "order": 1,
      "isMpBlock": true,
      "descTextMapHash": 2369637220,
      "banType": "BAN_GROUP_COMMON",
      "acceptCond": [
        {
          "type": "QUEST_COND_STATE_EQUAL",
          "param": [201904, 3],
          "param_str": ""
        }
      ],
      "finishCondComb": "LOGIC_OR",
      "finishCond": [
        {
          "type": "QUEST_CONTENT_QUEST_STATE_EQUAL",
          "param": [202009, 3],
          "param_str": ""
        }
      ],
      "failCond": [
        {
          "param": [],
          "param_str": ""
        }
      ],
      "guide": {
        "type": "QUEST_GUIDE_LOCATION",
        "param": ["Q202001Target"],
        "guideScene": 3,
        "guideStyle": "QUEST_GUIDE_STYLE_POINT",
        "guideLayer": "QUEST_GUIDE_LAYER_SCENE"
      },
      "isRewind": true,
      "finishExec": [
        {
          "param": [],
          "param_str": ""
        }
      ],
      "failExec": [
        {
          "param": [],
          "param_str": ""
        }
      ],
      "beginExec": [
        {
          "type": "QUEST_EXEC_SET_WEATHER_GADGET",
          "param": ["3092", "1"],
          "param_str": ""
        },
        {
          "type": "QUEST_EXEC_SET_GAME_TIME",
          "param": ["20", "0"],
          "param_str": ""
        },
        {
          "type": "QUEST_EXEC_SET_IS_GAME_TIME_LOCKED",
          "param": ["1", "0"],
          "param_str": ""
        },
        {
          "type": "QUEST_EXEC_LOCK_AVATAR_TEAM",
          "param": ["0", "0"],
          "param_str": ""
        },
        {
          "type": "QUEST_EXEC_REGISTER_DYNAMIC_GROUP",
          "param": ["3", "133221066"],
          "param_str": ""
        }
      ],
      "exclusiveNpcList": [
        3175, 3176, 3177, 3061, 3178, 12138, 12139, 12140, 12141, 12142, 12143,
        3060, 3064
      ],
      "exclusiveNpcPriority": 1000
    },
    {
      "subId": 202002,
      "mainId": 2020,
      "order": 5,
      "isMpBlock": true,
      "descTextMapHash": 782585636,
      "acceptCond": [
        {
          "type": "QUEST_COND_STATE_EQUAL",
          "param": [202009, 3],
          "param_str": ""
        }
      ],
      "finishCond": [
        {
          "type": "QUEST_CONTENT_ENTER_DUNGEON",
          "param": [1122, 289],
          "param_str": ""
        }
      ],
      "failCond": [
        {
          "param": [],
          "param_str": ""
        }
      ],
      "guide": {},
      "isRewind": true,
      "finishExec": [
        {
          "type": "QUEST_EXEC_SET_WEATHER_GADGET",
          "param": ["3092", "0"],
          "param_str": ""
        },
        {
          "type": "QUEST_EXEC_SET_IS_GAME_TIME_LOCKED",
          "param": ["0", "0"],
          "param_str": ""
        },
        {
          "type": "QUEST_EXEC_UNLOCK_AVATAR_TEAM",
          "param": [0, 0],
          "param_str": ""
        },
        {
          "type": "QUEST_EXEC_UNREGISTER_DYNAMIC_GROUP",
          "param": ["133221066", "0"],
          "param_str": ""
        }
      ],
      "failExec": [
        {
          "param": [],
          "param_str": ""
        }
      ],
      "beginExec": [
        {
          "param": [],
          "param_str": ""
        }
      ],
      "exclusiveNpcList": [
        3175, 3176, 3177, 3061, 3178, 12138, 12139, 12140, 12141, 12142, 12143,
        3060, 3064
      ],
      "exclusiveNpcPriority": 1000
    },
    {
      "subId": 202003,
      "mainId": 2020,
      "order": 7,
      "isMpBlock": true,
      "descTextMapHash": 3785750524,
      "acceptCond": [
        {
          "type": "QUEST_COND_STATE_EQUAL",
          "param": [202013, 3],
          "param_str": ""
        }
      ],
      "finishCond": [
        {
          "type": "QUEST_CONTENT_COMPLETE_TALK",
          "param": [202003, 0],
          "param_str": ""
        }
      ],
      "failCondComb": "LOGIC_OR",
      "failCond": [
        {
          "type": "QUEST_CONTENT_FAIL_DUNGEON",
          "param": [1122, 0],
          "param_str": ""
        },
        {
          "type": "QUEST_CONTENT_ENTER_MY_WORLD",
          "param": [3, 0],
          "param_str": ""
        }
      ],
      "guide": {},
      "isRewind": true,
      "finishExec": [
        {
          "param": [],
          "param_str": ""
        }
      ],
      "failExec": [
        {
          "type": "QUEST_EXEC_ROLLBACK_QUEST",
          "param": ["202013", "0"],
          "param_str": ""
        }
      ],
      "beginExec": [
        {
          "param": [],
          "param_str": ""
        }
      ],
      "exclusiveNpcList": [1036],
      "exclusiveNpcPriority": 1000
    },
    {
      "subId": 202004,
      "mainId": 2020,
      "order": 8,
      "isMpBlock": true,
      "descTextMapHash": 2792278412,
      "acceptCond": [
        {
          "type": "QUEST_COND_STATE_EQUAL",
          "param": [202003, 3],
          "param_str": ""
        }
      ],
      "finishCond": [
        {
          "type": "QUEST_CONTENT_LUA_NOTIFY",
          "param": [0, 0],
          "param_str": "202010",
          "count": 1
        }
      ],
      "failCondComb": "LOGIC_OR",
      "failCond": [
        {
          "type": "QUEST_CONTENT_FAIL_DUNGEON",
          "param": [1122, 0],
          "param_str": ""
        },
        {
          "type": "QUEST_CONTENT_ENTER_MY_WORLD",
          "param": [3, 0],
          "param_str": ""
        }
      ],
      "guide": {},
      "isRewind": true,
      "finishExec": [
        {
          "param": [],
          "param_str": ""
        }
      ],
      "failExec": [
        {
          "type": "QUEST_EXEC_ROLLBACK_QUEST",
          "param": ["202013", "0"],
          "param_str": ""
        }
      ],
      "beginExec": [
        {
          "type": "QUEST_EXEC_NOTIFY_GROUP_LUA",
          "param": ["20117", "220117001"],
          "param_str": ""
        }
      ],
      "exclusiveNpcList": [1036],
      "exclusiveNpcPriority": 1000
    },
    {
      "subId": 202005,
      "mainId": 2020,
      "order": 11,
      "isMpBlock": true,
      "descTextMapHash": 3588164364,
      "acceptCond": [
        {
          "type": "QUEST_COND_STATE_EQUAL",
          "param": [202011, 3],
          "param_str": ""
        }
      ],
      "finishCond": [
        {
          "type": "QUEST_CONTENT_COMPLETE_TALK",
          "param": [202005, 0],
          "param_str": ""
        }
      ],
      "failCondComb": "LOGIC_OR",
      "failCond": [
        {
          "type": "QUEST_CONTENT_FAIL_DUNGEON",
          "param": [1122, 0],
          "param_str": ""
        },
        {
          "type": "QUEST_CONTENT_ENTER_MY_WORLD",
          "param": [3, 0],
          "param_str": ""
        }
      ],
      "guide": {},
      "isRewind": true,
      "finishExec": [
        {
          "param": [],
          "param_str": ""
        }
      ],
      "failExec": [
        {
          "type": "QUEST_EXEC_ROLLBACK_QUEST",
          "param": ["202013", "0"],
          "param_str": ""
        }
      ],
      "beginExec": [
        {
          "param": [],
          "param_str": ""
        }
      ],
      "exclusiveNpcList": [1036],
      "exclusiveNpcPriority": 1000
    },
    {
      "subId": 202006,
      "mainId": 2020,
      "order": 12,
      "isMpBlock": true,
      "descTextMapHash": 396080916,
      "acceptCond": [
        {
          "type": "QUEST_COND_STATE_EQUAL",
          "param": [202005, 3],
          "param_str": ""
        }
      ],
      "finishCond": [
        {
          "type": "QUEST_CONTENT_ENTER_MY_WORLD",
          "param": [3, 0],
          "param_str": ""
        }
      ],
      "failCondComb": "LOGIC_OR",
      "failCond": [
        {
          "type": "QUEST_CONTENT_FAIL_DUNGEON",
          "param": [1122, 0],
          "param_str": ""
        }
      ],
      "guide": {},
      "finishExec": [
        {
          "param": [],
          "param_str": ""
        }
      ],
      "failExec": [
        {
          "type": "QUEST_EXEC_ROLLBACK_QUEST",
          "param": ["202013", "0"],
          "param_str": ""
        }
      ],
      "beginExec": [
        {
          "param": [],
          "param_str": ""
        }
      ]
    },
    {
      "subId": 202007,
      "mainId": 2020,
      "order": 2,
      "isMpBlock": true,
      "descTextMapHash": 914984116,
      "showType": "QUEST_HIDDEN",
      "banType": "BAN_GROUP_COMMON",
      "acceptCond": [
        {
          "type": "QUEST_COND_STATE_EQUAL",
          "param": [201904, 3],
          "param_str": ""
        }
      ],
      "finishCond": [
        {
          "type": "QUEST_CONTENT_FINISH_PLOT",
          "param": [202007, 0],
          "param_str": ""
        }
      ],
      "failCond": [
        {
          "param": [],
          "param_str": ""
        }
      ],
      "guide": {},
      "finishExec": [
        {
          "param": [],
          "param_str": ""
        }
      ],
      "failExec": [
        {
          "param": [],
          "param_str": ""
        }
      ],
      "beginExec": [
        {
          "param": [],
          "param_str": ""
        }
      ],
      "exclusiveNpcList": [
        3175, 3176, 3177, 3061, 3178, 12138, 12139, 12140, 12141, 12142, 12143,
        3060, 3064
      ],
      "exclusiveNpcPriority": 1000
    },
    {
      "subId": 202008,
      "mainId": 2020,
      "order": 3,
      "isMpBlock": true,
      "descTextMapHash": 3141742388,
      "showType": "QUEST_HIDDEN",
      "banType": "BAN_GROUP_COMMON",
      "acceptCond": [
        {
          "type": "QUEST_COND_STATE_EQUAL",
          "param": [202007, 3],
          "param_str": ""
        }
      ],
      "finishCond": [
        {
          "type": "QUEST_CONTENT_FINISH_PLOT",
          "param": [202008, 0],
          "param_str": ""
        }
      ],
      "failCond": [
        {
          "param": [],
          "param_str": ""
        }
      ],
      "guide": {},
      "finishExec": [
        {
          "param": [],
          "param_str": ""
        }
      ],
      "failExec": [
        {
          "param": [],
          "param_str": ""
        }
      ],
      "beginExec": [
        {
          "param": [],
          "param_str": ""
        }
      ],
      "exclusiveNpcList": [
        3175, 3176, 3177, 3061, 3178, 12138, 12139, 12140, 12141, 12142, 12143,
        3060, 3064
      ],
      "exclusiveNpcPriority": 1000
    },
    {
      "subId": 202009,
      "mainId": 2020,
      "order": 4,
      "isMpBlock": true,
      "descTextMapHash": 27596172,
      "banType": "BAN_GROUP_COMMON",
      "acceptCond": [
        {
          "type": "QUEST_COND_STATE_EQUAL",
          "param": [202008, 3],
          "param_str": ""
        }
      ],
      "finishCond": [
        {
          "type": "QUEST_CONTENT_FINISH_PLOT",
          "param": [202009, 0],
          "param_str": ""
        }
      ],
      "failCond": [
        {
          "param": [],
          "param_str": ""
        }
      ],
      "guide": {},
      "finishExec": [
        {
          "param": [],
          "param_str": ""
        }
      ],
      "failExec": [
        {
          "param": [],
          "param_str": ""
        }
      ],
      "beginExec": [
        {
          "param": [],
          "param_str": ""
        }
      ],
      "exclusiveNpcList": [
        3175, 3176, 3177, 3061, 3178, 12138, 12139, 12140, 12141, 12142, 12143,
        3060, 3064
      ],
      "exclusiveNpcPriority": 1000
    },
    {
      "subId": 202010,
      "mainId": 2020,
      "order": 9,
      "isMpBlock": true,
      "descTextMapHash": 520237852,
      "showType": "QUEST_HIDDEN",
      "acceptCond": [
        {
          "type": "QUEST_COND_STATE_EQUAL",
          "param": [202004, 3],
          "param_str": ""
        }
      ],
      "finishCond": [
        {
          "type": "QUEST_CONTENT_FINISH_PLOT",
          "param": [202010, 0],
          "param_str": ""
        }
      ],
      "failCondComb": "LOGIC_OR",
      "failCond": [
        {
          "type": "QUEST_CONTENT_FAIL_DUNGEON",
          "param": [1122, 0],
          "param_str": ""
        },
        {
          "type": "QUEST_CONTENT_ENTER_MY_WORLD",
          "param": [3, 0],
          "param_str": ""
        }
      ],
      "guide": {},
      "isRewind": true,
      "finishExec": [
        {
          "param": [],
          "param_str": ""
        }
      ],
      "failExec": [
        {
          "type": "QUEST_EXEC_ROLLBACK_QUEST",
          "param": ["202013", "0"],
          "param_str": ""
        }
      ],
      "beginExec": [
        {
          "param": [],
          "param_str": ""
        }
      ],
      "exclusiveNpcList": [1036],
      "exclusiveNpcPriority": 1000
    },
    {
      "subId": 202011,
      "mainId": 2020,
      "order": 10,
      "isMpBlock": true,
      "descTextMapHash": 1254931676,
      "acceptCond": [
        {
          "type": "QUEST_COND_STATE_EQUAL",
          "param": [202010, 3],
          "param_str": ""
        }
      ],
      "finishCond": [
        {
          "type": "QUEST_CONTENT_LUA_NOTIFY",
          "param": [0, 0],
          "param_str": "202011",
          "count": 1
        }
      ],
      "failCondComb": "LOGIC_OR",
      "failCond": [
        {
          "type": "QUEST_CONTENT_FAIL_DUNGEON",
          "param": [1122, 0],
          "param_str": ""
        },
        {
          "type": "QUEST_CONTENT_ENTER_MY_WORLD",
          "param": [3, 0],
          "param_str": ""
        }
      ],
      "guide": {},
      "isRewind": true,
      "finishExec": [
        {
          "param": [],
          "param_str": ""
        }
      ],
      "failExec": [
        {
          "type": "QUEST_EXEC_ROLLBACK_QUEST",
          "param": ["202013", "0"],
          "param_str": ""
        }
      ],
      "beginExec": [
        {
          "type": "QUEST_EXEC_NOTIFY_GROUP_LUA",
          "param": ["20117", "220117001"],
          "param_str": ""
        }
      ],
      "exclusiveNpcList": [1036],
      "exclusiveNpcPriority": 1000
    },
    {
      "subId": 202012,
      "mainId": 2020,
      "order": 13,
      "descTextMapHash": 1653828388,
      "acceptCond": [
        {
          "type": "QUEST_COND_STATE_EQUAL",
          "param": [202006, 3],
          "param_str": ""
        }
      ],
      "finishCond": [
        {
          "type": "QUEST_CONTENT_COMPLETE_TALK",
          "param": [202101, 0],
          "param_str": ""
        }
      ],
      "failCond": [
        {
          "param": [],
          "param_str": ""
        }
      ],
      "guide": {
        "type": "QUEST_GUIDE_NPC",
        "param": ["1005"],
        "guideScene": 3,
        "guideStyle": "QUEST_GUIDE_STYLE_TARGET",
        "guideLayer": "QUEST_GUIDE_LAYER_SCENE"
      },
      "finishParent": true,
      "isRewind": true,
      "finishExec": [
        {
          "param": [],
          "param_str": ""
        }
      ],
      "failExec": [
        {
          "param": [],
          "param_str": ""
        }
      ],
      "beginExec": [
        {
          "param": [],
          "param_str": ""
        }
      ]
    },
    {
      "subId": 202013,
      "mainId": 2020,
      "order": 6,
      "descTextMapHash": 3932765436,
      "acceptCond": [
        {
          "type": "QUEST_COND_STATE_EQUAL",
          "param": [202002, 3],
          "param_str": ""
        }
      ],
      "finishCondComb": "LOGIC_OR",
      "finishCond": [
        {
          "type": "QUEST_CONTENT_ENTER_DUNGEON",
          "param": [1122, 421],
          "param_str": ""
        },
        {
          "type": "QUEST_CONTENT_INTERACT_GADGET",
          "param": [71700319, 0],
          "param_str": "",
          "count": 1
        },
        {
          "type": "QUEST_CONTENT_FINISH_PLOT",
          "param": [202013, 0],
          "param_str": ""
        }
      ],
      "failCond": [
        {
          "param": [],
          "param_str": ""
        }
      ],
      "guide": {
        "type": "QUEST_GUIDE_LOCATION",
        "param": ["Q200302paimon"],
        "guideScene": 3,
        "guideStyle": "QUEST_GUIDE_STYLE_POINT"
      },
      "isRewind": true,
      "finishExec": [
        {
          "param": [],
          "param_str": ""
        }
      ],
      "failExec": [
        {
          "param": [],
          "param_str": ""
        }
      ],
      "beginExec": [
        {
          "param": [],
          "param_str": ""
        }
      ],
      "exclusiveNpcList": [1036],
      "exclusiveNpcPriority": 1000
    }
  ],
  "talks": [
    {
      "id": 202003,
      "beginWay": "TALK_BEGIN_MANUAL",
      "activeMode": "PLAY_MODE_SINGLE",
      "beginCond": [
        {
          "type": "QUEST_COND_STATE_EQUAL",
          "param": ["202003", "2"],
          "param_str": ""
        }
      ],
      "priority": 5,
      "initDialog": 20200301,
      "npcId": [1036],
      "performCfg": "QuestDialogue/AQ/Inazuma2_2020/Q202003",
      "heroTalk": "TALK_HERO_MAIN",
      "questId": 2020,
      "prePerformCfg": ""
    },
    {
      "id": 202005,
      "beginWay": "TALK_BEGIN_MANUAL",
      "activeMode": "PLAY_MODE_SINGLE",
      "beginCond": [
        {
          "type": "QUEST_COND_STATE_EQUAL",
          "param": ["202005", "2"],
          "param_str": ""
        }
      ],
      "priority": 5,
      "initDialog": 20200501,
      "npcId": [1034, 1036],
      "performCfg": "QuestDialogue/AQ/Inazuma2_2020/Q202005",
      "heroTalk": "TALK_HERO_MAIN",
      "questId": 2020,
      "prePerformCfg": ""
    },
    {
      "id": 202101,
      "beginWay": "TALK_BEGIN_MANUAL",
      "activeMode": "PLAY_MODE_SINGLE",
      "beginCond": [
        {
          "type": "QUEST_COND_STATE_EQUAL",
          "param": ["202012", "2"],
          "param_str": ""
        }
      ],
      "priority": 5,
      "initDialog": 20210101,
      "npcId": [1005],
      "performCfg": "QuestDialogue/AQ/Inazuma2_2021/Q202101",
      "heroTalk": "TALK_HERO_MAIN",
      "questId": 2020,
      "prePerformCfg": ""
    },
    {
      "id": 4009721,
      "beginWay": "TALK_BEGIN_MANUAL",
      "activeMode": "PLAY_MODE_SINGLE",
      "beginCondComb": "LOGIC_AND",
      "beginCond": [
        {
          "type": "QUEST_COND_STATE_EQUAL",
          "param": ["4009707", "3"],
          "param_str": ""
        },
        {
          "type": "QUEST_COND_QUEST_GLOBAL_VAR_EQUAL",
          "param": ["302617", "1"],
          "param_str": ""
        }
      ],
      "priority": 5,
      "initDialog": 400972101,
      "npcId": [30329],
      "performCfg": "QuestDialogue/EQ/V3.5FleurFlowerV2_40097/Q4009721",
      "heroTalk": "TALK_HERO_MAIN",
      "loadType": "TALK_ACTIVITY",
      "questId": 2020,
      "prePerformCfg": ""
    },
    {
      "id": 4009722,
      "beginWay": "TALK_BEGIN_MANUAL",
      "activeMode": "PLAY_MODE_SINGLE",
      "beginCondComb": "LOGIC_AND",
      "beginCond": [
        {
          "type": "QUEST_COND_STATE_EQUAL",
          "param": ["4009707", "3"],
          "param_str": ""
        },
        {
          "type": "QUEST_COND_QUEST_GLOBAL_VAR_EQUAL",
          "param": ["302617", "1"],
          "param_str": ""
        }
      ],
      "priority": 5,
      "initDialog": 400972201,
      "npcId": [30328, 30327],
      "performCfg": "QuestDialogue/EQ/V3.5FleurFlowerV2_40097/Q4009722",
      "heroTalk": "TALK_HERO_MAIN",
      "loadType": "TALK_ACTIVITY",
      "questId": 2020,
      "prePerformCfg": ""
    },
    {
      "id": 4009723,
      "beginWay": "TALK_BEGIN_MANUAL",
      "activeMode": "PLAY_MODE_SINGLE",
      "beginCondComb": "LOGIC_AND",
      "beginCond": [
        {
          "type": "QUEST_COND_STATE_EQUAL",
          "param": ["4009707", "3"],
          "param_str": ""
        },
        {
          "type": "QUEST_COND_QUEST_GLOBAL_VAR_EQUAL",
          "param": ["4009802", "0"],
          "param_str": ""
        }
      ],
      "priority": 5,
      "initDialog": 400972301,
      "npcId": [30331, 30344, 30338],
      "performCfg": "QuestDialogue/EQ/V3.5FleurFlowerV2_40097/Q4009723",
      "heroTalk": "TALK_HERO_MAIN",
      "loadType": "TALK_ACTIVITY",
      "questId": 2020,
      "prePerformCfg": ""
    },
    {
      "id": 4009724,
      "beginWay": "TALK_BEGIN_MANUAL",
      "activeMode": "PLAY_MODE_SINGLE",
      "beginCondComb": "LOGIC_AND",
      "beginCond": [
        {
          "type": "QUEST_COND_STATE_EQUAL",
          "param": ["4009707", "3"],
          "param_str": ""
        },
        {
          "type": "QUEST_COND_QUEST_GLOBAL_VAR_EQUAL",
          "param": ["4009802", "0"],
          "param_str": ""
        }
      ],
      "priority": 5,
      "initDialog": 400972401,
      "npcId": [30330, 30337],
      "performCfg": "QuestDialogue/EQ/V3.5FleurFlowerV2_40097/Q4009724",
      "heroTalk": "TALK_HERO_MAIN",
      "loadType": "TALK_ACTIVITY",
      "questId": 2020,
      "prePerformCfg": ""
    },
    {
      "id": 4009725,
      "beginWay": "TALK_BEGIN_MANUAL",
      "activeMode": "PLAY_MODE_SINGLE",
      "beginCondComb": "LOGIC_AND",
      "beginCond": [
        {
          "type": "QUEST_COND_STATE_EQUAL",
          "param": ["4009707", "3"],
          "param_str": ""
        },
        {
          "type": "QUEST_COND_QUEST_GLOBAL_VAR_EQUAL",
          "param": ["4009802", "0"],
          "param_str": ""
        }
      ],
      "priority": 5,
      "initDialog": 400972501,
      "npcId": [30332, 30340],
      "performCfg": "QuestDialogue/EQ/V3.5FleurFlowerV2_40097/Q4009725",
      "heroTalk": "TALK_HERO_MAIN",
      "loadType": "TALK_ACTIVITY",
      "questId": 2020,
      "prePerformCfg": ""
    },
    {
      "id": 4009751,
      "beginWay": "TALK_BEGIN_MANUAL",
      "activeMode": "PLAY_MODE_SINGLE",
      "beginCond": [
        {
          "type": "QUEST_COND_ACTIVITY_CLIENT_COND",
          "param": ["2020", "2020001", "1"],
          "param_str": ""
        }
      ],
      "priority": 5,
      "initDialog": 400975101,
      "npcId": [1427],
      "performCfg": "",
      "loadType": "TALK_ACTIVITY",
      "questId": 2020,
      "prePerformCfg": ""
    },
    {
      "id": 4009752,
      "beginWay": "TALK_BEGIN_MANUAL",
      "activeMode": "PLAY_MODE_SINGLE",
      "beginCond": [
        {
          "type": "QUEST_COND_ACTIVITY_CLIENT_COND",
          "param": ["2020", "2020001", "1"],
          "param_str": ""
        }
      ],
      "priority": 5,
      "initDialog": 400975201,
      "npcId": [1439],
      "performCfg": "",
      "loadType": "TALK_ACTIVITY",
      "questId": 2020,
      "prePerformCfg": ""
    },
    {
      "id": 4009753,
      "beginWay": "TALK_BEGIN_MANUAL",
      "activeMode": "PLAY_MODE_SINGLE",
      "beginCondComb": "LOGIC_AND",
      "beginCond": [
        {
          "type": "QUEST_COND_ACTIVITY_CLIENT_COND",
          "param": ["2020", "2020001", "1"],
          "param_str": ""
        },
        {
          "type": "QUEST_COND_IS_DAYTIME",
          "param": ["1", "0"],
          "param_str": ""
        }
      ],
      "priority": 5,
      "nextTalks": [6140903, 46111, 46110, 40215, 40216, 40217],
      "initDialog": 400975301,
      "npcId": [1409],
      "performCfg": "",
      "loadType": "TALK_ACTIVITY",
      "questId": 2020,
      "prePerformCfg": ""
    },
    {
      "id": 4009754,
      "beginWay": "TALK_BEGIN_MANUAL",
      "activeMode": "PLAY_MODE_SINGLE",
      "beginCond": [
        {
          "type": "QUEST_COND_ACTIVITY_CLIENT_COND",
          "param": ["2020", "2020001", "1"],
          "param_str": ""
        }
      ],
      "priority": 5,
      "initDialog": 400975401,
      "npcId": [1602],
      "performCfg": "",
      "loadType": "TALK_ACTIVITY",
      "questId": 2020,
      "prePerformCfg": ""
    },
    {
      "id": 4009755,
      "beginWay": "TALK_BEGIN_MANUAL",
      "activeMode": "PLAY_MODE_SINGLE",
      "beginCond": [
        {
          "type": "QUEST_COND_ACTIVITY_CLIENT_COND",
          "param": ["2020", "2020001", "1"],
          "param_str": ""
        }
      ],
      "priority": 5,
      "initDialog": 400975501,
      "npcId": [1521],
      "performCfg": "",
      "loadType": "TALK_ACTIVITY",
      "questId": 2020,
      "prePerformCfg": ""
    },
    {
      "id": 4009756,
      "beginWay": "TALK_BEGIN_MANUAL",
      "activeMode": "PLAY_MODE_SINGLE",
      "beginCond": [
        {
          "type": "QUEST_COND_ACTIVITY_CLIENT_COND",
          "param": ["2020", "2020001", "1"],
          "param_str": ""
        }
      ],
      "priority": 5,
      "nextTalks": [6158902, 6158903],
      "initDialog": 400975601,
      "npcId": [1589],
      "performCfg": "",
      "loadType": "TALK_ACTIVITY",
      "questId": 2020,
      "prePerformCfg": ""
    },
    {
      "id": 4009757,
      "beginWay": "TALK_BEGIN_MANUAL",
      "activeMode": "PLAY_MODE_HOST",
      "beginCond": [
        {
          "type": "QUEST_COND_ACTIVITY_CLIENT_COND",
          "param": ["2020", "2020001", "1"],
          "param_str": ""
        }
      ],
      "priority": 5,
      "nextTalks": [6146705, 6146704, 6146702, 6146703, 7090501],
      "initDialog": 400975701,
      "npcId": [1467],
      "performCfg": "",
      "loadType": "TALK_ACTIVITY",
      "questId": 2020,
      "prePerformCfg": ""
    },
    {
      "id": 4009758,
      "beginWay": "TALK_BEGIN_MANUAL",
      "activeMode": "PLAY_MODE_SINGLE",
      "beginCond": [
        {
          "type": "QUEST_COND_ACTIVITY_CLIENT_COND",
          "param": ["2020", "2020001", "1"],
          "param_str": ""
        }
      ],
      "priority": 5,
      "nextTalks": [4008878, 6143310, 6143309, 6143306, 6143307, 6143308],
      "initDialog": 400975801,
      "npcId": [1433],
      "performCfg": "",
      "loadType": "TALK_ACTIVITY",
      "questId": 2020,
      "prePerformCfg": ""
    },
    {
      "id": 4009759,
      "beginWay": "TALK_BEGIN_MANUAL",
      "activeMode": "PLAY_MODE_SINGLE",
      "beginCond": [
        {
          "type": "QUEST_COND_ACTIVITY_CLIENT_COND",
          "param": ["2020", "2020001", "1"],
          "param_str": ""
        }
      ],
      "priority": 5,
      "initDialog": 400975901,
      "npcId": [1461],
      "performCfg": "",
      "loadType": "TALK_ACTIVITY",
      "questId": 2020,
      "prePerformCfg": ""
    },
    {
      "id": 4009760,
      "beginWay": "TALK_BEGIN_MANUAL",
      "activeMode": "PLAY_MODE_SINGLE",
      "beginCond": [
        {
          "type": "QUEST_COND_ACTIVITY_CLIENT_COND",
          "param": ["2020", "2020001", "1"],
          "param_str": ""
        }
      ],
      "priority": 5,
      "initDialog": 400976001,
      "npcId": [1463],
      "performCfg": "",
      "loadType": "TALK_ACTIVITY",
      "questId": 2020,
      "prePerformCfg": ""
    },
    {
      "id": 4009761,
      "beginWay": "TALK_BEGIN_MANUAL",
      "activeMode": "PLAY_MODE_SINGLE",
      "beginCondComb": "LOGIC_AND",
      "beginCond": [
        {
          "type": "QUEST_COND_ACTIVITY_CLIENT_COND",
          "param": ["2020", "2020012", "1"],
          "param_str": ""
        },
        {
          "type": "QUEST_COND_IS_DAYTIME",
          "param": ["1", "0"],
          "param_str": ""
        }
      ],
      "priority": 5,
      "nextTalks": [6164205, 6164202, 7091701, 6164203],
      "initDialog": 400976101,
      "npcId": [1642],
      "performCfg": "",
      "loadType": "TALK_ACTIVITY",
      "questId": 2020,
      "prePerformCfg": ""
    },
    {
      "id": 4009762,
      "beginWay": "TALK_BEGIN_MANUAL",
      "activeMode": "PLAY_MODE_SINGLE",
      "beginCond": [
        {
          "type": "QUEST_COND_ACTIVITY_CLIENT_COND",
          "param": ["2020", "2020012", "1"],
          "param_str": ""
        }
      ],
      "priority": 5,
      "nextTalks": [7071301, 7071401, 6154105, 6154102, 6154103, 6154104],
      "initDialog": 400976201,
      "npcId": [1541],
      "performCfg": "",
      "loadType": "TALK_ACTIVITY",
      "questId": 2020,
      "prePerformCfg": ""
    },
    {
      "id": 4009763,
      "beginWay": "TALK_BEGIN_MANUAL",
      "activeMode": "PLAY_MODE_SINGLE",
      "beginCond": [
        {
          "type": "QUEST_COND_STATE_EQUAL",
          "param": ["99902", "3"],
          "param_str": ""
        }
      ],
      "priority": 5,
      "initDialog": 400976301,
      "npcId": [1555],
      "performCfg": "",
      "loadType": "TALK_ACTIVITY",
      "questId": 2020,
      "prePerformCfg": ""
    },
    {
      "id": 4009764,
      "beginWay": "TALK_BEGIN_MANUAL",
      "activeMode": "PLAY_MODE_SINGLE",
      "beginCond": [
        {
          "type": "QUEST_COND_ACTIVITY_CLIENT_COND",
          "param": ["2020", "2020012", "1"],
          "param_str": ""
        }
      ],
      "priority": 5,
      "nextTalks": [
        2051702, 2051710, 46407, 41707, 6143506, 7224301, 7224302, 6143505,
        6143501, 41708, 41709
      ],
      "initDialog": 400976401,
      "npcId": [1435],
      "performCfg": "",
      "loadType": "TALK_ACTIVITY",
      "questId": 2020,
      "prePerformCfg": ""
    },
    {
      "id": 4009765,
      "beginWay": "TALK_BEGIN_MANUAL",
      "activeMode": "PLAY_MODE_SINGLE",
      "beginCondComb": "LOGIC_AND",
      "beginCond": [
        {
          "type": "QUEST_COND_ACTIVITY_CLIENT_COND",
          "param": ["2020", "2020001", "1"],
          "param_str": ""
        },
        {
          "type": "QUEST_COND_IS_DAYTIME",
          "param": ["1", "0"],
          "param_str": ""
        }
      ],
      "priority": 5,
      "initDialog": 400976501,
      "npcId": [1401, 1403],
      "performCfg": "",
      "loadType": "TALK_ACTIVITY",
      "questId": 2020,
      "prePerformCfg": ""
    },
    {
      "id": 4009766,
      "beginWay": "TALK_BEGIN_MANUAL",
      "activeMode": "PLAY_MODE_SINGLE",
      "beginCondComb": "LOGIC_AND",
      "beginCond": [
        {
          "type": "QUEST_COND_ACTIVITY_CLIENT_COND",
          "param": ["2020", "2020001", "1"],
          "param_str": ""
        },
        {
          "type": "QUEST_COND_IS_DAYTIME",
          "param": ["0", "0"],
          "param_str": ""
        }
      ],
      "priority": 5,
      "nextTalks": [4009767, 4009768, 4009769],
      "initDialog": 400976601,
      "npcId": [1404],
      "performCfg": "",
      "loadType": "TALK_ACTIVITY",
      "questId": 2020,
      "prePerformCfg": ""
    },
    {
      "id": 4009767,
      "activeMode": "PLAY_MODE_SINGLE",
      "beginCondComb": "LOGIC_AND",
      "beginCond": [
        {
          "type": "QUEST_COND_ACTIVITY_CLIENT_COND",
          "param": ["2020", "2020001", "1"],
          "param_str": ""
        },
        {
          "type": "QUEST_COND_IS_DAYTIME",
          "param": ["0", "0"],
          "param_str": ""
        }
      ],
      "priority": 5,
      "initDialog": 400976701,
      "npcId": [1404],
      "performCfg": "",
      "loadType": "TALK_ACTIVITY",
      "questId": 2020,
      "prePerformCfg": ""
    },
    {
      "id": 4009768,
      "activeMode": "PLAY_MODE_SINGLE",
      "beginCondComb": "LOGIC_AND",
      "beginCond": [
        {
          "type": "QUEST_COND_ACTIVITY_CLIENT_COND",
          "param": ["2020", "2020001", "1"],
          "param_str": ""
        },
        {
          "type": "QUEST_COND_IS_DAYTIME",
          "param": ["0", "0"],
          "param_str": ""
        }
      ],
      "priority": 5,
      "initDialog": 400976801,
      "npcId": [1404],
      "performCfg": "",
      "loadType": "TALK_ACTIVITY",
      "questId": 2020,
      "prePerformCfg": ""
    },
    {
      "id": 4009769,
      "activeMode": "PLAY_MODE_SINGLE",
      "beginCondComb": "LOGIC_AND",
      "beginCond": [
        {
          "type": "QUEST_COND_ACTIVITY_CLIENT_COND",
          "param": ["2020", "2020001", "1"],
          "param_str": ""
        },
        {
          "type": "QUEST_COND_IS_DAYTIME",
          "param": ["0", "0"],
          "param_str": ""
        }
      ],
      "priority": 5,
      "initDialog": 400976901,
      "npcId": [1404],
      "performCfg": "",
      "loadType": "TALK_ACTIVITY",
      "questId": 2020,
      "prePerformCfg": ""
    },
    {
      "id": 4009770,
      "beginWay": "TALK_BEGIN_MANUAL",
      "activeMode": "PLAY_MODE_SINGLE",
      "beginCond": [
        {
          "type": "QUEST_COND_ACTIVITY_CLIENT_COND",
          "param": ["2020", "2020001", "1"],
          "param_str": ""
        }
      ],
      "priority": 5,
      "nextTalks": [4009771, 4009772, 6163802, 4009773],
      "initDialog": 400977001,
      "npcId": [1638],
      "performCfg": "",
      "loadType": "TALK_ACTIVITY",
      "questId": 2020,
      "prePerformCfg": ""
    },
    {
      "id": 4009771,
      "activeMode": "PLAY_MODE_SINGLE",
      "beginCond": [
        {
          "type": "QUEST_COND_ACTIVITY_CLIENT_COND",
          "param": ["2020", "2020001", "1"],
          "param_str": ""
        }
      ],
      "priority": 3,
      "initDialog": 400977101,
      "npcId": [1638],
      "performCfg": "",
      "loadType": "TALK_ACTIVITY",
      "questId": 2020,
      "prePerformCfg": ""
    },
    {
      "id": 4009772,
      "activeMode": "PLAY_MODE_SINGLE",
      "beginCond": [
        {
          "type": "QUEST_COND_ACTIVITY_CLIENT_COND",
          "param": ["2020", "2020001", "1"],
          "param_str": ""
        }
      ],
      "priority": 3,
      "initDialog": 400977201,
      "npcId": [1638],
      "performCfg": "",
      "loadType": "TALK_ACTIVITY",
      "questId": 2020,
      "prePerformCfg": ""
    },
    {
      "id": 4009773,
      "activeMode": "PLAY_MODE_SINGLE",
      "beginCond": [
        {
          "type": "QUEST_COND_ACTIVITY_CLIENT_COND",
          "param": ["2020", "2020001", "1"],
          "param_str": ""
        }
      ],
      "priority": 3,
      "initDialog": 400977301,
      "npcId": [1638],
      "performCfg": "",
      "loadType": "TALK_ACTIVITY",
      "questId": 2020,
      "prePerformCfg": ""
    },
    {
      "id": 4009774,
      "beginWay": "TALK_BEGIN_MANUAL",
      "activeMode": "PLAY_MODE_SINGLE",
      "beginCond": [
        {
          "type": "QUEST_COND_ACTIVITY_CLIENT_COND",
          "param": ["2020", "2020001", "1"],
          "param_str": ""
        }
      ],
      "priority": 5,
      "nextTalks": [
        1010061, 46410, 2074004, 2074005, 2074006, 2074007, 7081008, 7081011,
        7081012, 4009775, 4009776, 41710, 4009777
      ],
      "initDialog": 400977401,
      "npcId": [1425],
      "performCfg": "",
      "loadType": "TALK_ACTIVITY",
      "questId": 2020,
      "prePerformCfg": ""
    },
    {
      "id": 4009775,
      "activeMode": "PLAY_MODE_SINGLE",
      "beginCond": [
        {
          "type": "QUEST_COND_ACTIVITY_CLIENT_COND",
          "param": ["2020", "2020001", "1"],
          "param_str": ""
        }
      ],
      "priority": 5,
      "initDialog": 400977501,
      "npcId": [1425],
      "performCfg": "",
      "loadType": "TALK_ACTIVITY",
      "questId": 2020,
      "prePerformCfg": ""
    },
    {
      "id": 4009776,
      "activeMode": "PLAY_MODE_SINGLE",
      "beginCond": [
        {
          "type": "QUEST_COND_ACTIVITY_CLIENT_COND",
          "param": ["2020", "2020001", "1"],
          "param_str": ""
        }
      ],
      "priority": 5,
      "initDialog": 400977601,
      "npcId": [1425],
      "performCfg": "",
      "loadType": "TALK_ACTIVITY",
      "questId": 2020,
      "prePerformCfg": ""
    },
    {
      "id": 4009777,
      "activeMode": "PLAY_MODE_SINGLE",
      "beginCond": [
        {
          "type": "QUEST_COND_ACTIVITY_CLIENT_COND",
          "param": ["2020", "2020001", "1"],
          "param_str": ""
        }
      ],
      "priority": 5,
      "initDialog": 400977701,
      "npcId": [1425],
      "performCfg": "",
      "loadType": "TALK_ACTIVITY",
      "questId": 2020,
      "prePerformCfg": ""
    },
    {
      "id": 4009778,
      "beginWay": "TALK_BEGIN_MANUAL",
      "activeMode": "PLAY_MODE_SINGLE",
      "beginCondComb": "LOGIC_AND",
      "beginCond": [
        {
          "type": "QUEST_COND_ACTIVITY_CLIENT_COND",
          "param": ["2020", "2020001", "1"],
          "param_str": ""
        },
        {
          "type": "QUEST_COND_IS_DAYTIME",
          "param": ["0", "0"],
          "param_str": ""
        }
      ],
      "priority": 5,
      "initDialog": 400977801,
      "npcId": [1610, 1609],
      "performCfg": "",
      "loadType": "TALK_ACTIVITY",
      "questId": 2020,
      "prePerformCfg": ""
    },
    {
      "id": 4009779,
      "beginWay": "TALK_BEGIN_MANUAL",
      "activeMode": "PLAY_MODE_SINGLE",
      "beginCond": [
        {
          "type": "QUEST_COND_ACTIVITY_CLIENT_COND",
          "param": ["2020", "2020001", "1"],
          "param_str": ""
        }
      ],
      "priority": 5,
      "nextTalks": [4009780, 6143107, 4009781],
      "initDialog": 400977901,
      "npcId": [1431],
      "performCfg": "",
      "loadType": "TALK_ACTIVITY",
      "questId": 2020,
      "prePerformCfg": ""
    },
    {
      "id": 4009780,
      "activeMode": "PLAY_MODE_SINGLE",
      "beginCond": [
        {
          "type": "QUEST_COND_ACTIVITY_CLIENT_COND",
          "param": ["2020", "2020001", "1"],
          "param_str": ""
        }
      ],
      "priority": 5,
      "initDialog": 400978001,
      "npcId": [1431],
      "performCfg": "",
      "loadType": "TALK_ACTIVITY",
      "questId": 2020,
      "prePerformCfg": ""
    },
    {
      "id": 4009781,
      "activeMode": "PLAY_MODE_SINGLE",
      "beginCond": [
        {
          "type": "QUEST_COND_ACTIVITY_CLIENT_COND",
          "param": ["2020", "2020001", "1"],
          "param_str": ""
        }
      ],
      "priority": 5,
      "initDialog": 400978101,
      "npcId": [1431],
      "performCfg": "",
      "loadType": "TALK_ACTIVITY",
      "questId": 2020,
      "prePerformCfg": ""
    },
    {
      "id": 4009782,
      "beginWay": "TALK_BEGIN_MANUAL",
      "activeMode": "PLAY_MODE_SINGLE",
      "beginCond": [
        {
          "type": "QUEST_COND_ACTIVITY_CLIENT_COND",
          "param": ["2020", "2020001", "1"],
          "param_str": ""
        }
      ],
      "priority": 5,
      "nextTalks": [6152302],
      "initDialog": 400978201,
      "npcId": [1523],
      "performCfg": "",
      "loadType": "TALK_ACTIVITY",
      "questId": 2020,
      "prePerformCfg": ""
    },
    {
      "id": 4009783,
      "beginWay": "TALK_BEGIN_MANUAL",
      "activeMode": "PLAY_MODE_SINGLE",
      "beginCond": [
        {
          "type": "QUEST_COND_ACTIVITY_CLIENT_COND",
          "param": ["2020", "2020001", "1"],
          "param_str": ""
        }
      ],
      "priority": 5,
      "initDialog": 400978301,
      "npcId": [1591],
      "performCfg": "",
      "loadType": "TALK_ACTIVITY",
      "questId": 2020,
      "prePerformCfg": ""
    },
    {
      "id": 4009784,
      "beginWay": "TALK_BEGIN_MANUAL",
      "activeMode": "PLAY_MODE_SINGLE",
      "beginCond": [
        {
          "type": "QUEST_COND_ACTIVITY_CLIENT_COND",
          "param": ["2020", "2020001", "1"],
          "param_str": ""
        }
      ],
      "priority": 5,
      "nextTalks": [7092601],
      "initDialog": 400978401,
      "npcId": [1553],
      "performCfg": "",
      "loadType": "TALK_ACTIVITY",
      "questId": 2020,
      "prePerformCfg": ""
    },
    {
      "id": 4009785,
      "beginWay": "TALK_BEGIN_MANUAL",
      "activeMode": "PLAY_MODE_SINGLE",
      "beginCond": [
        {
          "type": "QUEST_COND_ACTIVITY_CLIENT_COND",
          "param": ["2020", "2020001", "1"],
          "param_str": ""
        }
      ],
      "priority": 5,
      "initDialog": 400978501,
      "npcId": [1653],
      "performCfg": "",
      "loadType": "TALK_ACTIVITY",
      "questId": 2020,
      "prePerformCfg": ""
    },
    {
      "id": 4009786,
      "beginWay": "TALK_BEGIN_MANUAL",
      "activeMode": "PLAY_MODE_SINGLE",
      "beginCond": [
        {
          "type": "QUEST_COND_ACTIVITY_CLIENT_COND",
          "param": ["2020", "2020001", "1"],
          "param_str": ""
        }
      ],
      "priority": 5,
      "nextTalks": [4009787, 6153902, 4009788],
      "initDialog": 400978601,
      "npcId": [1539],
      "performCfg": "",
      "loadType": "TALK_ACTIVITY",
      "questId": 2020,
      "prePerformCfg": ""
    },
    {
      "id": 4009787,
      "activeMode": "PLAY_MODE_SINGLE",
      "beginCond": [
        {
          "type": "QUEST_COND_ACTIVITY_CLIENT_COND",
          "param": ["2020", "2020001", "1"],
          "param_str": ""
        }
      ],
      "priority": 5,
      "initDialog": 400978701,
      "npcId": [1539],
      "performCfg": "",
      "loadType": "TALK_ACTIVITY",
      "questId": 2020,
      "prePerformCfg": ""
    },
    {
      "id": 4009788,
      "activeMode": "PLAY_MODE_SINGLE",
      "beginCond": [
        {
          "type": "QUEST_COND_ACTIVITY_CLIENT_COND",
          "param": ["2020", "2020001", "1"],
          "param_str": ""
        }
      ],
      "priority": 5,
      "initDialog": 400978801,
      "npcId": [1539],
      "performCfg": "",
      "loadType": "TALK_ACTIVITY",
      "questId": 2020,
      "prePerformCfg": ""
    },
    {
      "id": 4009821,
      "beginWay": "TALK_BEGIN_MANUAL",
      "activeMode": "PLAY_MODE_SINGLE",
      "beginCondComb": "LOGIC_AND",
      "beginCond": [
        {
          "type": "QUEST_COND_STATE_EQUAL",
          "param": ["4009813", "3"],
          "param_str": ""
        },
        {
          "type": "QUEST_COND_QUEST_GLOBAL_VAR_EQUAL",
          "param": ["4009902", "0"],
          "param_str": ""
        }
      ],
      "priority": 5,
      "initDialog": 400982101,
      "npcId": [30339, 30330],
      "performCfg": "QuestDialogue/EQ/V3.5FleurFlowerV2_40098/Q4009821",
      "heroTalk": "TALK_HERO_MAIN",
      "loadType": "TALK_ACTIVITY",
      "questId": 2020,
      "prePerformCfg": ""
    },
    {
      "id": 4009921,
      "beginWay": "TALK_BEGIN_MANUAL",
      "activeMode": "PLAY_MODE_SINGLE",
      "beginCondComb": "LOGIC_AND",
      "beginCond": [
        {
          "type": "QUEST_COND_STATE_EQUAL",
          "param": ["4009907", "3"],
          "param_str": ""
        },
        {
          "type": "QUEST_COND_ACTIVITY_CLIENT_COND",
          "param": ["2020", "2020014", "1"],
          "param_str": ""
        }
      ],
      "priority": 10,
      "nextTalks": [4009933, 4009934],
      "initDialog": 400992101,
      "npcId": [1587, 2083],
      "performCfg": "QuestDialogue/EQ/V3.5FleurFlowerV2_40099/Q4009921",
      "heroTalk": "TALK_HERO_MAIN",
      "loadType": "TALK_ACTIVITY",
      "questId": 2020,
      "prePerformCfg": ""
    },
    {
      "id": 4009922,
      "beginWay": "TALK_BEGIN_MANUAL",
      "activeMode": "PLAY_MODE_SINGLE",
      "beginCondComb": "LOGIC_AND",
      "beginCond": [
        {
          "type": "QUEST_COND_STATE_EQUAL",
          "param": ["4009907", "3"],
          "param_str": ""
        },
        {
          "type": "QUEST_COND_ACTIVITY_CLIENT_COND",
          "param": ["2020", "2020014", "1"],
          "param_str": ""
        }
      ],
      "priority": 5,
      "initDialog": 400992201,
      "npcId": [30340],
      "performCfg": "QuestDialogue/EQ/V3.5FleurFlowerV2_40099/Q4009922",
      "heroTalk": "TALK_HERO_MAIN",
      "loadType": "TALK_ACTIVITY",
      "questId": 2020,
      "prePerformCfg": ""
    },
    {
      "id": 4009923,
      "beginWay": "TALK_BEGIN_MANUAL",
      "activeMode": "PLAY_MODE_SINGLE",
      "beginCondComb": "LOGIC_AND",
      "beginCond": [
        {
          "type": "QUEST_COND_STATE_EQUAL",
          "param": ["4009907", "3"],
          "param_str": ""
        },
        {
          "type": "QUEST_COND_ACTIVITY_CLIENT_COND",
          "param": ["2020", "2020014", "1"],
          "param_str": ""
        }
      ],
      "priority": 5,
      "initDialog": 400992301,
      "npcId": [30338, 30331, 30335, 30344],
      "performCfg": "QuestDialogue/EQ/V3.5FleurFlowerV2_40099/Q4009923",
      "heroTalk": "TALK_HERO_MAIN",
      "loadType": "TALK_ACTIVITY",
      "questId": 2020,
      "prePerformCfg": ""
    },
    {
      "id": 4009924,
      "beginWay": "TALK_BEGIN_MANUAL",
      "activeMode": "PLAY_MODE_SINGLE",
      "beginCondComb": "LOGIC_AND",
      "beginCond": [
        {
          "type": "QUEST_COND_STATE_EQUAL",
          "param": ["4009907", "3"],
          "param_str": ""
        },
        {
          "type": "QUEST_COND_ACTIVITY_CLIENT_COND",
          "param": ["2020", "2020014", "1"],
          "param_str": ""
        }
      ],
      "priority": 5,
      "initDialog": 400992401,
      "npcId": [30334, 30333],
      "performCfg": "QuestDialogue/EQ/V3.5FleurFlowerV2_40099/Q4009924",
      "heroTalk": "TALK_HERO_MAIN",
      "loadType": "TALK_ACTIVITY",
      "questId": 2020,
      "prePerformCfg": ""
    },
    {
      "id": 4009925,
      "beginWay": "TALK_BEGIN_MANUAL",
      "activeMode": "PLAY_MODE_SINGLE",
      "beginCondComb": "LOGIC_AND",
      "beginCond": [
        {
          "type": "QUEST_COND_STATE_EQUAL",
          "param": ["4009907", "3"],
          "param_str": ""
        },
        {
          "type": "QUEST_COND_ACTIVITY_CLIENT_COND",
          "param": ["2020", "2020014", "1"],
          "param_str": ""
        }
      ],
      "priority": 5,
      "initDialog": 400992501,
      "npcId": [30337, 30332],
      "performCfg": "QuestDialogue/EQ/V3.5FleurFlowerV2_40099/Q4009925",
      "heroTalk": "TALK_HERO_MAIN",
      "loadType": "TALK_ACTIVITY",
      "questId": 2020,
      "prePerformCfg": ""
    },
    {
      "id": 4009926,
      "beginWay": "TALK_BEGIN_MANUAL",
      "activeMode": "PLAY_MODE_SINGLE",
      "beginCondComb": "LOGIC_AND",
      "beginCond": [
        {
          "type": "QUEST_COND_STATE_EQUAL",
          "param": ["4009907", "3"],
          "param_str": ""
        },
        {
          "type": "QUEST_COND_ACTIVITY_CLIENT_COND",
          "param": ["2020", "2020014", "1"],
          "param_str": ""
        }
      ],
      "priority": 5,
      "initDialog": 400992601,
      "npcId": [30336],
      "performCfg": "QuestDialogue/EQ/V3.5FleurFlowerV2_40099/Q4009926",
      "heroTalk": "TALK_HERO_MAIN",
      "loadType": "TALK_ACTIVITY",
      "questId": 2020,
      "prePerformCfg": ""
    },
    {
      "id": 4009927,
      "beginWay": "TALK_BEGIN_MANUAL",
      "activeMode": "PLAY_MODE_HOST",
      "beginCondComb": "LOGIC_AND",
      "beginCond": [
        {
          "type": "QUEST_COND_STATE_EQUAL",
          "param": ["4009907", "3"],
          "param_str": ""
        },
        {
          "type": "QUEST_COND_OPEN_STATE_EQUAL",
          "param": ["3309", "0"],
          "param_str": ""
        },
        {
          "type": "QUEST_COND_ACTIVITY_CLIENT_COND",
          "param": ["2020", "2020014", "1"],
          "param_str": ""
        }
      ],
      "priority": 3,
      "initDialog": 400992701,
      "npcId": [30330],
      "performCfg": "QuestDialogue/EQ/V3.5FleurFlowerV2_40099/Q4009927",
      "heroTalk": "TALK_HERO_MAIN",
      "loadType": "TALK_ACTIVITY",
      "questId": 2020,
      "prePerformCfg": ""
    },
    {
      "id": 4009928,
      "beginWay": "TALK_BEGIN_MANUAL",
      "activeMode": "PLAY_MODE_HOST",
      "beginCondComb": "LOGIC_AND",
      "beginCond": [
        {
          "type": "QUEST_COND_STATE_EQUAL",
          "param": ["4009907", "3"],
          "param_str": ""
        },
        {
          "type": "QUEST_COND_OPEN_STATE_EQUAL",
          "param": ["3309", "1"],
          "param_str": ""
        },
        {
          "type": "QUEST_COND_ACTIVITY_CLIENT_COND",
          "param": ["2020", "2020014", "1"],
          "param_str": ""
        }
      ],
      "priority": 3,
      "nextTalks": [4009929, 4009932],
      "initDialog": 400992801,
      "npcId": [30330],
      "performCfg": "QuestDialogue/EQ/V3.5FleurFlowerV2_40099/Q4009928",
      "heroTalk": "TALK_HERO_MAIN",
      "loadType": "TALK_ACTIVITY",
      "questId": 2020,
      "prePerformCfg": ""
    },
    {
      "id": 4009929,
      "activeMode": "PLAY_MODE_HOST",
      "priority": 1,
      "initDialog": 400992803,
      "npcId": [30330],
      "performCfg": "",
      "loadType": "TALK_ACTIVITY",
      "questId": 2020,
      "prePerformCfg": ""
    },
    {
      "id": 4009930,
      "beginWay": "TALK_BEGIN_AUTO",
      "activeMode": "PLAY_MODE_HOST",
      "beginCond": [
        {
          "type": "QUEST_COND_GCG_WORLD_CHALLENGE_RESULT",
          "param": ["1", "30330"],
          "param_str": ""
        }
      ],
      "priority": 6,
      "initDialog": 400992806,
      "npcId": [30330],
      "performCfg": "QuestDialogue/EQ/V3.5FleurFlowerV2_40099/Q4009930",
      "loadType": "TALK_ACTIVITY",
      "questId": 2020,
      "prePerformCfg": ""
    },
    {
      "id": 4009931,
      "beginWay": "TALK_BEGIN_AUTO",
      "activeMode": "PLAY_MODE_HOST",
      "beginCond": [
        {
          "type": "QUEST_COND_GCG_WORLD_CHALLENGE_RESULT",
          "param": ["-1", "30330"],
          "param_str": ""
        }
      ],
      "priority": 6,
      "initDialog": 400992807,
      "npcId": [30330],
      "performCfg": "QuestDialogue/EQ/V3.5FleurFlowerV2_40099/Q4009931",
      "loadType": "TALK_ACTIVITY",
      "questId": 2020,
      "prePerformCfg": ""
    },
    {
      "id": 4009932,
      "activeMode": "PLAY_MODE_HOST",
      "priority": 1,
      "initDialog": 400992804,
      "npcId": [30330],
      "performCfg": "QuestDialogue/EQ/V3.5FleurFlowerV2_40099/Q4009932",
      "loadType": "TALK_ACTIVITY",
      "questId": 2020,
      "prePerformCfg": ""
    },
    {
      "id": 4009933,
      "activeMode": "PLAY_MODE_SINGLE",
      "priority": 7,
      "nextTalks": [
        2003901, 2003907, 2003908, 2003909, 2003910, 2003911, 2003912, 2003913,
        2003914, 2003915, 6158706, 6158707, 6158702, 6158703, 6158704, 99603,
        99811
      ],
      "initDialog": 400993301,
      "npcId": [1587],
      "performCfg": "QuestDialogue/EQ/V3.5FleurFlowerV2_40099/Q4009933",
      "heroTalk": "TALK_HERO_MAIN",
      "loadType": "TALK_ACTIVITY",
      "questId": 2020,
      "prePerformCfg": ""
    },
    {
      "id": 4009934,
      "activeMode": "PLAY_MODE_SINGLE",
      "priority": 7,
      "initDialog": 400993401,
      "npcId": [1587],
      "performCfg": "",
      "heroTalk": "TALK_HERO_MAIN",
      "loadType": "TALK_ACTIVITY",
      "questId": 2020,
      "prePerformCfg": ""
    },
    {
      "id": 7052803,
      "beginWay": "TALK_BEGIN_MANUAL",
      "activeMode": "PLAY_MODE_HOST",
      "beginCond": [
        {
          "type": "QUEST_COND_ACTIVITY_CLIENT_COND",
          "param": ["2020", "2020101", "1"],
          "param_str": ""
        }
      ],
      "priority": 5,
      "initDialog": 705280301,
      "npcId": [30047],
      "performCfg": "QuestDialogue/Q7052803",
      "heroTalk": "TALK_HERO_MAIN",
      "loadType": "TALK_ACTIVITY",
      "questId": 2020,
      "prePerformCfg": "",
      "questIdleTalk": true,
      "forceNpcNotDestroy": true
    },
    {
      "id": 7052807,
      "beginWay": "TALK_BEGIN_MANUAL",
      "activeMode": "PLAY_MODE_HOST",
      "beginCond": [
        {
          "type": "QUEST_COND_ACTIVITY_CLIENT_COND",
          "param": ["2020", "2020001", "1"],
          "param_str": ""
        }
      ],
      "priority": 1,
      "initDialog": 705280701,
      "npcId": [30047],
      "performCfg": "",
      "heroTalk": "TALK_HERO_MAIN",
      "loadType": "TALK_ACTIVITY",
      "questId": 2020,
      "prePerformCfg": "",
      "forceNpcNotDestroy": true
    },
    {
      "id": 7052903,
      "beginWay": "TALK_BEGIN_MANUAL",
      "activeMode": "PLAY_MODE_HOST",
      "beginCond": [
        {
          "type": "QUEST_COND_ACTIVITY_CLIENT_COND",
          "param": ["2020", "2020201", "1"],
          "param_str": ""
        }
      ],
      "priority": 5,
      "initDialog": 705290301,
      "npcId": [30046],
      "performCfg": "QuestDialogue/Q7052903",
      "heroTalk": "TALK_HERO_MAIN",
      "loadType": "TALK_ACTIVITY",
      "questId": 2020,
      "prePerformCfg": "",
      "questIdleTalk": true,
      "lowPriority": true,
      "forceNpcNotDestroy": true
    },
    {
      "id": 7052906,
      "beginWay": "TALK_BEGIN_MANUAL",
      "activeMode": "PLAY_MODE_HOST",
      "beginCond": [
        {
          "type": "QUEST_COND_ACTIVITY_CLIENT_COND",
          "param": ["2020", "2020001", "1"],
          "param_str": ""
        }
      ],
      "priority": 1,
      "initDialog": 705290601,
      "npcId": [30046],
      "performCfg": "",
      "heroTalk": "TALK_HERO_MAIN",
      "loadType": "TALK_ACTIVITY",
      "questId": 2020,
      "prePerformCfg": "",
      "forceNpcNotDestroy": true
    },
    {
      "id": 7053003,
      "beginWay": "TALK_BEGIN_MANUAL",
      "activeMode": "PLAY_MODE_HOST",
      "beginCond": [
        {
          "type": "QUEST_COND_ACTIVITY_CLIENT_COND",
          "param": ["2020", "2020301", "1"],
          "param_str": ""
        }
      ],
      "priority": 5,
      "initDialog": 705300301,
      "npcId": [30317],
      "performCfg": "",
      "heroTalk": "TALK_HERO_MAIN",
      "loadType": "TALK_ACTIVITY",
      "questId": 2020,
      "prePerformCfg": "",
      "questIdleTalk": true,
      "lowPriority": true,
      "forceNpcNotDestroy": true
    },
    {
      "id": 7053007,
      "beginWay": "TALK_BEGIN_MANUAL",
      "activeMode": "PLAY_MODE_HOST",
      "beginCond": [
        {
          "type": "QUEST_COND_ACTIVITY_CLIENT_COND",
          "param": ["2020", "2020001", "1"],
          "param_str": ""
        }
      ],
      "priority": 1,
      "initDialog": 705300701,
      "npcId": [30317],
      "performCfg": "",
      "heroTalk": "TALK_HERO_MAIN",
      "loadType": "TALK_ACTIVITY",
      "questId": 2020,
      "prePerformCfg": "",
      "forceNpcNotDestroy": true
    }
  ]
}
