{
  "id": 2022,
  "titleTextMapHash": 3255389847,
  "descTextMapHash": 2953310782,
  "luaPath": "Actor/Quest/AQ2022",
  "showType": "QUEST_HIDDEN",
  "subQuests": [
    {
      "subId": 202201,
      "mainId": 2022,
      "order": 1,
      "descTextMapHash": 3924419828,
      "showType": "QUEST_HIDDEN",
      "acceptCondComb": "LOGIC_AND",
      "acceptCond": [
        {
          "type": "QUEST_COND_STATE_EQUAL",
          "param": [200808, 3],
          "param_str": ""
        },
        {
          "type": "QUEST_COND_ACTIVITY_END",
          "param": [2012001, 0],
          "param_str": ""
        }
      ],
      "finishCondComb": "LOGIC_AND",
      "finishCond": [
        {
          "type": "QUEST_CONTENT_COMPLETE_ANY_TALK",
          "param": [0, 0],
          "param_str": "202201,202202,202203,202204"
        }
      ],
      "failCondComb": "LOGIC_OR",
      "failCond": [
        {
          "type": "QUEST_CONTENT_ADD_QUEST_PROGRESS",
          "param": [202201, 0],
          "param_str": "",
          "count": 1
        },
        {
          "type": "QUEST_CONTENT_QUEST_STATE_EQUAL",
          "param": [202101, 3],
          "param_str": ""
        },
        {
          "type": "QUEST_CONTENT_QUEST_STATE_EQUAL",
          "param": [202102, 3],
          "param_str": ""
        }
      ],
      "guide": {},
      "isRewind": true,
      "finishExec": [
        {
          "param": [],
          "param_str": ""
        }
      ],
      "failExec": [
        {
          "param": [],
          "param_str": ""
        }
      ],
      "beginExec": [
        {
          "param": [],
          "param_str": ""
        }
      ],
      "exclusiveNpcList": [
        12091, 12092, 12093, 12094, 20457, 20458, 20459, 20460, 20469, 20470,
        20471, 20472, 20473, 20474
      ],
      "exclusiveNpcPriority": 1000
    },
    {
      "subId": 202202,
      "mainId": 2022,
      "order": 2,
      "descTextMapHash": 3733012948,
      "showType": "QUEST_HIDDEN",
      "acceptCond": [
        {
          "type": "QUEST_COND_STATE_EQUAL",
          "param": [202201, 3],
          "param_str": ""
        }
      ],
      "finishCond": [
        {
          "type": "QUEST_CONTENT_FINISH_PLOT",
          "param": [202202, 0],
          "param_str": ""
        }
      ],
      "failCond": [
        {
          "param": [],
          "param_str": ""
        }
      ],
      "guide": {},
      "isRewind": true,
      "finishExec": [
        {
          "type": "QUEST_EXEC_ROLLBACK_QUEST",
          "param": ["202201", "0"],
          "param_str": ""
        }
      ],
      "failExec": [
        {
          "param": [],
          "param_str": ""
        }
      ],
      "beginExec": [
        {
          "param": [],
          "param_str": ""
        }
      ]
    },
    {
      "subId": 202203,
      "mainId": 2022,
      "order": 3,
      "descTextMapHash": 1394969108,
      "showType": "QUEST_HIDDEN",
      "acceptCond": [
        {
          "type": "QUEST_COND_STATE_EQUAL",
          "param": [202201, 4],
          "param_str": ""
        }
      ],
      "finishCond": [
        {
          "type": "QUEST_CONTENT_FINISH_PLOT",
          "param": [202203, 0],
          "param_str": ""
        }
      ],
      "failCond": [
        {
          "param": [],
          "param_str": ""
        }
      ],
      "guide": {},
      "finishParent": true,
      "isRewind": true,
      "finishExec": [
        {
          "param": [],
          "param_str": ""
        }
      ],
      "failExec": [
        {
          "param": [],
          "param_str": ""
        }
      ],
      "beginExec": [
        {
          "param": [],
          "param_str": ""
        }
      ]
    }
  ],
  "talks": [
    {
      "id": 202201,
      "beginWay": "TALK_BEGIN_AUTO",
      "activeMode": "PLAY_MODE_SINGLE",
      "beginCond": [
        {
          "type": "QUEST_COND_STATE_EQUAL",
          "param": ["202201", "2"],
          "param_str": ""
        }
      ],
      "priority": 5,
      "initDialog": 20220101,
      "npcId": [12091, 20457, 20458, 20459, 20460],
      "performCfg": "",
      "heroTalk": "TALK_HERO_MAIN",
      "questId": 2022,
      "prePerformCfg": ""
    },
    {
      "id": 202202,
      "beginWay": "TALK_BEGIN_AUTO",
      "activeMode": "PLAY_MODE_SINGLE",
      "beginCond": [
        {
          "type": "QUEST_COND_STATE_EQUAL",
          "param": ["202201", "2"],
          "param_str": ""
        }
      ],
      "priority": 5,
      "initDialog": 20220201,
      "npcId": [12093, 20469, 20470, 20471],
      "performCfg": "",
      "heroTalk": "TALK_HERO_MAIN",
      "questId": 2022,
      "prePerformCfg": ""
    },
    {
      "id": 202203,
      "beginWay": "TALK_BEGIN_AUTO",
      "activeMode": "PLAY_MODE_SINGLE",
      "beginCond": [
        {
          "type": "QUEST_COND_STATE_EQUAL",
          "param": ["202201", "2"],
          "param_str": ""
        }
      ],
      "priority": 5,
      "initDialog": 20220301,
      "npcId": [12092, 20472, 20473, 20474],
      "performCfg": "",
      "heroTalk": "TALK_HERO_MAIN",
      "questId": 2022,
      "prePerformCfg": ""
    },
    {
      "id": 202204,
      "beginWay": "TALK_BEGIN_AUTO",
      "activeMode": "PLAY_MODE_SINGLE",
      "beginCond": [
        {
          "type": "QUEST_COND_STATE_EQUAL",
          "param": ["202201", "2"],
          "param_str": ""
        }
      ],
      "priority": 5,
      "initDialog": 20220401,
      "npcId": [12094],
      "performCfg": "",
      "heroTalk": "TALK_HERO_MAIN",
      "questId": 2022,
      "prePerformCfg": ""
    },
    {
      "id": 4011141,
      "beginWay": "TALK_BEGIN_MANUAL",
      "activeMode": "PLAY_MODE_SINGLE",
      "beginCondComb": "LOGIC_AND",
      "beginCond": [
        {
          "type": "QUEST_COND_STATE_EQUAL",
          "param": ["4011104", "2"],
          "param_str": ""
        },
        {
          "type": "QUEST_COND_ACTIVITY_CLIENT_COND",
          "param": ["2022", "2022004", "1"],
          "param_str": ""
        }
      ],
      "priority": 5,
      "initDialog": 401114101,
      "npcId": [30369, 30370],
      "performCfg": "QuestDialogue/EQ/V3.7KaPaiXunYou_40111/Q4011141",
      "heroTalk": "TALK_HERO_MAIN",
      "loadType": "TALK_ACTIVITY",
      "questId": 2022,
      "prePerformCfg": "",
      "lowPriority": true
    },
    {
      "id": 4011142,
      "beginWay": "TALK_BEGIN_MANUAL",
      "activeMode": "PLAY_MODE_SINGLE",
      "beginCondComb": "LOGIC_AND",
      "beginCond": [
        {
          "type": "QUEST_COND_STATE_EQUAL",
          "param": ["4011104", "2"],
          "param_str": ""
        },
        {
          "type": "QUEST_COND_ACTIVITY_CLIENT_COND",
          "param": ["2022", "2022004", "1"],
          "param_str": ""
        }
      ],
      "priority": 5,
      "initDialog": 401114201,
      "npcId": [30371, 30372],
      "performCfg": "QuestDialogue/EQ/V3.7KaPaiXunYou_40111/Q4011142",
      "heroTalk": "TALK_HERO_MAIN",
      "loadType": "TALK_ACTIVITY",
      "questId": 2022,
      "prePerformCfg": "",
      "lowPriority": true
    },
    {
      "id": 4011143,
      "beginWay": "TALK_BEGIN_MANUAL",
      "activeMode": "PLAY_MODE_SINGLE",
      "beginCondComb": "LOGIC_AND",
      "beginCond": [
        {
          "type": "QUEST_COND_STATE_EQUAL",
          "param": ["4011104", "2"],
          "param_str": ""
        },
        {
          "type": "QUEST_COND_ACTIVITY_CLIENT_COND",
          "param": ["2022", "2022004", "1"],
          "param_str": ""
        }
      ],
      "priority": 5,
      "initDialog": 401114301,
      "npcId": [30373],
      "performCfg": "QuestDialogue/EQ/V3.7KaPaiXunYou_40111/Q4011143",
      "heroTalk": "TALK_HERO_MAIN",
      "loadType": "TALK_ACTIVITY",
      "questId": 2022,
      "prePerformCfg": "",
      "lowPriority": true
    },
    {
      "id": 4011144,
      "beginWay": "TALK_BEGIN_MANUAL",
      "activeMode": "PLAY_MODE_SINGLE",
      "beginCondComb": "LOGIC_AND",
      "beginCond": [
        {
          "type": "QUEST_COND_STATE_EQUAL",
          "param": ["4011104", "2"],
          "param_str": ""
        },
        {
          "type": "QUEST_COND_ACTIVITY_CLIENT_COND",
          "param": ["2022", "2022004", "1"],
          "param_str": ""
        }
      ],
      "priority": 5,
      "initDialog": 401114401,
      "npcId": [30374],
      "performCfg": "QuestDialogue/EQ/V3.7KaPaiXunYou_40111/Q4011144",
      "heroTalk": "TALK_HERO_MAIN",
      "loadType": "TALK_ACTIVITY",
      "questId": 2022,
      "prePerformCfg": "",
      "lowPriority": true
    },
    {
      "id": 4011161,
      "beginWay": "TALK_BEGIN_MANUAL",
      "activeMode": "PLAY_MODE_SINGLE",
      "beginCond": [
        {
          "type": "QUEST_COND_ACTIVITY_CLIENT_COND",
          "param": ["2022", "2022001", "1"],
          "param_str": ""
        }
      ],
      "priority": 5,
      "initDialog": 401116101,
      "npcId": [30403],
      "performCfg": "",
      "heroTalk": "TALK_HERO_MAIN",
      "loadType": "TALK_ACTIVITY",
      "questId": 2022,
      "prePerformCfg": "",
      "lowPriority": true
    },
    {
      "id": 4011162,
      "beginWay": "TALK_BEGIN_MANUAL",
      "activeMode": "PLAY_MODE_SINGLE",
      "beginCond": [
        {
          "type": "QUEST_COND_ACTIVITY_CLIENT_COND",
          "param": ["2022", "2022002", "1"],
          "param_str": ""
        }
      ],
      "priority": 5,
      "initDialog": 401116201,
      "npcId": [30408],
      "performCfg": "",
      "heroTalk": "TALK_HERO_MAIN",
      "loadType": "TALK_ACTIVITY",
      "questId": 2022,
      "prePerformCfg": "",
      "lowPriority": true
    },
    {
      "id": 4011163,
      "beginWay": "TALK_BEGIN_MANUAL",
      "activeMode": "PLAY_MODE_SINGLE",
      "beginCond": [
        {
          "type": "QUEST_COND_ACTIVITY_CLIENT_COND",
          "param": ["2022", "2022003", "1"],
          "param_str": ""
        }
      ],
      "priority": 5,
      "initDialog": 401116301,
      "npcId": [30409],
      "performCfg": "",
      "heroTalk": "TALK_HERO_MAIN",
      "loadType": "TALK_ACTIVITY",
      "questId": 2022,
      "prePerformCfg": "",
      "lowPriority": true
    },
    {
      "id": 4011164,
      "beginWay": "TALK_BEGIN_MANUAL",
      "activeMode": "PLAY_MODE_SINGLE",
      "beginCond": [
        {
          "type": "QUEST_COND_ACTIVITY_CLIENT_COND",
          "param": ["2022", "2022004", "1"],
          "param_str": ""
        }
      ],
      "priority": 5,
      "initDialog": 401116401,
      "npcId": [30410],
      "performCfg": "",
      "heroTalk": "TALK_HERO_MAIN",
      "loadType": "TALK_ACTIVITY",
      "questId": 2022,
      "prePerformCfg": "",
      "lowPriority": true
    },
    {
      "id": 7053102,
      "beginWay": "TALK_BEGIN_MANUAL",
      "activeMode": "PLAY_MODE_SINGLE",
      "beginCond": [
        {
          "type": "QUEST_COND_STATE_EQUAL",
          "param": ["7053101", "3"],
          "param_str": ""
        }
      ],
      "priority": 5,
      "initDialog": 705310201,
      "npcId": [30380],
      "performCfg": "",
      "loadType": "TALK_ACTIVITY",
      "questId": 2022,
      "prePerformCfg": ""
    },
    {
      "id": 7053202,
      "beginWay": "TALK_BEGIN_MANUAL",
      "activeMode": "PLAY_MODE_SINGLE",
      "beginCond": [
        {
          "type": "QUEST_COND_STATE_EQUAL",
          "param": ["7053201", "3"],
          "param_str": ""
        }
      ],
      "priority": 5,
      "nextTalks": [7053203, 7053208, 7053204],
      "initDialog": 705320201,
      "npcId": [30381],
      "performCfg": "",
      "loadType": "TALK_ACTIVITY",
      "questId": 2022,
      "prePerformCfg": ""
    },
    {
      "id": 7053203,
      "activeMode": "PLAY_MODE_SINGLE",
      "beginCond": [
        {
          "type": "QUEST_COND_ACTIVITY_JOURNEY_GCG_PICK_STAGE_STATE_EQ",
          "param": ["1001", "2"],
          "param_str": ""
        }
      ],
      "priority": 5,
      "nextTalks": [7053205],
      "initDialog": 705320301,
      "npcId": [30381],
      "performCfg": "",
      "loadType": "TALK_ACTIVITY",
      "questId": 2022,
      "prePerformCfg": ""
    },
    {
      "id": 7053204,
      "activeMode": "PLAY_MODE_SINGLE",
      "priority": 5,
      "initDialog": 705320401,
      "npcId": [30381],
      "performCfg": "",
      "loadType": "TALK_ACTIVITY",
      "questId": 2022,
      "prePerformCfg": ""
    },
    {
      "id": 7053205,
      "activeMode": "PLAY_MODE_SINGLE",
      "priority": 5,
      "initDialog": 705320501,
      "npcId": [30381],
      "performCfg": "QuestDialogue/WQ/V3.7_GCGActivity/Q7053205",
      "loadType": "TALK_ACTIVITY",
      "questId": 2022,
      "prePerformCfg": ""
    },
    {
      "id": 7053206,
      "activeMode": "PLAY_MODE_SINGLE",
      "priority": 5,
      "initDialog": 705320601,
      "npcId": [30381],
      "performCfg": "QuestDialogue/WQ/V3.7_GCGActivity/Q7053206",
      "loadType": "TALK_ACTIVITY",
      "questId": 2022,
      "prePerformCfg": ""
    },
    {
      "id": 7053207,
      "activeMode": "PLAY_MODE_SINGLE",
      "priority": 5,
      "initDialog": 705320701,
      "npcId": [30381],
      "performCfg": "QuestDialogue/WQ/V3.7_GCGActivity/Q7053207",
      "loadType": "TALK_ACTIVITY",
      "questId": 2022,
      "prePerformCfg": ""
    },
    {
      "id": 7053208,
      "activeMode": "PLAY_MODE_SINGLE",
      "beginCond": [
        {
          "type": "QUEST_COND_ACTIVITY_JOURNEY_GCG_PICK_STAGE_STATE_EQ",
          "param": ["1001", "3"],
          "param_str": ""
        }
      ],
      "priority": 5,
      "nextTalks": [7053205],
      "initDialog": 705320801,
      "npcId": [30381],
      "performCfg": "",
      "loadType": "TALK_ACTIVITY",
      "questId": 2022,
      "prePerformCfg": ""
    },
    {
      "id": 7053212,
      "beginWay": "TALK_BEGIN_MANUAL",
      "activeMode": "PLAY_MODE_SINGLE",
      "priority": 5,
      "nextTalks": [7053213, 7053218, 7053214, 7053219],
      "initDialog": 705321201,
      "npcId": [30382],
      "performCfg": "",
      "loadType": "TALK_ACTIVITY",
      "questId": 2022,
      "prePerformCfg": ""
    },
    {
      "id": 7053213,
      "activeMode": "PLAY_MODE_SINGLE",
      "beginCond": [
        {
          "type": "QUEST_COND_ACTIVITY_JOURNEY_GCG_PICK_STAGE_STATE_EQ",
          "param": ["1002", "2"],
          "param_str": ""
        }
      ],
      "priority": 5,
      "nextTalks": [7053215],
      "initDialog": 705321301,
      "npcId": [30382],
      "performCfg": "",
      "loadType": "TALK_ACTIVITY",
      "questId": 2022,
      "prePerformCfg": ""
    },
    {
      "id": 7053214,
      "activeMode": "PLAY_MODE_SINGLE",
      "priority": 5,
      "initDialog": 705321401,
      "npcId": [30382],
      "performCfg": "",
      "loadType": "TALK_ACTIVITY",
      "questId": 2022,
      "prePerformCfg": ""
    },
    {
      "id": 7053215,
      "activeMode": "PLAY_MODE_SINGLE",
      "priority": 5,
      "initDialog": 705321501,
      "npcId": [30382],
      "performCfg": "QuestDialogue/WQ/V3.7_GCGActivity/Q7053215",
      "loadType": "TALK_ACTIVITY",
      "questId": 2022,
      "prePerformCfg": ""
    },
    {
      "id": 7053216,
      "activeMode": "PLAY_MODE_SINGLE",
      "priority": 5,
      "initDialog": 705321601,
      "npcId": [30382],
      "performCfg": "QuestDialogue/WQ/V3.7_GCGActivity/Q7053216",
      "loadType": "TALK_ACTIVITY",
      "questId": 2022,
      "prePerformCfg": ""
    },
    {
      "id": 7053217,
      "activeMode": "PLAY_MODE_SINGLE",
      "priority": 5,
      "initDialog": 705321701,
      "npcId": [30382],
      "performCfg": "QuestDialogue/WQ/V3.7_GCGActivity/Q7053217",
      "loadType": "TALK_ACTIVITY",
      "questId": 2022,
      "prePerformCfg": ""
    },
    {
      "id": 7053218,
      "activeMode": "PLAY_MODE_SINGLE",
      "beginCond": [
        {
          "type": "QUEST_COND_ACTIVITY_JOURNEY_GCG_PICK_STAGE_STATE_EQ",
          "param": ["1002", "3"],
          "param_str": ""
        }
      ],
      "priority": 5,
      "nextTalks": [7053215],
      "initDialog": 705321801,
      "npcId": [30382],
      "performCfg": "",
      "loadType": "TALK_ACTIVITY",
      "questId": 2022,
      "prePerformCfg": ""
    },
    {
      "id": 7053219,
      "activeMode": "PLAY_MODE_SINGLE",
      "priority": 5,
      "initDialog": 705321901,
      "npcId": [30382],
      "performCfg": "",
      "loadType": "TALK_ACTIVITY",
      "questId": 2022,
      "prePerformCfg": ""
    },
    {
      "id": 7053222,
      "beginWay": "TALK_BEGIN_MANUAL",
      "activeMode": "PLAY_MODE_SINGLE",
      "priority": 5,
      "nextTalks": [7053223, 7053228, 7053224, 7053229],
      "initDialog": 705322201,
      "npcId": [30383],
      "performCfg": "",
      "loadType": "TALK_ACTIVITY",
      "questId": 2022,
      "prePerformCfg": ""
    },
    {
      "id": 7053223,
      "activeMode": "PLAY_MODE_SINGLE",
      "beginCond": [
        {
          "type": "QUEST_COND_ACTIVITY_JOURNEY_GCG_PICK_STAGE_STATE_EQ",
          "param": ["1003", "2"],
          "param_str": ""
        }
      ],
      "priority": 5,
      "nextTalks": [7053225],
      "initDialog": 705322301,
      "npcId": [30383],
      "performCfg": "",
      "loadType": "TALK_ACTIVITY",
      "questId": 2022,
      "prePerformCfg": ""
    },
    {
      "id": 7053224,
      "activeMode": "PLAY_MODE_SINGLE",
      "priority": 5,
      "initDialog": 705322401,
      "npcId": [30383],
      "performCfg": "",
      "loadType": "TALK_ACTIVITY",
      "questId": 2022,
      "prePerformCfg": ""
    },
    {
      "id": 7053225,
      "activeMode": "PLAY_MODE_SINGLE",
      "priority": 5,
      "initDialog": 705322501,
      "npcId": [30383],
      "performCfg": "QuestDialogue/WQ/V3.7_GCGActivity/Q7053225",
      "loadType": "TALK_ACTIVITY",
      "questId": 2022,
      "prePerformCfg": ""
    },
    {
      "id": 7053226,
      "activeMode": "PLAY_MODE_SINGLE",
      "priority": 5,
      "initDialog": 705322601,
      "npcId": [30383],
      "performCfg": "QuestDialogue/WQ/V3.7_GCGActivity/Q7053226",
      "loadType": "TALK_ACTIVITY",
      "questId": 2022,
      "prePerformCfg": ""
    },
    {
      "id": 7053227,
      "activeMode": "PLAY_MODE_SINGLE",
      "priority": 5,
      "initDialog": 705322701,
      "npcId": [30383],
      "performCfg": "QuestDialogue/WQ/V3.7_GCGActivity/Q7053227",
      "loadType": "TALK_ACTIVITY",
      "questId": 2022,
      "prePerformCfg": ""
    },
    {
      "id": 7053228,
      "activeMode": "PLAY_MODE_SINGLE",
      "beginCond": [
        {
          "type": "QUEST_COND_ACTIVITY_JOURNEY_GCG_PICK_STAGE_STATE_EQ",
          "param": ["1003", "3"],
          "param_str": ""
        }
      ],
      "priority": 5,
      "nextTalks": [7053225],
      "initDialog": 705322801,
      "npcId": [30383],
      "performCfg": "",
      "loadType": "TALK_ACTIVITY",
      "questId": 2022,
      "prePerformCfg": ""
    },
    {
      "id": 7053229,
      "activeMode": "PLAY_MODE_SINGLE",
      "priority": 5,
      "initDialog": 705322901,
      "npcId": [30383],
      "performCfg": "",
      "loadType": "TALK_ACTIVITY",
      "questId": 2022,
      "prePerformCfg": ""
    },
    {
      "id": 7053232,
      "beginWay": "TALK_BEGIN_MANUAL",
      "activeMode": "PLAY_MODE_SINGLE",
      "priority": 5,
      "nextTalks": [7053233, 7053238, 7053234, 7053244],
      "initDialog": 705323201,
      "npcId": [30384],
      "performCfg": "",
      "loadType": "TALK_ACTIVITY",
      "questId": 2022,
      "prePerformCfg": ""
    },
    {
      "id": 7053233,
      "activeMode": "PLAY_MODE_SINGLE",
      "beginCond": [
        {
          "type": "QUEST_COND_ACTIVITY_JOURNEY_GCG_PICK_STAGE_STATE_EQ",
          "param": ["1004", "2"],
          "param_str": ""
        }
      ],
      "priority": 5,
      "nextTalks": [7053235],
      "initDialog": 705323301,
      "npcId": [30384],
      "performCfg": "",
      "loadType": "TALK_ACTIVITY",
      "questId": 2022,
      "prePerformCfg": ""
    },
    {
      "id": 7053234,
      "activeMode": "PLAY_MODE_SINGLE",
      "priority": 5,
      "initDialog": 705323401,
      "npcId": [30384],
      "performCfg": "",
      "loadType": "TALK_ACTIVITY",
      "questId": 2022,
      "prePerformCfg": ""
    },
    {
      "id": 7053235,
      "activeMode": "PLAY_MODE_SINGLE",
      "priority": 5,
      "initDialog": 705323501,
      "npcId": [30384],
      "performCfg": "QuestDialogue/WQ/V3.7_GCGActivity/Q7053235",
      "loadType": "TALK_ACTIVITY",
      "questId": 2022,
      "prePerformCfg": ""
    },
    {
      "id": 7053236,
      "activeMode": "PLAY_MODE_SINGLE",
      "priority": 5,
      "initDialog": 705323601,
      "npcId": [30384],
      "performCfg": "QuestDialogue/WQ/V3.7_GCGActivity/Q7053236",
      "loadType": "TALK_ACTIVITY",
      "questId": 2022,
      "prePerformCfg": ""
    },
    {
      "id": 7053237,
      "activeMode": "PLAY_MODE_SINGLE",
      "priority": 5,
      "initDialog": 705323701,
      "npcId": [30384],
      "performCfg": "QuestDialogue/WQ/V3.7_GCGActivity/Q7053237",
      "loadType": "TALK_ACTIVITY",
      "questId": 2022,
      "prePerformCfg": ""
    },
    {
      "id": 7053238,
      "activeMode": "PLAY_MODE_SINGLE",
      "beginCond": [
        {
          "type": "QUEST_COND_ACTIVITY_JOURNEY_GCG_PICK_STAGE_STATE_EQ",
          "param": ["1004", "3"],
          "param_str": ""
        }
      ],
      "priority": 5,
      "nextTalks": [7053235],
      "initDialog": 705323801,
      "npcId": [30384],
      "performCfg": "",
      "loadType": "TALK_ACTIVITY",
      "questId": 2022,
      "prePerformCfg": ""
    },
    {
      "id": 7053239,
      "activeMode": "PLAY_MODE_SINGLE",
      "beginCond": [
        {
          "type": "QUEST_COND_ACTIVITY_JOURNEY_GCG_PICK_STAGE_STATE_EQ",
          "param": ["1005", "2"],
          "param_str": ""
        }
      ],
      "priority": 5,
      "nextTalks": [7053241],
      "initDialog": 705323901,
      "npcId": [30384],
      "performCfg": "",
      "loadType": "TALK_ACTIVITY",
      "questId": 2022,
      "prePerformCfg": ""
    },
    {
      "id": 7053240,
      "activeMode": "PLAY_MODE_SINGLE",
      "beginCond": [
        {
          "type": "QUEST_COND_ACTIVITY_JOURNEY_GCG_PICK_STAGE_STATE_EQ",
          "param": ["1005", "3"],
          "param_str": ""
        }
      ],
      "priority": 5,
      "nextTalks": [7053241],
      "initDialog": 705324001,
      "npcId": [30384],
      "performCfg": "",
      "loadType": "TALK_ACTIVITY",
      "questId": 2022,
      "prePerformCfg": ""
    },
    {
      "id": 7053241,
      "activeMode": "PLAY_MODE_SINGLE",
      "priority": 5,
      "initDialog": 705324101,
      "npcId": [30384],
      "performCfg": "QuestDialogue/WQ/V3.7_GCGActivity/Q7053241",
      "loadType": "TALK_ACTIVITY",
      "questId": 2022,
      "prePerformCfg": ""
    },
    {
      "id": 7053242,
      "activeMode": "PLAY_MODE_SINGLE",
      "priority": 5,
      "initDialog": 705324201,
      "npcId": [30384],
      "performCfg": "QuestDialogue/WQ/V3.7_GCGActivity/Q7053242",
      "loadType": "TALK_ACTIVITY",
      "questId": 2022,
      "prePerformCfg": ""
    },
    {
      "id": 7053243,
      "activeMode": "PLAY_MODE_SINGLE",
      "priority": 5,
      "initDialog": 705324301,
      "npcId": [30384],
      "performCfg": "QuestDialogue/WQ/V3.7_GCGActivity/Q7053243",
      "loadType": "TALK_ACTIVITY",
      "questId": 2022,
      "prePerformCfg": ""
    },
    {
      "id": 7053244,
      "activeMode": "PLAY_MODE_SINGLE",
      "priority": 5,
      "initDialog": 705324401,
      "npcId": [30384],
      "performCfg": "",
      "loadType": "TALK_ACTIVITY",
      "questId": 2022,
      "prePerformCfg": ""
    },
    {
      "id": 7053302,
      "beginWay": "TALK_BEGIN_MANUAL",
      "activeMode": "PLAY_MODE_SINGLE",
      "beginCond": [
        {
          "type": "QUEST_COND_STATE_EQUAL",
          "param": ["7053301", "3"],
          "param_str": ""
        }
      ],
      "priority": 5,
      "initDialog": 705330201,
      "npcId": [30217],
      "performCfg": "",
      "loadType": "TALK_ACTIVITY",
      "questId": 2022,
      "prePerformCfg": ""
    },
    {
      "id": 7053402,
      "beginWay": "TALK_BEGIN_MANUAL",
      "activeMode": "PLAY_MODE_SINGLE",
      "beginCond": [
        {
          "type": "QUEST_COND_STATE_EQUAL",
          "param": ["7053401", "3"],
          "param_str": ""
        }
      ],
      "priority": 5,
      "initDialog": 705340201,
      "npcId": [30379],
      "performCfg": "",
      "loadType": "TALK_ACTIVITY",
      "questId": 2022,
      "prePerformCfg": ""
    }
  ]
}
