{
  "id": 2023,
  "titleTextMapHash": 409160735,
  "descTextMapHash": 2289581878,
  "luaPath": "Actor/Quest/AQ2023",
  "showType": "QUEST_HIDDEN",
  "subQuests": [
    {
      "subId": 202301,
      "mainId": 2023,
      "order": 1,
      "descTextMapHash": 1222001804,
      "showType": "QUEST_HIDDEN",
      "acceptCond": [
        {
          "type": "QUEST_COND_STATE_EQUAL",
          "param": [201103, 3],
          "param_str": ""
        }
      ],
      "finishCond": [
        {
          "type": "QUEST_CONTENT_FINISH_PLOT",
          "param": [202301, 0],
          "param_str": ""
        }
      ],
      "failCondComb": "LOGIC_OR",
      "failCond": [
        {
          "type": "QUEST_CONTENT_QUEST_STATE_EQUAL",
          "param": [201309, 2],
          "param_str": ""
        },
        {
          "type": "QUEST_CONTENT_QUEST_STATE_EQUAL",
          "param": [7280704, 3],
          "param_str": ""
        }
      ],
      "guide": {},
      "failParentShow": "QUEST_HIDDEN",
      "isRewind": true,
      "finishExec": [
        {
          "param": [],
          "param_str": ""
        }
      ],
      "failExec": [
        {
          "param": [],
          "param_str": ""
        }
      ],
      "beginExec": [
        {
          "param": [],
          "param_str": ""
        }
      ]
    },
    {
      "subId": 202302,
      "mainId": 2023,
      "order": 2,
      "descTextMapHash": 2485441236,
      "showType": "QUEST_HIDDEN",
      "acceptCond": [
        {
          "type": "QUEST_COND_STATE_EQUAL",
          "param": [202301, 3],
          "param_str": ""
        }
      ],
      "finishCond": [
        {
          "type": "QUEST_CONTENT_FINISH_PLOT",
          "param": [202302, 0],
          "param_str": ""
        }
      ],
      "failCond": [
        {
          "param": [],
          "param_str": ""
        }
      ],
      "guide": {},
      "failParentShow": "QUEST_HIDDEN",
      "isRewind": true,
      "finishExec": [
        {
          "param": [],
          "param_str": ""
        }
      ],
      "failExec": [
        {
          "param": [],
          "param_str": ""
        }
      ],
      "beginExec": [
        {
          "param": [],
          "param_str": ""
        }
      ]
    },
    {
      "subId": 202303,
      "mainId": 2023,
      "order": 3,
      "descTextMapHash": 1457503540,
      "showType": "QUEST_HIDDEN",
      "acceptCond": [
        {
          "type": "QUEST_COND_STATE_EQUAL",
          "param": [202302, 3],
          "param_str": ""
        }
      ],
      "finishCondComb": "LOGIC_OR",
      "finishCond": [
        {
          "type": "QUEST_CONTENT_COMPLETE_TALK",
          "param": [202303, 0],
          "param_str": ""
        },
        {
          "type": "QUEST_CONTENT_COMPLETE_TALK",
          "param": [202304, 0],
          "param_str": ""
        }
      ],
      "failCond": [
        {
          "param": [],
          "param_str": ""
        }
      ],
      "guide": {},
      "failParentShow": "QUEST_HIDDEN",
      "finishExec": [
        {
          "type": "QUEST_EXEC_ROLLBACK_QUEST",
          "param": ["202301", "0"],
          "param_str": ""
        }
      ],
      "failExec": [
        {
          "param": [],
          "param_str": ""
        }
      ],
      "beginExec": [
        {
          "param": [],
          "param_str": ""
        }
      ]
    },
    {
      "subId": 202304,
      "mainId": 2023,
      "order": 4,
      "descTextMapHash": 4231450340,
      "showType": "QUEST_HIDDEN",
      "acceptCond": [
        {
          "type": "QUEST_COND_STATE_EQUAL",
          "param": [202301, 4],
          "param_str": ""
        }
      ],
      "finishCondComb": "LOGIC_OR",
      "finishCond": [
        {
          "type": "QUEST_CONTENT_QUEST_STATE_EQUAL",
          "param": [201309, 3],
          "param_str": ""
        },
        {
          "type": "QUEST_CONTENT_QUEST_STATE_EQUAL",
          "param": [201309, 4],
          "param_str": ""
        }
      ],
      "failCond": [
        {
          "param": [],
          "param_str": ""
        }
      ],
      "guide": {},
      "failParentShow": "QUEST_HIDDEN",
      "isRewind": true,
      "finishExec": [
        {
          "type": "QUEST_EXEC_ROLLBACK_QUEST",
          "param": ["202301", "0"],
          "param_str": ""
        }
      ],
      "failExec": [
        {
          "param": [],
          "param_str": ""
        }
      ],
      "beginExec": [
        {
          "param": [],
          "param_str": ""
        }
      ]
    },
    {
      "subId": 202305,
      "mainId": 2023,
      "order": 5,
      "descTextMapHash": 767983780,
      "showType": "QUEST_HIDDEN",
      "acceptCond": [
        {
          "type": "QUEST_COND_STATE_EQUAL",
          "param": [7280704, 3],
          "param_str": ""
        }
      ],
      "finishCond": [
        {
          "type": "QUEST_CONTENT_GAME_TIME_TICK",
          "param": [0, 0],
          "param_str": "0,24"
        }
      ],
      "failCond": [
        {
          "param": [],
          "param_str": ""
        }
      ],
      "guide": {},
      "finishParent": true,
      "failParentShow": "QUEST_HIDDEN",
      "isRewind": true,
      "finishExec": [
        {
          "param": [],
          "param_str": ""
        }
      ],
      "failExec": [
        {
          "param": [],
          "param_str": ""
        }
      ],
      "beginExec": [
        {
          "param": [],
          "param_str": ""
        }
      ]
    }
  ],
  "talks": [
    {
      "id": 202303,
      "beginWay": "TALK_BEGIN_AUTO",
      "beginCondComb": "LOGIC_AND",
      "beginCond": [
        {
          "type": "QUEST_COND_STATE_EQUAL",
          "param": ["202303", "2"],
          "param_str": ""
        },
        {
          "type": "QUEST_COND_QUEST_NOT_RECEIVE",
          "param": ["200305", "1"],
          "param_str": ""
        }
      ],
      "priority": 5,
      "initDialog": 20230301,
      "npcId": [12163],
      "performCfg": "",
      "heroTalk": "TALK_HERO_MAIN",
      "questId": 2023,
      "prePerformCfg": ""
    },
    {
      "id": 202304,
      "beginWay": "TALK_BEGIN_AUTO",
      "beginCondComb": "LOGIC_AND",
      "beginCond": [
        {
          "type": "QUEST_COND_STATE_EQUAL",
          "param": ["202303", "2"],
          "param_str": ""
        },
        {
          "type": "QUEST_COND_QUEST_NOT_RECEIVE",
          "param": ["200305", "0"],
          "param_str": ""
        }
      ],
      "priority": 5,
      "initDialog": 20230401,
      "npcId": [12163],
      "performCfg": "",
      "heroTalk": "TALK_HERO_MAIN",
      "questId": 2023,
      "prePerformCfg": ""
    },
    {
      "id": 7352602,
      "beginWay": "TALK_BEGIN_MANUAL",
      "activeMode": "PLAY_MODE_HOST",
      "beginCondComb": "LOGIC_AND",
      "beginCond": [
        {
          "type": "QUEST_COND_ACTIVITY_CLIENT_COND",
          "param": ["2023", "2023201", "1"],
          "param_str": ""
        },
        {
          "type": "QUEST_COND_STATE_EQUAL",
          "param": ["7352601", "3"],
          "param_str": ""
        }
      ],
      "priority": 5,
      "initDialog": 735260201,
      "npcId": [30405],
      "performCfg": "QuestDialogue/WQ/Sumeru_73526/Q7352602",
      "heroTalk": "TALK_HERO_MAIN",
      "loadType": "TALK_ACTIVITY",
      "questId": 2023,
      "prePerformCfg": ""
    },
    {
      "id": 7352603,
      "activeMode": "PLAY_MODE_HOST",
      "beginCond": [
        {
          "type": "QUEST_COND_ACTIVITY_CLIENT_COND",
          "param": ["2023", "2023201", "1"],
          "param_str": ""
        }
      ],
      "priority": 5,
      "initDialog": 735260301,
      "npcId": [30405],
      "performCfg": "",
      "loadType": "TALK_ACTIVITY",
      "questId": 2023,
      "prePerformCfg": ""
    },
    {
      "id": 7352604,
      "activeMode": "PLAY_MODE_HOST",
      "beginCond": [
        {
          "type": "QUEST_COND_ACTIVITY_CLIENT_COND",
          "param": ["2023", "2023201", "1"],
          "param_str": ""
        }
      ],
      "priority": 5,
      "initDialog": 735260401,
      "npcId": [30405],
      "performCfg": "",
      "loadType": "TALK_ACTIVITY",
      "questId": 2023,
      "prePerformCfg": ""
    },
    {
      "id": 7352605,
      "activeMode": "PLAY_MODE_HOST",
      "beginCond": [
        {
          "type": "QUEST_COND_ACTIVITY_CLIENT_COND",
          "param": ["2023", "2023201", "1"],
          "param_str": ""
        }
      ],
      "priority": 5,
      "initDialog": 735260501,
      "npcId": [30405],
      "performCfg": "",
      "loadType": "TALK_ACTIVITY",
      "questId": 2023,
      "prePerformCfg": ""
    },
    {
      "id": 7352702,
      "beginWay": "TALK_BEGIN_MANUAL",
      "activeMode": "PLAY_MODE_HOST",
      "beginCondComb": "LOGIC_AND",
      "beginCond": [
        {
          "type": "QUEST_COND_ACTIVITY_CLIENT_COND",
          "param": ["2023", "2023101", "1"],
          "param_str": ""
        },
        {
          "type": "QUEST_COND_STATE_EQUAL",
          "param": ["7352701", "3"],
          "param_str": ""
        }
      ],
      "priority": 5,
      "initDialog": 735270201,
      "npcId": [30404],
      "performCfg": "QuestDialogue/WQ/Sumeru_73527/Q7352702",
      "heroTalk": "TALK_HERO_MAIN",
      "loadType": "TALK_ACTIVITY",
      "questId": 2023,
      "prePerformCfg": ""
    },
    {
      "id": 7352703,
      "activeMode": "PLAY_MODE_HOST",
      "beginCond": [
        {
          "type": "QUEST_COND_ACTIVITY_CLIENT_COND",
          "param": ["2023", "2023101", "1"],
          "param_str": ""
        }
      ],
      "priority": 5,
      "initDialog": 735270301,
      "npcId": [30404],
      "performCfg": "",
      "loadType": "TALK_ACTIVITY",
      "questId": 2023,
      "prePerformCfg": ""
    },
    {
      "id": 7352704,
      "activeMode": "PLAY_MODE_HOST",
      "beginCond": [
        {
          "type": "QUEST_COND_ACTIVITY_CLIENT_COND",
          "param": ["2023", "2023101", "1"],
          "param_str": ""
        }
      ],
      "priority": 5,
      "initDialog": 735270401,
      "npcId": [30404],
      "performCfg": "",
      "loadType": "TALK_ACTIVITY",
      "questId": 2023,
      "prePerformCfg": ""
    },
    {
      "id": 7352705,
      "activeMode": "PLAY_MODE_HOST",
      "beginCond": [
        {
          "type": "QUEST_COND_ACTIVITY_CLIENT_COND",
          "param": ["2023", "2023101", "1"],
          "param_str": ""
        }
      ],
      "priority": 5,
      "initDialog": 735270501,
      "npcId": [30404],
      "performCfg": "",
      "loadType": "TALK_ACTIVITY",
      "questId": 2023,
      "prePerformCfg": ""
    },
    {
      "id": 7352802,
      "beginWay": "TALK_BEGIN_MANUAL",
      "activeMode": "PLAY_MODE_HOST",
      "beginCondComb": "LOGIC_AND",
      "beginCond": [
        {
          "type": "QUEST_COND_ACTIVITY_CLIENT_COND",
          "param": ["2023", "2023401", "1"],
          "param_str": ""
        },
        {
          "type": "QUEST_COND_STATE_EQUAL",
          "param": ["7352801", "3"],
          "param_str": ""
        }
      ],
      "priority": 5,
      "initDialog": 735280201,
      "npcId": [30406],
      "performCfg": "QuestDialogue/WQ/Sumeru_73528/Q7352802",
      "heroTalk": "TALK_HERO_MAIN",
      "loadType": "TALK_ACTIVITY",
      "questId": 2023,
      "prePerformCfg": ""
    },
    {
      "id": 7352803,
      "activeMode": "PLAY_MODE_HOST",
      "priority": 5,
      "initDialog": 735280301,
      "npcId": [30406],
      "performCfg": "",
      "loadType": "TALK_ACTIVITY",
      "questId": 2023,
      "prePerformCfg": ""
    },
    {
      "id": 7352804,
      "activeMode": "PLAY_MODE_HOST",
      "priority": 5,
      "initDialog": 735280401,
      "npcId": [30406],
      "performCfg": "",
      "loadType": "TALK_ACTIVITY",
      "questId": 2023,
      "prePerformCfg": ""
    },
    {
      "id": 7352805,
      "activeMode": "PLAY_MODE_HOST",
      "priority": 5,
      "initDialog": 735280501,
      "npcId": [30406],
      "performCfg": "",
      "loadType": "TALK_ACTIVITY",
      "questId": 2023,
      "prePerformCfg": ""
    },
    {
      "id": 7352902,
      "beginWay": "TALK_BEGIN_MANUAL",
      "activeMode": "PLAY_MODE_HOST",
      "beginCondComb": "LOGIC_AND",
      "beginCond": [
        {
          "type": "QUEST_COND_ACTIVITY_CLIENT_COND",
          "param": ["2023", "2023301", "1"],
          "param_str": ""
        },
        {
          "type": "QUEST_COND_STATE_EQUAL",
          "param": ["7352901", "3"],
          "param_str": ""
        }
      ],
      "priority": 5,
      "initDialog": 735290201,
      "npcId": [30407],
      "performCfg": "QuestDialogue/WQ/Sumeru_73529/Q7352902",
      "heroTalk": "TALK_HERO_MAIN",
      "loadType": "TALK_ACTIVITY",
      "questId": 2023,
      "prePerformCfg": ""
    },
    {
      "id": 7352903,
      "activeMode": "PLAY_MODE_HOST",
      "beginCond": [
        {
          "type": "QUEST_COND_ACTIVITY_CLIENT_COND",
          "param": ["2023", "2023301", "1"],
          "param_str": ""
        }
      ],
      "priority": 5,
      "initDialog": 735290301,
      "npcId": [30407],
      "performCfg": "",
      "loadType": "TALK_ACTIVITY",
      "questId": 2023,
      "prePerformCfg": ""
    },
    {
      "id": 7352904,
      "activeMode": "PLAY_MODE_HOST",
      "beginCond": [
        {
          "type": "QUEST_COND_ACTIVITY_CLIENT_COND",
          "param": ["2023", "2023301", "1"],
          "param_str": ""
        }
      ],
      "priority": 5,
      "initDialog": 735290401,
      "npcId": [30407],
      "performCfg": "",
      "loadType": "TALK_ACTIVITY",
      "questId": 2023,
      "prePerformCfg": ""
    },
    {
      "id": 7352905,
      "activeMode": "PLAY_MODE_HOST",
      "beginCond": [
        {
          "type": "QUEST_COND_ACTIVITY_CLIENT_COND",
          "param": ["2023", "2023301", "1"],
          "param_str": ""
        }
      ],
      "priority": 5,
      "initDialog": 735290501,
      "npcId": [30407],
      "performCfg": "",
      "loadType": "TALK_ACTIVITY",
      "questId": 2023,
      "prePerformCfg": ""
    }
  ]
}
