{
  "id": 2024,
  "series": 1210,
  "titleTextMapHash": 4220531823,
  "descTextMapHash": 2393205574,
  "luaPath": "Actor/Quest/AQ2024",
  "showType": "QUEST_HIDDEN",
  "chapterId": 1204,
  "subQuests": [
    {
      "subId": 202401,
      "mainId": 2024,
      "order": 1,
      "descTextMapHash": 363543908,
      "showType": "QUEST_HIDDEN",
      "acceptCond": [
        {
          "type": "QUEST_COND_STATE_EQUAL",
          "param": [202102, 3],
          "param_str": ""
        }
      ],
      "finishCond": [
        {
          "type": "QUEST_CONTENT_FINISH_PLOT",
          "param": [202401, 0],
          "param_str": ""
        }
      ],
      "failCond": [
        {
          "param": [],
          "param_str": ""
        }
      ],
      "guide": {},
      "finishParent": true,
      "isRewind": true,
      "finishExec": [
        {
          "param": [],
          "param_str": ""
        }
      ],
      "failExec": [
        {
          "param": [],
          "param_str": ""
        }
      ],
      "beginExec": [
        {
          "param": [],
          "param_str": ""
        }
      ]
    }
  ],
  "talks": [
    {
      "id": 202401,
      "beginWay": "TALK_BEGIN_MANUAL",
      "activeMode": "PLAY_MODE_SINGLE",
      "beginCond": [
        {
          "type": "QUEST_COND_STATE_EQUAL",
          "param": ["202401", "2"],
          "param_str": ""
        }
      ],
      "initDialog": 20240101,
      "npcId": [1034],
      "performCfg": "QuestDialogue/AQ/Inazuma2_2024/Q202401",
      "heroTalk": "TALK_HERO_MAIN",
      "questId": 2024,
      "prePerformCfg": ""
    },
    {
      "id": 7450402,
      "beginWay": "TALK_BEGIN_MANUAL",
      "activeMode": "PLAY_MODE_HOST",
      "beginCondComb": "LOGIC_AND",
      "beginCond": [
        {
          "type": "QUEST_COND_ACTIVITY_CLIENT_COND",
          "param": ["2024", "2024006", "1"],
          "param_str": ""
        }
      ],
      "priority": 3,
      "initDialog": 745040201,
      "npcId": [30412, 30411],
      "performCfg": "QuestDialogue/WQ/Fontaine_74504/Q7450402",
      "heroTalk": "TALK_HERO_MAIN",
      "loadType": "TALK_ACTIVITY",
      "questId": 2024,
      "prePerformCfg": ""
    },
    {
      "id": 7450403,
      "beginWay": "TALK_BEGIN_MANUAL",
      "activeMode": "PLAY_MODE_HOST",
      "beginCondComb": "LOGIC_AND",
      "beginCond": [
        {
          "type": "QUEST_COND_ACTIVITY_CLIENT_COND",
          "param": ["2024", "2024002", "1"],
          "param_str": ""
        },
        {
          "type": "QUEST_COND_STATE_EQUAL",
          "param": ["7450103", "3"],
          "param_str": ""
        }
      ],
      "priority": 4,
      "initDialog": 745040301,
      "npcId": [30412, 30411],
      "performCfg": "QuestDialogue/WQ/Fontaine_74504/Q7450403",
      "heroTalk": "TALK_HERO_MAIN",
      "loadType": "TALK_ACTIVITY",
      "questId": 2024,
      "prePerformCfg": ""
    },
    {
      "id": 7450404,
      "beginWay": "TALK_BEGIN_MANUAL",
      "activeMode": "PLAY_MODE_HOST",
      "beginCondComb": "LOGIC_A_AND_ETCOR",
      "beginCond": [
        {
          "type": "QUEST_COND_ACTIVITY_CLIENT_COND",
          "param": ["2024", "2024017", "1"],
          "param_str": ""
        },
        {
          "type": "QUEST_COND_STATE_EQUAL",
          "param": ["7450301", "3"],
          "param_str": ""
        },
        {
          "type": "QUEST_COND_STATE_EQUAL",
          "param": ["7450301", "0"],
          "param_str": ""
        },
        {
          "type": "QUEST_COND_STATE_EQUAL",
          "param": ["7450301", "1"],
          "param_str": ""
        }
      ],
      "priority": 4,
      "initDialog": 745040401,
      "npcId": [5029],
      "performCfg": "QuestDialogue/WQ/Fontaine_74504/Q7450404",
      "heroTalk": "TALK_HERO_MAIN",
      "loadType": "TALK_ACTIVITY",
      "questId": 2024,
      "prePerformCfg": ""
    },
    {
      "id": 7450502,
      "beginWay": "TALK_BEGIN_MANUAL",
      "activeMode": "PLAY_MODE_SINGLE",
      "beginCondComb": "LOGIC_AND",
      "beginCond": [
        {
          "type": "QUEST_COND_STATE_EQUAL",
          "param": ["7450501", "3"],
          "param_str": ""
        },
        {
          "type": "QUEST_COND_ACTIVITY_CLIENT_COND",
          "param": ["2024", "2024004", "1"],
          "param_str": ""
        }
      ],
      "priority": 5,
      "initDialog": 745050201,
      "npcId": [30413],
      "performCfg": "QuestDialogue/WQ/Fontaine_74505/Q7450502",
      "heroTalk": "TALK_HERO_MAIN",
      "loadType": "TALK_ACTIVITY",
      "questId": 2024,
      "prePerformCfg": ""
    }
  ]
}
