{
  "id": 20507,
  "type": "WQ",
  "titleTextMapHash": 1312342369,
  "descTextMapHash": 2302780591,
  "luaPath": "Actor/Quest/IQ20507",
  "showType": "QUEST_HIDDEN",
  "subQuests": [
    {
      "subId": 2050701,
      "mainId": 20507,
      "order": 1,
      "descTextMapHash": 4074520088,
      "showType": "QUEST_HIDDEN",
      "acceptCond": [
        {
          "param": [],
          "param_str": ""
        }
      ],
      "finishCond": [
        {
          "type": "QUEST_CONTENT_UNLOCK_TRANS_POINT",
          "param": [3, 10],
          "param_str": ""
        }
      ],
      "failCond": [
        {
          "param": [],
          "param_str": ""
        }
      ],
      "guide": {},
      "isRewind": true,
      "finishExec": [
        {
          "param": [],
          "param_str": ""
        }
      ],
      "failExec": [
        {
          "param": [],
          "param_str": ""
        }
      ],
      "beginExec": [
        {
          "param": [],
          "param_str": ""
        }
      ]
    },
    {
      "subId": 2050702,
      "mainId": 20507,
      "order": 2,
      "descTextMapHash": 2488198424,
      "showType": "QUEST_HIDDEN",
      "acceptCond": [
        {
          "type": "QUEST_COND_STATE_EQUAL",
          "param": [2050701, 3],
          "param_str": ""
        }
      ],
      "finishCond": [
        {
          "type": "QUEST_CONTENT_FINISH_PLOT",
          "param": [2050702, 0],
          "param_str": ""
        }
      ],
      "failCond": [
        {
          "param": [],
          "param_str": ""
        }
      ],
      "guide": {},
      "finishParent": true,
      "isRewind": true,
      "finishExec": [
        {
          "param": [],
          "param_str": ""
        }
      ],
      "failExec": [
        {
          "param": [],
          "param_str": ""
        }
      ],
      "beginExec": [
        {
          "param": [],
          "param_str": ""
        }
      ]
    }
  ]
}
