{
  "id": 20506,
  "type": "WQ",
  "titleTextMapHash": 829289369,
  "descTextMapHash": 3382521351,
  "luaPath": "Actor/Quest/IQ20506",
  "subQuests": [
    {
      "subId": 2050601,
      "mainId": 20506,
      "order": 1,
      "descTextMapHash": 487387536,
      "acceptCond": [
        {
          "type": "QUEST_COND_PLAYER_LEVEL_EQUAL_GREATER",
          "param": [15, 0],
          "param_str": ""
        }
      ],
      "finishCond": [
        {
          "type": "QUEST_CONTENT_COMPLETE_TALK",
          "param": [2050601, 0],
          "param_str": ""
        }
      ],
      "failCond": [
        {
          "param": [],
          "param_str": ""
        }
      ],
      "guide": {
        "type": "QUEST_GUIDE_NPC",
        "param": ["1587"],
        "guideScene": 3,
        "guideStyle": "QUEST_GUIDE_STYLE_START"
      },
      "isRewind": true,
      "finishExec": [
        {
          "param": [],
          "param_str": ""
        }
      ],
      "failExec": [
        {
          "param": [],
          "param_str": ""
        }
      ],
      "beginExec": [
        {
          "param": [],
          "param_str": ""
        }
      ],
      "exclusiveNpcList": [1587],
      "exclusiveNpcPriority": 1200
    },
    {
      "subId": 2050602,
      "mainId": 20506,
      "order": 2,
      "descTextMapHash": 1238203600,
      "showType": "QUEST_HIDDEN",
      "acceptCond": [
        {
          "type": "QUEST_COND_STATE_EQUAL",
          "param": [2050601, 3],
          "param_str": ""
        }
      ],
      "finishCond": [
        {
          "type": "QUEST_CONTENT_COMPLETE_TALK",
          "param": [2050602, 0],
          "param_str": ""
        }
      ],
      "failCond": [
        {
          "param": [],
          "param_str": ""
        }
      ],
      "guide": {},
      "finishParent": true,
      "finishExec": [
        {
          "param": [],
          "param_str": ""
        }
      ],
      "failExec": [
        {
          "param": [],
          "param_str": ""
        }
      ],
      "beginExec": [
        {
          "param": [],
          "param_str": ""
        }
      ],
      "exclusiveNpcList": [1587],
      "exclusiveNpcPriority": 1200
    }
  ],
  "talks": [
    {
      "id": 2050601,
      "beginWay": "TALK_BEGIN_MANUAL",
      "activeMode": "PLAY_MODE_SINGLE",
      "beginCond": [
        {
          "type": "QUEST_COND_STATE_EQUAL",
          "param": ["2050601", "2"],
          "param_str": ""
        }
      ],
      "priority": 9,
      "initDialog": 205060101,
      "npcId": [1587],
      "performCfg": "",
      "questId": 20506,
      "prePerformCfg": ""
    },
    {
      "id": 2050602,
      "beginWay": "TALK_BEGIN_MANUAL",
      "activeMode": "PLAY_MODE_SINGLE",
      "beginCond": [
        {
          "type": "QUEST_COND_STATE_EQUAL",
          "param": ["2050602", "2"],
          "param_str": ""
        }
      ],
      "priority": 9,
      "initDialog": 205060201,
      "npcId": [1587],
      "performCfg": "",
      "questId": 20506,
      "prePerformCfg": ""
    }
  ]
}
