{
  "id": 20503,
  "type": "WQ",
  "titleTextMapHash": 844907593,
  "descTextMapHash": 1696443743,
  "luaPath": "Actor/Quest/IQ20503",
  "subQuests": [
    {
      "subId": 2050301,
      "mainId": 20503,
      "order": 1,
      "descTextMapHash": 3763593464,
      "showType": "QUEST_HIDDEN",
      "acceptCond": [
        {
          "type": "QUEST_COND_STATE_EQUAL",
          "param": [35802, 3],
          "param_str": ""
        }
      ],
      "finishCond": [
        {
          "type": "QUEST_CONTENT_ENTER_MY_WORLD",
          "param": [3, 0],
          "param_str": ""
        }
      ],
      "failCond": [
        {
          "param": [],
          "param_str": ""
        }
      ],
      "guide": {},
      "isRewind": true,
      "finishExec": [
        {
          "param": [],
          "param_str": ""
        }
      ],
      "failExec": [
        {
          "param": [],
          "param_str": ""
        }
      ],
      "beginExec": [
        {
          "param": [],
          "param_str": ""
        }
      ]
    },
    {
      "subId": 2050302,
      "mainId": 20503,
      "order": 2,
      "descTextMapHash": 3674986072,
      "acceptCond": [
        {
          "type": "QUEST_COND_STATE_EQUAL",
          "param": [2050301, 3],
          "param_str": ""
        }
      ],
      "finishCond": [
        {
          "type": "QUEST_CONTENT_COMPLETE_TALK",
          "param": [2050302, 0],
          "param_str": ""
        }
      ],
      "failCond": [
        {
          "param": [],
          "param_str": ""
        }
      ],
      "guide": {
        "type": "QUEST_GUIDE_NPC",
        "param": ["1417"],
        "guideScene": 3,
        "guideStyle": "QUEST_GUIDE_STYLE_START"
      },
      "isRewind": true,
      "finishExec": [
        {
          "type": "QUEST_EXEC_REFRESH_GROUP_SUITE",
          "param": ["3", "133003808,1"],
          "param_str": ""
        }
      ],
      "failExec": [
        {
          "param": [],
          "param_str": ""
        }
      ],
      "beginExec": [
        {
          "param": [],
          "param_str": ""
        }
      ]
    },
    {
      "subId": 2050303,
      "mainId": 20503,
      "order": 3,
      "descTextMapHash": 2343420440,
      "showType": "QUEST_HIDDEN",
      "acceptCond": [
        {
          "type": "QUEST_COND_STATE_EQUAL",
          "param": [2050301, 3],
          "param_str": ""
        }
      ],
      "finishCond": [
        {
          "type": "QUEST_CONTENT_TRIGGER_FIRE",
          "param": [1142, 0],
          "param_str": ""
        }
      ],
      "failCond": [
        {
          "param": [],
          "param_str": ""
        }
      ],
      "guide": {},
      "finishExec": [
        {
          "param": [],
          "param_str": ""
        }
      ],
      "failExec": [
        {
          "param": [],
          "param_str": ""
        }
      ],
      "beginExec": [
        {
          "param": [],
          "param_str": ""
        }
      ]
    },
    {
      "subId": 2050304,
      "mainId": 20503,
      "order": 4,
      "descTextMapHash": 596745880,
      "acceptCond": [
        {
          "type": "QUEST_COND_STATE_EQUAL",
          "param": [2050302, 3],
          "param_str": ""
        }
      ],
      "finishCond": [
        {
          "type": "QUEST_CONTENT_OBTAIN_ITEM",
          "param": [101001, 0],
          "param_str": "",
          "count": 3
        }
      ],
      "failCond": [
        {
          "param": [],
          "param_str": ""
        }
      ],
      "guide": {
        "type": "QUEST_GUIDE_LOCATION",
        "param": ["Q20503Target", "40"],
        "guideScene": 3
      },
      "isRewind": true,
      "finishExec": [
        {
          "param": [],
          "param_str": ""
        }
      ],
      "failExec": [
        {
          "param": [],
          "param_str": ""
        }
      ],
      "beginExec": [
        {
          "param": [],
          "param_str": ""
        }
      ]
    },
    {
      "subId": 2050305,
      "mainId": 20503,
      "order": 5,
      "descTextMapHash": 3401457680,
      "acceptCond": [
        {
          "type": "QUEST_COND_STATE_EQUAL",
          "param": [2050304, 3],
          "param_str": ""
        }
      ],
      "finishCond": [
        {
          "type": "QUEST_CONTENT_COMPLETE_TALK",
          "param": [2050305, 0],
          "param_str": ""
        }
      ],
      "failCond": [
        {
          "param": [],
          "param_str": ""
        }
      ],
      "guide": {
        "type": "QUEST_GUIDE_NPC",
        "param": ["1417"],
        "guideScene": 3,
        "guideStyle": "QUEST_GUIDE_STYLE_FINISH"
      },
      "isRewind": true,
      "finishExec": [
        {
          "param": [],
          "param_str": ""
        }
      ],
      "failExec": [
        {
          "param": [],
          "param_str": ""
        }
      ],
      "beginExec": [
        {
          "param": [],
          "param_str": ""
        }
      ]
    },
    {
      "subId": 2050306,
      "mainId": 20503,
      "order": 6,
      "descTextMapHash": 1561130192,
      "showType": "QUEST_HIDDEN",
      "acceptCond": [
        {
          "type": "QUEST_COND_STATE_EQUAL",
          "param": [2050305, 3],
          "param_str": ""
        }
      ],
      "finishCond": [
        {
          "type": "QUEST_CONTENT_COMPLETE_TALK",
          "param": [2050306, 0],
          "param_str": ""
        }
      ],
      "failCond": [
        {
          "param": [],
          "param_str": ""
        }
      ],
      "guide": {},
      "finishParent": true,
      "finishExec": [
        {
          "param": [],
          "param_str": ""
        }
      ],
      "failExec": [
        {
          "param": [],
          "param_str": ""
        }
      ],
      "beginExec": [
        {
          "param": [],
          "param_str": ""
        }
      ]
    }
  ],
  "talks": [
    {
      "id": 2050302,
      "beginWay": "TALK_BEGIN_MANUAL",
      "activeMode": "PLAY_MODE_SINGLE",
      "beginCond": [
        {
          "type": "QUEST_COND_STATE_EQUAL",
          "param": ["2050302", "2"],
          "param_str": ""
        }
      ],
      "priority": 9,
      "initDialog": 205030201,
      "npcId": [1417],
      "performCfg": "",
      "questId": 20503,
      "prePerformCfg": ""
    },
    {
      "id": 2050305,
      "beginWay": "TALK_BEGIN_MANUAL",
      "activeMode": "PLAY_MODE_SINGLE",
      "beginCond": [
        {
          "type": "QUEST_COND_STATE_EQUAL",
          "param": ["2050305", "2"],
          "param_str": ""
        }
      ],
      "priority": 9,
      "initDialog": 205030501,
      "npcId": [1417],
      "performCfg": "",
      "questId": 20503,
      "prePerformCfg": ""
    },
    {
      "id": 2050306,
      "beginWay": "TALK_BEGIN_MANUAL",
      "activeMode": "PLAY_MODE_SINGLE",
      "beginCond": [
        {
          "type": "QUEST_COND_STATE_EQUAL",
          "param": ["2050306", "2"],
          "param_str": ""
        }
      ],
      "priority": 9,
      "initDialog": 205030601,
      "npcId": [1417],
      "performCfg": "",
      "questId": 20503,
      "prePerformCfg": ""
    }
  ]
}
