{
  "id": 20515,
  "type": "IQ",
  "titleTextMapHash": 512777431,
  "descTextMapHash": 771942374,
  "luaPath": "Actor/Quest/IQ20515",
  "subQuests": [
    {
      "subId": 2051501,
      "mainId": 20515,
      "order": 1,
      "descTextMapHash": 2952604916,
      "acceptCond": [
        {
          "type": "QUEST_COND_DAILY_TASK_START",
          "param": [24801, 0],
          "param_str": ""
        }
      ],
      "finishCond": [
        {
          "type": "QUEST_CONTENT_COMPLETE_TALK",
          "param": [2051501, 0],
          "param_str": ""
        }
      ],
      "failCond": [
        {
          "param": [],
          "param_str": ""
        }
      ],
      "guide": {
        "type": "QUEST_GUIDE_NPC",
        "param": ["1408"],
        "guideScene": 3,
        "guideStyle": "QUEST_GUIDE_STYLE_START",
        "guideLayer": "QUEST_GUIDE_LAYER_SCENE"
      },
      "isRewind": true,
      "finishExec": [
        {
          "param": [],
          "param_str": ""
        }
      ],
      "failExec": [
        {
          "param": [],
          "param_str": ""
        }
      ],
      "beginExec": [
        {
          "param": [],
          "param_str": ""
        }
      ],
      "exclusiveNpcList": [1408, 1405, 1602],
      "exclusiveNpcPriority": 1100
    },
    {
      "subId": 2051502,
      "mainId": 20515,
      "order": 2,
      "descTextMapHash": 701630532,
      "acceptCondComb": "LOGIC_AND",
      "acceptCond": [
        {
          "type": "QUEST_COND_DAILY_TASK_START",
          "param": [24801, 0],
          "param_str": ""
        },
        {
          "type": "QUEST_COND_STATE_EQUAL",
          "param": [2051501, 3],
          "param_str": ""
        }
      ],
      "finishCond": [
        {
          "type": "QUEST_CONTENT_COMPLETE_TALK",
          "param": [2051502, 0],
          "param_str": ""
        }
      ],
      "failCond": [
        {
          "type": "QUEST_CONTENT_COMPLETE_TALK",
          "param": [2051504, 0],
          "param_str": "1330039061"
        }
      ],
      "guide": {
        "type": "QUEST_GUIDE_LOCATION",
        "param": ["Q20515_Ana_Guide_Area", "20"],
        "guideScene": 3,
        "guideStyle": "QUEST_GUIDE_STYLE_TARGET",
        "guideLayer": "QUEST_GUIDE_LAYER_SCENE"
      },
      "isRewind": true,
      "finishExec": [
        {
          "param": [],
          "param_str": ""
        }
      ],
      "failExec": [
        {
          "param": [],
          "param_str": ""
        }
      ],
      "beginExec": [
        {
          "param": [],
          "param_str": ""
        }
      ],
      "exclusiveNpcList": [1408, 1405, 1602],
      "exclusiveNpcPriority": 1100
    },
    {
      "subId": 2051503,
      "mainId": 20515,
      "order": 3,
      "descTextMapHash": 162535908,
      "acceptCondComb": "LOGIC_AND",
      "acceptCond": [
        {
          "type": "QUEST_COND_DAILY_TASK_START",
          "param": [24801, 0],
          "param_str": ""
        },
        {
          "type": "QUEST_COND_STATE_EQUAL",
          "param": [2051502, 3],
          "param_str": ""
        }
      ],
      "finishCond": [
        {
          "type": "QUEST_CONTENT_COMPLETE_TALK",
          "param": [2051503, 0],
          "param_str": ""
        }
      ],
      "failCond": [
        {
          "param": [],
          "param_str": ""
        }
      ],
      "guide": {
        "type": "QUEST_GUIDE_NPC",
        "param": ["1408"],
        "guideScene": 3,
        "guideStyle": "QUEST_GUIDE_STYLE_FINISH",
        "guideLayer": "QUEST_GUIDE_LAYER_SCENE"
      },
      "finishParent": true,
      "isRewind": true,
      "finishExec": [
        {
          "type": "QUEST_EXEC_NOTIFY_DAILY_TASK",
          "param": ["24801", "0"],
          "param_str": ""
        }
      ],
      "failExec": [
        {
          "param": [],
          "param_str": ""
        }
      ],
      "beginExec": [
        {
          "param": [],
          "param_str": ""
        }
      ],
      "exclusiveNpcList": [1408, 1405, 1602],
      "exclusiveNpcPriority": 1100
    },
    {
      "subId": 2051504,
      "mainId": 20515,
      "order": 4,
      "descTextMapHash": 2924457812,
      "showType": "QUEST_HIDDEN",
      "acceptCondComb": "LOGIC_AND",
      "acceptCond": [
        {
          "type": "QUEST_COND_DAILY_TASK_START",
          "param": [24801, 0],
          "param_str": ""
        },
        {
          "type": "QUEST_COND_STATE_EQUAL",
          "param": [2051501, 3],
          "param_str": ""
        }
      ],
      "finishCond": [
        {
          "type": "QUEST_CONTENT_COMPLETE_TALK",
          "param": [2051504, 0],
          "param_str": ""
        }
      ],
      "failCond": [
        {
          "type": "QUEST_CONTENT_COMPLETE_TALK",
          "param": [2051502, 0],
          "param_str": ""
        }
      ],
      "guide": {},
      "showGuide": "QUEST_GUIDE_ITEM_DISABLE",
      "isRewind": true,
      "finishExec": [
        {
          "param": [],
          "param_str": ""
        }
      ],
      "failExec": [
        {
          "param": [],
          "param_str": ""
        }
      ],
      "beginExec": [
        {
          "param": [],
          "param_str": ""
        }
      ],
      "exclusiveNpcList": [1408, 1405, 1602],
      "exclusiveNpcPriority": 1100
    },
    {
      "subId": 2051505,
      "mainId": 20515,
      "order": 5,
      "descTextMapHash": 663918060,
      "acceptCondComb": "LOGIC_AND",
      "acceptCond": [
        {
          "type": "QUEST_COND_DAILY_TASK_START",
          "param": [24801, 0],
          "param_str": ""
        },
        {
          "type": "QUEST_COND_STATE_EQUAL",
          "param": [2051504, 3],
          "param_str": ""
        }
      ],
      "finishCond": [
        {
          "type": "QUEST_CONTENT_COMPLETE_TALK",
          "param": [2051505, 0],
          "param_str": ""
        }
      ],
      "failCond": [
        {
          "param": [],
          "param_str": ""
        }
      ],
      "guide": {
        "type": "QUEST_GUIDE_NPC",
        "param": ["1405"],
        "guideScene": 3,
        "guideStyle": "QUEST_GUIDE_STYLE_TARGET",
        "guideLayer": "QUEST_GUIDE_LAYER_SCENE"
      },
      "isRewind": true,
      "finishExec": [
        {
          "param": [],
          "param_str": ""
        }
      ],
      "failExec": [
        {
          "param": [],
          "param_str": ""
        }
      ],
      "beginExec": [
        {
          "param": [],
          "param_str": ""
        }
      ],
      "exclusiveNpcList": [1408, 1405, 1602],
      "exclusiveNpcPriority": 1100
    },
    {
      "subId": 2051506,
      "mainId": 20515,
      "order": 6,
      "descTextMapHash": 3844348580,
      "acceptCondComb": "LOGIC_AND",
      "acceptCond": [
        {
          "type": "QUEST_COND_DAILY_TASK_START",
          "param": [24801, 0],
          "param_str": ""
        },
        {
          "type": "QUEST_COND_STATE_EQUAL",
          "param": [2051505, 3],
          "param_str": ""
        }
      ],
      "finishCond": [
        {
          "type": "QUEST_CONTENT_COMPLETE_TALK",
          "param": [2051506, 0],
          "param_str": ""
        }
      ],
      "failCond": [
        {
          "param": [],
          "param_str": ""
        }
      ],
      "guide": {
        "type": "QUEST_GUIDE_NPC",
        "param": ["1408"],
        "guideScene": 3,
        "guideStyle": "QUEST_GUIDE_STYLE_FINISH",
        "guideLayer": "QUEST_GUIDE_LAYER_SCENE"
      },
      "finishParent": true,
      "isRewind": true,
      "finishExec": [
        {
          "type": "QUEST_EXEC_NOTIFY_DAILY_TASK",
          "param": ["24801", "0"],
          "param_str": ""
        }
      ],
      "failExec": [
        {
          "param": [],
          "param_str": ""
        }
      ],
      "beginExec": [
        {
          "param": [],
          "param_str": ""
        }
      ],
      "exclusiveNpcList": [1408, 1405, 1602],
      "exclusiveNpcPriority": 1100
    }
  ],
  "talks": [
    {
      "id": 2051501,
      "beginWay": "TALK_BEGIN_MANUAL",
      "beginCond": [
        {
          "type": "QUEST_COND_STATE_EQUAL",
          "param": ["2051501", "2"],
          "param_str": ""
        }
      ],
      "priority": 5,
      "initDialog": 205150101,
      "npcId": [1408],
      "performCfg": "",
      "questId": 20515,
      "prePerformCfg": ""
    },
    {
      "id": 2051502,
      "beginWay": "TALK_BEGIN_MANUAL",
      "beginCond": [
        {
          "type": "QUEST_COND_STATE_EQUAL",
          "param": ["2051502", "2"],
          "param_str": ""
        }
      ],
      "priority": 5,
      "initDialog": 205150201,
      "npcId": [1405],
      "performCfg": "",
      "questId": 20515,
      "prePerformCfg": ""
    },
    {
      "id": 2051503,
      "beginWay": "TALK_BEGIN_MANUAL",
      "beginCond": [
        {
          "type": "QUEST_COND_STATE_EQUAL",
          "param": ["2051503", "2"],
          "param_str": ""
        }
      ],
      "priority": 5,
      "initDialog": 205150301,
      "npcId": [1408],
      "performCfg": "",
      "questId": 20515,
      "prePerformCfg": ""
    },
    {
      "id": 2051504,
      "beginWay": "TALK_BEGIN_MANUAL",
      "beginCond": [
        {
          "type": "QUEST_COND_STATE_EQUAL",
          "param": ["2051504", "2"],
          "param_str": ""
        }
      ],
      "priority": 5,
      "initDialog": 205150401,
      "npcId": [1602],
      "performCfg": "",
      "questId": 20515,
      "prePerformCfg": ""
    },
    {
      "id": 2051505,
      "beginWay": "TALK_BEGIN_MANUAL",
      "beginCond": [
        {
          "type": "QUEST_COND_STATE_EQUAL",
          "param": ["2051505", "2"],
          "param_str": ""
        }
      ],
      "priority": 5,
      "initDialog": 205150501,
      "npcId": [1405],
      "performCfg": "",
      "questId": 20515,
      "prePerformCfg": ""
    },
    {
      "id": 2051506,
      "beginWay": "TALK_BEGIN_MANUAL",
      "beginCond": [
        {
          "type": "QUEST_COND_STATE_EQUAL",
          "param": ["2051506", "2"],
          "param_str": ""
        }
      ],
      "priority": 5,
      "initDialog": 205150601,
      "npcId": [1408],
      "performCfg": "",
      "questId": 20515,
      "prePerformCfg": ""
    },
    {
      "id": 2051507,
      "beginWay": "TALK_BEGIN_MANUAL",
      "beginCondComb": "LOGIC_OR",
      "beginCond": [
        {
          "type": "QUEST_COND_STATE_EQUAL",
          "param": ["2051504", "2"],
          "param_str": ""
        },
        {
          "type": "QUEST_COND_STATE_EQUAL",
          "param": ["2051505", "2"],
          "param_str": ""
        }
      ],
      "priority": 5,
      "initDialog": 205150701,
      "npcId": [1408],
      "performCfg": "",
      "questId": 20515,
      "prePerformCfg": "",
      "lowPriority": true
    },
    {
      "id": 2051508,
      "beginWay": "TALK_BEGIN_MANUAL",
      "beginCondComb": "LOGIC_OR",
      "beginCond": [
        {
          "type": "QUEST_COND_STATE_EQUAL",
          "param": ["2051501", "2"],
          "param_str": ""
        },
        {
          "type": "QUEST_COND_STATE_EQUAL",
          "param": ["2051503", "2"],
          "param_str": ""
        },
        {
          "type": "QUEST_COND_STATE_EQUAL",
          "param": ["2051506", "2"],
          "param_str": ""
        }
      ],
      "priority": 5,
      "initDialog": 205150801,
      "npcId": [1405],
      "performCfg": "",
      "questId": 20515,
      "prePerformCfg": ""
    },
    {
      "id": 2051509,
      "beginWay": "TALK_BEGIN_MANUAL",
      "beginCondComb": "LOGIC_OR",
      "beginCond": [
        {
          "type": "QUEST_COND_STATE_EQUAL",
          "param": ["2051505", "2"],
          "param_str": ""
        },
        {
          "type": "QUEST_COND_STATE_EQUAL",
          "param": ["2051506", "2"],
          "param_str": ""
        }
      ],
      "priority": 5,
      "initDialog": 205150901,
      "npcId": [1602],
      "performCfg": "",
      "questId": 20515,
      "prePerformCfg": ""
    }
  ]
}
