{
  "id": 20512,
  "type": "IQ",
  "titleTextMapHash": 453365279,
  "descTextMapHash": 1625441462,
  "luaPath": "Actor/Quest/IQ20512",
  "subQuests": [
    {
      "subId": 2051201,
      "mainId": 20512,
      "order": 1,
      "descTextMapHash": 2740946892,
      "acceptCond": [
        {
          "type": "QUEST_COND_DAILY_TASK_START",
          "param": [24701, 0],
          "param_str": ""
        }
      ],
      "finishCond": [
        {
          "type": "QUEST_CONTENT_COMPLETE_TALK",
          "param": [2051201, 0],
          "param_str": ""
        }
      ],
      "failCond": [
        {
          "param": [],
          "param_str": ""
        }
      ],
      "guide": {
        "type": "QUEST_GUIDE_NPC",
        "param": ["1408"],
        "guideScene": 3,
        "guideStyle": "QUEST_GUIDE_STYLE_START",
        "guideLayer": "QUEST_GUIDE_LAYER_SCENE"
      },
      "isRewind": true,
      "finishExec": [
        {
          "param": [],
          "param_str": ""
        }
      ],
      "failExec": [
        {
          "param": [],
          "param_str": ""
        }
      ],
      "beginExec": [
        {
          "param": [],
          "param_str": ""
        }
      ],
      "exclusiveNpcList": [1408],
      "exclusiveNpcPriority": 1100
    },
    {
      "subId": 2051202,
      "mainId": 20512,
      "order": 2,
      "descTextMapHash": 3577720836,
      "acceptCondComb": "LOGIC_AND",
      "acceptCond": [
        {
          "type": "QUEST_COND_DAILY_TASK_START",
          "param": [24701, 0],
          "param_str": ""
        },
        {
          "type": "QUEST_COND_STATE_EQUAL",
          "param": [2051201, 3],
          "param_str": ""
        }
      ],
      "finishCond": [
        {
          "type": "QUEST_CONTENT_OBTAIN_ITEM",
          "param": [100455, 0],
          "param_str": ""
        }
      ],
      "failCond": [
        {
          "param": [],
          "param_str": ""
        }
      ],
      "guide": {
        "type": "QUEST_GUIDE_LOCATION",
        "param": ["Q20512_WaterSlime", "10"],
        "guideScene": 3,
        "guideStyle": "QUEST_GUIDE_STYLE_TARGET",
        "guideLayer": "QUEST_GUIDE_LAYER_SCENE"
      },
      "isRewind": true,
      "finishExec": [
        {
          "param": [],
          "param_str": ""
        }
      ],
      "failExec": [
        {
          "param": [],
          "param_str": ""
        }
      ],
      "beginExec": [
        {
          "type": "QUEST_EXEC_REFRESH_GROUP_SUITE",
          "param": ["3", "133001907,2"],
          "param_str": ""
        }
      ],
      "exclusiveNpcList": [1408],
      "exclusiveNpcPriority": 1100
    },
    {
      "subId": 2051203,
      "mainId": 20512,
      "order": 3,
      "descTextMapHash": 1732344268,
      "acceptCondComb": "LOGIC_AND",
      "acceptCond": [
        {
          "type": "QUEST_COND_DAILY_TASK_START",
          "param": [24701, 0],
          "param_str": ""
        },
        {
          "type": "QUEST_COND_STATE_EQUAL",
          "param": [2051202, 3],
          "param_str": ""
        },
        {
          "type": "QUEST_COND_PACK_HAVE_ITEM",
          "param": [100455, 1],
          "param_str": ""
        }
      ],
      "finishCond": [
        {
          "type": "QUEST_CONTENT_COMPLETE_TALK",
          "param": [2051203, 0],
          "param_str": ""
        }
      ],
      "failCond": [
        {
          "param": [],
          "param_str": ""
        }
      ],
      "guide": {
        "type": "QUEST_GUIDE_NPC",
        "param": ["1408"],
        "guideScene": 3,
        "guideStyle": "QUEST_GUIDE_STYLE_FINISH",
        "guideLayer": "QUEST_GUIDE_LAYER_SCENE"
      },
      "finishParent": true,
      "isRewind": true,
      "finishExec": [
        {
          "type": "QUEST_EXEC_DEL_ALL_SPECIFIC_PACK_ITEM",
          "param": ["100455", "0"],
          "param_str": ""
        },
        {
          "type": "QUEST_EXEC_NOTIFY_DAILY_TASK",
          "param": ["24701", "0"],
          "param_str": ""
        }
      ],
      "failExec": [
        {
          "param": [],
          "param_str": ""
        }
      ],
      "beginExec": [
        {
          "param": [],
          "param_str": ""
        }
      ],
      "exclusiveNpcList": [1408],
      "exclusiveNpcPriority": 1100
    }
  ],
  "talks": [
    {
      "id": 2051201,
      "beginWay": "TALK_BEGIN_MANUAL",
      "beginCond": [
        {
          "type": "QUEST_COND_STATE_EQUAL",
          "param": ["2051201", "2"],
          "param_str": ""
        }
      ],
      "priority": 5,
      "initDialog": 205120101,
      "npcId": [1408],
      "performCfg": "",
      "questId": 20512,
      "prePerformCfg": ""
    },
    {
      "id": 2051202,
      "beginWay": "TALK_BEGIN_MANUAL",
      "beginCond": [
        {
          "type": "QUEST_COND_STATE_EQUAL",
          "param": ["2051202", "2"],
          "param_str": ""
        }
      ],
      "priority": 5,
      "initDialog": 205120201,
      "npcId": [1408],
      "performCfg": "",
      "questId": 20512,
      "prePerformCfg": ""
    },
    {
      "id": 2051203,
      "beginWay": "TALK_BEGIN_MANUAL",
      "beginCond": [
        {
          "type": "QUEST_COND_STATE_EQUAL",
          "param": ["2051203", "2"],
          "param_str": ""
        }
      ],
      "priority": 5,
      "initDialog": 205120301,
      "npcId": [1408],
      "performCfg": "",
      "questId": 20512,
      "prePerformCfg": ""
    }
  ]
}
