{
  "id": 20516,
  "type": "IQ",
  "titleTextMapHash": 3183514431,
  "descTextMapHash": 2322991638,
  "luaPath": "Actor/Quest/IQ20516",
  "subQuests": [
    {
      "subId": 2051601,
      "mainId": 20516,
      "order": 1,
      "descTextMapHash": 2257921540,
      "acceptCond": [
        {
          "type": "QUEST_COND_DAILY_TASK_START",
          "param": [24802, 0],
          "param_str": ""
        }
      ],
      "finishCond": [
        {
          "type": "QUEST_CONTENT_COMPLETE_TALK",
          "param": [2051601, 0],
          "param_str": ""
        }
      ],
      "failCond": [
        {
          "param": [],
          "param_str": ""
        }
      ],
      "guide": {
        "type": "QUEST_GUIDE_NPC",
        "param": ["1408"],
        "guideScene": 3,
        "guideStyle": "QUEST_GUIDE_STYLE_START",
        "guideLayer": "QUEST_GUIDE_LAYER_SCENE"
      },
      "isRewind": true,
      "finishExec": [
        {
          "param": [],
          "param_str": ""
        }
      ],
      "failExec": [
        {
          "param": [],
          "param_str": ""
        }
      ],
      "beginExec": [
        {
          "param": [],
          "param_str": ""
        }
      ],
      "exclusiveNpcList": [1408, 1405, 1429],
      "exclusiveNpcPriority": 1100,
      "exclusivePlaceList": [7267605]
    },
    {
      "subId": 2051602,
      "mainId": 20516,
      "order": 2,
      "descTextMapHash": 3958855332,
      "acceptCondComb": "LOGIC_AND",
      "acceptCond": [
        {
          "type": "QUEST_COND_DAILY_TASK_START",
          "param": [24802, 0],
          "param_str": ""
        },
        {
          "type": "QUEST_COND_STATE_EQUAL",
          "param": [2051601, 3],
          "param_str": ""
        }
      ],
      "finishCond": [
        {
          "type": "QUEST_CONTENT_COMPLETE_TALK",
          "param": [2051602, 0],
          "param_str": ""
        }
      ],
      "failCond": [
        {
          "type": "QUEST_CONTENT_COMPLETE_TALK",
          "param": [2051604, 0],
          "param_str": ""
        }
      ],
      "guide": {
        "type": "QUEST_GUIDE_LOCATION",
        "param": ["20516_Ana_Guide_Area", "20"],
        "guideScene": 3,
        "guideStyle": "QUEST_GUIDE_STYLE_TARGET",
        "guideLayer": "QUEST_GUIDE_LAYER_SCENE"
      },
      "isRewind": true,
      "finishExec": [
        {
          "param": [],
          "param_str": ""
        }
      ],
      "failExec": [
        {
          "param": [],
          "param_str": ""
        }
      ],
      "beginExec": [
        {
          "param": [],
          "param_str": ""
        }
      ],
      "exclusiveNpcList": [1408, 1405, 1429],
      "exclusiveNpcPriority": 1100,
      "exclusivePlaceList": [7267605]
    },
    {
      "subId": 2051603,
      "mainId": 20516,
      "order": 3,
      "descTextMapHash": 2410139492,
      "acceptCondComb": "LOGIC_AND",
      "acceptCond": [
        {
          "type": "QUEST_COND_DAILY_TASK_START",
          "param": [24802, 0],
          "param_str": ""
        },
        {
          "type": "QUEST_COND_STATE_EQUAL",
          "param": [2051602, 3],
          "param_str": ""
        }
      ],
      "finishCond": [
        {
          "type": "QUEST_CONTENT_COMPLETE_TALK",
          "param": [2051603, 0],
          "param_str": ""
        }
      ],
      "failCond": [
        {
          "param": [],
          "param_str": ""
        }
      ],
      "guide": {
        "type": "QUEST_GUIDE_NPC",
        "param": ["1408"],
        "guideScene": 3,
        "guideStyle": "QUEST_GUIDE_STYLE_FINISH",
        "guideLayer": "QUEST_GUIDE_LAYER_SCENE"
      },
      "finishParent": true,
      "isRewind": true,
      "finishExec": [
        {
          "type": "QUEST_EXEC_NOTIFY_DAILY_TASK",
          "param": ["24802", "0"],
          "param_str": ""
        }
      ],
      "failExec": [
        {
          "param": [],
          "param_str": ""
        }
      ],
      "beginExec": [
        {
          "param": [],
          "param_str": ""
        }
      ],
      "exclusiveNpcList": [1408, 1405, 1429],
      "exclusiveNpcPriority": 1100,
      "exclusivePlaceList": [7267605]
    },
    {
      "subId": 2051604,
      "mainId": 20516,
      "order": 4,
      "descTextMapHash": 2162678700,
      "showType": "QUEST_HIDDEN",
      "acceptCondComb": "LOGIC_AND",
      "acceptCond": [
        {
          "type": "QUEST_COND_DAILY_TASK_START",
          "param": [24802, 0],
          "param_str": ""
        },
        {
          "type": "QUEST_COND_STATE_EQUAL",
          "param": [2051601, 3],
          "param_str": ""
        }
      ],
      "finishCond": [
        {
          "type": "QUEST_CONTENT_COMPLETE_TALK",
          "param": [2051604, 0],
          "param_str": ""
        }
      ],
      "failCond": [
        {
          "type": "QUEST_CONTENT_COMPLETE_TALK",
          "param": [2051602, 0],
          "param_str": ""
        }
      ],
      "guide": {},
      "showGuide": "QUEST_GUIDE_ITEM_DISABLE",
      "isRewind": true,
      "finishExec": [
        {
          "param": [],
          "param_str": ""
        }
      ],
      "failExec": [
        {
          "param": [],
          "param_str": ""
        }
      ],
      "beginExec": [
        {
          "param": [],
          "param_str": ""
        }
      ],
      "exclusiveNpcList": [1408, 1405, 1429],
      "exclusiveNpcPriority": 1100,
      "exclusivePlaceList": [7267605]
    },
    {
      "subId": 2051605,
      "mainId": 20516,
      "order": 5,
      "descTextMapHash": 260944220,
      "acceptCondComb": "LOGIC_AND",
      "acceptCond": [
        {
          "type": "QUEST_COND_DAILY_TASK_START",
          "param": [24802, 0],
          "param_str": ""
        },
        {
          "type": "QUEST_COND_STATE_EQUAL",
          "param": [2051604, 3],
          "param_str": ""
        }
      ],
      "finishCond": [
        {
          "type": "QUEST_CONTENT_COMPLETE_TALK",
          "param": [2051605, 0],
          "param_str": ""
        }
      ],
      "failCond": [
        {
          "param": [],
          "param_str": ""
        }
      ],
      "guide": {
        "type": "QUEST_GUIDE_NPC",
        "param": ["1405"],
        "guideScene": 3,
        "guideStyle": "QUEST_GUIDE_STYLE_TARGET",
        "guideLayer": "QUEST_GUIDE_LAYER_SCENE"
      },
      "isRewind": true,
      "finishExec": [
        {
          "param": [],
          "param_str": ""
        }
      ],
      "failExec": [
        {
          "param": [],
          "param_str": ""
        }
      ],
      "beginExec": [
        {
          "param": [],
          "param_str": ""
        }
      ],
      "exclusiveNpcList": [1408, 1405, 1429],
      "exclusiveNpcPriority": 1100,
      "exclusivePlaceList": [7267605]
    },
    {
      "subId": 2051606,
      "mainId": 20516,
      "order": 6,
      "descTextMapHash": 3815028028,
      "acceptCondComb": "LOGIC_AND",
      "acceptCond": [
        {
          "type": "QUEST_COND_DAILY_TASK_START",
          "param": [24802, 0],
          "param_str": ""
        },
        {
          "type": "QUEST_COND_STATE_EQUAL",
          "param": [2051605, 3],
          "param_str": ""
        }
      ],
      "finishCond": [
        {
          "type": "QUEST_CONTENT_COMPLETE_TALK",
          "param": [2051606, 0],
          "param_str": ""
        }
      ],
      "failCond": [
        {
          "param": [],
          "param_str": ""
        }
      ],
      "guide": {
        "type": "QUEST_GUIDE_NPC",
        "param": ["1408"],
        "guideScene": 3,
        "guideStyle": "QUEST_GUIDE_STYLE_FINISH",
        "guideLayer": "QUEST_GUIDE_LAYER_SCENE"
      },
      "finishParent": true,
      "isRewind": true,
      "finishExec": [
        {
          "type": "QUEST_EXEC_NOTIFY_DAILY_TASK",
          "param": ["24802", "0"],
          "param_str": ""
        }
      ],
      "failExec": [
        {
          "param": [],
          "param_str": ""
        }
      ],
      "beginExec": [
        {
          "param": [],
          "param_str": ""
        }
      ],
      "exclusiveNpcList": [1408, 1405, 1429],
      "exclusiveNpcPriority": 1100,
      "exclusivePlaceList": [7267605]
    }
  ],
  "talks": [
    {
      "id": 2051601,
      "beginWay": "TALK_BEGIN_MANUAL",
      "beginCond": [
        {
          "type": "QUEST_COND_STATE_EQUAL",
          "param": ["2051601", "2"],
          "param_str": ""
        }
      ],
      "priority": 5,
      "initDialog": 205160101,
      "npcId": [1408],
      "performCfg": "",
      "questId": 20516,
      "prePerformCfg": ""
    },
    {
      "id": 2051602,
      "beginWay": "TALK_BEGIN_MANUAL",
      "beginCond": [
        {
          "type": "QUEST_COND_STATE_EQUAL",
          "param": ["2051602", "2"],
          "param_str": ""
        }
      ],
      "priority": 5,
      "initDialog": 205160201,
      "npcId": [1405],
      "performCfg": "",
      "questId": 20516,
      "prePerformCfg": ""
    },
    {
      "id": 2051603,
      "beginWay": "TALK_BEGIN_MANUAL",
      "beginCond": [
        {
          "type": "QUEST_COND_STATE_EQUAL",
          "param": ["2051603", "2"],
          "param_str": ""
        }
      ],
      "priority": 5,
      "initDialog": 205160301,
      "npcId": [1408],
      "performCfg": "",
      "questId": 20516,
      "prePerformCfg": ""
    },
    {
      "id": 2051604,
      "beginWay": "TALK_BEGIN_MANUAL",
      "beginCond": [
        {
          "type": "QUEST_COND_STATE_EQUAL",
          "param": ["2051604", "2"],
          "param_str": ""
        }
      ],
      "priority": 5,
      "initDialog": 205160401,
      "npcId": [1429],
      "performCfg": "",
      "questId": 20516,
      "prePerformCfg": ""
    },
    {
      "id": 2051605,
      "beginWay": "TALK_BEGIN_MANUAL",
      "beginCond": [
        {
          "type": "QUEST_COND_STATE_EQUAL",
          "param": ["2051605", "2"],
          "param_str": ""
        }
      ],
      "priority": 5,
      "initDialog": 205160501,
      "npcId": [1405],
      "performCfg": "",
      "questId": 20516,
      "prePerformCfg": ""
    },
    {
      "id": 2051606,
      "beginWay": "TALK_BEGIN_MANUAL",
      "beginCond": [
        {
          "type": "QUEST_COND_STATE_EQUAL",
          "param": ["2051606", "2"],
          "param_str": ""
        }
      ],
      "priority": 5,
      "initDialog": 205160601,
      "npcId": [1408],
      "performCfg": "",
      "questId": 20516,
      "prePerformCfg": ""
    },
    {
      "id": 2051607,
      "beginWay": "TALK_BEGIN_MANUAL",
      "beginCondComb": "LOGIC_OR",
      "beginCond": [
        {
          "type": "QUEST_COND_STATE_EQUAL",
          "param": ["2051604", "2"],
          "param_str": ""
        },
        {
          "type": "QUEST_COND_STATE_EQUAL",
          "param": ["2051605", "2"],
          "param_str": ""
        }
      ],
      "priority": 5,
      "initDialog": 205160701,
      "npcId": [1408],
      "performCfg": "",
      "questId": 20516,
      "prePerformCfg": "",
      "lowPriority": true
    },
    {
      "id": 2051608,
      "beginWay": "TALK_BEGIN_MANUAL",
      "beginCondComb": "LOGIC_OR",
      "beginCond": [
        {
          "type": "QUEST_COND_STATE_EQUAL",
          "param": ["2051601", "2"],
          "param_str": ""
        },
        {
          "type": "QUEST_COND_STATE_EQUAL",
          "param": ["2051603", "2"],
          "param_str": ""
        },
        {
          "type": "QUEST_COND_STATE_EQUAL",
          "param": ["2051606", "2"],
          "param_str": ""
        }
      ],
      "priority": 5,
      "initDialog": 205160801,
      "npcId": [1405],
      "performCfg": "",
      "questId": 20516,
      "prePerformCfg": ""
    },
    {
      "id": 2051609,
      "beginWay": "TALK_BEGIN_MANUAL",
      "beginCondComb": "LOGIC_OR",
      "beginCond": [
        {
          "type": "QUEST_COND_STATE_EQUAL",
          "param": ["2051605", "2"],
          "param_str": ""
        },
        {
          "type": "QUEST_COND_STATE_EQUAL",
          "param": ["2051606", "2"],
          "param_str": ""
        }
      ],
      "priority": 5,
      "initDialog": 205160901,
      "npcId": [1429],
      "performCfg": "",
      "questId": 20516,
      "prePerformCfg": ""
    }
  ]
}
