{
  "id": 20514,
  "type": "IQ",
  "titleTextMapHash": 2409890615,
  "descTextMapHash": 450773806,
  "luaPath": "Actor/Quest/IQ20514",
  "subQuests": [
    {
      "subId": 2051401,
      "mainId": 20514,
      "order": 1,
      "descTextMapHash": 2660866644,
      "acceptCond": [
        {
          "type": "QUEST_COND_DAILY_TASK_START",
          "param": [24800, 0],
          "param_str": ""
        }
      ],
      "finishCond": [
        {
          "type": "QUEST_CONTENT_COMPLETE_TALK",
          "param": [2051401, 0],
          "param_str": ""
        }
      ],
      "failCond": [
        {
          "param": [],
          "param_str": ""
        }
      ],
      "guide": {
        "type": "QUEST_GUIDE_NPC",
        "param": ["1408"],
        "guideScene": 3,
        "guideStyle": "QUEST_GUIDE_STYLE_START",
        "guideLayer": "QUEST_GUIDE_LAYER_SCENE"
      },
      "isRewind": true,
      "finishExec": [
        {
          "param": [],
          "param_str": ""
        }
      ],
      "failExec": [
        {
          "param": [],
          "param_str": ""
        }
      ],
      "beginExec": [
        {
          "param": [],
          "param_str": ""
        }
      ],
      "exclusiveNpcList": [1408, 1405, 1409],
      "exclusiveNpcPriority": 1100
    },
    {
      "subId": 2051402,
      "mainId": 20514,
      "order": 2,
      "descTextMapHash": 36080348,
      "acceptCondComb": "LOGIC_AND",
      "acceptCond": [
        {
          "type": "QUEST_COND_DAILY_TASK_START",
          "param": [24800, 0],
          "param_str": ""
        },
        {
          "type": "QUEST_COND_STATE_EQUAL",
          "param": [2051401, 3],
          "param_str": ""
        }
      ],
      "finishCond": [
        {
          "type": "QUEST_CONTENT_COMPLETE_TALK",
          "param": [2051402, 0],
          "param_str": ""
        }
      ],
      "failCond": [
        {
          "type": "QUEST_CONTENT_COMPLETE_TALK",
          "param": [2051404, 0],
          "param_str": ""
        }
      ],
      "guide": {
        "type": "QUEST_GUIDE_LOCATION",
        "param": ["Q20514_Ana_Guide_Area", "20"],
        "guideScene": 3,
        "guideStyle": "QUEST_GUIDE_STYLE_TARGET",
        "guideLayer": "QUEST_GUIDE_LAYER_SCENE"
      },
      "isRewind": true,
      "finishExec": [
        {
          "param": [],
          "param_str": ""
        }
      ],
      "failExec": [
        {
          "param": [],
          "param_str": ""
        }
      ],
      "beginExec": [
        {
          "param": [],
          "param_str": ""
        }
      ],
      "exclusiveNpcList": [1408, 1405, 1409],
      "exclusiveNpcPriority": 1100
    },
    {
      "subId": 2051403,
      "mainId": 20514,
      "order": 3,
      "descTextMapHash": 1106750292,
      "acceptCondComb": "LOGIC_AND",
      "acceptCond": [
        {
          "type": "QUEST_COND_DAILY_TASK_START",
          "param": [24800, 0],
          "param_str": ""
        },
        {
          "type": "QUEST_COND_STATE_EQUAL",
          "param": [2051402, 3],
          "param_str": ""
        }
      ],
      "finishCond": [
        {
          "type": "QUEST_CONTENT_COMPLETE_TALK",
          "param": [2051403, 0],
          "param_str": ""
        }
      ],
      "failCond": [
        {
          "param": [],
          "param_str": ""
        }
      ],
      "guide": {
        "type": "QUEST_GUIDE_NPC",
        "param": ["1408"],
        "guideScene": 3,
        "guideStyle": "QUEST_GUIDE_STYLE_FINISH",
        "guideLayer": "QUEST_GUIDE_LAYER_SCENE"
      },
      "finishParent": true,
      "isRewind": true,
      "finishExec": [
        {
          "type": "QUEST_EXEC_NOTIFY_DAILY_TASK",
          "param": ["24800", "0"],
          "param_str": ""
        }
      ],
      "failExec": [
        {
          "param": [],
          "param_str": ""
        }
      ],
      "beginExec": [
        {
          "param": [],
          "param_str": ""
        }
      ],
      "exclusiveNpcList": [1408, 1405, 1409],
      "exclusiveNpcPriority": 1100
    },
    {
      "subId": 2051404,
      "mainId": 20514,
      "order": 4,
      "descTextMapHash": 1633214772,
      "showType": "QUEST_HIDDEN",
      "acceptCondComb": "LOGIC_AND",
      "acceptCond": [
        {
          "type": "QUEST_COND_DAILY_TASK_START",
          "param": [24800, 0],
          "param_str": ""
        },
        {
          "type": "QUEST_COND_STATE_EQUAL",
          "param": [2051401, 3],
          "param_str": ""
        }
      ],
      "finishCond": [
        {
          "type": "QUEST_CONTENT_COMPLETE_TALK",
          "param": [2051404, 0],
          "param_str": ""
        }
      ],
      "failCond": [
        {
          "type": "QUEST_CONTENT_COMPLETE_TALK",
          "param": [2051402, 0],
          "param_str": ""
        }
      ],
      "guide": {},
      "showGuide": "QUEST_GUIDE_ITEM_DISABLE",
      "isRewind": true,
      "finishExec": [
        {
          "param": [],
          "param_str": ""
        }
      ],
      "failExec": [
        {
          "param": [],
          "param_str": ""
        }
      ],
      "beginExec": [
        {
          "param": [],
          "param_str": ""
        }
      ],
      "exclusiveNpcList": [1408, 1405, 1409],
      "exclusiveNpcPriority": 1100
    },
    {
      "subId": 2051405,
      "mainId": 20514,
      "order": 5,
      "descTextMapHash": 3072203636,
      "acceptCondComb": "LOGIC_AND",
      "acceptCond": [
        {
          "type": "QUEST_COND_DAILY_TASK_START",
          "param": [24800, 0],
          "param_str": ""
        },
        {
          "type": "QUEST_COND_STATE_EQUAL",
          "param": [2051404, 3],
          "param_str": ""
        }
      ],
      "finishCond": [
        {
          "type": "QUEST_CONTENT_COMPLETE_TALK",
          "param": [2051405, 0],
          "param_str": ""
        }
      ],
      "failCond": [
        {
          "param": [],
          "param_str": ""
        }
      ],
      "guide": {
        "type": "QUEST_GUIDE_NPC",
        "param": ["1405"],
        "guideScene": 3,
        "guideStyle": "QUEST_GUIDE_STYLE_TARGET",
        "guideLayer": "QUEST_GUIDE_LAYER_SCENE"
      },
      "isRewind": true,
      "finishExec": [
        {
          "param": [],
          "param_str": ""
        }
      ],
      "failExec": [
        {
          "param": [],
          "param_str": ""
        }
      ],
      "beginExec": [
        {
          "param": [],
          "param_str": ""
        }
      ],
      "exclusiveNpcList": [1408, 1405, 1409],
      "exclusiveNpcPriority": 1100
    },
    {
      "subId": 2051406,
      "mainId": 20514,
      "order": 6,
      "descTextMapHash": 3059221676,
      "acceptCondComb": "LOGIC_AND",
      "acceptCond": [
        {
          "type": "QUEST_COND_DAILY_TASK_START",
          "param": [24800, 0],
          "param_str": ""
        },
        {
          "type": "QUEST_COND_STATE_EQUAL",
          "param": [2051405, 3],
          "param_str": ""
        }
      ],
      "finishCond": [
        {
          "type": "QUEST_CONTENT_COMPLETE_TALK",
          "param": [2051406, 0],
          "param_str": ""
        }
      ],
      "failCond": [
        {
          "param": [],
          "param_str": ""
        }
      ],
      "guide": {
        "type": "QUEST_GUIDE_NPC",
        "param": ["1408"],
        "guideScene": 3,
        "guideStyle": "QUEST_GUIDE_STYLE_FINISH",
        "guideLayer": "QUEST_GUIDE_LAYER_SCENE"
      },
      "finishParent": true,
      "isRewind": true,
      "finishExec": [
        {
          "type": "QUEST_EXEC_NOTIFY_DAILY_TASK",
          "param": ["24800", "0"],
          "param_str": ""
        }
      ],
      "failExec": [
        {
          "param": [],
          "param_str": ""
        }
      ],
      "beginExec": [
        {
          "param": [],
          "param_str": ""
        }
      ],
      "exclusiveNpcList": [1408, 1405, 1409],
      "exclusiveNpcPriority": 1100
    }
  ],
  "talks": [
    {
      "id": 2051401,
      "beginWay": "TALK_BEGIN_MANUAL",
      "beginCond": [
        {
          "type": "QUEST_COND_STATE_EQUAL",
          "param": ["2051401", "2"],
          "param_str": ""
        }
      ],
      "priority": 5,
      "initDialog": 205140101,
      "npcId": [1408],
      "performCfg": "",
      "questId": 20514,
      "prePerformCfg": ""
    },
    {
      "id": 2051402,
      "beginWay": "TALK_BEGIN_MANUAL",
      "beginCond": [
        {
          "type": "QUEST_COND_STATE_EQUAL",
          "param": ["2051402", "2"],
          "param_str": ""
        }
      ],
      "priority": 5,
      "initDialog": 205140201,
      "npcId": [1405],
      "performCfg": "",
      "questId": 20514,
      "prePerformCfg": ""
    },
    {
      "id": 2051403,
      "beginWay": "TALK_BEGIN_MANUAL",
      "beginCond": [
        {
          "type": "QUEST_COND_STATE_EQUAL",
          "param": ["2051403", "2"],
          "param_str": ""
        }
      ],
      "priority": 5,
      "initDialog": 205140301,
      "npcId": [1408],
      "performCfg": "",
      "questId": 20514,
      "prePerformCfg": ""
    },
    {
      "id": 2051404,
      "beginWay": "TALK_BEGIN_MANUAL",
      "beginCond": [
        {
          "type": "QUEST_COND_STATE_EQUAL",
          "param": ["2051404", "2"],
          "param_str": ""
        }
      ],
      "priority": 5,
      "initDialog": 205140401,
      "npcId": [1409],
      "performCfg": "",
      "questId": 20514,
      "prePerformCfg": ""
    },
    {
      "id": 2051405,
      "beginWay": "TALK_BEGIN_MANUAL",
      "beginCond": [
        {
          "type": "QUEST_COND_STATE_EQUAL",
          "param": ["2051405", "2"],
          "param_str": ""
        }
      ],
      "priority": 5,
      "initDialog": 205140501,
      "npcId": [1405],
      "performCfg": "",
      "questId": 20514,
      "prePerformCfg": ""
    },
    {
      "id": 2051406,
      "beginWay": "TALK_BEGIN_MANUAL",
      "beginCond": [
        {
          "type": "QUEST_COND_STATE_EQUAL",
          "param": ["2051406", "2"],
          "param_str": ""
        }
      ],
      "priority": 5,
      "initDialog": 205140601,
      "npcId": [1408],
      "performCfg": "",
      "questId": 20514,
      "prePerformCfg": ""
    },
    {
      "id": 2051407,
      "beginWay": "TALK_BEGIN_MANUAL",
      "beginCondComb": "LOGIC_OR",
      "beginCond": [
        {
          "type": "QUEST_COND_STATE_EQUAL",
          "param": ["2051404", "2"],
          "param_str": ""
        },
        {
          "type": "QUEST_COND_STATE_EQUAL",
          "param": ["2051405", "2"],
          "param_str": ""
        }
      ],
      "priority": 5,
      "initDialog": 205140701,
      "npcId": [1408],
      "performCfg": "",
      "questId": 20514,
      "prePerformCfg": "",
      "lowPriority": true
    },
    {
      "id": 2051408,
      "beginWay": "TALK_BEGIN_MANUAL",
      "beginCondComb": "LOGIC_OR",
      "beginCond": [
        {
          "type": "QUEST_COND_STATE_EQUAL",
          "param": ["2051401", "2"],
          "param_str": ""
        },
        {
          "type": "QUEST_COND_STATE_EQUAL",
          "param": ["2051403", "2"],
          "param_str": ""
        },
        {
          "type": "QUEST_COND_STATE_EQUAL",
          "param": ["2051406", "2"],
          "param_str": ""
        }
      ],
      "priority": 5,
      "initDialog": 205140801,
      "npcId": [1405],
      "performCfg": "",
      "questId": 20514,
      "prePerformCfg": ""
    },
    {
      "id": 2051409,
      "beginWay": "TALK_BEGIN_MANUAL",
      "beginCondComb": "LOGIC_OR",
      "beginCond": [
        {
          "type": "QUEST_COND_STATE_EQUAL",
          "param": ["2051405", "2"],
          "param_str": ""
        },
        {
          "type": "QUEST_COND_STATE_EQUAL",
          "param": ["2051406", "2"],
          "param_str": ""
        }
      ],
      "priority": 5,
      "initDialog": 205140901,
      "npcId": [1409],
      "performCfg": "",
      "questId": 20514,
      "prePerformCfg": ""
    }
  ]
}
