{
  "id": 20521,
  "type": "IQ",
  "titleTextMapHash": 4093153143,
  "descTextMapHash": 3315155478,
  "luaPath": "Actor/Quest/IQ20521",
  "subQuests": [
    {
      "subId": 2052101,
      "mainId": 20521,
      "order": 1,
      "descTextMapHash": 392003172,
      "acceptCond": [
        {
          "type": "QUEST_COND_DAILY_TASK_START",
          "param": [29200, 0],
          "param_str": ""
        }
      ],
      "finishCond": [
        {
          "type": "QUEST_CONTENT_COMPLETE_TALK",
          "param": [2052101, 0],
          "param_str": ""
        }
      ],
      "failCond": [
        {
          "param": [],
          "param_str": ""
        }
      ],
      "guide": {
        "type": "QUEST_GUIDE_NPC",
        "param": ["1664"],
        "guideScene": 3,
        "guideStyle": "QUEST_GUIDE_STYLE_START",
        "guideLayer": "QUEST_GUIDE_LAYER_SCENE"
      },
      "isRewind": true,
      "finishExec": [
        {
          "type": "QUEST_EXEC_RANDOM_QUEST_VAR",
          "param": ["1", "1", "3"],
          "param_str": ""
        }
      ],
      "failExec": [
        {
          "param": [],
          "param_str": ""
        }
      ],
      "beginExec": [
        {
          "type": "QUEST_EXEC_DEL_PACK_ITEM",
          "param": ["100710", "1"],
          "param_str": ""
        }
      ],
      "exclusiveNpcList": [1664, 1665],
      "exclusiveNpcPriority": 1100
    },
    {
      "subId": 2052102,
      "mainId": 20521,
      "order": 2,
      "descTextMapHash": 1098807476,
      "acceptCondComb": "LOGIC_AND",
      "acceptCond": [
        {
          "type": "QUEST_COND_STATE_EQUAL",
          "param": [2052101, 3],
          "param_str": ""
        },
        {
          "type": "QUEST_COND_DAILY_TASK_START",
          "param": [29200, 0],
          "param_str": ""
        }
      ],
      "finishCond": [
        {
          "type": "QUEST_CONTENT_COMPLETE_TALK",
          "param": [2052102, 0],
          "param_str": ""
        }
      ],
      "failCondComb": "LOGIC_OR",
      "failCond": [
        {
          "type": "QUEST_CONTENT_NOT_FINISH_PLOT",
          "param": [2052102, 0],
          "param_str": ""
        },
        {
          "type": "QUEST_CONTENT_ITEM_LESS_THAN",
          "param": [100710, 1],
          "param_str": ""
        }
      ],
      "guide": {
        "type": "QUEST_GUIDE_NPC",
        "param": ["166501"],
        "guideScene": 3,
        "guideStyle": "QUEST_GUIDE_STYLE_TARGET",
        "guideLayer": "QUEST_GUIDE_LAYER_SCENE"
      },
      "finishExec": [
        {
          "type": "QUEST_EXEC_DEL_PACK_ITEM",
          "param": ["100710", "1"],
          "param_str": ""
        }
      ],
      "failExec": [
        {
          "type": "QUEST_EXEC_DEL_PACK_ITEM",
          "param": ["100710", "1"],
          "param_str": ""
        },
        {
          "type": "QUEST_EXEC_ROLLBACK_QUEST",
          "param": ["2052101", "0"],
          "param_str": ""
        }
      ],
      "beginExec": [
        {
          "type": "QUEST_EXEC_REGISTER_DYNAMIC_GROUP",
          "param": ["3", "133002937"],
          "param_str": ""
        }
      ],
      "exclusiveNpcList": [1664, 1665],
      "exclusiveNpcPriority": 1100
    },
    {
      "subId": 2052103,
      "mainId": 20521,
      "order": 3,
      "descTextMapHash": 133146836,
      "acceptCondComb": "LOGIC_AND",
      "acceptCond": [
        {
          "type": "QUEST_COND_STATE_EQUAL",
          "param": [2052102, 3],
          "param_str": ""
        },
        {
          "type": "QUEST_COND_DAILY_TASK_START",
          "param": [29200, 0],
          "param_str": ""
        }
      ],
      "finishCond": [
        {
          "type": "QUEST_CONTENT_COMPLETE_TALK",
          "param": [2052103, 0],
          "param_str": ""
        }
      ],
      "failCond": [
        {
          "param": [],
          "param_str": ""
        }
      ],
      "guide": {
        "type": "QUEST_GUIDE_NPC",
        "param": ["166501"],
        "guideScene": 3,
        "guideStyle": "QUEST_GUIDE_STYLE_FINISH",
        "guideLayer": "QUEST_GUIDE_LAYER_SCENE"
      },
      "finishParent": true,
      "isRewind": true,
      "finishExec": [
        {
          "type": "QUEST_EXEC_UNREGISTER_DYNAMIC_GROUP",
          "param": ["133002937", "0"],
          "param_str": ""
        },
        {
          "type": "QUEST_EXEC_NOTIFY_DAILY_TASK",
          "param": ["29200", "0"],
          "param_str": ""
        }
      ],
      "failExec": [
        {
          "param": [],
          "param_str": ""
        }
      ],
      "beginExec": [
        {
          "param": [],
          "param_str": ""
        }
      ],
      "exclusiveNpcList": [1664, 1665],
      "exclusiveNpcPriority": 1100
    }
  ],
  "talks": [
    {
      "id": 2052101,
      "beginWay": "TALK_BEGIN_MANUAL",
      "beginCondComb": "LOGIC_AND",
      "beginCond": [
        {
          "type": "QUEST_COND_STATE_EQUAL",
          "param": ["2052101", "2"],
          "param_str": ""
        }
      ],
      "priority": 5,
      "initDialog": 205210101,
      "npcId": [1664],
      "performCfg": "",
      "questId": 20521,
      "dontBlockDaily": true,
      "prePerformCfg": "",
      "lockGameTime": true
    },
    {
      "id": 2052102,
      "beginWay": "TALK_BEGIN_MANUAL",
      "beginCondComb": "LOGIC_AND",
      "beginCond": [
        {
          "type": "QUEST_COND_STATE_EQUAL",
          "param": ["2052101", "3"],
          "param_str": ""
        }
      ],
      "priority": 5,
      "nextTalks": [2052103],
      "initDialog": 205210201,
      "npcId": [166501],
      "performCfg": "",
      "questId": 20521,
      "prePerformCfg": "",
      "lockGameTime": true
    },
    {
      "id": 2052103,
      "beginCondComb": "LOGIC_AND",
      "beginCond": [
        {
          "type": "QUEST_COND_STATE_EQUAL",
          "param": ["2052103", "2"],
          "param_str": ""
        }
      ],
      "priority": 5,
      "initDialog": 205210301,
      "npcId": [166501],
      "performCfg": "",
      "questId": 20521,
      "prePerformCfg": "",
      "lockGameTime": true
    },
    {
      "id": 2052105,
      "beginWay": "TALK_BEGIN_MANUAL",
      "beginCondComb": "LOGIC_AND",
      "beginCond": [
        {
          "type": "QUEST_COND_STATE_EQUAL",
          "param": ["2052101", "3"],
          "param_str": ""
        },
        {
          "type": "QUEST_COND_STATE_EQUAL",
          "param": ["2052102", "2"],
          "param_str": ""
        }
      ],
      "priority": 5,
      "initDialog": 205210501,
      "npcId": [1664],
      "performCfg": "",
      "questId": 20521,
      "dontBlockDaily": true,
      "prePerformCfg": "",
      "lockGameTime": true
    }
  ]
}
