{
  "id": 20603,
  "type": "WQ",
  "titleTextMapHash": 2682949623,
  "descTextMapHash": 3942058310,
  "luaPath": "Actor/Quest/WQ20603",
  "rewardIdList": [120603],
  "subQuests": [
    {
      "subId": 2060301,
      "mainId": 20603,
      "order": 1,
      "descTextMapHash": 2464192916,
      "acceptCondComb": "LOGIC_AND",
      "acceptCond": [
        {
          "type": "QUEST_COND_COMPLETE_TALK",
          "param": [2060302, 3],
          "param_str": ""
        },
        {
          "type": "QUEST_COND_STATE_EQUAL",
          "param": [39604, 3],
          "param_str": ""
        },
        {
          "type": "QUEST_COND_STATE_NOT_EQUAL",
          "param": [2060201, 3],
          "param_str": ""
        }
      ],
      "finishCond": [
        {
          "param": [],
          "param_str": ""
        }
      ],
      "failCond": [
        {
          "param": [],
          "param_str": ""
        }
      ],
      "guide": {
        "type": "QUEST_GUIDE_NPC",
        "param": ["1409"],
        "guideScene": 3,
        "guideStyle": "QUEST_GUIDE_STYLE_START",
        "guideLayer": "QUEST_GUIDE_LAYER_SCENE"
      },
      "isRewind": true,
      "finishExec": [
        {
          "param": [],
          "param_str": ""
        }
      ],
      "failExec": [
        {
          "param": [],
          "param_str": ""
        }
      ],
      "beginExec": [
        {
          "param": [],
          "param_str": ""
        }
      ],
      "sharedNpcList": [1409],
      "exclusiveNpcPriority": 1100
    },
    {
      "subId": 2060302,
      "mainId": 20603,
      "order": 2,
      "subIdSet": 1,
      "descTextMapHash": 241343628,
      "acceptCond": [
        {
          "type": "QUEST_COND_STATE_EQUAL",
          "param": [2060301, 3],
          "param_str": ""
        }
      ],
      "finishCond": [
        {
          "type": "QUEST_CONTENT_LUA_NOTIFY",
          "param": [0, 0],
          "param_str": "1330035781",
          "count": 1
        }
      ],
      "failCond": [
        {
          "param": [],
          "param_str": ""
        }
      ],
      "guide": {
        "type": "QUEST_GUIDE_LOCATION",
        "param": ["Q20602Camp", "30"],
        "guideScene": 3,
        "guideStyle": "QUEST_GUIDE_STYLE_TARGET",
        "guideLayer": "QUEST_GUIDE_LAYER_SCENE"
      },
      "isRewind": true,
      "finishExec": [
        {
          "type": "QUEST_EXEC_ADD_QUEST_PROGRESS",
          "param": ["2060305", "1"],
          "param_str": ""
        }
      ],
      "failExec": [
        {
          "param": [],
          "param_str": ""
        }
      ],
      "beginExec": [
        {
          "type": "QUEST_EXEC_REFRESH_GROUP_SUITE",
          "param": ["3", "133003578,2"],
          "param_str": ""
        }
      ],
      "sharedNpcList": [1409],
      "exclusiveNpcPriority": 1100
    },
    {
      "subId": 2060303,
      "mainId": 20603,
      "order": 3,
      "subIdSet": 1,
      "descTextMapHash": 3959356204,
      "acceptCond": [
        {
          "type": "QUEST_COND_STATE_EQUAL",
          "param": [2060301, 3],
          "param_str": ""
        }
      ],
      "finishCond": [
        {
          "type": "QUEST_CONTENT_LUA_NOTIFY",
          "param": [0, 0],
          "param_str": "1330035801",
          "count": 1
        }
      ],
      "failCond": [
        {
          "param": [],
          "param_str": ""
        }
      ],
      "guide": {
        "type": "QUEST_GUIDE_LOCATION",
        "param": ["Q20602FireCamp2", "30"],
        "guideScene": 3,
        "guideStyle": "QUEST_GUIDE_STYLE_TARGET",
        "guideLayer": "QUEST_GUIDE_LAYER_SCENE"
      },
      "isRewind": true,
      "finishExec": [
        {
          "type": "QUEST_EXEC_ADD_QUEST_PROGRESS",
          "param": ["2060305", "1"],
          "param_str": ""
        }
      ],
      "failExec": [
        {
          "param": [],
          "param_str": ""
        }
      ],
      "beginExec": [
        {
          "type": "QUEST_EXEC_REFRESH_GROUP_SUITE",
          "param": ["3", "133003580,2"],
          "param_str": ""
        }
      ],
      "sharedNpcList": [1409],
      "exclusiveNpcPriority": 1100
    },
    {
      "subId": 2060304,
      "mainId": 20603,
      "order": 4,
      "subIdSet": 1,
      "descTextMapHash": 1095424876,
      "acceptCond": [
        {
          "type": "QUEST_COND_STATE_EQUAL",
          "param": [2060301, 3],
          "param_str": ""
        }
      ],
      "finishCond": [
        {
          "type": "QUEST_CONTENT_LUA_NOTIFY",
          "param": [0, 0],
          "param_str": "1330035791",
          "count": 1
        }
      ],
      "failCond": [
        {
          "param": [],
          "param_str": ""
        }
      ],
      "guide": {
        "type": "QUEST_GUIDE_LOCATION",
        "param": ["Q20602FireCamp", "30"],
        "guideScene": 3,
        "guideStyle": "QUEST_GUIDE_STYLE_TARGET",
        "guideLayer": "QUEST_GUIDE_LAYER_SCENE"
      },
      "isRewind": true,
      "finishExec": [
        {
          "type": "QUEST_EXEC_ADD_QUEST_PROGRESS",
          "param": ["2060305", "1"],
          "param_str": ""
        }
      ],
      "failExec": [
        {
          "param": [],
          "param_str": ""
        }
      ],
      "beginExec": [
        {
          "type": "QUEST_EXEC_REFRESH_GROUP_SUITE",
          "param": ["3", "133003579,2"],
          "param_str": ""
        }
      ],
      "sharedNpcList": [1409],
      "exclusiveNpcPriority": 1100
    },
    {
      "subId": 2060305,
      "mainId": 20603,
      "order": 5,
      "descTextMapHash": 1606872492,
      "showType": "QUEST_HIDDEN",
      "acceptCondComb": "LOGIC_AND",
      "acceptCond": [
        {
          "type": "QUEST_COND_STATE_EQUAL",
          "param": [2060301, 3],
          "param_str": ""
        }
      ],
      "finishCond": [
        {
          "type": "QUEST_CONTENT_ADD_QUEST_PROGRESS",
          "param": [2060305, 0],
          "param_str": "",
          "count": 3
        }
      ],
      "failCond": [
        {
          "param": [],
          "param_str": ""
        }
      ],
      "guide": {},
      "showGuide": "QUEST_GUIDE_ITEM_DISABLE",
      "isRewind": true,
      "finishExec": [
        {
          "type": "QUEST_EXEC_ADD_QUEST_PROGRESS",
          "param": ["2060306", "1"],
          "param_str": ""
        }
      ],
      "failExec": [
        {
          "param": [],
          "param_str": ""
        }
      ],
      "beginExec": [
        {
          "param": [],
          "param_str": ""
        }
      ],
      "sharedNpcList": [1409],
      "exclusiveNpcPriority": 1100
    },
    {
      "subId": 2060306,
      "mainId": 20603,
      "order": 6,
      "descTextMapHash": 1119241236,
      "showType": "QUEST_HIDDEN",
      "acceptCondComb": "LOGIC_AND",
      "acceptCond": [
        {
          "type": "QUEST_COND_STATE_EQUAL",
          "param": [2060301, 3],
          "param_str": ""
        }
      ],
      "finishCond": [
        {
          "type": "QUEST_CONTENT_ADD_QUEST_PROGRESS",
          "param": [2060306, 0],
          "param_str": "",
          "count": 1
        }
      ],
      "failCond": [
        {
          "param": [],
          "param_str": ""
        }
      ],
      "guide": {},
      "showGuide": "QUEST_GUIDE_ITEM_DISABLE",
      "isRewind": true,
      "finishExec": [
        {
          "param": [],
          "param_str": ""
        }
      ],
      "failExec": [
        {
          "param": [],
          "param_str": ""
        }
      ],
      "beginExec": [
        {
          "type": "QUEST_EXEC_REFRESH_GROUP_SUITE",
          "param": ["3", "133003578,2"],
          "param_str": ""
        },
        {
          "type": "QUEST_EXEC_REFRESH_GROUP_SUITE",
          "param": ["3", "133003579,2"],
          "param_str": ""
        },
        {
          "type": "QUEST_EXEC_REFRESH_GROUP_SUITE",
          "param": ["3", "133003580,2"],
          "param_str": ""
        }
      ],
      "sharedNpcList": [1409],
      "exclusiveNpcPriority": 1100
    },
    {
      "subId": 2060307,
      "mainId": 20603,
      "order": 7,
      "descTextMapHash": 3055401868,
      "showType": "QUEST_HIDDEN",
      "acceptCondComb": "LOGIC_AND",
      "acceptCond": [
        {
          "type": "QUEST_COND_STATE_EQUAL",
          "param": [2060302, 2],
          "param_str": ""
        },
        {
          "type": "QUEST_COND_STATE_EQUAL",
          "param": [2060303, 3],
          "param_str": ""
        },
        {
          "type": "QUEST_COND_STATE_EQUAL",
          "param": [2060304, 3],
          "param_str": ""
        }
      ],
      "finishCond": [
        {
          "type": "QUEST_CONTENT_LUA_NOTIFY",
          "param": [0, 0],
          "param_str": "1330035781",
          "count": 1
        }
      ],
      "failCond": [
        {
          "param": [],
          "param_str": ""
        }
      ],
      "guide": {},
      "showGuide": "QUEST_GUIDE_ITEM_DISABLE",
      "isRewind": true,
      "finishExec": [
        {
          "param": [],
          "param_str": ""
        }
      ],
      "failExec": [
        {
          "param": [],
          "param_str": ""
        }
      ],
      "beginExec": [
        {
          "type": "QUEST_EXEC_REFRESH_GROUP_SUITE",
          "param": ["3", "133003578,2"],
          "param_str": ""
        }
      ],
      "sharedNpcList": [1409],
      "exclusiveNpcPriority": 1100
    },
    {
      "subId": 2060308,
      "mainId": 20603,
      "order": 8,
      "descTextMapHash": 3280588892,
      "showType": "QUEST_HIDDEN",
      "acceptCondComb": "LOGIC_AND",
      "acceptCond": [
        {
          "type": "QUEST_COND_STATE_EQUAL",
          "param": [2060302, 3],
          "param_str": ""
        },
        {
          "type": "QUEST_COND_STATE_EQUAL",
          "param": [2060303, 2],
          "param_str": ""
        },
        {
          "type": "QUEST_COND_STATE_EQUAL",
          "param": [2060304, 3],
          "param_str": ""
        }
      ],
      "finishCond": [
        {
          "type": "QUEST_CONTENT_LUA_NOTIFY",
          "param": [0, 0],
          "param_str": "1330035801",
          "count": 1
        }
      ],
      "failCond": [
        {
          "param": [],
          "param_str": ""
        }
      ],
      "guide": {},
      "showGuide": "QUEST_GUIDE_ITEM_DISABLE",
      "isRewind": true,
      "finishExec": [
        {
          "param": [],
          "param_str": ""
        }
      ],
      "failExec": [
        {
          "param": [],
          "param_str": ""
        }
      ],
      "beginExec": [
        {
          "type": "QUEST_EXEC_REFRESH_GROUP_SUITE",
          "param": ["3", "133003580,2"],
          "param_str": ""
        }
      ],
      "sharedNpcList": [1409],
      "exclusiveNpcPriority": 1100
    },
    {
      "subId": 2060309,
      "mainId": 20603,
      "order": 9,
      "descTextMapHash": 3533712348,
      "showType": "QUEST_HIDDEN",
      "acceptCondComb": "LOGIC_AND",
      "acceptCond": [
        {
          "type": "QUEST_COND_STATE_EQUAL",
          "param": [2060302, 3],
          "param_str": ""
        },
        {
          "type": "QUEST_COND_STATE_EQUAL",
          "param": [2060303, 3],
          "param_str": ""
        },
        {
          "type": "QUEST_COND_STATE_EQUAL",
          "param": [2060304, 2],
          "param_str": ""
        }
      ],
      "finishCond": [
        {
          "type": "QUEST_CONTENT_LUA_NOTIFY",
          "param": [0, 0],
          "param_str": "1330035791",
          "count": 1
        }
      ],
      "failCond": [
        {
          "param": [],
          "param_str": ""
        }
      ],
      "guide": {},
      "showGuide": "QUEST_GUIDE_ITEM_DISABLE",
      "isRewind": true,
      "finishExec": [
        {
          "param": [],
          "param_str": ""
        }
      ],
      "failExec": [
        {
          "param": [],
          "param_str": ""
        }
      ],
      "beginExec": [
        {
          "type": "QUEST_EXEC_REFRESH_GROUP_SUITE",
          "param": ["3", "133003579,2"],
          "param_str": ""
        }
      ],
      "sharedNpcList": [1409],
      "exclusiveNpcPriority": 1100
    },
    {
      "subId": 2060310,
      "mainId": 20603,
      "order": 10,
      "descTextMapHash": 3878423724,
      "acceptCondComb": "LOGIC_AND",
      "acceptCond": [
        {
          "type": "QUEST_COND_STATE_EQUAL",
          "param": [2060307, 3],
          "param_str": ""
        }
      ],
      "finishCond": [
        {
          "type": "QUEST_CONTENT_LUA_NOTIFY",
          "param": [0, 0],
          "param_str": "1330036051",
          "count": 1
        }
      ],
      "failCond": [
        {
          "param": [],
          "param_str": ""
        }
      ],
      "guide": {
        "type": "QUEST_GUIDE_LOCATION",
        "param": ["Q20602Camp", "30"],
        "guideScene": 3,
        "guideStyle": "QUEST_GUIDE_STYLE_TARGET",
        "guideLayer": "QUEST_GUIDE_LAYER_SCENE"
      },
      "isRewind": true,
      "finishExec": [
        {
          "param": [],
          "param_str": ""
        }
      ],
      "failExec": [
        {
          "param": [],
          "param_str": ""
        }
      ],
      "beginExec": [
        {
          "type": "QUEST_EXEC_REFRESH_GROUP_SUITE",
          "param": ["3", "133003605,2"],
          "param_str": ""
        }
      ],
      "sharedNpcList": [1409],
      "exclusiveNpcPriority": 1100
    },
    {
      "subId": 2060311,
      "mainId": 20603,
      "order": 11,
      "descTextMapHash": 1482414084,
      "acceptCondComb": "LOGIC_AND",
      "acceptCond": [
        {
          "type": "QUEST_COND_STATE_EQUAL",
          "param": [2060308, 3],
          "param_str": ""
        }
      ],
      "finishCond": [
        {
          "type": "QUEST_CONTENT_LUA_NOTIFY",
          "param": [0, 0],
          "param_str": "1330036071",
          "count": 1
        }
      ],
      "failCond": [
        {
          "param": [],
          "param_str": ""
        }
      ],
      "guide": {
        "type": "QUEST_GUIDE_LOCATION",
        "param": ["Q20602FireCamp2", "30"],
        "guideScene": 3,
        "guideStyle": "QUEST_GUIDE_STYLE_TARGET",
        "guideLayer": "QUEST_GUIDE_LAYER_SCENE"
      },
      "isRewind": true,
      "finishExec": [
        {
          "param": [],
          "param_str": ""
        }
      ],
      "failExec": [
        {
          "param": [],
          "param_str": ""
        }
      ],
      "beginExec": [
        {
          "type": "QUEST_EXEC_REFRESH_GROUP_SUITE",
          "param": ["3", "133003607,2"],
          "param_str": ""
        }
      ],
      "sharedNpcList": [1409],
      "exclusiveNpcPriority": 1100
    },
    {
      "subId": 2060312,
      "mainId": 20603,
      "order": 12,
      "descTextMapHash": 2691903196,
      "acceptCondComb": "LOGIC_AND",
      "acceptCond": [
        {
          "type": "QUEST_COND_STATE_EQUAL",
          "param": [2060309, 3],
          "param_str": ""
        }
      ],
      "finishCond": [
        {
          "type": "QUEST_CONTENT_LUA_NOTIFY",
          "param": [0, 0],
          "param_str": "1330036061",
          "count": 1
        }
      ],
      "failCond": [
        {
          "param": [],
          "param_str": ""
        }
      ],
      "guide": {
        "type": "QUEST_GUIDE_LOCATION",
        "param": ["Q20602FireCamp", "30"],
        "guideScene": 3,
        "guideStyle": "QUEST_GUIDE_STYLE_TARGET",
        "guideLayer": "QUEST_GUIDE_LAYER_SCENE"
      },
      "isRewind": true,
      "finishExec": [
        {
          "param": [],
          "param_str": ""
        }
      ],
      "failExec": [
        {
          "param": [],
          "param_str": ""
        }
      ],
      "beginExec": [
        {
          "type": "QUEST_EXEC_REFRESH_GROUP_SUITE",
          "param": ["3", "133003606,2"],
          "param_str": ""
        }
      ],
      "sharedNpcList": [1409],
      "exclusiveNpcPriority": 1100
    },
    {
      "subId": 2060313,
      "mainId": 20603,
      "order": 13,
      "descTextMapHash": 2938713100,
      "acceptCondComb": "LOGIC_OR",
      "acceptCond": [
        {
          "type": "QUEST_COND_STATE_EQUAL",
          "param": [2060310, 3],
          "param_str": ""
        },
        {
          "type": "QUEST_COND_STATE_EQUAL",
          "param": [2060311, 3],
          "param_str": ""
        },
        {
          "type": "QUEST_COND_STATE_EQUAL",
          "param": [2060312, 3],
          "param_str": ""
        }
      ],
      "finishCond": [
        {
          "type": "QUEST_CONTENT_COMPLETE_TALK",
          "param": [2060305, 0],
          "param_str": ""
        }
      ],
      "failCond": [
        {
          "param": [],
          "param_str": ""
        }
      ],
      "guide": {
        "type": "QUEST_GUIDE_NPC",
        "param": ["1409"],
        "guideScene": 3,
        "guideStyle": "QUEST_GUIDE_STYLE_FINISH",
        "guideLayer": "QUEST_GUIDE_LAYER_SCENE"
      },
      "finishParent": true,
      "isRewind": true,
      "finishExec": [
        {
          "param": [],
          "param_str": ""
        }
      ],
      "failExec": [
        {
          "param": [],
          "param_str": ""
        }
      ],
      "beginExec": [
        {
          "param": [],
          "param_str": ""
        }
      ],
      "sharedNpcList": [1409],
      "exclusiveNpcPriority": 1100
    }
  ],
  "talks": [
    {
      "id": 2060304,
      "beginWay": "TALK_BEGIN_MANUAL",
      "activeMode": "PLAY_MODE_SINGLE",
      "beginCondComb": "LOGIC_AND",
      "beginCond": [
        {
          "type": "QUEST_COND_STATE_EQUAL",
          "param": ["2060301", "3"],
          "param_str": ""
        },
        {
          "type": "QUEST_COND_STATE_EQUAL",
          "param": ["2060313", "0"],
          "param_str": ""
        }
      ],
      "priority": 5,
      "initDialog": 206030401,
      "npcId": [1409],
      "performCfg": "",
      "heroTalk": "TALK_HERO_MAIN",
      "questId": 20603,
      "prePerformCfg": "",
      "lowPriority": true
    },
    {
      "id": 2060305,
      "beginWay": "TALK_BEGIN_MANUAL",
      "activeMode": "PLAY_MODE_SINGLE",
      "beginCond": [
        {
          "type": "QUEST_COND_STATE_EQUAL",
          "param": ["2060313", "2"],
          "param_str": ""
        }
      ],
      "priority": 5,
      "initDialog": 206030501,
      "npcId": [1409],
      "performCfg": "",
      "heroTalk": "TALK_HERO_MAIN",
      "questId": 20603,
      "prePerformCfg": ""
    }
  ]
}
