{
  "id": 20702,
  "type": "IQ",
  "titleTextMapHash": 3580628351,
  "descTextMapHash": 3461775254,
  "luaPath": "Actor/Quest/IQ20702",
  "rewardIdList": [500135, 500136, 500137],
  "subQuests": [
    {
      "subId": 2070201,
      "mainId": 20702,
      "order": 1,
      "descTextMapHash": 3578118052,
      "acceptCond": [
        {
          "type": "QUEST_COND_DAILY_TASK_START",
          "param": [24500, 0],
          "param_str": ""
        }
      ],
      "finishCond": [
        {
          "type": "QUEST_CONTENT_COMPLETE_TALK",
          "param": [2070202, 0],
          "param_str": ""
        }
      ],
      "failCond": [
        {
          "param": [],
          "param_str": ""
        }
      ],
      "guide": {
        "type": "QUEST_GUIDE_NPC",
        "param": ["1437"],
        "guideScene": 3,
        "guideStyle": "QUEST_GUIDE_STYLE_START",
        "guideLayer": "QUEST_GUIDE_LAYER_SCENE"
      },
      "isRewind": true,
      "finishExec": [
        {
          "param": [],
          "param_str": ""
        }
      ],
      "failExec": [
        {
          "param": [],
          "param_str": ""
        }
      ],
      "beginExec": [
        {
          "param": [],
          "param_str": ""
        }
      ],
      "exclusiveNpcList": [1437],
      "exclusiveNpcPriority": 1100
    },
    {
      "subId": 2070202,
      "mainId": 20702,
      "order": 2,
      "descTextMapHash": 1648170644,
      "acceptCondComb": "LOGIC_AND",
      "acceptCond": [
        {
          "type": "QUEST_COND_DAILY_TASK_START",
          "param": [24500, 0],
          "param_str": ""
        },
        {
          "type": "QUEST_COND_STATE_EQUAL",
          "param": [2070201, 3],
          "param_str": ""
        }
      ],
      "finishCondComb": "LOGIC_OR",
      "finishCond": [
        {
          "type": "QUEST_CONTENT_COMPLETE_TALK",
          "param": [2070291, 0],
          "param_str": ""
        },
        {
          "type": "QUEST_CONTENT_COMPLETE_TALK",
          "param": [2070292, 0],
          "param_str": ""
        },
        {
          "type": "QUEST_CONTENT_COMPLETE_TALK",
          "param": [2070294, 0],
          "param_str": ""
        }
      ],
      "failCondComb": "LOGIC_OR",
      "failCond": [
        {
          "type": "QUEST_CONTENT_COMPLETE_TALK",
          "param": [2070293, 0],
          "param_str": ""
        }
      ],
      "guide": {
        "type": "QUEST_GUIDE_NPC",
        "param": ["1437"],
        "guideScene": 3,
        "guideStyle": "QUEST_GUIDE_STYLE_TARGET",
        "guideLayer": "QUEST_GUIDE_LAYER_SCENE"
      },
      "finishParent": true,
      "isRewind": true,
      "finishExec": [
        {
          "type": "QUEST_EXEC_NOTIFY_DAILY_TASK",
          "param": ["24500", "0"],
          "param_str": ""
        }
      ],
      "failExec": [
        {
          "type": "QUEST_EXEC_ROLLBACK_QUEST",
          "param": ["2070202", "0"],
          "param_str": ""
        }
      ],
      "beginExec": [
        {
          "param": [],
          "param_str": ""
        }
      ],
      "exclusiveNpcList": [1437],
      "exclusiveNpcPriority": 1100
    },
    {
      "subId": 2070203,
      "mainId": 20702,
      "order": 3,
      "descTextMapHash": 3057360796,
      "showType": "QUEST_HIDDEN",
      "acceptCondComb": "LOGIC_AND",
      "acceptCond": [
        {
          "type": "QUEST_COND_DAILY_TASK_START",
          "param": [24500, 0],
          "param_str": ""
        },
        {
          "type": "QUEST_COND_STATE_EQUAL",
          "param": [2070201, 3],
          "param_str": ""
        }
      ],
      "finishCond": [
        {
          "type": "QUEST_CONTENT_COMPLETE_TALK",
          "param": [2070213, 0],
          "param_str": ""
        }
      ],
      "failCondComb": "LOGIC_OR",
      "failCond": [
        {
          "type": "QUEST_CONTENT_COMPLETE_TALK",
          "param": [2070211, 0],
          "param_str": ""
        },
        {
          "type": "QUEST_CONTENT_COMPLETE_TALK",
          "param": [2070212, 0],
          "param_str": ""
        }
      ],
      "guide": {
        "type": "QUEST_GUIDE_NPC",
        "param": ["1437"],
        "guideScene": 3,
        "guideStyle": "QUEST_GUIDE_STYLE_TARGET",
        "guideLayer": "QUEST_GUIDE_LAYER_SCENE"
      },
      "showGuide": "QUEST_GUIDE_ITEM_DISABLE",
      "finishExec": [
        {
          "param": [],
          "param_str": ""
        }
      ],
      "failExec": [
        {
          "param": [],
          "param_str": ""
        }
      ],
      "beginExec": [
        {
          "param": [],
          "param_str": ""
        }
      ]
    },
    {
      "subId": 2070204,
      "mainId": 20702,
      "order": 4,
      "descTextMapHash": 3141691628,
      "showType": "QUEST_HIDDEN",
      "acceptCondComb": "LOGIC_AND",
      "acceptCond": [
        {
          "type": "QUEST_COND_DAILY_TASK_START",
          "param": [24500, 0],
          "param_str": ""
        },
        {
          "type": "QUEST_COND_STATE_EQUAL",
          "param": [2070201, 3],
          "param_str": ""
        }
      ],
      "finishCond": [
        {
          "type": "QUEST_CONTENT_COMPLETE_TALK",
          "param": [2070222, 0],
          "param_str": ""
        }
      ],
      "failCondComb": "LOGIC_OR",
      "failCond": [
        {
          "type": "QUEST_CONTENT_COMPLETE_TALK",
          "param": [2070221, 0],
          "param_str": ""
        },
        {
          "type": "QUEST_CONTENT_COMPLETE_TALK",
          "param": [2070223, 0],
          "param_str": ""
        }
      ],
      "guide": {
        "type": "QUEST_GUIDE_NPC",
        "param": ["1437"],
        "guideScene": 3,
        "guideStyle": "QUEST_GUIDE_STYLE_TARGET",
        "guideLayer": "QUEST_GUIDE_LAYER_SCENE"
      },
      "showGuide": "QUEST_GUIDE_ITEM_DISABLE",
      "finishExec": [
        {
          "param": [],
          "param_str": ""
        }
      ],
      "failExec": [
        {
          "param": [],
          "param_str": ""
        }
      ],
      "beginExec": [
        {
          "param": [],
          "param_str": ""
        }
      ]
    },
    {
      "subId": 2070205,
      "mainId": 20702,
      "order": 5,
      "descTextMapHash": 1966699812,
      "showType": "QUEST_HIDDEN",
      "acceptCondComb": "LOGIC_AND",
      "acceptCond": [
        {
          "type": "QUEST_COND_DAILY_TASK_START",
          "param": [24500, 0],
          "param_str": ""
        },
        {
          "type": "QUEST_COND_STATE_EQUAL",
          "param": [2070201, 3],
          "param_str": ""
        }
      ],
      "finishCond": [
        {
          "type": "QUEST_CONTENT_COMPLETE_TALK",
          "param": [2070232, 0],
          "param_str": ""
        }
      ],
      "failCondComb": "LOGIC_OR",
      "failCond": [
        {
          "type": "QUEST_CONTENT_COMPLETE_TALK",
          "param": [2070231, 0],
          "param_str": ""
        },
        {
          "type": "QUEST_CONTENT_COMPLETE_TALK",
          "param": [2070233, 0],
          "param_str": ""
        }
      ],
      "guide": {
        "type": "QUEST_GUIDE_NPC",
        "param": ["1437"],
        "guideScene": 3,
        "guideStyle": "QUEST_GUIDE_STYLE_TARGET",
        "guideLayer": "QUEST_GUIDE_LAYER_SCENE"
      },
      "showGuide": "QUEST_GUIDE_ITEM_DISABLE",
      "finishExec": [
        {
          "param": [],
          "param_str": ""
        }
      ],
      "failExec": [
        {
          "param": [],
          "param_str": ""
        }
      ],
      "beginExec": [
        {
          "param": [],
          "param_str": ""
        }
      ]
    },
    {
      "subId": 2070206,
      "mainId": 20702,
      "order": 6,
      "descTextMapHash": 3292006508,
      "showType": "QUEST_HIDDEN",
      "acceptCondComb": "LOGIC_AND",
      "acceptCond": [
        {
          "type": "QUEST_COND_DAILY_TASK_START",
          "param": [24500, 0],
          "param_str": ""
        },
        {
          "type": "QUEST_COND_STATE_EQUAL",
          "param": [2070205, 3],
          "param_str": ""
        }
      ],
      "finishCondComb": "LOGIC_AND",
      "finishCond": [
        {
          "type": "QUEST_CONTENT_QUEST_VAR_EQUAL",
          "param": [1, 1],
          "param_str": ""
        },
        {
          "type": "QUEST_CONTENT_QUEST_VAR_EQUAL",
          "param": [2, 1],
          "param_str": ""
        },
        {
          "type": "QUEST_CONTENT_QUEST_VAR_EQUAL",
          "param": [3, 1],
          "param_str": ""
        }
      ],
      "failCondComb": "LOGIC_OR",
      "failCond": [
        {
          "param": [],
          "param_str": ""
        }
      ],
      "guide": {
        "type": "QUEST_GUIDE_NPC",
        "param": ["1437"],
        "guideScene": 3,
        "guideStyle": "QUEST_GUIDE_STYLE_TARGET",
        "guideLayer": "QUEST_GUIDE_LAYER_SCENE"
      },
      "showGuide": "QUEST_GUIDE_ITEM_DISABLE",
      "finishExec": [
        {
          "type": "QUEST_EXEC_UPDATE_PARENT_QUEST_REWARD_INDEX",
          "param": ["0", "0"],
          "param_str": ""
        }
      ],
      "failExec": [
        {
          "param": [],
          "param_str": ""
        }
      ],
      "beginExec": [
        {
          "param": [],
          "param_str": ""
        }
      ]
    },
    {
      "subId": 2070207,
      "mainId": 20702,
      "order": 7,
      "descTextMapHash": 3989820444,
      "showType": "QUEST_HIDDEN",
      "acceptCondComb": "LOGIC_AND",
      "acceptCond": [
        {
          "type": "QUEST_COND_DAILY_TASK_START",
          "param": [24500, 0],
          "param_str": ""
        },
        {
          "type": "QUEST_COND_STATE_EQUAL",
          "param": [2070205, 4],
          "param_str": ""
        }
      ],
      "finishCondComb": "LOGIC_AND",
      "finishCond": [
        {
          "type": "QUEST_CONTENT_QUEST_VAR_EQUAL",
          "param": [1, 2],
          "param_str": ""
        },
        {
          "type": "QUEST_CONTENT_QUEST_VAR_EQUAL",
          "param": [2, 2],
          "param_str": ""
        },
        {
          "type": "QUEST_CONTENT_QUEST_VAR_EQUAL",
          "param": [3, 2],
          "param_str": ""
        }
      ],
      "failCondComb": "LOGIC_OR",
      "failCond": [
        {
          "param": [],
          "param_str": ""
        }
      ],
      "guide": {
        "type": "QUEST_GUIDE_NPC",
        "param": ["1437"],
        "guideScene": 3,
        "guideStyle": "QUEST_GUIDE_STYLE_TARGET",
        "guideLayer": "QUEST_GUIDE_LAYER_SCENE"
      },
      "showGuide": "QUEST_GUIDE_ITEM_DISABLE",
      "finishExec": [
        {
          "param": [],
          "param_str": ""
        }
      ],
      "failExec": [
        {
          "param": [],
          "param_str": ""
        }
      ],
      "beginExec": [
        {
          "param": [],
          "param_str": ""
        }
      ]
    },
    {
      "subId": 2070208,
      "mainId": 20702,
      "order": 8,
      "descTextMapHash": 2857494396,
      "showType": "QUEST_HIDDEN",
      "acceptCondComb": "LOGIC_A_AND_ETCOR",
      "acceptCond": [
        {
          "type": "QUEST_COND_DAILY_TASK_START",
          "param": [24500, 0],
          "param_str": ""
        },
        {
          "type": "QUEST_COND_STATE_EQUAL",
          "param": [2070205, 3],
          "param_str": ""
        },
        {
          "type": "QUEST_COND_STATE_EQUAL",
          "param": [2070205, 4],
          "param_str": ""
        }
      ],
      "finishCondComb": "LOGIC_AND",
      "finishCond": [
        {
          "type": "QUEST_CONTENT_QUEST_VAR_EQUAL",
          "param": [1, 1],
          "param_str": ""
        },
        {
          "type": "QUEST_CONTENT_QUEST_VAR_EQUAL",
          "param": [2, 1],
          "param_str": ""
        },
        {
          "type": "QUEST_CONTENT_QUEST_VAR_EQUAL",
          "param": [3, 2],
          "param_str": ""
        }
      ],
      "failCondComb": "LOGIC_AND",
      "failCond": [
        {
          "param": [],
          "param_str": ""
        }
      ],
      "guide": {
        "type": "QUEST_GUIDE_NPC",
        "param": ["1437"],
        "guideScene": 3,
        "guideStyle": "QUEST_GUIDE_STYLE_TARGET",
        "guideLayer": "QUEST_GUIDE_LAYER_SCENE"
      },
      "showGuide": "QUEST_GUIDE_ITEM_DISABLE",
      "finishExec": [
        {
          "type": "QUEST_EXEC_UPDATE_PARENT_QUEST_REWARD_INDEX",
          "param": ["1", "0"],
          "param_str": ""
        }
      ],
      "failExec": [
        {
          "param": [],
          "param_str": ""
        }
      ],
      "beginExec": [
        {
          "param": [],
          "param_str": ""
        }
      ]
    },
    {
      "subId": 2070209,
      "mainId": 20702,
      "order": 9,
      "descTextMapHash": 2335518964,
      "showType": "QUEST_HIDDEN",
      "acceptCondComb": "LOGIC_A_AND_ETCOR",
      "acceptCond": [
        {
          "type": "QUEST_COND_DAILY_TASK_START",
          "param": [24500, 0],
          "param_str": ""
        },
        {
          "type": "QUEST_COND_STATE_EQUAL",
          "param": [2070205, 3],
          "param_str": ""
        },
        {
          "type": "QUEST_COND_STATE_EQUAL",
          "param": [2070205, 4],
          "param_str": ""
        }
      ],
      "finishCondComb": "LOGIC_AND",
      "finishCond": [
        {
          "type": "QUEST_CONTENT_QUEST_VAR_EQUAL",
          "param": [1, 1],
          "param_str": ""
        },
        {
          "type": "QUEST_CONTENT_QUEST_VAR_EQUAL",
          "param": [2, 2],
          "param_str": ""
        },
        {
          "type": "QUEST_CONTENT_QUEST_VAR_EQUAL",
          "param": [3, 1],
          "param_str": ""
        }
      ],
      "failCondComb": "LOGIC_AND",
      "failCond": [
        {
          "param": [],
          "param_str": ""
        }
      ],
      "guide": {
        "type": "QUEST_GUIDE_NPC",
        "param": ["1437"],
        "guideScene": 3,
        "guideStyle": "QUEST_GUIDE_STYLE_TARGET",
        "guideLayer": "QUEST_GUIDE_LAYER_SCENE"
      },
      "showGuide": "QUEST_GUIDE_ITEM_DISABLE",
      "finishExec": [
        {
          "type": "QUEST_EXEC_UPDATE_PARENT_QUEST_REWARD_INDEX",
          "param": ["1", "0"],
          "param_str": ""
        }
      ],
      "failExec": [
        {
          "param": [],
          "param_str": ""
        }
      ],
      "beginExec": [
        {
          "param": [],
          "param_str": ""
        }
      ]
    },
    {
      "subId": 2070210,
      "mainId": 20702,
      "order": 10,
      "descTextMapHash": 2978831276,
      "showType": "QUEST_HIDDEN",
      "acceptCondComb": "LOGIC_A_AND_ETCOR",
      "acceptCond": [
        {
          "type": "QUEST_COND_DAILY_TASK_START",
          "param": [24500, 0],
          "param_str": ""
        },
        {
          "type": "QUEST_COND_STATE_EQUAL",
          "param": [2070205, 3],
          "param_str": ""
        },
        {
          "type": "QUEST_COND_STATE_EQUAL",
          "param": [2070205, 4],
          "param_str": ""
        }
      ],
      "finishCondComb": "LOGIC_AND",
      "finishCond": [
        {
          "type": "QUEST_CONTENT_QUEST_VAR_EQUAL",
          "param": [1, 2],
          "param_str": ""
        },
        {
          "type": "QUEST_CONTENT_QUEST_VAR_EQUAL",
          "param": [2, 1],
          "param_str": ""
        },
        {
          "type": "QUEST_CONTENT_QUEST_VAR_EQUAL",
          "param": [3, 1],
          "param_str": ""
        }
      ],
      "failCondComb": "LOGIC_AND",
      "failCond": [
        {
          "param": [],
          "param_str": ""
        }
      ],
      "guide": {
        "type": "QUEST_GUIDE_NPC",
        "param": ["1437"],
        "guideScene": 3,
        "guideStyle": "QUEST_GUIDE_STYLE_TARGET",
        "guideLayer": "QUEST_GUIDE_LAYER_SCENE"
      },
      "showGuide": "QUEST_GUIDE_ITEM_DISABLE",
      "finishExec": [
        {
          "type": "QUEST_EXEC_UPDATE_PARENT_QUEST_REWARD_INDEX",
          "param": ["1", "0"],
          "param_str": ""
        }
      ],
      "failExec": [
        {
          "param": [],
          "param_str": ""
        }
      ],
      "beginExec": [
        {
          "param": [],
          "param_str": ""
        }
      ]
    },
    {
      "subId": 2070211,
      "mainId": 20702,
      "order": 11,
      "descTextMapHash": 3090703084,
      "showType": "QUEST_HIDDEN",
      "acceptCondComb": "LOGIC_A_AND_ETCOR",
      "acceptCond": [
        {
          "type": "QUEST_COND_DAILY_TASK_START",
          "param": [24500, 0],
          "param_str": ""
        },
        {
          "type": "QUEST_COND_STATE_EQUAL",
          "param": [2070205, 3],
          "param_str": ""
        },
        {
          "type": "QUEST_COND_STATE_EQUAL",
          "param": [2070205, 4],
          "param_str": ""
        }
      ],
      "finishCondComb": "LOGIC_AND",
      "finishCond": [
        {
          "type": "QUEST_CONTENT_QUEST_VAR_EQUAL",
          "param": [1, 1],
          "param_str": ""
        },
        {
          "type": "QUEST_CONTENT_QUEST_VAR_EQUAL",
          "param": [2, 2],
          "param_str": ""
        },
        {
          "type": "QUEST_CONTENT_QUEST_VAR_EQUAL",
          "param": [3, 2],
          "param_str": ""
        }
      ],
      "failCondComb": "LOGIC_AND",
      "failCond": [
        {
          "param": [],
          "param_str": ""
        }
      ],
      "guide": {
        "type": "QUEST_GUIDE_NPC",
        "param": ["1437"],
        "guideScene": 3,
        "guideStyle": "QUEST_GUIDE_STYLE_TARGET",
        "guideLayer": "QUEST_GUIDE_LAYER_SCENE"
      },
      "showGuide": "QUEST_GUIDE_ITEM_DISABLE",
      "finishExec": [
        {
          "type": "QUEST_EXEC_UPDATE_PARENT_QUEST_REWARD_INDEX",
          "param": ["2", "0"],
          "param_str": ""
        }
      ],
      "failExec": [
        {
          "param": [],
          "param_str": ""
        }
      ],
      "beginExec": [
        {
          "param": [],
          "param_str": ""
        }
      ]
    },
    {
      "subId": 2070212,
      "mainId": 20702,
      "order": 12,
      "descTextMapHash": 679331276,
      "showType": "QUEST_HIDDEN",
      "acceptCondComb": "LOGIC_A_AND_ETCOR",
      "acceptCond": [
        {
          "type": "QUEST_COND_DAILY_TASK_START",
          "param": [24500, 0],
          "param_str": ""
        },
        {
          "type": "QUEST_COND_STATE_EQUAL",
          "param": [2070205, 3],
          "param_str": ""
        },
        {
          "type": "QUEST_COND_STATE_EQUAL",
          "param": [2070205, 4],
          "param_str": ""
        }
      ],
      "finishCondComb": "LOGIC_AND",
      "finishCond": [
        {
          "type": "QUEST_CONTENT_QUEST_VAR_EQUAL",
          "param": [1, 2],
          "param_str": ""
        },
        {
          "type": "QUEST_CONTENT_QUEST_VAR_EQUAL",
          "param": [2, 1],
          "param_str": ""
        },
        {
          "type": "QUEST_CONTENT_QUEST_VAR_EQUAL",
          "param": [3, 2],
          "param_str": ""
        }
      ],
      "failCondComb": "LOGIC_AND",
      "failCond": [
        {
          "param": [],
          "param_str": ""
        }
      ],
      "guide": {
        "type": "QUEST_GUIDE_NPC",
        "param": ["1437"],
        "guideScene": 3,
        "guideStyle": "QUEST_GUIDE_STYLE_TARGET",
        "guideLayer": "QUEST_GUIDE_LAYER_SCENE"
      },
      "showGuide": "QUEST_GUIDE_ITEM_DISABLE",
      "finishExec": [
        {
          "type": "QUEST_EXEC_UPDATE_PARENT_QUEST_REWARD_INDEX",
          "param": ["2", "0"],
          "param_str": ""
        }
      ],
      "failExec": [
        {
          "param": [],
          "param_str": ""
        }
      ],
      "beginExec": [
        {
          "param": [],
          "param_str": ""
        }
      ]
    },
    {
      "subId": 2070213,
      "mainId": 20702,
      "order": 13,
      "descTextMapHash": 2200936212,
      "showType": "QUEST_HIDDEN",
      "acceptCondComb": "LOGIC_A_AND_ETCOR",
      "acceptCond": [
        {
          "type": "QUEST_COND_DAILY_TASK_START",
          "param": [24500, 0],
          "param_str": ""
        },
        {
          "type": "QUEST_COND_STATE_EQUAL",
          "param": [2070205, 3],
          "param_str": ""
        },
        {
          "type": "QUEST_COND_STATE_EQUAL",
          "param": [2070205, 4],
          "param_str": ""
        }
      ],
      "finishCondComb": "LOGIC_AND",
      "finishCond": [
        {
          "type": "QUEST_CONTENT_QUEST_VAR_EQUAL",
          "param": [1, 2],
          "param_str": ""
        },
        {
          "type": "QUEST_CONTENT_QUEST_VAR_EQUAL",
          "param": [2, 2],
          "param_str": ""
        },
        {
          "type": "QUEST_CONTENT_QUEST_VAR_EQUAL",
          "param": [3, 1],
          "param_str": ""
        }
      ],
      "failCondComb": "LOGIC_AND",
      "failCond": [
        {
          "param": [],
          "param_str": ""
        }
      ],
      "guide": {
        "type": "QUEST_GUIDE_NPC",
        "param": ["1437"],
        "guideScene": 3,
        "guideStyle": "QUEST_GUIDE_STYLE_TARGET",
        "guideLayer": "QUEST_GUIDE_LAYER_SCENE"
      },
      "showGuide": "QUEST_GUIDE_ITEM_DISABLE",
      "finishExec": [
        {
          "type": "QUEST_EXEC_UPDATE_PARENT_QUEST_REWARD_INDEX",
          "param": ["2", "0"],
          "param_str": ""
        }
      ],
      "failExec": [
        {
          "param": [],
          "param_str": ""
        }
      ],
      "beginExec": [
        {
          "param": [],
          "param_str": ""
        }
      ]
    },
    {
      "subId": 2070214,
      "mainId": 20702,
      "order": 14,
      "descTextMapHash": 1217305020,
      "showType": "QUEST_HIDDEN",
      "acceptCondComb": "LOGIC_A_AND_ETCOR",
      "acceptCond": [
        {
          "type": "QUEST_COND_DAILY_TASK_START",
          "param": [24500, 0],
          "param_str": ""
        },
        {
          "type": "QUEST_COND_STATE_EQUAL",
          "param": [2070208, 3],
          "param_str": ""
        },
        {
          "type": "QUEST_COND_STATE_EQUAL",
          "param": [2070209, 3],
          "param_str": ""
        }
      ],
      "finishCondComb": "LOGIC_AND",
      "finishCond": [
        {
          "type": "QUEST_CONTENT_ADD_QUEST_PROGRESS",
          "param": [2070214, 0],
          "param_str": "",
          "count": 3
        }
      ],
      "failCondComb": "LOGIC_OR",
      "failCond": [
        {
          "param": [],
          "param_str": ""
        }
      ],
      "guide": {
        "type": "QUEST_GUIDE_NPC",
        "param": ["1437"],
        "guideScene": 3,
        "guideStyle": "QUEST_GUIDE_STYLE_TARGET",
        "guideLayer": "QUEST_GUIDE_LAYER_SCENE"
      },
      "showGuide": "QUEST_GUIDE_ITEM_DISABLE",
      "finishExec": [
        {
          "param": [],
          "param_str": ""
        }
      ],
      "failExec": [
        {
          "param": [],
          "param_str": ""
        }
      ],
      "beginExec": [
        {
          "param": [],
          "param_str": ""
        }
      ]
    }
  ],
  "talks": [
    {
      "id": 2070201,
      "beginWay": "TALK_BEGIN_MANUAL",
      "beginCondComb": "LOGIC_AND",
      "beginCond": [
        {
          "type": "QUEST_COND_STATE_EQUAL",
          "param": ["2070201", "2"],
          "param_str": ""
        }
      ],
      "priority": 5,
      "nextTalks": [2070202, 2070203],
      "initDialog": 207020101,
      "npcId": [1437],
      "performCfg": "",
      "questId": 20702,
      "prePerformCfg": ""
    },
    {
      "id": 2070202,
      "beginCondComb": "LOGIC_AND",
      "beginCond": [
        {
          "type": "QUEST_COND_STATE_EQUAL",
          "param": ["2070201", "2"],
          "param_str": ""
        }
      ],
      "priority": 5,
      "initDialog": 207020201,
      "npcId": [1437],
      "performCfg": "",
      "questId": 20702,
      "prePerformCfg": ""
    },
    {
      "id": 2070203,
      "beginCondComb": "LOGIC_AND",
      "beginCond": [
        {
          "type": "QUEST_COND_STATE_EQUAL",
          "param": ["2070201", "2"],
          "param_str": ""
        }
      ],
      "priority": 5,
      "initDialog": 207020301,
      "npcId": [1437],
      "performCfg": "",
      "questId": 20702,
      "prePerformCfg": ""
    },
    {
      "id": 2070210,
      "beginWay": "TALK_BEGIN_MANUAL",
      "beginCondComb": "LOGIC_AND",
      "beginCond": [
        {
          "type": "QUEST_COND_STATE_EQUAL",
          "param": ["2070202", "2"],
          "param_str": ""
        }
      ],
      "priority": 5,
      "nextTalks": [2070211, 2070212, 2070213],
      "initDialog": 207021001,
      "npcId": [1437],
      "performCfg": "",
      "questId": 20702,
      "prePerformCfg": ""
    },
    {
      "id": 2070211,
      "beginCondComb": "LOGIC_AND",
      "beginCond": [
        {
          "type": "QUEST_COND_STATE_EQUAL",
          "param": ["2070202", "2"],
          "param_str": ""
        }
      ],
      "priority": 5,
      "nextTalks": [2070215],
      "initDialog": 207021101,
      "npcId": [1437],
      "performCfg": "",
      "questId": 20702,
      "prePerformCfg": ""
    },
    {
      "id": 2070212,
      "beginCondComb": "LOGIC_AND",
      "beginCond": [
        {
          "type": "QUEST_COND_STATE_EQUAL",
          "param": ["2070202", "2"],
          "param_str": ""
        }
      ],
      "priority": 5,
      "nextTalks": [2070215],
      "initDialog": 207021201,
      "npcId": [1437],
      "performCfg": "",
      "questId": 20702,
      "prePerformCfg": ""
    },
    {
      "id": 2070213,
      "beginCondComb": "LOGIC_AND",
      "beginCond": [
        {
          "type": "QUEST_COND_STATE_EQUAL",
          "param": ["2070202", "2"],
          "param_str": ""
        }
      ],
      "priority": 5,
      "nextTalks": [2070214],
      "initDialog": 207021301,
      "npcId": [1437],
      "performCfg": "",
      "questId": 20702,
      "prePerformCfg": ""
    },
    {
      "id": 2070214,
      "beginCondComb": "LOGIC_AND",
      "beginCond": [
        {
          "type": "QUEST_COND_STATE_EQUAL",
          "param": ["2070202", "2"],
          "param_str": ""
        }
      ],
      "priority": 5,
      "nextTalks": [2070220],
      "initDialog": 207021401,
      "npcId": [1437],
      "performCfg": "",
      "questId": 20702,
      "prePerformCfg": ""
    },
    {
      "id": 2070215,
      "beginCondComb": "LOGIC_AND",
      "beginCond": [
        {
          "type": "QUEST_COND_STATE_EQUAL",
          "param": ["2070202", "2"],
          "param_str": ""
        }
      ],
      "priority": 5,
      "nextTalks": [2070220],
      "initDialog": 207021501,
      "npcId": [1437],
      "performCfg": "",
      "questId": 20702,
      "prePerformCfg": ""
    },
    {
      "id": 2070220,
      "beginCondComb": "LOGIC_AND",
      "beginCond": [
        {
          "type": "QUEST_COND_STATE_EQUAL",
          "param": ["2070202", "2"],
          "param_str": ""
        }
      ],
      "priority": 5,
      "nextTalks": [2070221, 2070222, 2070223],
      "initDialog": 207022001,
      "npcId": [1437],
      "performCfg": "",
      "questId": 20702,
      "prePerformCfg": ""
    },
    {
      "id": 2070221,
      "beginCondComb": "LOGIC_AND",
      "beginCond": [
        {
          "type": "QUEST_COND_STATE_EQUAL",
          "param": ["2070202", "2"],
          "param_str": ""
        }
      ],
      "priority": 5,
      "nextTalks": [2070225],
      "initDialog": 207022101,
      "npcId": [1437],
      "performCfg": "",
      "questId": 20702,
      "prePerformCfg": ""
    },
    {
      "id": 2070222,
      "beginCondComb": "LOGIC_AND",
      "beginCond": [
        {
          "type": "QUEST_COND_STATE_EQUAL",
          "param": ["2070202", "2"],
          "param_str": ""
        }
      ],
      "priority": 5,
      "nextTalks": [2070224],
      "initDialog": 207022201,
      "npcId": [1437],
      "performCfg": "",
      "questId": 20702,
      "prePerformCfg": ""
    },
    {
      "id": 2070223,
      "beginCondComb": "LOGIC_AND",
      "beginCond": [
        {
          "type": "QUEST_COND_STATE_EQUAL",
          "param": ["2070202", "2"],
          "param_str": ""
        }
      ],
      "priority": 5,
      "nextTalks": [2070225],
      "initDialog": 207022301,
      "npcId": [1437],
      "performCfg": "",
      "questId": 20702,
      "prePerformCfg": ""
    },
    {
      "id": 2070224,
      "beginCondComb": "LOGIC_AND",
      "beginCond": [
        {
          "type": "QUEST_COND_STATE_EQUAL",
          "param": ["2070202", "2"],
          "param_str": ""
        }
      ],
      "priority": 5,
      "nextTalks": [2070230],
      "initDialog": 207022401,
      "npcId": [1437],
      "performCfg": "",
      "questId": 20702,
      "prePerformCfg": ""
    },
    {
      "id": 2070225,
      "beginCondComb": "LOGIC_AND",
      "beginCond": [
        {
          "type": "QUEST_COND_STATE_EQUAL",
          "param": ["2070202", "2"],
          "param_str": ""
        }
      ],
      "priority": 5,
      "nextTalks": [2070230],
      "initDialog": 207022501,
      "npcId": [1437],
      "performCfg": "",
      "questId": 20702,
      "prePerformCfg": ""
    },
    {
      "id": 2070230,
      "beginCondComb": "LOGIC_AND",
      "beginCond": [
        {
          "type": "QUEST_COND_STATE_EQUAL",
          "param": ["2070202", "2"],
          "param_str": ""
        }
      ],
      "priority": 5,
      "nextTalks": [2070231, 2070232, 2070233],
      "initDialog": 207023001,
      "npcId": [1437],
      "performCfg": "",
      "questId": 20702,
      "prePerformCfg": ""
    },
    {
      "id": 2070231,
      "beginCondComb": "LOGIC_AND",
      "beginCond": [
        {
          "type": "QUEST_COND_STATE_EQUAL",
          "param": ["2070202", "2"],
          "param_str": ""
        }
      ],
      "priority": 5,
      "nextTalks": [2070235],
      "initDialog": 207023101,
      "npcId": [1437],
      "performCfg": "",
      "questId": 20702,
      "prePerformCfg": ""
    },
    {
      "id": 2070232,
      "beginCondComb": "LOGIC_AND",
      "beginCond": [
        {
          "type": "QUEST_COND_STATE_EQUAL",
          "param": ["2070202", "2"],
          "param_str": ""
        }
      ],
      "priority": 5,
      "nextTalks": [2070234],
      "initDialog": 207023201,
      "npcId": [1437],
      "performCfg": "",
      "questId": 20702,
      "prePerformCfg": ""
    },
    {
      "id": 2070233,
      "beginCondComb": "LOGIC_AND",
      "beginCond": [
        {
          "type": "QUEST_COND_STATE_EQUAL",
          "param": ["2070202", "2"],
          "param_str": ""
        }
      ],
      "priority": 5,
      "nextTalks": [2070235],
      "initDialog": 207023301,
      "npcId": [1437],
      "performCfg": "",
      "questId": 20702,
      "prePerformCfg": ""
    },
    {
      "id": 2070234,
      "beginCondComb": "LOGIC_AND",
      "beginCond": [
        {
          "type": "QUEST_COND_STATE_EQUAL",
          "param": ["2070202", "2"],
          "param_str": ""
        }
      ],
      "priority": 5,
      "nextTalks": [2070290],
      "initDialog": 207023401,
      "npcId": [1437],
      "performCfg": "",
      "questId": 20702,
      "prePerformCfg": ""
    },
    {
      "id": 2070235,
      "beginCondComb": "LOGIC_AND",
      "beginCond": [
        {
          "type": "QUEST_COND_STATE_EQUAL",
          "param": ["2070202", "2"],
          "param_str": ""
        }
      ],
      "priority": 5,
      "nextTalks": [2070290],
      "initDialog": 207023501,
      "npcId": [1437],
      "performCfg": "",
      "questId": 20702,
      "prePerformCfg": ""
    },
    {
      "id": 2070290,
      "beginCondComb": "LOGIC_AND",
      "beginCond": [
        {
          "type": "QUEST_COND_STATE_EQUAL",
          "param": ["2070202", "2"],
          "param_str": ""
        }
      ],
      "priority": 5,
      "nextTalks": [2070291, 2070292, 2070293, 2070294],
      "initDialog": 207029001,
      "npcId": [1437],
      "performCfg": "",
      "questId": 20702,
      "prePerformCfg": ""
    },
    {
      "id": 2070291,
      "beginCondComb": "LOGIC_AND",
      "beginCond": [
        {
          "type": "QUEST_COND_STATE_EQUAL",
          "param": ["2070202", "2"],
          "param_str": ""
        },
        {
          "type": "QUEST_COND_STATE_EQUAL",
          "param": ["2070206", "3"],
          "param_str": ""
        }
      ],
      "priority": 5,
      "initDialog": 207029101,
      "npcId": [1437],
      "performCfg": "",
      "questId": 20702,
      "prePerformCfg": ""
    },
    {
      "id": 2070292,
      "beginCondComb": "LOGIC_OR",
      "beginCond": [
        {
          "type": "QUEST_COND_STATE_EQUAL",
          "param": ["2070208", "3"],
          "param_str": ""
        },
        {
          "type": "QUEST_COND_STATE_EQUAL",
          "param": ["2070209", "3"],
          "param_str": ""
        },
        {
          "type": "QUEST_COND_STATE_EQUAL",
          "param": ["2070210", "3"],
          "param_str": ""
        }
      ],
      "priority": 5,
      "initDialog": 207029201,
      "npcId": [1437],
      "performCfg": "",
      "questId": 20702,
      "prePerformCfg": ""
    },
    {
      "id": 2070293,
      "beginCondComb": "LOGIC_AND",
      "beginCond": [
        {
          "type": "QUEST_COND_STATE_EQUAL",
          "param": ["2070202", "2"],
          "param_str": ""
        },
        {
          "type": "QUEST_COND_STATE_EQUAL",
          "param": ["2070207", "3"],
          "param_str": ""
        }
      ],
      "priority": 5,
      "initDialog": 207029301,
      "npcId": [1437],
      "performCfg": "",
      "questId": 20702,
      "prePerformCfg": ""
    },
    {
      "id": 2070294,
      "beginCondComb": "LOGIC_OR",
      "beginCond": [
        {
          "type": "QUEST_COND_STATE_EQUAL",
          "param": ["2070211", "3"],
          "param_str": ""
        },
        {
          "type": "QUEST_COND_STATE_EQUAL",
          "param": ["2070212", "3"],
          "param_str": ""
        },
        {
          "type": "QUEST_COND_STATE_EQUAL",
          "param": ["2070213", "3"],
          "param_str": ""
        }
      ],
      "priority": 5,
      "initDialog": 207029401,
      "npcId": [1437],
      "performCfg": "",
      "questId": 20702,
      "prePerformCfg": ""
    }
  ]
}
