{
  "id": 20740,
  "type": "WQ",
  "titleTextMapHash": 3224432775,
  "descTextMapHash": 3201203878,
  "luaPath": "Actor/Quest/WQ20740",
  "rewardIdList": [120740],
  "subQuests": [
    {
      "subId": 2074001,
      "mainId": 20740,
      "order": 1,
      "descTextMapHash": 1550654324,
      "acceptCondComb": "LOGIC_AND",
      "acceptCond": [
        {
          "type": "QUEST_COND_QUEST_GLOBAL_VAR_EQUAL",
          "param": [10001, 1],
          "param_str": ""
        },
        {
          "type": "QUEST_COND_COMPLETE_TALK",
          "param": [2074002, 3],
          "param_str": ""
        },
        {
          "type": "QUEST_COND_PLAYER_LEVEL_EQUAL_GREATER",
          "param": [24, 0],
          "param_str": ""
        }
      ],
      "finishCond": [
        {
          "param": [],
          "param_str": ""
        }
      ],
      "failCond": [
        {
          "param": [],
          "param_str": ""
        }
      ],
      "guide": {
        "type": "QUEST_GUIDE_NPC",
        "param": ["1425"],
        "guideScene": 3,
        "guideStyle": "QUEST_GUIDE_STYLE_START",
        "guideLayer": "QUEST_GUIDE_LAYER_SCENE"
      },
      "isRewind": true,
      "finishExec": [
        {
          "param": [],
          "param_str": ""
        }
      ],
      "failExec": [
        {
          "param": [],
          "param_str": ""
        }
      ],
      "beginExec": [
        {
          "type": "QUEST_EXEC_REFRESH_GROUP_SUITE",
          "param": ["3", "133004341,2"],
          "param_str": ""
        }
      ],
      "sharedNpcList": [1425],
      "exclusiveNpcPriority": 1100
    },
    {
      "subId": 2074002,
      "mainId": 20740,
      "order": 2,
      "subIdSet": 1,
      "descTextMapHash": 4166676708,
      "acceptCond": [
        {
          "type": "QUEST_COND_STATE_EQUAL",
          "param": [2074001, 3],
          "param_str": ""
        }
      ],
      "finishCondComb": "LOGIC_AND",
      "finishCond": [
        {
          "type": "QUEST_CONTENT_OBTAIN_ITEM",
          "param": [100055, 0],
          "param_str": "",
          "count": 1
        }
      ],
      "failCond": [
        {
          "param": [],
          "param_str": ""
        }
      ],
      "guide": {
        "type": "QUEST_GUIDE_LOCATION",
        "param": ["Q20740Forest", "25"],
        "guideScene": 3,
        "guideStyle": "QUEST_GUIDE_STYLE_TARGET",
        "guideLayer": "QUEST_GUIDE_LAYER_SCENE"
      },
      "isRewind": true,
      "finishExec": [
        {
          "type": "QUEST_EXEC_ADD_QUEST_PROGRESS",
          "param": ["2074002", "1"],
          "param_str": ""
        }
      ],
      "failExec": [
        {
          "param": [],
          "param_str": ""
        }
      ],
      "beginExec": [
        {
          "param": [],
          "param_str": ""
        }
      ],
      "sharedNpcList": [1425],
      "exclusiveNpcPriority": 1100
    },
    {
      "subId": 2074003,
      "mainId": 20740,
      "order": 3,
      "subIdSet": 1,
      "descTextMapHash": 3820560868,
      "acceptCond": [
        {
          "type": "QUEST_COND_STATE_EQUAL",
          "param": [2074001, 3],
          "param_str": ""
        }
      ],
      "finishCond": [
        {
          "type": "QUEST_CONTENT_OBTAIN_ITEM",
          "param": [100023, 0],
          "param_str": "",
          "count": 1
        }
      ],
      "failCond": [
        {
          "param": [],
          "param_str": ""
        }
      ],
      "guide": {
        "type": "QUEST_GUIDE_LOCATION",
        "param": ["Q20740Saixiliya", "25"],
        "guideScene": 3,
        "guideStyle": "QUEST_GUIDE_STYLE_TARGET",
        "guideLayer": "QUEST_GUIDE_LAYER_SCENE"
      },
      "isRewind": true,
      "finishExec": [
        {
          "type": "QUEST_EXEC_ADD_QUEST_PROGRESS",
          "param": ["2074002", "1"],
          "param_str": ""
        }
      ],
      "failExec": [
        {
          "param": [],
          "param_str": ""
        }
      ],
      "beginExec": [
        {
          "param": [],
          "param_str": ""
        }
      ],
      "sharedNpcList": [1425],
      "exclusiveNpcPriority": 1100
    },
    {
      "subId": 2074004,
      "mainId": 20740,
      "order": 4,
      "subIdSet": 1,
      "descTextMapHash": 214577588,
      "acceptCond": [
        {
          "type": "QUEST_COND_STATE_EQUAL",
          "param": [2074001, 3],
          "param_str": ""
        }
      ],
      "finishCond": [
        {
          "type": "QUEST_CONTENT_OBTAIN_ITEM",
          "param": [100024, 0],
          "param_str": "",
          "count": 1
        }
      ],
      "failCond": [
        {
          "param": [],
          "param_str": ""
        }
      ],
      "guide": {
        "type": "QUEST_GUIDE_LOCATION",
        "param": ["Q20740fengqidi", "25"],
        "guideScene": 3,
        "guideStyle": "QUEST_GUIDE_STYLE_TARGET",
        "guideLayer": "QUEST_GUIDE_LAYER_SCENE"
      },
      "isRewind": true,
      "finishExec": [
        {
          "type": "QUEST_EXEC_ADD_QUEST_PROGRESS",
          "param": ["2074002", "1"],
          "param_str": ""
        }
      ],
      "failExec": [
        {
          "param": [],
          "param_str": ""
        }
      ],
      "beginExec": [
        {
          "param": [],
          "param_str": ""
        }
      ],
      "sharedNpcList": [1425],
      "exclusiveNpcPriority": 1100
    },
    {
      "subId": 2074005,
      "mainId": 20740,
      "order": 6,
      "descTextMapHash": 836216852,
      "acceptCond": [
        {
          "type": "QUEST_COND_STATE_EQUAL",
          "param": [2074002, 3],
          "param_str": ""
        },
        {
          "type": "QUEST_COND_STATE_EQUAL",
          "param": [2074003, 3],
          "param_str": ""
        },
        {
          "type": "QUEST_COND_STATE_EQUAL",
          "param": [2074004, 3],
          "param_str": ""
        },
        {
          "type": "QUEST_COND_STATE_EQUAL",
          "param": [2074011, 3],
          "param_str": ""
        }
      ],
      "finishCond": [
        {
          "type": "QUEST_CONTENT_COMPLETE_TALK",
          "param": [2074004, 0],
          "param_str": ""
        }
      ],
      "failCond": [
        {
          "param": [],
          "param_str": ""
        }
      ],
      "guide": {
        "type": "QUEST_GUIDE_NPC",
        "param": ["1425"],
        "guideScene": 3,
        "guideStyle": "QUEST_GUIDE_STYLE_FINISH",
        "guideLayer": "QUEST_GUIDE_LAYER_SCENE"
      },
      "failParentShow": "QUEST_HIDDEN",
      "isRewind": true,
      "finishExec": [
        {
          "type": "QUEST_EXEC_DEL_PACK_ITEM_BATCH",
          "param": ["100055:1,100023:1,100024:1,100012:1", "0"],
          "param_str": ""
        }
      ],
      "failExec": [
        {
          "param": [],
          "param_str": ""
        }
      ],
      "beginExec": [
        {
          "param": [],
          "param_str": ""
        }
      ],
      "sharedNpcList": [1425],
      "exclusiveNpcPriority": 1100
    },
    {
      "subId": 2074006,
      "mainId": 20740,
      "order": 11,
      "descTextMapHash": 803781332,
      "showType": "QUEST_HIDDEN",
      "acceptCond": [
        {
          "type": "QUEST_COND_STATE_EQUAL",
          "param": [2074001, 3],
          "param_str": ""
        }
      ],
      "finishCond": [
        {
          "type": "QUEST_CONTENT_COMPLETE_TALK",
          "param": [2074005, 0],
          "param_str": ""
        }
      ],
      "failCond": [
        {
          "param": [],
          "param_str": ""
        }
      ],
      "guide": {
        "type": "QUEST_GUIDE_NPC",
        "param": ["1425"],
        "guideScene": 3,
        "guideStyle": "QUEST_GUIDE_STYLE_START",
        "guideLayer": "QUEST_GUIDE_LAYER_SCENE"
      },
      "showGuide": "QUEST_GUIDE_ITEM_DISABLE",
      "failParentShow": "QUEST_HIDDEN",
      "finishExec": [
        {
          "type": "QUEST_EXEC_REFRESH_GROUP_SUITE",
          "param": ["3", "133004342,2"],
          "param_str": ""
        },
        {
          "type": "QUEST_EXEC_REFRESH_GROUP_SUITE",
          "param": ["3", "133004343,2"],
          "param_str": ""
        }
      ],
      "failExec": [
        {
          "param": [],
          "param_str": ""
        }
      ],
      "beginExec": [
        {
          "param": [],
          "param_str": ""
        }
      ]
    },
    {
      "subId": 2074007,
      "mainId": 20740,
      "order": 12,
      "descTextMapHash": 2208532652,
      "showType": "QUEST_HIDDEN",
      "acceptCond": [
        {
          "type": "QUEST_COND_STATE_EQUAL",
          "param": [2074004, 3],
          "param_str": ""
        }
      ],
      "finishCond": [
        {
          "type": "QUEST_CONTENT_COMPLETE_TALK",
          "param": [2074005, 0],
          "param_str": ""
        }
      ],
      "failCond": [
        {
          "param": [],
          "param_str": ""
        }
      ],
      "guide": {
        "type": "QUEST_GUIDE_NPC",
        "param": ["1425"],
        "guideScene": 3,
        "guideStyle": "QUEST_GUIDE_STYLE_START",
        "guideLayer": "QUEST_GUIDE_LAYER_SCENE"
      },
      "showGuide": "QUEST_GUIDE_ITEM_DISABLE",
      "failParentShow": "QUEST_HIDDEN",
      "finishExec": [
        {
          "type": "QUEST_EXEC_REFRESH_GROUP_SUITE",
          "param": ["3", "133004346,2"],
          "param_str": ""
        },
        {
          "type": "QUEST_EXEC_REFRESH_GROUP_SUITE",
          "param": ["3", "133004347,2"],
          "param_str": ""
        }
      ],
      "failExec": [
        {
          "param": [],
          "param_str": ""
        }
      ],
      "beginExec": [
        {
          "param": [],
          "param_str": ""
        }
      ]
    },
    {
      "subId": 2074008,
      "mainId": 20740,
      "order": 13,
      "descTextMapHash": 1508287036,
      "showType": "QUEST_HIDDEN",
      "acceptCond": [
        {
          "type": "QUEST_COND_STATE_EQUAL",
          "param": [2074001, 3],
          "param_str": ""
        }
      ],
      "finishCond": [
        {
          "type": "QUEST_CONTENT_ADD_QUEST_PROGRESS",
          "param": [2074002, 0],
          "param_str": "",
          "count": 4
        }
      ],
      "failCond": [
        {
          "param": [],
          "param_str": ""
        }
      ],
      "guide": {
        "type": "QUEST_GUIDE_NPC",
        "param": ["1425"],
        "guideScene": 3,
        "guideStyle": "QUEST_GUIDE_STYLE_START",
        "guideLayer": "QUEST_GUIDE_LAYER_SCENE"
      },
      "showGuide": "QUEST_GUIDE_ITEM_DISABLE",
      "failParentShow": "QUEST_HIDDEN",
      "isRewind": true,
      "finishExec": [
        {
          "type": "QUEST_EXEC_ADD_QUEST_PROGRESS",
          "param": ["2074013", "1"],
          "param_str": ""
        }
      ],
      "failExec": [
        {
          "param": [],
          "param_str": ""
        }
      ],
      "beginExec": [
        {
          "param": [],
          "param_str": ""
        }
      ]
    },
    {
      "subId": 2074009,
      "mainId": 20740,
      "order": 7,
      "descTextMapHash": 2470903012,
      "acceptCond": [
        {
          "type": "QUEST_COND_STATE_EQUAL",
          "param": [2074005, 3],
          "param_str": ""
        }
      ],
      "finishCond": [
        {
          "type": "QUEST_CONTENT_OBTAIN_ITEM",
          "param": [100057, 0],
          "param_str": "",
          "count": 1
        }
      ],
      "failCond": [
        {
          "param": [],
          "param_str": ""
        }
      ],
      "guide": {
        "type": "QUEST_GUIDE_NPC",
        "param": ["1425"],
        "guideScene": 3,
        "guideStyle": "QUEST_GUIDE_STYLE_TARGET",
        "guideLayer": "QUEST_GUIDE_LAYER_SCENE"
      },
      "failParentShow": "QUEST_HIDDEN",
      "isRewind": true,
      "finishExec": [
        {
          "param": [],
          "param_str": ""
        }
      ],
      "failExec": [
        {
          "param": [],
          "param_str": ""
        }
      ],
      "beginExec": [
        {
          "type": "QUEST_EXEC_REFRESH_GROUP_SUITE",
          "param": ["3", "133001399,1"],
          "param_str": ""
        },
        {
          "type": "QUEST_EXEC_REFRESH_GROUP_SUITE",
          "param": ["3", "133002390,1"],
          "param_str": ""
        },
        {
          "type": "QUEST_EXEC_REFRESH_GROUP_SUITE",
          "param": ["3", "133003583,1"],
          "param_str": ""
        }
      ],
      "sharedNpcList": [1425],
      "exclusiveNpcPriority": 1100
    },
    {
      "subId": 2074010,
      "mainId": 20740,
      "order": 8,
      "descTextMapHash": 2873170108,
      "acceptCond": [
        {
          "type": "QUEST_COND_STATE_EQUAL",
          "param": [2074009, 3],
          "param_str": ""
        }
      ],
      "finishCond": [
        {
          "type": "QUEST_CONTENT_COMPLETE_TALK",
          "param": [2074005, 0],
          "param_str": ""
        }
      ],
      "failCond": [
        {
          "param": [],
          "param_str": ""
        }
      ],
      "guide": {
        "type": "QUEST_GUIDE_NPC",
        "param": ["1425"],
        "guideScene": 3,
        "guideStyle": "QUEST_GUIDE_STYLE_FINISH",
        "guideLayer": "QUEST_GUIDE_LAYER_SCENE"
      },
      "failParentShow": "QUEST_HIDDEN",
      "isRewind": true,
      "finishExec": [
        {
          "type": "QUEST_EXEC_REFRESH_GROUP_SUITE",
          "param": ["3", "133004345,2"],
          "param_str": ""
        },
        {
          "type": "QUEST_EXEC_DEL_PACK_ITEM_BATCH",
          "param": ["100057:1", "0"],
          "param_str": ""
        }
      ],
      "failExec": [
        {
          "param": [],
          "param_str": ""
        }
      ],
      "beginExec": [
        {
          "param": [],
          "param_str": ""
        }
      ],
      "sharedNpcList": [1425],
      "exclusiveNpcPriority": 1100
    },
    {
      "subId": 2074011,
      "mainId": 20740,
      "order": 5,
      "subIdSet": 1,
      "descTextMapHash": 2120276908,
      "acceptCond": [
        {
          "type": "QUEST_COND_STATE_EQUAL",
          "param": [2074001, 3],
          "param_str": ""
        }
      ],
      "finishCondComb": "LOGIC_AND",
      "finishCond": [
        {
          "type": "QUEST_CONTENT_OBTAIN_ITEM",
          "param": [100012, 0],
          "param_str": "",
          "count": 1
        }
      ],
      "failCond": [
        {
          "param": [],
          "param_str": ""
        }
      ],
      "guide": {},
      "showGuide": "QUEST_GUIDE_ITEM_DISABLE",
      "isRewind": true,
      "finishExec": [
        {
          "type": "QUEST_EXEC_ADD_QUEST_PROGRESS",
          "param": ["2074002", "1"],
          "param_str": ""
        }
      ],
      "failExec": [
        {
          "param": [],
          "param_str": ""
        }
      ],
      "beginExec": [
        {
          "param": [],
          "param_str": ""
        }
      ],
      "sharedNpcList": [1425],
      "exclusiveNpcPriority": 1100
    },
    {
      "subId": 2074012,
      "mainId": 20740,
      "order": 9,
      "descTextMapHash": 976359796,
      "acceptCond": [
        {
          "type": "QUEST_COND_STATE_EQUAL",
          "param": [2074010, 3],
          "param_str": ""
        }
      ],
      "finishCond": [
        {
          "type": "QUEST_CONTENT_COMPLETE_TALK",
          "param": [2074009, 0],
          "param_str": ""
        }
      ],
      "failCond": [
        {
          "param": [],
          "param_str": ""
        }
      ],
      "guide": {
        "type": "QUEST_GUIDE_NPC",
        "param": ["1425"],
        "guideScene": 3,
        "guideStyle": "QUEST_GUIDE_STYLE_FINISH",
        "guideLayer": "QUEST_GUIDE_LAYER_SCENE"
      },
      "finishParent": true,
      "failParentShow": "QUEST_HIDDEN",
      "isRewind": true,
      "finishExec": [
        {
          "param": [],
          "param_str": ""
        }
      ],
      "failExec": [
        {
          "param": [],
          "param_str": ""
        }
      ],
      "beginExec": [
        {
          "param": [],
          "param_str": ""
        }
      ],
      "sharedNpcList": [1425],
      "exclusiveNpcPriority": 1100
    },
    {
      "subId": 2074013,
      "mainId": 20740,
      "order": 14,
      "descTextMapHash": 864320012,
      "showType": "QUEST_HIDDEN",
      "acceptCond": [
        {
          "type": "QUEST_COND_STATE_EQUAL",
          "param": [2074001, 3],
          "param_str": ""
        }
      ],
      "finishCond": [
        {
          "type": "QUEST_CONTENT_ADD_QUEST_PROGRESS",
          "param": [2074013, 0],
          "param_str": "",
          "count": 1
        }
      ],
      "failCond": [
        {
          "param": [],
          "param_str": ""
        }
      ],
      "guide": {
        "type": "QUEST_GUIDE_NPC",
        "param": ["1425"],
        "guideScene": 3,
        "guideStyle": "QUEST_GUIDE_STYLE_START",
        "guideLayer": "QUEST_GUIDE_LAYER_SCENE"
      },
      "showGuide": "QUEST_GUIDE_ITEM_DISABLE",
      "failParentShow": "QUEST_HIDDEN",
      "isRewind": true,
      "finishExec": [
        {
          "param": [],
          "param_str": ""
        }
      ],
      "failExec": [
        {
          "param": [],
          "param_str": ""
        }
      ],
      "beginExec": [
        {
          "param": [],
          "param_str": ""
        }
      ]
    }
  ],
  "talks": [
    {
      "id": 2074004,
      "activeMode": "PLAY_MODE_SINGLE",
      "beginCondComb": "LOGIC_AND",
      "beginCond": [
        {
          "type": "QUEST_COND_STATE_EQUAL",
          "param": ["2074005", "2"],
          "param_str": ""
        }
      ],
      "priority": 5,
      "initDialog": 207400401,
      "npcId": [1425],
      "performCfg": "",
      "heroTalk": "TALK_HERO_MAIN",
      "questId": 20740,
      "dontBlockDaily": true,
      "prePerformCfg": ""
    },
    {
      "id": 2074005,
      "activeMode": "PLAY_MODE_SINGLE",
      "beginCondComb": "LOGIC_AND",
      "beginCond": [
        {
          "type": "QUEST_COND_STATE_EQUAL",
          "param": ["2074010", "2"],
          "param_str": ""
        }
      ],
      "priority": 5,
      "initDialog": 207400501,
      "npcId": [1425],
      "performCfg": "",
      "heroTalk": "TALK_HERO_MAIN",
      "questId": 20740,
      "dontBlockDaily": true,
      "prePerformCfg": ""
    },
    {
      "id": 2074006,
      "activeMode": "PLAY_MODE_SINGLE",
      "beginCondComb": "LOGIC_OR",
      "beginCond": [
        {
          "type": "QUEST_COND_STATE_EQUAL",
          "param": ["2074002", "2"],
          "param_str": ""
        },
        {
          "type": "QUEST_COND_STATE_EQUAL",
          "param": ["2074003", "2"],
          "param_str": ""
        },
        {
          "type": "QUEST_COND_STATE_EQUAL",
          "param": ["2074004", "2"],
          "param_str": ""
        },
        {
          "type": "QUEST_COND_STATE_EQUAL",
          "param": ["2074011", "2"],
          "param_str": ""
        }
      ],
      "priority": 5,
      "initDialog": 207400601,
      "npcId": [1425],
      "performCfg": "",
      "heroTalk": "TALK_HERO_MAIN",
      "questId": 20740,
      "dontBlockDaily": true,
      "prePerformCfg": ""
    },
    {
      "id": 2074007,
      "activeMode": "PLAY_MODE_SINGLE",
      "beginCond": [
        {
          "type": "QUEST_COND_STATE_EQUAL",
          "param": ["2074009", "2"],
          "param_str": ""
        }
      ],
      "priority": 5,
      "initDialog": 207400701,
      "npcId": [1425],
      "performCfg": "",
      "heroTalk": "TALK_HERO_MAIN",
      "questId": 20740,
      "dontBlockDaily": true,
      "prePerformCfg": ""
    },
    {
      "id": 2074008,
      "beginWay": "TALK_BEGIN_MANUAL",
      "activeMode": "PLAY_MODE_SINGLE",
      "beginCondComb": "LOGIC_AND",
      "beginCond": [
        {
          "type": "QUEST_COND_STATE_EQUAL",
          "param": ["2074012", "2"],
          "param_str": ""
        }
      ],
      "priority": 5,
      "nextTalks": [2074009],
      "initDialog": 207400508,
      "npcId": [1425],
      "performCfg": "",
      "heroTalk": "TALK_HERO_MAIN",
      "questId": 20740,
      "dontBlockDaily": true,
      "prePerformCfg": ""
    },
    {
      "id": 2074009,
      "activeMode": "PLAY_MODE_SINGLE",
      "beginCondComb": "LOGIC_AND",
      "beginCond": [
        {
          "type": "QUEST_COND_STATE_EQUAL",
          "param": ["2074012", "2"],
          "param_str": ""
        }
      ],
      "priority": 5,
      "initDialog": 207400509,
      "npcId": [1425],
      "performCfg": "",
      "heroTalk": "TALK_HERO_MAIN",
      "questId": 20740,
      "dontBlockDaily": true,
      "prePerformCfg": ""
    }
  ]
}
