{
  "id": 21003,
  "type": "WQ",
  "titleTextMapHash": 763782097,
  "descTextMapHash": 1094677055,
  "luaPath": "",
  "rewardIdList": [121003],
  "subQuests": [
    {
      "subId": 2100301,
      "mainId": 21003,
      "order": 1,
      "descTextMapHash": 3535139914,
      "showType": "QUEST_HIDDEN",
      "acceptCondComb": "LOGIC_OR",
      "acceptCond": [
        {
          "type": "QUEST_COND_COMPLETE_TALK",
          "param": [2100302, 0],
          "param_str": ""
        },
        {
          "type": "QUEST_COND_COMPLETE_TALK",
          "param": [2100303, 0],
          "param_str": ""
        }
      ],
      "finishCond": [
        {
          "type": "QUEST_CONTENT_COMPLETE_TALK",
          "param": [2100302, 0],
          "param_str": ""
        }
      ],
      "failCond": [
        {
          "type": "QUEST_CONTENT_COMPLETE_TALK",
          "param": [2100303, 0],
          "param_str": ""
        }
      ],
      "guide": {
        "type": "QUEST_GUIDE_NPC",
        "param": ["2429"],
        "guideScene": 3,
        "guideStyle": "QUEST_GUIDE_STYLE_START",
        "guideLayer": "QUEST_GUIDE_LAYER_SCENE"
      },
      "finishExec": [
        {
          "type": "QUEST_EXEC_NOTIFY_GROUP_LUA",
          "param": ["3", "133102297"],
          "param_str": ""
        }
      ],
      "failExec": [
        {
          "param": [],
          "param_str": ""
        }
      ],
      "beginExec": [
        {
          "param": [],
          "param_str": ""
        }
      ]
    },
    {
      "subId": 2100302,
      "mainId": 21003,
      "order": 2,
      "descTextMapHash": 1666799290,
      "showType": "QUEST_HIDDEN",
      "acceptCond": [
        {
          "type": "QUEST_COND_STATE_EQUAL",
          "param": [2100301, 4],
          "param_str": ""
        }
      ],
      "finishCond": [
        {
          "type": "QUEST_CONTENT_COMPLETE_TALK",
          "param": [2100302, 0],
          "param_str": ""
        }
      ],
      "failCond": [
        {
          "param": [],
          "param_str": ""
        }
      ],
      "guide": {},
      "finishExec": [
        {
          "type": "QUEST_EXEC_NOTIFY_GROUP_LUA",
          "param": ["3", "133102297"],
          "param_str": ""
        }
      ],
      "failExec": [
        {
          "param": [],
          "param_str": ""
        }
      ],
      "beginExec": [
        {
          "param": [],
          "param_str": ""
        }
      ]
    },
    {
      "subId": 2100311,
      "mainId": 21003,
      "order": 3,
      "descTextMapHash": 1307790050,
      "acceptCondComb": "LOGIC_OR",
      "acceptCond": [
        {
          "type": "QUEST_COND_STATE_EQUAL",
          "param": [2100301, 3],
          "param_str": ""
        },
        {
          "type": "QUEST_COND_STATE_EQUAL",
          "param": [2100302, 3],
          "param_str": ""
        }
      ],
      "finishCondComb": "LOGIC_OR",
      "finishCond": [
        {
          "type": "QUEST_CONTENT_LUA_NOTIFY",
          "param": [0, 0],
          "param_str": "find_bridge",
          "count": 1
        },
        {
          "type": "QUEST_CONTENT_LUA_NOTIFY",
          "param": [0, 0],
          "param_str": "defeat_with_quest",
          "count": 1
        },
        {
          "type": "QUEST_CONTENT_LUA_NOTIFY",
          "param": [0, 0],
          "param_str": "already_defeat",
          "count": 1
        }
      ],
      "failCond": [
        {
          "param": [],
          "param_str": ""
        }
      ],
      "guide": {
        "type": "QUEST_GUIDE_LOCATION",
        "param": ["IQ2100311TargetPoint"],
        "guideScene": 3
      },
      "isRewind": true,
      "finishExec": [
        {
          "param": [],
          "param_str": ""
        }
      ],
      "failExec": [
        {
          "param": [],
          "param_str": ""
        }
      ],
      "beginExec": [
        {
          "type": "QUEST_EXEC_REFRESH_GROUP_SUITE",
          "param": ["3", "133102297,2"],
          "param_str": ""
        },
        {
          "type": "QUEST_EXEC_NOTIFY_GROUP_LUA",
          "param": ["3", "133102297"],
          "param_str": ""
        }
      ],
      "exclusiveNpcList": [2429]
    },
    {
      "subId": 2100320,
      "mainId": 21003,
      "order": 4,
      "descTextMapHash": 1191693874,
      "acceptCond": [
        {
          "type": "QUEST_COND_STATE_EQUAL",
          "param": [2100311, 3],
          "param_str": ""
        }
      ],
      "finishCondComb": "LOGIC_OR",
      "finishCond": [
        {
          "type": "QUEST_CONTENT_LUA_NOTIFY",
          "param": [0, 0],
          "param_str": "defeat_with_quest",
          "count": 1
        },
        {
          "type": "QUEST_CONTENT_LUA_NOTIFY",
          "param": [0, 0],
          "param_str": "already_defeat",
          "count": 1
        }
      ],
      "failCond": [
        {
          "param": [],
          "param_str": ""
        }
      ],
      "guide": {
        "type": "QUEST_GUIDE_LOCATION",
        "param": ["IQ2100311TargetPoint"],
        "guideScene": 3
      },
      "isRewind": true,
      "finishExec": [
        {
          "param": [],
          "param_str": ""
        }
      ],
      "failExec": [
        {
          "param": [],
          "param_str": ""
        }
      ],
      "beginExec": [
        {
          "type": "QUEST_EXEC_NOTIFY_GROUP_LUA",
          "param": ["3", "133102297"],
          "param_str": ""
        }
      ],
      "exclusiveNpcList": [2429]
    },
    {
      "subId": 2100321,
      "mainId": 21003,
      "order": 5,
      "descTextMapHash": 1393988562,
      "showType": "QUEST_HIDDEN",
      "acceptCond": [
        {
          "type": "QUEST_COND_STATE_EQUAL",
          "param": [99902, 3],
          "param_str": ""
        }
      ],
      "finishCond": [
        {
          "type": "QUEST_CONTENT_LUA_NOTIFY",
          "param": [0, 0],
          "param_str": "defeat_without_quest",
          "count": 1
        }
      ],
      "failCond": [
        {
          "param": [],
          "param_str": ""
        }
      ],
      "guide": {},
      "isRewind": true,
      "finishExec": [
        {
          "param": [],
          "param_str": ""
        }
      ],
      "failExec": [
        {
          "param": [],
          "param_str": ""
        }
      ],
      "beginExec": [
        {
          "param": [],
          "param_str": ""
        }
      ]
    },
    {
      "subId": 2100330,
      "mainId": 21003,
      "order": 6,
      "descTextMapHash": 1756926458,
      "showType": "QUEST_HIDDEN",
      "acceptCond": [
        {
          "type": "QUEST_COND_STATE_EQUAL",
          "param": [99902, 3],
          "param_str": ""
        }
      ],
      "finishCond": [
        {
          "type": "QUEST_CONTENT_COMPLETE_TALK",
          "param": [2100330, 0],
          "param_str": ""
        }
      ],
      "failCond": [
        {
          "param": [],
          "param_str": ""
        }
      ],
      "guide": {},
      "finishParent": true,
      "isRewind": true,
      "finishExec": [
        {
          "type": "QUEST_EXEC_NOTIFY_GROUP_LUA",
          "param": ["3", "133102297"],
          "param_str": ""
        }
      ],
      "failExec": [
        {
          "param": [],
          "param_str": ""
        }
      ],
      "beginExec": [
        {
          "param": [],
          "param_str": ""
        }
      ]
    },
    {
      "subId": 2100331,
      "mainId": 21003,
      "order": 7,
      "descTextMapHash": 1816721082,
      "showType": "QUEST_HIDDEN",
      "acceptCond": [
        {
          "type": "QUEST_COND_STATE_EQUAL",
          "param": [99902, 3],
          "param_str": ""
        }
      ],
      "finishCond": [
        {
          "type": "QUEST_CONTENT_COMPLETE_TALK",
          "param": [2100331, 0],
          "param_str": ""
        }
      ],
      "failCond": [
        {
          "param": [],
          "param_str": ""
        }
      ],
      "guide": {},
      "finishParent": true,
      "isRewind": true,
      "finishExec": [
        {
          "type": "QUEST_EXEC_NOTIFY_GROUP_LUA",
          "param": ["3", "133102297"],
          "param_str": ""
        }
      ],
      "failExec": [
        {
          "param": [],
          "param_str": ""
        }
      ],
      "beginExec": [
        {
          "param": [],
          "param_str": ""
        }
      ]
    },
    {
      "subId": 2100399,
      "mainId": 21003,
      "order": 8,
      "descTextMapHash": 1774129538,
      "acceptCond": [
        {
          "type": "QUEST_COND_STATE_EQUAL",
          "param": [2100320, 3],
          "param_str": ""
        }
      ],
      "finishCond": [
        {
          "type": "QUEST_CONTENT_COMPLETE_TALK",
          "param": [2100399, 0],
          "param_str": ""
        }
      ],
      "failCond": [
        {
          "param": [],
          "param_str": ""
        }
      ],
      "guide": {
        "type": "QUEST_GUIDE_NPC",
        "param": ["2429"],
        "guideScene": 3,
        "guideStyle": "QUEST_GUIDE_STYLE_FINISH",
        "guideLayer": "QUEST_GUIDE_LAYER_SCENE"
      },
      "finishParent": true,
      "isRewind": true,
      "finishExec": [
        {
          "type": "QUEST_EXEC_NOTIFY_GROUP_LUA",
          "param": ["3", "133102297"],
          "param_str": ""
        }
      ],
      "failExec": [
        {
          "param": [],
          "param_str": ""
        }
      ],
      "beginExec": [
        {
          "param": [],
          "param_str": ""
        }
      ],
      "exclusiveNpcList": [2429]
    }
  ],
  "talks": [
    {
      "id": 2100304,
      "beginWay": "TALK_BEGIN_MANUAL",
      "beginCond": [
        {
          "type": "QUEST_COND_STATE_EQUAL",
          "param": ["2100302", "2"],
          "param_str": ""
        }
      ],
      "priority": 5,
      "nextTalks": [2100302, 2100303],
      "initDialog": 210030111,
      "npcId": [2429],
      "performCfg": "",
      "questId": 21003,
      "prePerformCfg": "",
      "talkMarkType": "TALK_MARK_COMMON"
    },
    {
      "id": 2100311,
      "beginWay": "TALK_BEGIN_MANUAL",
      "beginCond": [
        {
          "type": "QUEST_COND_STATE_EQUAL",
          "param": ["2100311", "2"],
          "param_str": ""
        }
      ],
      "priority": 6,
      "initDialog": 210031101,
      "npcId": [2429],
      "performCfg": "",
      "questId": 21003,
      "prePerformCfg": ""
    },
    {
      "id": 2100320,
      "beginWay": "TALK_BEGIN_MANUAL",
      "beginCond": [
        {
          "type": "QUEST_COND_STATE_EQUAL",
          "param": ["2100320", "2"],
          "param_str": ""
        }
      ],
      "priority": 6,
      "initDialog": 210032001,
      "npcId": [2429],
      "performCfg": "",
      "questId": 21003,
      "prePerformCfg": ""
    },
    {
      "id": 2100330,
      "beginWay": "TALK_BEGIN_MANUAL",
      "beginCond": [
        {
          "type": "QUEST_COND_STATE_EQUAL",
          "param": ["2100330", "2"],
          "param_str": ""
        }
      ],
      "priority": 10,
      "initDialog": 210033001,
      "npcId": [2429],
      "performCfg": "",
      "questId": 21003,
      "prePerformCfg": ""
    },
    {
      "id": 2100331,
      "beginWay": "TALK_BEGIN_MANUAL",
      "beginCond": [
        {
          "type": "QUEST_COND_STATE_EQUAL",
          "param": ["2100331", "2"],
          "param_str": ""
        }
      ],
      "priority": 10,
      "initDialog": 210033101,
      "npcId": [2429],
      "performCfg": "",
      "questId": 21003,
      "prePerformCfg": ""
    },
    {
      "id": 2100399,
      "beginWay": "TALK_BEGIN_MANUAL",
      "beginCond": [
        {
          "type": "QUEST_COND_STATE_EQUAL",
          "param": ["2100399", "2"],
          "param_str": ""
        }
      ],
      "priority": 10,
      "initDialog": 210039901,
      "npcId": [2429],
      "performCfg": "",
      "questId": 21003,
      "prePerformCfg": ""
    }
  ]
}
