{
  "id": 21019,
  "type": "WQ",
  "titleTextMapHash": 2425065921,
  "descTextMapHash": 3754816807,
  "luaPath": "Actor/Quest/LQ21019",
  "subQuests": [
    {
      "subId": 2101901,
      "mainId": 21019,
      "order": 1,
      "descTextMapHash": 1927154690,
      "showType": "QUEST_HIDDEN",
      "acceptCond": [
        {
          "type": "QUEST_COND_STATE_EQUAL",
          "param": [99902, 3],
          "param_str": ""
        }
      ],
      "finishCond": [
        {
          "type": "QUEST_CONTENT_LUA_NOTIFY",
          "param": [0, 0],
          "param_str": "133102008_1",
          "count": 1
        }
      ],
      "failCond": [
        {
          "param": [],
          "param_str": ""
        }
      ],
      "guide": {},
      "finishExec": [
        {
          "param": [],
          "param_str": ""
        }
      ],
      "failExec": [
        {
          "param": [],
          "param_str": ""
        }
      ],
      "beginExec": [
        {
          "param": [],
          "param_str": ""
        }
      ]
    },
    {
      "subId": 2101902,
      "mainId": 21019,
      "order": 2,
      "descTextMapHash": 410775258,
      "acceptCond": [
        {
          "type": "QUEST_COND_STATE_EQUAL",
          "param": [99902, 3],
          "param_str": ""
        }
      ],
      "finishCond": [
        {
          "type": "QUEST_CONTENT_COMPLETE_TALK",
          "param": [2100602, 0],
          "param_str": "",
          "count": 1
        }
      ],
      "failCond": [
        {
          "type": "QUEST_CONTENT_ADD_QUEST_PROGRESS",
          "param": [2101907, 1],
          "param_str": ""
        }
      ],
      "guide": {
        "type": "QUEST_GUIDE_LOCATION",
        "param": ["Q21019biji"],
        "guideScene": 3,
        "guideStyle": "QUEST_GUIDE_STYLE_POINT",
        "guideLayer": "QUEST_GUIDE_LAYER_SCENE"
      },
      "finishExec": [
        {
          "param": [],
          "param_str": ""
        }
      ],
      "failExec": [
        {
          "type": "QUEST_EXEC_REFRESH_GROUP_SUITE",
          "param": ["3", "133102249,1"],
          "param_str": ""
        }
      ],
      "beginExec": [
        {
          "param": [],
          "param_str": ""
        }
      ]
    },
    {
      "subId": 2101903,
      "mainId": 21019,
      "order": 3,
      "descTextMapHash": 970199114,
      "showType": "QUEST_HIDDEN",
      "acceptCond": [
        {
          "type": "QUEST_COND_STATE_EQUAL",
          "param": [99902, 3],
          "param_str": ""
        }
      ],
      "finishCond": [
        {
          "type": "QUEST_CONTENT_ADD_QUEST_PROGRESS",
          "param": [133102008, 0],
          "param_str": "",
          "count": 3
        }
      ],
      "failCond": [
        {
          "type": "QUEST_CONTENT_ADD_QUEST_PROGRESS",
          "param": [2101907, 1],
          "param_str": ""
        }
      ],
      "guide": {},
      "isRewind": true,
      "finishExec": [
        {
          "type": "QUEST_EXEC_NOTIFY_GROUP_LUA",
          "param": ["3", "133102503"],
          "param_str": ""
        },
        {
          "type": "QUEST_EXEC_ADD_QUEST_PROGRESS",
          "param": ["2101908", "1"],
          "param_str": ""
        },
        {
          "type": "QUEST_EXEC_NOTIFY_GROUP_LUA",
          "param": ["3", "133102699"],
          "param_str": ""
        }
      ],
      "failExec": [
        {
          "type": "QUEST_EXEC_REFRESH_GROUP_SUITE",
          "param": ["3", "133102249,1"],
          "param_str": ""
        }
      ],
      "beginExec": [
        {
          "type": "QUEST_EXEC_REFRESH_GROUP_SUITE",
          "param": ["3", "133102249,2"],
          "param_str": ""
        },
        {
          "type": "QUEST_EXEC_NOTIFY_GROUP_LUA",
          "param": ["3", "133102699"],
          "param_str": ""
        }
      ]
    },
    {
      "subId": 2101904,
      "mainId": 21019,
      "order": 4,
      "subIdSet": 1,
      "descTextMapHash": 3086730666,
      "acceptCond": [
        {
          "type": "QUEST_COND_STATE_EQUAL",
          "param": [99902, 3],
          "param_str": ""
        }
      ],
      "finishCond": [
        {
          "type": "QUEST_CONTENT_LUA_NOTIFY",
          "param": [0, 0],
          "param_str": "133102008_3",
          "count": 1
        }
      ],
      "failCond": [
        {
          "type": "QUEST_CONTENT_ADD_QUEST_PROGRESS",
          "param": [2101907, 1],
          "param_str": ""
        }
      ],
      "guide": {
        "type": "QUEST_GUIDE_LOCATION",
        "param": ["Q21019_fang", "30"],
        "guideScene": 3,
        "guideLayer": "QUEST_GUIDE_LAYER_SCENE"
      },
      "isRewind": true,
      "finishExec": [
        {
          "type": "QUEST_EXEC_ADD_QUEST_PROGRESS",
          "param": ["133102008", "1"],
          "param_str": ""
        },
        {
          "type": "QUEST_EXEC_NOTIFY_GROUP_LUA",
          "param": ["3", "133102503"],
          "param_str": ""
        }
      ],
      "failExec": [
        {
          "type": "QUEST_EXEC_REFRESH_GROUP_SUITE",
          "param": ["3", "133102249,1"],
          "param_str": ""
        }
      ],
      "beginExec": [
        {
          "param": [],
          "param_str": ""
        }
      ]
    },
    {
      "subId": 2101905,
      "mainId": 21019,
      "order": 5,
      "subIdSet": 1,
      "descTextMapHash": 907797818,
      "acceptCond": [
        {
          "type": "QUEST_COND_STATE_EQUAL",
          "param": [99902, 3],
          "param_str": ""
        }
      ],
      "finishCond": [
        {
          "type": "QUEST_CONTENT_LUA_NOTIFY",
          "param": [0, 0],
          "param_str": "133102008_4",
          "count": 1
        }
      ],
      "failCond": [
        {
          "type": "QUEST_CONTENT_ADD_QUEST_PROGRESS",
          "param": [2101907, 1],
          "param_str": ""
        }
      ],
      "guide": {
        "type": "QUEST_GUIDE_LOCATION",
        "param": ["Q21019_sanjiao", "30"],
        "guideScene": 3,
        "guideLayer": "QUEST_GUIDE_LAYER_SCENE"
      },
      "isRewind": true,
      "finishExec": [
        {
          "type": "QUEST_EXEC_ADD_QUEST_PROGRESS",
          "param": ["133102008", "1"],
          "param_str": ""
        },
        {
          "type": "QUEST_EXEC_NOTIFY_GROUP_LUA",
          "param": ["3", "133102503"],
          "param_str": ""
        }
      ],
      "failExec": [
        {
          "type": "QUEST_EXEC_REFRESH_GROUP_SUITE",
          "param": ["3", "133102249,1"],
          "param_str": ""
        }
      ],
      "beginExec": [
        {
          "param": [],
          "param_str": ""
        }
      ]
    },
    {
      "subId": 2101906,
      "mainId": 21019,
      "order": 6,
      "subIdSet": 1,
      "descTextMapHash": 2362725970,
      "acceptCond": [
        {
          "type": "QUEST_COND_STATE_EQUAL",
          "param": [99902, 3],
          "param_str": ""
        }
      ],
      "finishCond": [
        {
          "type": "QUEST_CONTENT_LUA_NOTIFY",
          "param": [0, 0],
          "param_str": "133102008_5",
          "count": 1
        }
      ],
      "failCond": [
        {
          "type": "QUEST_CONTENT_ADD_QUEST_PROGRESS",
          "param": [2101907, 1],
          "param_str": ""
        }
      ],
      "guide": {
        "type": "QUEST_GUIDE_LOCATION",
        "param": ["Q21019_yuan", "30"],
        "guideScene": 3,
        "guideLayer": "QUEST_GUIDE_LAYER_SCENE"
      },
      "isRewind": true,
      "finishExec": [
        {
          "type": "QUEST_EXEC_ADD_QUEST_PROGRESS",
          "param": ["133102008", "1"],
          "param_str": ""
        },
        {
          "type": "QUEST_EXEC_NOTIFY_GROUP_LUA",
          "param": ["3", "133102503"],
          "param_str": ""
        }
      ],
      "failExec": [
        {
          "type": "QUEST_EXEC_REFRESH_GROUP_SUITE",
          "param": ["3", "133102249,1"],
          "param_str": ""
        }
      ],
      "beginExec": [
        {
          "param": [],
          "param_str": ""
        }
      ]
    },
    {
      "subId": 2101908,
      "mainId": 21019,
      "order": 7,
      "descTextMapHash": 1003630498,
      "showType": "QUEST_HIDDEN",
      "acceptCond": [
        {
          "type": "QUEST_COND_STATE_EQUAL",
          "param": [99902, 3],
          "param_str": ""
        }
      ],
      "finishCond": [
        {
          "type": "QUEST_CONTENT_ADD_QUEST_PROGRESS",
          "param": [2101908, 0],
          "param_str": "",
          "count": 1
        }
      ],
      "failCond": [
        {
          "type": "QUEST_CONTENT_ADD_QUEST_PROGRESS",
          "param": [2101907, 1],
          "param_str": ""
        }
      ],
      "guide": {},
      "isRewind": true,
      "finishExec": [
        {
          "param": [],
          "param_str": ""
        }
      ],
      "failExec": [
        {
          "type": "QUEST_EXEC_REFRESH_GROUP_SUITE",
          "param": ["3", "133102249,1"],
          "param_str": ""
        }
      ],
      "beginExec": [
        {
          "param": [],
          "param_str": ""
        }
      ]
    },
    {
      "subId": 2101907,
      "mainId": 21019,
      "order": 8,
      "descTextMapHash": 72888866,
      "acceptCond": [
        {
          "type": "QUEST_COND_STATE_EQUAL",
          "param": [99902, 3],
          "param_str": ""
        }
      ],
      "finishCond": [
        {
          "type": "QUEST_CONTENT_LUA_NOTIFY",
          "param": [0, 0],
          "param_str": "133102008_2",
          "count": 1
        }
      ],
      "failCond": [
        {
          "param": [],
          "param_str": ""
        }
      ],
      "guide": {
        "type": "QUEST_GUIDE_LOCATION",
        "param": ["Q21019_finish"],
        "guideScene": 3,
        "guideStyle": "QUEST_GUIDE_STYLE_POINT",
        "guideLayer": "QUEST_GUIDE_LAYER_SCENE"
      },
      "finishParent": true,
      "isRewind": true,
      "finishExec": [
        {
          "type": "QUEST_EXEC_ADD_QUEST_PROGRESS",
          "param": ["2101907", "1"],
          "param_str": ""
        }
      ],
      "failExec": [
        {
          "param": [],
          "param_str": ""
        }
      ],
      "beginExec": [
        {
          "param": [],
          "param_str": ""
        }
      ]
    }
  ]
}
