{
  "id": 21011,
  "type": "WQ",
  "titleTextMapHash": 3029083457,
  "descTextMapHash": 104368383,
  "luaPath": "",
  "showType": "QUEST_HIDDEN",
  "subQuests": [
    {
      "subId": 2101101,
      "mainId": 21011,
      "order": 1,
      "descTextMapHash": 3523105026,
      "showType": "QUEST_HIDDEN",
      "acceptCond": [
        {
          "type": "QUEST_COND_PLAYER_LEVEL_EQUAL_GREATER",
          "param": [1, 0],
          "param_str": ""
        }
      ],
      "finishCond": [
        {
          "param": [],
          "param_str": ""
        }
      ],
      "failCond": [
        {
          "param": [],
          "param_str": ""
        }
      ],
      "guide": {},
      "finishExec": [
        {
          "param": [],
          "param_str": ""
        }
      ],
      "failExec": [
        {
          "param": [],
          "param_str": ""
        }
      ],
      "beginExec": [
        {
          "param": [],
          "param_str": ""
        }
      ]
    },
    {
      "subId": 2101102,
      "mainId": 21011,
      "order": 2,
      "descTextMapHash": 1983598514,
      "showType": "QUEST_HIDDEN",
      "acceptCond": [
        {
          "type": "QUEST_COND_STATE_EQUAL",
          "param": [2101101, 3],
          "param_str": ""
        }
      ],
      "finishCond": [
        {
          "type": "QUEST_CONTENT_COMPLETE_TALK",
          "param": [2101101, 0],
          "param_str": ""
        }
      ],
      "failCond": [
        {
          "param": [],
          "param_str": ""
        }
      ],
      "guide": {},
      "isRewind": true,
      "finishExec": [
        {
          "param": [],
          "param_str": ""
        }
      ],
      "failExec": [
        {
          "param": [],
          "param_str": ""
        }
      ],
      "beginExec": [
        {
          "param": [],
          "param_str": ""
        }
      ]
    },
    {
      "subId": 2101103,
      "mainId": 21011,
      "order": 3,
      "descTextMapHash": 2724828362,
      "showType": "QUEST_HIDDEN",
      "acceptCond": [
        {
          "type": "QUEST_COND_STATE_EQUAL",
          "param": [2101101, 3],
          "param_str": ""
        }
      ],
      "finishCond": [
        {
          "type": "QUEST_CONTENT_ADD_QUEST_PROGRESS",
          "param": [210110301, 0],
          "param_str": "",
          "count": 6
        }
      ],
      "failCond": [
        {
          "param": [],
          "param_str": ""
        }
      ],
      "guide": {},
      "isRewind": true,
      "finishExec": [
        {
          "param": [],
          "param_str": ""
        }
      ],
      "failExec": [
        {
          "param": [],
          "param_str": ""
        }
      ],
      "beginExec": [
        {
          "param": [],
          "param_str": ""
        }
      ]
    },
    {
      "subId": 2101110,
      "mainId": 21011,
      "order": 4,
      "subIdSet": 1,
      "descTextMapHash": 287143074,
      "showType": "QUEST_HIDDEN",
      "acceptCond": [
        {
          "type": "QUEST_COND_STATE_EQUAL",
          "param": [2101102, 3],
          "param_str": ""
        }
      ],
      "finishCond": [
        {
          "type": "QUEST_CONTENT_FINISH_ITEM_GIVING",
          "param": [2101110, 0],
          "param_str": ""
        }
      ],
      "failCond": [
        {
          "param": [],
          "param_str": ""
        }
      ],
      "guide": {},
      "isRewind": true,
      "finishExec": [
        {
          "type": "QUEST_EXEC_ADD_QUEST_PROGRESS",
          "param": ["210110301", "1"],
          "param_str": ""
        }
      ],
      "failExec": [
        {
          "param": [],
          "param_str": ""
        }
      ],
      "beginExec": [
        {
          "type": "QUEST_EXEC_ACTIVE_ITEM_GIVING",
          "param": ["2101110", "0"],
          "param_str": ""
        }
      ]
    },
    {
      "subId": 2101105,
      "mainId": 21011,
      "order": 5,
      "subIdSet": 1,
      "descTextMapHash": 3871631282,
      "showType": "QUEST_HIDDEN",
      "acceptCond": [
        {
          "type": "QUEST_COND_STATE_EQUAL",
          "param": [2101110, 3],
          "param_str": ""
        }
      ],
      "finishCond": [
        {
          "type": "QUEST_CONTENT_FINISH_ITEM_GIVING",
          "param": [2101105, 0],
          "param_str": ""
        }
      ],
      "failCond": [
        {
          "param": [],
          "param_str": ""
        }
      ],
      "guide": {},
      "isRewind": true,
      "finishExec": [
        {
          "type": "QUEST_EXEC_ADD_QUEST_PROGRESS",
          "param": ["210110301", "1"],
          "param_str": ""
        }
      ],
      "failExec": [
        {
          "param": [],
          "param_str": ""
        }
      ],
      "beginExec": [
        {
          "type": "QUEST_EXEC_ACTIVE_ITEM_GIVING",
          "param": ["2101105", "0"],
          "param_str": ""
        }
      ]
    },
    {
      "subId": 2101106,
      "mainId": 21011,
      "order": 6,
      "subIdSet": 1,
      "descTextMapHash": 4030076970,
      "showType": "QUEST_HIDDEN",
      "acceptCond": [
        {
          "type": "QUEST_COND_STATE_EQUAL",
          "param": [2101105, 3],
          "param_str": ""
        }
      ],
      "finishCond": [
        {
          "type": "QUEST_CONTENT_FINISH_ITEM_GIVING",
          "param": [2101106, 0],
          "param_str": ""
        }
      ],
      "failCond": [
        {
          "param": [],
          "param_str": ""
        }
      ],
      "guide": {},
      "isRewind": true,
      "finishExec": [
        {
          "type": "QUEST_EXEC_ADD_QUEST_PROGRESS",
          "param": ["210110301", "1"],
          "param_str": ""
        }
      ],
      "failExec": [
        {
          "param": [],
          "param_str": ""
        }
      ],
      "beginExec": [
        {
          "type": "QUEST_EXEC_ACTIVE_ITEM_GIVING",
          "param": ["2101106", "0"],
          "param_str": ""
        }
      ]
    },
    {
      "subId": 2101107,
      "mainId": 21011,
      "order": 7,
      "subIdSet": 1,
      "descTextMapHash": 2454763186,
      "showType": "QUEST_HIDDEN",
      "acceptCond": [
        {
          "type": "QUEST_COND_STATE_EQUAL",
          "param": [2101106, 3],
          "param_str": ""
        }
      ],
      "finishCond": [
        {
          "type": "QUEST_CONTENT_FINISH_ITEM_GIVING",
          "param": [2101107, 0],
          "param_str": ""
        }
      ],
      "failCond": [
        {
          "param": [],
          "param_str": ""
        }
      ],
      "guide": {},
      "isRewind": true,
      "finishExec": [
        {
          "type": "QUEST_EXEC_ADD_QUEST_PROGRESS",
          "param": ["210110301", "1"],
          "param_str": ""
        }
      ],
      "failExec": [
        {
          "param": [],
          "param_str": ""
        }
      ],
      "beginExec": [
        {
          "type": "QUEST_EXEC_ACTIVE_ITEM_GIVING",
          "param": ["2101107", "0"],
          "param_str": ""
        }
      ]
    },
    {
      "subId": 2101108,
      "mainId": 21011,
      "order": 8,
      "subIdSet": 1,
      "descTextMapHash": 595027554,
      "showType": "QUEST_HIDDEN",
      "acceptCond": [
        {
          "type": "QUEST_COND_STATE_EQUAL",
          "param": [2101107, 3],
          "param_str": ""
        }
      ],
      "finishCond": [
        {
          "type": "QUEST_CONTENT_FINISH_ITEM_GIVING",
          "param": [2101108, 0],
          "param_str": ""
        }
      ],
      "failCond": [
        {
          "param": [],
          "param_str": ""
        }
      ],
      "guide": {},
      "isRewind": true,
      "finishExec": [
        {
          "type": "QUEST_EXEC_ADD_QUEST_PROGRESS",
          "param": ["210110301", "1"],
          "param_str": ""
        }
      ],
      "failExec": [
        {
          "param": [],
          "param_str": ""
        }
      ],
      "beginExec": [
        {
          "type": "QUEST_EXEC_ACTIVE_ITEM_GIVING",
          "param": ["2101108", "0"],
          "param_str": ""
        }
      ]
    },
    {
      "subId": 2101109,
      "mainId": 21011,
      "order": 9,
      "subIdSet": 1,
      "descTextMapHash": 3228335058,
      "showType": "QUEST_HIDDEN",
      "acceptCond": [
        {
          "type": "QUEST_COND_STATE_EQUAL",
          "param": [2101108, 3],
          "param_str": ""
        }
      ],
      "finishCond": [
        {
          "type": "QUEST_CONTENT_FINISH_ITEM_GIVING",
          "param": [2101109, 0],
          "param_str": ""
        }
      ],
      "failCond": [
        {
          "param": [],
          "param_str": ""
        }
      ],
      "guide": {},
      "isRewind": true,
      "finishExec": [
        {
          "type": "QUEST_EXEC_ADD_QUEST_PROGRESS",
          "param": ["210110301", "1"],
          "param_str": ""
        }
      ],
      "failExec": [
        {
          "param": [],
          "param_str": ""
        }
      ],
      "beginExec": [
        {
          "type": "QUEST_EXEC_ACTIVE_ITEM_GIVING",
          "param": ["2101109", "0"],
          "param_str": ""
        }
      ]
    },
    {
      "subId": 2101104,
      "mainId": 21011,
      "order": 10,
      "descTextMapHash": 1327237442,
      "showType": "QUEST_HIDDEN",
      "acceptCond": [
        {
          "type": "QUEST_COND_STATE_EQUAL",
          "param": [2101103, 3],
          "param_str": ""
        }
      ],
      "finishCond": [
        {
          "type": "QUEST_CONTENT_COMPLETE_TALK",
          "param": [2101103, 0],
          "param_str": ""
        }
      ],
      "failCond": [
        {
          "param": [],
          "param_str": ""
        }
      ],
      "guide": {},
      "finishParent": true,
      "isRewind": true,
      "finishExec": [
        {
          "param": [],
          "param_str": ""
        }
      ],
      "failExec": [
        {
          "param": [],
          "param_str": ""
        }
      ],
      "beginExec": [
        {
          "param": [],
          "param_str": ""
        }
      ]
    }
  ]
}
